task,model,unit,stratum,pearson_delta
T1,CellOT,B,donor_id=1256,0.8186857375606061
T1,CellOT,B,donor_id=1488,0.8175091166539158
T1,CellOT,B,donor_id=1015,0.8256370427058605
T1,CellOT,B,donor_id=101,0.8364663158694701
T1,CellOT,B,donor_id=1039,0.7889408476037082
T1,CellOT,B,donor_id=1244,0.7983173350494336
T1,CellOT,B,donor_id=1016,0.8090067652825026
T1,CellOT,B,donor_id=107,0.8048193595712668
T1,CellOT,CD4T,donor_id=1256,0.8119468156934518
T1,CellOT,CD4T,donor_id=101,0.7890625665697661
T1,CellOT,CD4T,donor_id=1039,0.8434726776148793
T1,CellOT,CD4T,donor_id=1016,0.8139600573418985
T1,CellOT,CD4T,donor_id=1015,0.844840007003337
T1,CellOT,CD4T,donor_id=1244,0.7913896156801157
T1,CellOT,CD4T,donor_id=107,0.8283557158828753
T1,CellOT,CD4T,donor_id=1488,0.824480518367778
T1,CellOT,CD8T,donor_id=101,0.7992433468109204
T1,CellOT,CD8T,donor_id=1015,0.8168966349267103
T1,CellOT,CD8T,donor_id=1256,0.8301193375087378
T1,CellOT,CD8T,donor_id=1244,0.7169266975479079
T1,CellOT,CD8T,donor_id=1039,0.7247876877339201
T1,CellOT,CD8T,donor_id=1016,0.813338238978871
T1,CellOT,CD8T,donor_id=1488,0.8209104806788976
T1,CellOT,CD8T,donor_id=107,0.5866121657682885
T1,CellOT,DC,donor_id=1488,0.8693889991286486
T1,CellOT,DC,donor_id=101,0.8130472686505013
T1,CellOT,DC,donor_id=1039,0.5707711693334101
T1,CellOT,DC,donor_id=1256,0.7880183797391686
T1,CellOT,DC,donor_id=107,0.8001371765274684
T1,CellOT,DC,donor_id=1015,0.8697613068052785
T1,CellOT,DC,donor_id=1244,0.8632191356400049
T1,CellOT,DC,donor_id=1016,0.7872848052014435
T1,CellOT,Mk,donor_id=1016,0.5083622888258218
T1,CellOT,Mk,donor_id=1488,0.6536781930463392
T1,CellOT,Mk,donor_id=1015,0.7448220460071612
T1,CellOT,Mk,donor_id=107,0.3435704032372987
T1,CellOT,Mk,donor_id=1039,0.46496359453519953
T1,CellOT,Mk,donor_id=1256,0.6662044157091309
T1,CellOT,Mk,donor_id=1244,0.515290512903172
T1,CellOT,Mk,donor_id=101,0.5524077172040437
T1,CellOT,Mono_CD14,donor_id=101,0.8935032888180429
T1,CellOT,Mono_CD14,donor_id=1244,0.8999682219605196
T1,CellOT,Mono_CD14,donor_id=1488,0.8986823941232025
T1,CellOT,Mono_CD14,donor_id=1015,0.9319852111302664
T1,CellOT,Mono_CD14,donor_id=1256,0.9166256920446355
T1,CellOT,Mono_CD14,donor_id=107,0.9186412283259171
T1,CellOT,Mono_CD14,donor_id=1016,0.9319553633171268
T1,CellOT,Mono_CD14,donor_id=1039,0.9127499464285409
T1,CellOT,Mono_FCGR3A,donor_id=1488,0.9016523962927245
T1,CellOT,Mono_FCGR3A,donor_id=101,0.8776561098006931
T1,CellOT,Mono_FCGR3A,donor_id=107,0.8895230864762943
T1,CellOT,Mono_FCGR3A,donor_id=1256,0.9026497868377803
T1,CellOT,Mono_FCGR3A,donor_id=1016,0.8831641338811218
T1,CellOT,Mono_FCGR3A,donor_id=1015,0.9089537529148964
T1,CellOT,Mono_FCGR3A,donor_id=1039,0.9062545087962561
T1,CellOT,Mono_FCGR3A,donor_id=1244,0.898785813150505
T1,CellOT,NK,donor_id=101,0.7589007802553034
T1,CellOT,NK,donor_id=1488,0.7614510722571763
T1,CellOT,NK,donor_id=107,0.6959539246382533
T1,CellOT,NK,donor_id=1244,0.7470288131803192
T1,CellOT,NK,donor_id=1256,0.7814250716454731
T1,CellOT,NK,donor_id=1015,0.756174281651349
T1,CellOT,NK,donor_id=1016,0.8023886284867918
T1,CellOT,NK,donor_id=1039,0.5934848919601332
T1,cell-mean,B,donor_id=1256,0.6784466726248346
T1,cell-mean,B,donor_id=1488,0.6785189122812403
T1,cell-mean,B,donor_id=1015,0.6958319246598921
T1,cell-mean,B,donor_id=101,0.6918760680935021
T1,cell-mean,B,donor_id=1039,0.6540365266275288
T1,cell-mean,B,donor_id=1244,0.6613198722183424
T1,cell-mean,B,donor_id=1016,0.6376977142666169
T1,cell-mean,B,donor_id=107,0.6224928510888529
T1,cell-mean,CD4T,donor_id=1256,0.5473220383962492
T1,cell-mean,CD4T,donor_id=101,0.637201527786205
T1,cell-mean,CD4T,donor_id=1039,0.68104762489731
T1,cell-mean,CD4T,donor_id=1016,0.636433439037623
T1,cell-mean,CD4T,donor_id=1015,0.7173125381716527
T1,cell-mean,CD4T,donor_id=1244,0.5226016526009077
T1,cell-mean,CD4T,donor_id=107,0.6538740621442923
T1,cell-mean,CD4T,donor_id=1488,0.5664744718856339
T1,cell-mean,CD8T,donor_id=101,0.6498762052272449
T1,cell-mean,CD8T,donor_id=1015,0.6528796253592304
T1,cell-mean,CD8T,donor_id=1256,0.6336347760299187
T1,cell-mean,CD8T,donor_id=1244,0.5904462877751899
T1,cell-mean,CD8T,donor_id=1039,0.6171900396418388
T1,cell-mean,CD8T,donor_id=1016,0.6115598162401579
T1,cell-mean,CD8T,donor_id=1488,0.6851893896456702
T1,cell-mean,CD8T,donor_id=107,0.5084499653603284
T1,cell-mean,DC,donor_id=1488,0.7227761100646396
T1,cell-mean,DC,donor_id=101,0.7629929423441617
T1,cell-mean,DC,donor_id=1039,0.646671590821741
T1,cell-mean,DC,donor_id=1256,0.7731693541171224
T1,cell-mean,DC,donor_id=107,0.6797544257670727
T1,cell-mean,DC,donor_id=1015,0.7337960663462958
T1,cell-mean,DC,donor_id=1244,0.6580276547634323
T1,cell-mean,DC,donor_id=1016,0.7176509106471456
T1,cell-mean,Mk,donor_id=1016,0.48470529528592204
T1,cell-mean,Mk,donor_id=1488,0.5962168916330777
T1,cell-mean,Mk,donor_id=1015,0.7827143555372746
T1,cell-mean,Mk,donor_id=107,0.32886815656343554
T1,cell-mean,Mk,donor_id=1039,0.44636189938131265
T1,cell-mean,Mk,donor_id=1256,0.5713261964165007
T1,cell-mean,Mk,donor_id=1244,0.49470780142070053
T1,cell-mean,Mk,donor_id=101,0.5707990096895129
T1,cell-mean,Mono_CD14,donor_id=101,0.39225586382952105
T1,cell-mean,Mono_CD14,donor_id=1244,0.4619255330786353
T1,cell-mean,Mono_CD14,donor_id=1488,0.46037381061690225
T1,cell-mean,Mono_CD14,donor_id=1015,0.47455027676199846
T1,cell-mean,Mono_CD14,donor_id=1256,0.4485673091086072
T1,cell-mean,Mono_CD14,donor_id=107,0.4278845729576186
T1,cell-mean,Mono_CD14,donor_id=1016,0.5305590354279662
T1,cell-mean,Mono_CD14,donor_id=1039,0.4507087220463586
T1,cell-mean,Mono_FCGR3A,donor_id=1488,0.5442914252191798
T1,cell-mean,Mono_FCGR3A,donor_id=101,0.49184136746163387
T1,cell-mean,Mono_FCGR3A,donor_id=107,0.5185552324032023
T1,cell-mean,Mono_FCGR3A,donor_id=1256,0.5541442864316685
T1,cell-mean,Mono_FCGR3A,donor_id=1016,0.5442579538455323
T1,cell-mean,Mono_FCGR3A,donor_id=1015,0.5680286240955603
T1,cell-mean,Mono_FCGR3A,donor_id=1039,0.4881731597319775
T1,cell-mean,Mono_FCGR3A,donor_id=1244,0.5205705848774663
T1,cell-mean,NK,donor_id=101,0.5875282536755053
T1,cell-mean,NK,donor_id=1488,0.5807792545766991
T1,cell-mean,NK,donor_id=107,0.5452676395070595
T1,cell-mean,NK,donor_id=1244,0.5935384355927209
T1,cell-mean,NK,donor_id=1256,0.5651727708835109
T1,cell-mean,NK,donor_id=1015,0.6135903199020912
T1,cell-mean,NK,donor_id=1016,0.6316688115528615
T1,cell-mean,NK,donor_id=1039,0.5350682763784677
T1,linear-PCA,B,donor_id=1256,0.8427199648555909
T1,linear-PCA,B,donor_id=1488,0.8380500039046477
T1,linear-PCA,B,donor_id=1015,0.8563690555448789
T1,linear-PCA,B,donor_id=101,0.8396232825293315
T1,linear-PCA,B,donor_id=1039,0.803825552363893
T1,linear-PCA,B,donor_id=1244,0.8180512937233417
T1,linear-PCA,B,donor_id=1016,0.8342212364370908
T1,linear-PCA,B,donor_id=107,0.8005734265371774
T1,linear-PCA,CD4T,donor_id=1256,0.7740139242306037
T1,linear-PCA,CD4T,donor_id=101,0.786345494260589
T1,linear-PCA,CD4T,donor_id=1039,0.8028421950093854
T1,linear-PCA,CD4T,donor_id=1016,0.7795952038681352
T1,linear-PCA,CD4T,donor_id=1015,0.8189948333577178
T1,linear-PCA,CD4T,donor_id=1244,0.736493323740024
T1,linear-PCA,CD4T,donor_id=107,0.7922124000831624
T1,linear-PCA,CD4T,donor_id=1488,0.7856676847187066
T1,linear-PCA,CD8T,donor_id=101,0.7214845074323367
T1,linear-PCA,CD8T,donor_id=1015,0.7714293409255188
T1,linear-PCA,CD8T,donor_id=1256,0.7925717492828157
T1,linear-PCA,CD8T,donor_id=1244,0.652451720122477
T1,linear-PCA,CD8T,donor_id=1039,0.713472585934249
T1,linear-PCA,CD8T,donor_id=1016,0.7844220638509124
T1,linear-PCA,CD8T,donor_id=1488,0.7988962849763639
T1,linear-PCA,CD8T,donor_id=107,0.5339606202253451
T1,linear-PCA,DC,donor_id=1488,0.8782032023668362
T1,linear-PCA,DC,donor_id=101,0.8555510395092599
T1,linear-PCA,DC,donor_id=1039,0.6626345599442579
T1,linear-PCA,DC,donor_id=1256,0.8068690640499042
T1,linear-PCA,DC,donor_id=107,0.8476918138773133
T1,linear-PCA,DC,donor_id=1015,0.8636762878778623
T1,linear-PCA,DC,donor_id=1244,0.8563799564439424
T1,linear-PCA,DC,donor_id=1016,0.8072391388312051
T1,linear-PCA,Mk,donor_id=1016,0.5650592013104466
T1,linear-PCA,Mk,donor_id=1488,0.6578700457974649
T1,linear-PCA,Mk,donor_id=1015,0.8202143836003566
T1,linear-PCA,Mk,donor_id=107,0.4131310750222064
T1,linear-PCA,Mk,donor_id=1039,0.5387957648674273
T1,linear-PCA,Mk,donor_id=1256,0.592649359910901
T1,linear-PCA,Mk,donor_id=1244,0.5974650095597274
T1,linear-PCA,Mk,donor_id=101,0.6340632517140729
T1,linear-PCA,Mono_CD14,donor_id=101,0.8174168115244356
T1,linear-PCA,Mono_CD14,donor_id=1244,0.8061533578832074
T1,linear-PCA,Mono_CD14,donor_id=1488,0.8150315065273436
T1,linear-PCA,Mono_CD14,donor_id=1015,0.828555433959675
T1,linear-PCA,Mono_CD14,donor_id=1256,0.8063634728387925
T1,linear-PCA,Mono_CD14,donor_id=107,0.8283620553872122
T1,linear-PCA,Mono_CD14,donor_id=1016,0.8286453972117847
T1,linear-PCA,Mono_CD14,donor_id=1039,0.8217712979820689
T1,linear-PCA,Mono_FCGR3A,donor_id=1488,0.9068967051743306
T1,linear-PCA,Mono_FCGR3A,donor_id=101,0.8952360180927074
T1,linear-PCA,Mono_FCGR3A,donor_id=107,0.8763717654300427
T1,linear-PCA,Mono_FCGR3A,donor_id=1256,0.8859763748571423
T1,linear-PCA,Mono_FCGR3A,donor_id=1016,0.874984915628754
T1,linear-PCA,Mono_FCGR3A,donor_id=1015,0.8846620622782478
T1,linear-PCA,Mono_FCGR3A,donor_id=1039,0.8620688535511597
T1,linear-PCA,Mono_FCGR3A,donor_id=1244,0.8639382873825558
T1,linear-PCA,NK,donor_id=101,0.7914438490725232
T1,linear-PCA,NK,donor_id=1488,0.8182246686689365
T1,linear-PCA,NK,donor_id=107,0.7682730080817894
T1,linear-PCA,NK,donor_id=1244,0.8044066751106351
T1,linear-PCA,NK,donor_id=1256,0.8137893355736199
T1,linear-PCA,NK,donor_id=1015,0.8218577108989447
T1,linear-PCA,NK,donor_id=1016,0.7610211058136024
T1,linear-PCA,NK,donor_id=1039,0.6841456059861847
T1,scFoundation,B,donor_id=1256,0.7580426239123228
T1,scFoundation,B,donor_id=1488,0.7589878052746935
T1,scFoundation,B,donor_id=1015,0.7617416648024693
T1,scFoundation,B,donor_id=101,0.7426650071763884
T1,scFoundation,B,donor_id=1039,0.740436302147722
T1,scFoundation,B,donor_id=1244,0.7484353305046322
T1,scFoundation,B,donor_id=1016,0.7521334350526122
T1,scFoundation,B,donor_id=107,0.724860664786004
T1,scFoundation,CD4T,donor_id=1256,0.7121717895972746
T1,scFoundation,CD4T,donor_id=101,0.7323337055204427
T1,scFoundation,CD4T,donor_id=1039,0.7583563104368668
T1,scFoundation,CD4T,donor_id=1016,0.7231318925288273
T1,scFoundation,CD4T,donor_id=1015,0.7486448023504076
T1,scFoundation,CD4T,donor_id=1244,0.7025781786276541
T1,scFoundation,CD4T,donor_id=107,0.7320833952561878
T1,scFoundation,CD4T,donor_id=1488,0.721778533355704
T1,scFoundation,CD8T,donor_id=101,0.6876792364506068
T1,scFoundation,CD8T,donor_id=1015,0.7456022315633184
T1,scFoundation,CD8T,donor_id=1256,0.7477316518584792
T1,scFoundation,CD8T,donor_id=1244,0.609881860051828
T1,scFoundation,CD8T,donor_id=1039,0.6857457538641084
T1,scFoundation,CD8T,donor_id=1016,0.7601943562434151
T1,scFoundation,CD8T,donor_id=1488,0.739601015246945
T1,scFoundation,CD8T,donor_id=107,0.48198723215120315
T1,scFoundation,DC,donor_id=1488,0.7577060799513111
T1,scFoundation,DC,donor_id=101,0.7261642480513779
T1,scFoundation,DC,donor_id=1039,0.5684237634439805
T1,scFoundation,DC,donor_id=1256,0.6826732817286533
T1,scFoundation,DC,donor_id=107,0.7088284282219539
T1,scFoundation,DC,donor_id=1015,0.7644116801563461
T1,scFoundation,DC,donor_id=1244,0.7337805546355749
T1,scFoundation,DC,donor_id=1016,0.6973665364660084
T1,scFoundation,Mk,donor_id=1016,0.4555916736396611
T1,scFoundation,Mk,donor_id=1488,0.6153008382422387
T1,scFoundation,Mk,donor_id=1015,0.7146124002747596
T1,scFoundation,Mk,donor_id=107,0.29547205911301117
T1,scFoundation,Mk,donor_id=1039,0.4335222778958757
T1,scFoundation,Mk,donor_id=1256,0.5849576707984615
T1,scFoundation,Mk,donor_id=1244,0.4986061449190784
T1,scFoundation,Mk,donor_id=101,0.5504767019010824
T1,scFoundation,Mono_CD14,donor_id=101,0.6827359479920341
T1,scFoundation,Mono_CD14,donor_id=1244,0.6697385954842681
T1,scFoundation,Mono_CD14,donor_id=1488,0.6843274996254626
T1,scFoundation,Mono_CD14,donor_id=1015,0.6945462004458556
T1,scFoundation,Mono_CD14,donor_id=1256,0.6787160765349296
T1,scFoundation,Mono_CD14,donor_id=107,0.6881248156580683
T1,scFoundation,Mono_CD14,donor_id=1016,0.726900839518923
T1,scFoundation,Mono_CD14,donor_id=1039,0.6906643038881997
T1,scFoundation,Mono_FCGR3A,donor_id=1488,0.7013129743287012
T1,scFoundation,Mono_FCGR3A,donor_id=101,0.7005151341307484
T1,scFoundation,Mono_FCGR3A,donor_id=107,0.6981858247477196
T1,scFoundation,Mono_FCGR3A,donor_id=1256,0.6856528327008379
T1,scFoundation,Mono_FCGR3A,donor_id=1016,0.7211153643971203
T1,scFoundation,Mono_FCGR3A,donor_id=1015,0.6990135852268076
T1,scFoundation,Mono_FCGR3A,donor_id=1039,0.6746142391419043
T1,scFoundation,Mono_FCGR3A,donor_id=1244,0.6704069598530379
T1,scFoundation,NK,donor_id=101,0.6640963003173304
T1,scFoundation,NK,donor_id=1488,0.6522061165057538
T1,scFoundation,NK,donor_id=107,0.632114549410046
T1,scFoundation,NK,donor_id=1244,0.6846627279932475
T1,scFoundation,NK,donor_id=1256,0.6361417935544127
T1,scFoundation,NK,donor_id=1015,0.678662306319628
T1,scFoundation,NK,donor_id=1016,0.6799410287699655
T1,scFoundation,NK,donor_id=1039,0.5903345645065403
T1,scGPT,B,donor_id=1256,0.6795277634015229
T1,scGPT,B,donor_id=1488,0.6842234271417547
T1,scGPT,B,donor_id=1015,0.696781521909251
T1,scGPT,B,donor_id=101,0.6924988739805734
T1,scGPT,B,donor_id=1039,0.6582179683960498
T1,scGPT,B,donor_id=1244,0.6642576742469822
T1,scGPT,B,donor_id=1016,0.6431836442358092
T1,scGPT,B,donor_id=107,0.6291502954386654
T1,scGPT,CD4T,donor_id=1256,0.579163065946684
T1,scGPT,CD4T,donor_id=101,0.6691037130246418
T1,scGPT,CD4T,donor_id=1039,0.6924215213370273
T1,scGPT,CD4T,donor_id=1016,0.6364949550292941
T1,scGPT,CD4T,donor_id=1015,0.7258275334500098
T1,scGPT,CD4T,donor_id=1244,0.5604740215235049
T1,scGPT,CD4T,donor_id=107,0.6734113464489403
T1,scGPT,CD4T,donor_id=1488,0.6053457048234313
T1,scGPT,CD8T,donor_id=101,0.6584115863447036
T1,scGPT,CD8T,donor_id=1015,0.6616268708611734
T1,scGPT,CD8T,donor_id=1256,0.6307210172720141
T1,scGPT,CD8T,donor_id=1244,0.6017410587452054
T1,scGPT,CD8T,donor_id=1039,0.6244805703273747
T1,scGPT,CD8T,donor_id=1016,0.6179281437932875
T1,scGPT,CD8T,donor_id=1488,0.6862333272966354
T1,scGPT,CD8T,donor_id=107,0.5124823373262906
T1,scGPT,DC,donor_id=1488,0.7030794762973724
T1,scGPT,DC,donor_id=101,0.7436284701509396
T1,scGPT,DC,donor_id=1039,0.6330345979335978
T1,scGPT,DC,donor_id=1256,0.757379712607729
T1,scGPT,DC,donor_id=107,0.6569576888072552
T1,scGPT,DC,donor_id=1015,0.7127785963674114
T1,scGPT,DC,donor_id=1244,0.638546666552335
T1,scGPT,DC,donor_id=1016,0.6973853236153578
T1,scGPT,Mk,donor_id=1016,0.5136890437465216
T1,scGPT,Mk,donor_id=1488,0.5679345391737067
T1,scGPT,Mk,donor_id=1015,0.761810124335704
T1,scGPT,Mk,donor_id=107,0.35698816344808854
T1,scGPT,Mk,donor_id=1039,0.4748217360859788
T1,scGPT,Mk,donor_id=1256,0.5376977170786975
T1,scGPT,Mk,donor_id=1244,0.5212523342168557
T1,scGPT,Mk,donor_id=101,0.5621832787413146
T1,scGPT,Mono_CD14,donor_id=101,0.33563198115724674
T1,scGPT,Mono_CD14,donor_id=1244,0.40673389956130546
T1,scGPT,Mono_CD14,donor_id=1488,0.3999592076891993
T1,scGPT,Mono_CD14,donor_id=1015,0.41773739059598514
T1,scGPT,Mono_CD14,donor_id=1256,0.39127479104721036
T1,scGPT,Mono_CD14,donor_id=107,0.3644260935509088
T1,scGPT,Mono_CD14,donor_id=1016,0.4786607925298317
T1,scGPT,Mono_CD14,donor_id=1039,0.3945590062206647
T1,scGPT,Mono_FCGR3A,donor_id=1488,0.5592550166179321
T1,scGPT,Mono_FCGR3A,donor_id=101,0.5048773225718718
T1,scGPT,Mono_FCGR3A,donor_id=107,0.5299437249951028
T1,scGPT,Mono_FCGR3A,donor_id=1256,0.5643415505472547
T1,scGPT,Mono_FCGR3A,donor_id=1016,0.5435752163400174
T1,scGPT,Mono_FCGR3A,donor_id=1015,0.5776912346943525
T1,scGPT,Mono_FCGR3A,donor_id=1039,0.5050557250454925
T1,scGPT,Mono_FCGR3A,donor_id=1244,0.5316662805876318
T1,scGPT,NK,donor_id=101,0.5886029405081352
T1,scGPT,NK,donor_id=1488,0.5812174686583427
T1,scGPT,NK,donor_id=107,0.5404917790665583
T1,scGPT,NK,donor_id=1244,0.5916286456646761
T1,scGPT,NK,donor_id=1256,0.5646113851446956
T1,scGPT,NK,donor_id=1015,0.6114745844447498
T1,scGPT,NK,donor_id=1016,0.630322682918014
T1,scGPT,NK,donor_id=1039,0.5338934599103187
T1,scGen,B,donor_id=1256,0.7586364551774236
T1,scGen,B,donor_id=1488,0.7937362505301077
T1,scGen,B,donor_id=1015,0.7657506921821682
T1,scGen,B,donor_id=101,0.7737540721320849
T1,scGen,B,donor_id=1039,0.7657627822208355
T1,scGen,B,donor_id=1244,0.7858584575929972
T1,scGen,B,donor_id=1016,0.7448870478297249
T1,scGen,B,donor_id=107,0.7505963777675249
T1,scGen,CD4T,donor_id=1256,0.7205608711239646
T1,scGen,CD4T,donor_id=101,0.8081868494530258
T1,scGen,CD4T,donor_id=1039,0.8128702846052663
T1,scGen,CD4T,donor_id=1016,0.7748006969319365
T1,scGen,CD4T,donor_id=1015,0.8394039830881006
T1,scGen,CD4T,donor_id=1244,0.6953263576248158
T1,scGen,CD4T,donor_id=107,0.8178034757141254
T1,scGen,CD4T,donor_id=1488,0.7457609301456657
T1,scGen,CD8T,donor_id=101,0.8019944265916846
T1,scGen,CD8T,donor_id=1015,0.819181753920532
T1,scGen,CD8T,donor_id=1256,0.7876082372704433
T1,scGen,CD8T,donor_id=1244,0.7345794319502341
T1,scGen,CD8T,donor_id=1039,0.770106633668167
T1,scGen,CD8T,donor_id=1016,0.8069678464814954
T1,scGen,CD8T,donor_id=1488,0.8499482270553435
T1,scGen,CD8T,donor_id=107,0.6041106087327859
T1,scGen,DC,donor_id=1488,0.7654635672555643
T1,scGen,DC,donor_id=101,0.7789770229800339
T1,scGen,DC,donor_id=1039,0.6198152856628064
T1,scGen,DC,donor_id=1256,0.7302761501743286
T1,scGen,DC,donor_id=107,0.7365461585636844
T1,scGen,DC,donor_id=1015,0.7792877332695604
T1,scGen,DC,donor_id=1244,0.6987368673370338
T1,scGen,DC,donor_id=1016,0.7432485419361117
T1,scGen,Mk,donor_id=1016,0.5016488174408165
T1,scGen,Mk,donor_id=1488,0.602951728982732
T1,scGen,Mk,donor_id=1015,0.7583382254622806
T1,scGen,Mk,donor_id=107,0.33591281455817207
T1,scGen,Mk,donor_id=1039,0.45813020628893397
T1,scGen,Mk,donor_id=1256,0.6079186234656215
T1,scGen,Mk,donor_id=1244,0.5225893498312272
T1,scGen,Mk,donor_id=101,0.5657191106768447
T1,scGen,Mono_CD14,donor_id=101,0.8102970010803322
T1,scGen,Mono_CD14,donor_id=1244,0.8278722960627638
T1,scGen,Mono_CD14,donor_id=1488,0.8421729978664512
T1,scGen,Mono_CD14,donor_id=1015,0.8487636203606198
T1,scGen,Mono_CD14,donor_id=1256,0.8312151876257483
T1,scGen,Mono_CD14,donor_id=107,0.839281274436623
T1,scGen,Mono_CD14,donor_id=1016,0.8509683221263858
T1,scGen,Mono_CD14,donor_id=1039,0.8312180279303473
T1,scGen,Mono_FCGR3A,donor_id=1488,0.8240861854813332
T1,scGen,Mono_FCGR3A,donor_id=101,0.7974057571536197
T1,scGen,Mono_FCGR3A,donor_id=107,0.826286199146017
T1,scGen,Mono_FCGR3A,donor_id=1256,0.8355833594139913
T1,scGen,Mono_FCGR3A,donor_id=1016,0.7824630405555975
T1,scGen,Mono_FCGR3A,donor_id=1015,0.8479405803815623
T1,scGen,Mono_FCGR3A,donor_id=1039,0.8324679510500865
T1,scGen,Mono_FCGR3A,donor_id=1244,0.8480769453588168
T1,scGen,NK,donor_id=101,0.7658048658164244
T1,scGen,NK,donor_id=1488,0.7656688556294008
T1,scGen,NK,donor_id=107,0.6871578104760035
T1,scGen,NK,donor_id=1244,0.7294946256252054
T1,scGen,NK,donor_id=1256,0.7855238974678946
T1,scGen,NK,donor_id=1015,0.7543442496201103
T1,scGen,NK,donor_id=1016,0.8256212322090992
T1,scGen,NK,donor_id=1039,0.6551275660423966
T1,CellFlow,B,donor_id=1256,0.8258222628273378
T1,CellFlow,B,donor_id=1488,0.8428700742894291
T1,CellFlow,B,donor_id=1015,0.8327197811888081
T1,CellFlow,B,donor_id=101,0.8369714419027784
T1,CellFlow,B,donor_id=1039,0.8045129598637096
T1,CellFlow,B,donor_id=1244,0.8350453237301534
T1,CellFlow,B,donor_id=1016,0.8175868058860488
T1,CellFlow,B,donor_id=107,0.8136841893430526
T1,CellFlow,CD4T,donor_id=1256,0.7848412819243906
T1,CellFlow,CD4T,donor_id=101,0.8228879895031387
T1,CellFlow,CD4T,donor_id=1039,0.8398022022136293
T1,CellFlow,CD4T,donor_id=1016,0.8175380028923399
T1,CellFlow,CD4T,donor_id=1015,0.8578377904691813
T1,CellFlow,CD4T,donor_id=1244,0.7579079628697036
T1,CellFlow,CD4T,donor_id=107,0.8437790081407669
T1,CellFlow,CD4T,donor_id=1488,0.8072733069428988
T1,CellFlow,CD8T,donor_id=101,0.8175537992348781
T1,CellFlow,CD8T,donor_id=1015,0.8411703549402112
T1,CellFlow,CD8T,donor_id=1256,0.8318676186149058
T1,CellFlow,CD8T,donor_id=1244,0.73737672083933
T1,CellFlow,CD8T,donor_id=1039,0.7868068681164931
T1,CellFlow,CD8T,donor_id=1016,0.8350451800735446
T1,CellFlow,CD8T,donor_id=1488,0.870228976856383
T1,CellFlow,CD8T,donor_id=107,0.6182987256685955
T1,CellFlow,DC,donor_id=1488,0.8758382506149109
T1,CellFlow,DC,donor_id=101,0.8572245368436646
T1,CellFlow,DC,donor_id=1039,0.6520110005350659
T1,CellFlow,DC,donor_id=1256,0.8053341275694038
T1,CellFlow,DC,donor_id=107,0.8503353902615729
T1,CellFlow,DC,donor_id=1015,0.8854387123471924
T1,CellFlow,DC,donor_id=1244,0.8750454810242586
T1,CellFlow,DC,donor_id=1016,0.8137502106392437
T1,CellFlow,Mk,donor_id=1016,0.5068018632742546
T1,CellFlow,Mk,donor_id=1488,0.6220890533340304
T1,CellFlow,Mk,donor_id=1015,0.7773624392568346
T1,CellFlow,Mk,donor_id=107,0.3419843955188956
T1,CellFlow,Mk,donor_id=1039,0.47460567274108517
T1,CellFlow,Mk,donor_id=1256,0.6097347333544665
T1,CellFlow,Mk,donor_id=1244,0.5345150028413581
T1,CellFlow,Mk,donor_id=101,0.5842042597457829
T1,CellFlow,Mono_CD14,donor_id=101,0.8995304055324973
T1,CellFlow,Mono_CD14,donor_id=1244,0.9211037595577747
T1,CellFlow,Mono_CD14,donor_id=1488,0.9292425369502296
T1,CellFlow,Mono_CD14,donor_id=1015,0.9342979627737406
T1,CellFlow,Mono_CD14,donor_id=1256,0.9181692377461944
T1,CellFlow,Mono_CD14,donor_id=107,0.9271910855321299
T1,CellFlow,Mono_CD14,donor_id=1016,0.9415696450001408
T1,CellFlow,Mono_CD14,donor_id=1039,0.9304381293956201
T1,CellFlow,Mono_FCGR3A,donor_id=1488,0.8844283868725917
T1,CellFlow,Mono_FCGR3A,donor_id=101,0.8636283261285744
T1,CellFlow,Mono_FCGR3A,donor_id=107,0.8758214577668295
T1,CellFlow,Mono_FCGR3A,donor_id=1256,0.8901897777284352
T1,CellFlow,Mono_FCGR3A,donor_id=1016,0.813766987299294
T1,CellFlow,Mono_FCGR3A,donor_id=1015,0.9004563687744368
T1,CellFlow,Mono_FCGR3A,donor_id=1039,0.9001109035954442
T1,CellFlow,Mono_FCGR3A,donor_id=1244,0.8962544461414844
T1,CellFlow,NK,donor_id=101,0.7869255449154465
T1,CellFlow,NK,donor_id=1488,0.7819516061389078
T1,CellFlow,NK,donor_id=107,0.7176189805034415
T1,CellFlow,NK,donor_id=1244,0.7584121593827663
T1,CellFlow,NK,donor_id=1256,0.7912551176224524
T1,CellFlow,NK,donor_id=1015,0.7689544611815106
T1,CellFlow,NK,donor_id=1016,0.8409025557809675
T1,CellFlow,NK,donor_id=1039,0.6844058499675537
T1,CPA,B,donor_id=1256,0.3598889130907969
T1,CPA,B,donor_id=1488,0.3872143793113915
T1,CPA,B,donor_id=1015,0.35244638305885845
T1,CPA,B,donor_id=101,0.37160017350619656
T1,CPA,B,donor_id=1039,0.3876313457491023
T1,CPA,B,donor_id=1244,0.3877318910545332
T1,CPA,B,donor_id=1016,0.30189580673750516
T1,CPA,B,donor_id=107,0.3487795372275919
T1,CPA,CD4T,donor_id=1256,0.2606051572952576
T1,CPA,CD4T,donor_id=101,0.3580904783086704
T1,CPA,CD4T,donor_id=1039,0.4040226412773743
T1,CPA,CD4T,donor_id=1016,0.37077160399329134
T1,CPA,CD4T,donor_id=1015,0.4376523096715909
T1,CPA,CD4T,donor_id=1244,0.2523989437907651
T1,CPA,CD4T,donor_id=107,0.38074138694553344
T1,CPA,CD4T,donor_id=1488,0.26405822990167493
T1,CPA,CD8T,donor_id=101,0.5681438659101794
T1,CPA,CD8T,donor_id=1015,0.5471840410228626
T1,CPA,CD8T,donor_id=1256,0.5382736980582447
T1,CPA,CD8T,donor_id=1244,0.5077022737946971
T1,CPA,CD8T,donor_id=1039,0.5444942713153895
T1,CPA,CD8T,donor_id=1016,0.5113319536559904
T1,CPA,CD8T,donor_id=1488,0.6070297736808098
T1,CPA,CD8T,donor_id=107,0.45483581376234333
T1,CPA,DC,donor_id=1488,0.504145960058895
T1,CPA,DC,donor_id=101,0.5474181253648506
T1,CPA,DC,donor_id=1039,0.5010458826705844
T1,CPA,DC,donor_id=1256,0.5502455324779041
T1,CPA,DC,donor_id=107,0.4778072616261209
T1,CPA,DC,donor_id=1015,0.4888433220519872
T1,CPA,DC,donor_id=1244,0.4641479371714352
T1,CPA,DC,donor_id=1016,0.5011641607509607
T1,CPA,Mk,donor_id=1016,0.2396119174624237
T1,CPA,Mk,donor_id=1488,0.28538880951980466
T1,CPA,Mk,donor_id=1015,0.4013997398650019
T1,CPA,Mk,donor_id=107,0.13757607403987376
T1,CPA,Mk,donor_id=1039,0.22260221835329222
T1,CPA,Mk,donor_id=1256,0.361715900199365
T1,CPA,Mk,donor_id=1244,0.24684716837337528
T1,CPA,Mk,donor_id=101,0.27951375398389144
T1,CPA,Mono_CD14,donor_id=101,0.33650573705012465
T1,CPA,Mono_CD14,donor_id=1244,0.4082007363545171
T1,CPA,Mono_CD14,donor_id=1488,0.41840509546273974
T1,CPA,Mono_CD14,donor_id=1015,0.42910962674086317
T1,CPA,Mono_CD14,donor_id=1256,0.4070059707299041
T1,CPA,Mono_CD14,donor_id=107,0.40470671224720045
T1,CPA,Mono_CD14,donor_id=1016,0.4542380005622337
T1,CPA,Mono_CD14,donor_id=1039,0.41264964887418454
T1,CPA,Mono_FCGR3A,donor_id=1488,0.23654022957242912
T1,CPA,Mono_FCGR3A,donor_id=101,0.2034938495347368
T1,CPA,Mono_FCGR3A,donor_id=107,0.2647019139672042
T1,CPA,Mono_FCGR3A,donor_id=1256,0.2934655938429333
T1,CPA,Mono_FCGR3A,donor_id=1016,0.1867786452658014
T1,CPA,Mono_FCGR3A,donor_id=1015,0.2943553305911036
T1,CPA,Mono_FCGR3A,donor_id=1039,0.28159172508719793
T1,CPA,Mono_FCGR3A,donor_id=1244,0.3184556708104014
T1,CPA,NK,donor_id=101,0.4285295132577344
T1,CPA,NK,donor_id=1488,0.39045491464783966
T1,CPA,NK,donor_id=107,0.3527243173029231
T1,CPA,NK,donor_id=1244,0.38089710181453695
T1,CPA,NK,donor_id=1256,0.39915166292320414
T1,CPA,NK,donor_id=1015,0.4020981409647217
T1,CPA,NK,donor_id=1016,0.5254958207346936
T1,CPA,NK,donor_id=1039,0.3867970031330868
T1,PerturbNet,B,donor_id=1256,0.7909140780590165
T1,PerturbNet,B,donor_id=1488,0.8021365731618487
T1,PerturbNet,B,donor_id=1015,0.7964993559911229
T1,PerturbNet,B,donor_id=101,0.811738833769406
T1,PerturbNet,B,donor_id=1039,0.7841406820035582
T1,PerturbNet,B,donor_id=1244,0.8010498392002515
T1,PerturbNet,B,donor_id=1016,0.7529981950573387
T1,PerturbNet,B,donor_id=107,0.7735327186392674
T1,PerturbNet,CD4T,donor_id=1256,0.732287265880616
T1,PerturbNet,CD4T,donor_id=101,0.8193833338758831
T1,PerturbNet,CD4T,donor_id=1039,0.8247812707707962
T1,PerturbNet,CD4T,donor_id=1016,0.7735755758952162
T1,PerturbNet,CD4T,donor_id=1015,0.852607294086375
T1,PerturbNet,CD4T,donor_id=1244,0.7117098975248202
T1,PerturbNet,CD4T,donor_id=107,0.8299377523782531
T1,PerturbNet,CD4T,donor_id=1488,0.7627350022394522
T1,PerturbNet,CD8T,donor_id=101,0.8052899593503482
T1,PerturbNet,CD8T,donor_id=1015,0.8151057566508214
T1,PerturbNet,CD8T,donor_id=1256,0.7993024624300917
T1,PerturbNet,CD8T,donor_id=1244,0.7317685337959533
T1,PerturbNet,CD8T,donor_id=1039,0.7742445326162973
T1,PerturbNet,CD8T,donor_id=1016,0.8061620453406573
T1,PerturbNet,CD8T,donor_id=1488,0.8577188204856288
T1,PerturbNet,CD8T,donor_id=107,0.612480346767402
T1,PerturbNet,DC,donor_id=1488,0.8462626174425228
T1,PerturbNet,DC,donor_id=101,0.8738040754122246
T1,PerturbNet,DC,donor_id=1039,0.721616023403202
T1,PerturbNet,DC,donor_id=1256,0.8467181967231456
T1,PerturbNet,DC,donor_id=107,0.8156873883006797
T1,PerturbNet,DC,donor_id=1015,0.8481488310625611
T1,PerturbNet,DC,donor_id=1244,0.7945866779480265
T1,PerturbNet,DC,donor_id=1016,0.8253273605937211
T1,PerturbNet,Mk,donor_id=1016,0.5196860302557264
T1,PerturbNet,Mk,donor_id=1488,0.5977814274692548
T1,PerturbNet,Mk,donor_id=1015,0.7734455634515014
T1,PerturbNet,Mk,donor_id=107,0.35285179475966805
T1,PerturbNet,Mk,donor_id=1039,0.481455843613993
T1,PerturbNet,Mk,donor_id=1256,0.5875379311152462
T1,PerturbNet,Mk,donor_id=1244,0.5342421151012939
T1,PerturbNet,Mk,donor_id=101,0.5762748907907705
T1,PerturbNet,Mono_CD14,donor_id=101,0.9197035872343479
T1,PerturbNet,Mono_CD14,donor_id=1244,0.933242392704033
T1,PerturbNet,Mono_CD14,donor_id=1488,0.9444106787862395
T1,PerturbNet,Mono_CD14,donor_id=1015,0.9491537547504719
T1,PerturbNet,Mono_CD14,donor_id=1256,0.9332825435357255
T1,PerturbNet,Mono_CD14,donor_id=107,0.9502860010819414
T1,PerturbNet,Mono_CD14,donor_id=1016,0.9424495403067173
T1,PerturbNet,Mono_CD14,donor_id=1039,0.9460034951564298
T1,PerturbNet,Mono_FCGR3A,donor_id=1488,0.882591353806087
T1,PerturbNet,Mono_FCGR3A,donor_id=101,0.8590498156880126
T1,PerturbNet,Mono_FCGR3A,donor_id=107,0.8783407367401659
T1,PerturbNet,Mono_FCGR3A,donor_id=1256,0.8958446458835367
T1,PerturbNet,Mono_FCGR3A,donor_id=1016,0.837384023931808
T1,PerturbNet,Mono_FCGR3A,donor_id=1015,0.904380290169409
T1,PerturbNet,Mono_FCGR3A,donor_id=1039,0.8879218490104738
T1,PerturbNet,Mono_FCGR3A,donor_id=1244,0.8981022912424094
T1,PerturbNet,NK,donor_id=101,0.7701256963529941
T1,PerturbNet,NK,donor_id=1488,0.759813872615831
T1,PerturbNet,NK,donor_id=107,0.6863989689077814
T1,PerturbNet,NK,donor_id=1244,0.7319020237533633
T1,PerturbNet,NK,donor_id=1256,0.77696754145529
T1,PerturbNet,NK,donor_id=1015,0.746856293886231
T1,PerturbNet,NK,donor_id=1016,0.8370338676177206
T1,PerturbNet,NK,donor_id=1039,0.6686655372109677
T1,STATE,B,donor_id=1256,0.5957937584742028
T1,STATE,B,donor_id=1488,0.6187214465664448
T1,STATE,B,donor_id=1015,0.5245846926427942
T1,STATE,B,donor_id=101,0.5881839401036048
T1,STATE,B,donor_id=1039,0.6124392348377488
T1,STATE,B,donor_id=1244,0.6230928929882885
T1,STATE,B,donor_id=1016,0.5714547488789617
T1,STATE,B,donor_id=107,0.5791362820472815
T1,STATE,CD4T,donor_id=1256,0.5240006552163012
T1,STATE,CD4T,donor_id=101,0.6443054567855282
T1,STATE,CD4T,donor_id=1039,0.6423592640466397
T1,STATE,CD4T,donor_id=1016,0.6318045439632707
T1,STATE,CD4T,donor_id=1015,0.7322802865786375
T1,STATE,CD4T,donor_id=1244,0.6137880629779386
T1,STATE,CD4T,donor_id=107,0.6675233885618814
T1,STATE,CD4T,donor_id=1488,0.5459731872875255
T1,STATE,CD8T,donor_id=101,0.6683586609113421
T1,STATE,CD8T,donor_id=1015,0.7536355967886266
T1,STATE,CD8T,donor_id=1256,0.7581688635693542
T1,STATE,CD8T,donor_id=1244,0.6898955739978427
T1,STATE,CD8T,donor_id=1039,0.711032445238584
T1,STATE,CD8T,donor_id=1016,0.7444177443024509
T1,STATE,CD8T,donor_id=1488,0.7650966035941211
T1,STATE,CD8T,donor_id=107,0.34164514357995
T1,STATE,DC,donor_id=1488,0.7820461085268968
T1,STATE,DC,donor_id=101,0.670599766291281
T1,STATE,DC,donor_id=1039,0.6089282070697895
T1,STATE,DC,donor_id=1256,0.7504515245212445
T1,STATE,DC,donor_id=107,0.6825119698034036
T1,STATE,DC,donor_id=1015,0.742686377596723
T1,STATE,DC,donor_id=1244,0.7152135605130032
T1,STATE,DC,donor_id=1016,0.6721943243772546
T1,STATE,Mk,donor_id=1016,0.3189223642223935
T1,STATE,Mk,donor_id=1488,0.4292280018157196
T1,STATE,Mk,donor_id=1015,0.6434600097912736
T1,STATE,Mk,donor_id=107,0.2332583920248093
T1,STATE,Mk,donor_id=1039,0.3496613060276397
T1,STATE,Mk,donor_id=1256,0.6014108381058165
T1,STATE,Mk,donor_id=1244,0.2968254739553613
T1,STATE,Mk,donor_id=101,0.4185449488293674
T1,STATE,Mono_CD14,donor_id=101,0.7072068908754453
T1,STATE,Mono_CD14,donor_id=1244,0.7419788043356326
T1,STATE,Mono_CD14,donor_id=1488,0.7853703159935109
T1,STATE,Mono_CD14,donor_id=1015,0.7368283350466409
T1,STATE,Mono_CD14,donor_id=1256,0.7331380083954243
T1,STATE,Mono_CD14,donor_id=107,0.8113795584207725
T1,STATE,Mono_CD14,donor_id=1016,0.7915807977885028
T1,STATE,Mono_CD14,donor_id=1039,0.7428243778566758
T1,STATE,Mono_FCGR3A,donor_id=1488,0.7671514205005788
T1,STATE,Mono_FCGR3A,donor_id=101,0.8114797976580936
T1,STATE,Mono_FCGR3A,donor_id=107,0.7773545612306004
T1,STATE,Mono_FCGR3A,donor_id=1256,0.8379895761861179
T1,STATE,Mono_FCGR3A,donor_id=1016,0.7515183906898334
T1,STATE,Mono_FCGR3A,donor_id=1015,0.8125205235052565
T1,STATE,Mono_FCGR3A,donor_id=1039,0.7835156083579385
T1,STATE,Mono_FCGR3A,donor_id=1244,0.7828074864964958
T1,STATE,NK,donor_id=101,0.5246416419697197
T1,STATE,NK,donor_id=1488,0.546220864432217
T1,STATE,NK,donor_id=107,0.6089389717107578
T1,STATE,NK,donor_id=1244,0.5274972461191181
T1,STATE,NK,donor_id=1256,0.4562369536755383
T1,STATE,NK,donor_id=1015,0.6484305266403401
T1,STATE,NK,donor_id=1016,0.7257319879840387
T1,STATE,NK,donor_id=1039,0.5842087766024343
T1,scPRAM,B,donor_id=1256,0.8071852202055023
T1,scPRAM,B,donor_id=1488,0.7994878789899732
T1,scPRAM,B,donor_id=1015,0.8212572945821125
T1,scPRAM,B,donor_id=101,0.8127391869181649
T1,scPRAM,B,donor_id=1039,0.7744033615286302
T1,scPRAM,B,donor_id=1244,0.7954717976210829
T1,scPRAM,B,donor_id=1016,0.7929650516741628
T1,scPRAM,B,donor_id=107,0.7804183463139804
T1,scPRAM,CD4T,donor_id=1256,0.7125137134031057
T1,scPRAM,CD4T,donor_id=101,0.7179743340532345
T1,scPRAM,CD4T,donor_id=1039,0.7444493857966099
T1,scPRAM,CD4T,donor_id=1016,0.7125914763205713
T1,scPRAM,CD4T,donor_id=1015,0.7491042313754087
T1,scPRAM,CD4T,donor_id=1244,0.7044387978910099
T1,scPRAM,CD4T,donor_id=107,0.7460401340973545
T1,scPRAM,CD4T,donor_id=1488,0.7344515157658968
T1,scPRAM,CD8T,donor_id=101,0.7049875533138878
T1,scPRAM,CD8T,donor_id=1015,0.7137458253475296
T1,scPRAM,CD8T,donor_id=1256,0.7368532495202437
T1,scPRAM,CD8T,donor_id=1244,0.6229688267597602
T1,scPRAM,CD8T,donor_id=1039,0.6900047320532985
T1,scPRAM,CD8T,donor_id=1016,0.7302555782671736
T1,scPRAM,CD8T,donor_id=1488,0.758778326207429
T1,scPRAM,CD8T,donor_id=107,0.5315212514036992
T1,scPRAM,DC,donor_id=1488,0.8641404628613567
T1,scPRAM,DC,donor_id=101,0.8494771974104954
T1,scPRAM,DC,donor_id=1039,0.6369614741601174
T1,scPRAM,DC,donor_id=1256,0.7859628844441192
T1,scPRAM,DC,donor_id=107,0.8442867220259771
T1,scPRAM,DC,donor_id=1015,0.8657658384380592
T1,scPRAM,DC,donor_id=1244,0.8659318891879529
T1,scPRAM,DC,donor_id=1016,0.8002228812822377
T1,scPRAM,Mk,donor_id=1016,0.48794134594663957
T1,scPRAM,Mk,donor_id=1488,0.5924982516110102
T1,scPRAM,Mk,donor_id=1015,0.7332268218094152
T1,scPRAM,Mk,donor_id=107,0.3334237368793489
T1,scPRAM,Mk,donor_id=1039,0.4558103152370381
T1,scPRAM,Mk,donor_id=1256,0.6080289350694597
T1,scPRAM,Mk,donor_id=1244,0.529772774294467
T1,scPRAM,Mk,donor_id=101,0.5521363050264801
T1,scPRAM,Mono_CD14,donor_id=101,0.8914630964851523
T1,scPRAM,Mono_CD14,donor_id=1244,0.8895281515522407
T1,scPRAM,Mono_CD14,donor_id=1488,0.9135376542659975
T1,scPRAM,Mono_CD14,donor_id=1015,0.9113007359362202
T1,scPRAM,Mono_CD14,donor_id=1256,0.8948815244478772
T1,scPRAM,Mono_CD14,donor_id=107,0.9059202038482952
T1,scPRAM,Mono_CD14,donor_id=1016,0.9027608373561434
T1,scPRAM,Mono_CD14,donor_id=1039,0.9084335024357493
T1,scPRAM,Mono_FCGR3A,donor_id=1488,0.8612264311682359
T1,scPRAM,Mono_FCGR3A,donor_id=101,0.8456040495975098
T1,scPRAM,Mono_FCGR3A,donor_id=107,0.8586931817504266
T1,scPRAM,Mono_FCGR3A,donor_id=1256,0.8737768664974308
T1,scPRAM,Mono_FCGR3A,donor_id=1016,0.8274104432053057
T1,scPRAM,Mono_FCGR3A,donor_id=1015,0.8780266624435689
T1,scPRAM,Mono_FCGR3A,donor_id=1039,0.8709104870317512
T1,scPRAM,Mono_FCGR3A,donor_id=1244,0.8683272528799395
T1,scPRAM,NK,donor_id=101,0.6994117080564338
T1,scPRAM,NK,donor_id=1488,0.7093198097477469
T1,scPRAM,NK,donor_id=107,0.6297940172721546
T1,scPRAM,NK,donor_id=1244,0.6816164818754801
T1,scPRAM,NK,donor_id=1256,0.6935452373588218
T1,scPRAM,NK,donor_id=1015,0.6793942091620156
T1,scPRAM,NK,donor_id=1016,0.7421985349158611
T1,scPRAM,NK,donor_id=1039,0.6085831012688832
T5c,FP-ridge,B,perturbation=Atorvastatin,0.34941993941066957
T5c,FP-ridge,B,perturbation=5-(9-Isopropyl-8-methyl-2-morpholino-9H-purin-6-yl)pyrimidin-2-amine,0.5791485470500475
T5c,FP-ridge,B,perturbation=Topotecan,0.43949725179506266
T5c,FP-ridge,B,perturbation=BMS-265246,0.4907994941544337
T5c,FP-ridge,B,perturbation=AMD-070 (hydrochloride),0.2363204139893987
T5c,FP-ridge,B,perturbation=AT13387,0.5652911120800163
T5c,FP-ridge,B,perturbation=Desloratadine,0.3503826699975726
T5c,FP-ridge,B,perturbation=Ganetespib (STA-9090),0.5805001613124766
T5c,FP-ridge,B,perturbation=O-Demethylated Adapalene,0.4005239852845857
T5c,FP-ridge,B,perturbation=BAY 87-2243,0.4718086221611119
T5c,FP-ridge,B,perturbation=Ruxolitinib,0.6229117215897404
T5c,FP-ridge,B,perturbation=Sgc-cbp30,0.2851481516562636
T5c,FP-ridge,B,perturbation=PF-04691502,0.5157193127398902
T5c,FP-ridge,B,perturbation=Dactolisib,0.6718898280889537
T5c,FP-ridge,B,perturbation=Alogliptin,0.33117419202363313
T5c,FP-ridge,B,perturbation=Clomipramine,0.3586964857034791
T5c,FP-ridge,B,perturbation=Protriptyline,0.3261722361410246
T5c,FP-ridge,B,perturbation=Phenylbutazone,0.3234465165290361
T5c,FP-ridge,B,perturbation=Pomalidomide,0.41878845943662363
T5c,FP-ridge,B,perturbation=FK 866,0.45248141110867796
T5c,FP-ridge,B,perturbation=Perhexiline,0.5427081592152293
T5c,FP-ridge,B,perturbation=BMS-536924,0.5399709584697464
T5c,FP-ridge,B,perturbation=Penfluridol,0.3117870269939774
T5c,FP-ridge,B,perturbation=Sunitinib,0.32223391200770896
T5c,FP-ridge,B,perturbation=I-BET151,0.600097734046366
T5c,FP-ridge,B,perturbation=K-02288,0.2717145415939597
T5c,FP-ridge,B,perturbation=Dovitinib,0.37351600445534455
T5c,FP-ridge,B,perturbation=Chlorpheniramine,0.34259154106230905
T5c,FP-ridge,B,perturbation=UNII-BXU45ZH6LI,0.3490856641300878
T5c,FP-ridge,B,perturbation=IKK Inhibitor VII,0.5407480156843253
T5c,FP-ridge,B,perturbation=Quizartinib,0.2590901192579264
T5c,FP-ridge,B,perturbation=Tivozanib,0.35974704940214647
T5c,FP-ridge,B,perturbation=Foretinib,0.4881129723721182
T5c,FP-ridge,B,perturbation=BMS-777607,0.37349628826391496
T5c,FP-ridge,B,perturbation=AVL-292,0.47341504337804935
T5c,FP-ridge,B,perturbation=Scriptaid,0.5968693019977551
T5c,FP-ridge,B,perturbation=RVX-208,0.3463505767052236
T5c,FP-ridge,B,perturbation=Amiodarone,0.2613216329067804
T5c,FP-ridge,B,perturbation=RN-486,0.21607701941404597
T5c,FP-ridge,B,perturbation=Tamatinib,0.5669199434753389
T5c,FP-ridge,B,perturbation=GW843682X,0.37413186493840306
T5c,FP-ridge,B,perturbation=Porcn Inhibitor III,0.42087290137385447
T5c,FP-ridge,B,perturbation=Navitoclax,0.32913063197122244
T5c,FP-ridge,B,perturbation=BAY 61-3606,0.5801213348558404
T5c,FP-ridge,B,perturbation=Ketoconazole,0.6694281301059319
T5c,FP-ridge,B,perturbation=Isoniazid,0.33435871220614927
T5c,FP-ridge,B,perturbation=PD-0325901,0.44374456273661467
T5c,FP-ridge,B,perturbation=TIE2 Kinase Inhibitor,0.3300716423843054
T5c,FP-ridge,B,perturbation=BMS-387032,0.10999477995633274
T5c,FP-ridge,B,perturbation=TL_HRAS26,0.3283931410578164
T5c,FP-ridge,B,perturbation=Methotrexate,0.43317065665737003
T5c,FP-ridge,B,perturbation=LY2090314,0.4731196856219571
T5c,FP-ridge,B,perturbation=Alvocidib,-0.04401033836461987
T5c,FP-ridge,B,perturbation=IMD-0354,0.5788191714103752
T5c,FP-ridge,B,perturbation=MK-5108,0.40004455119108473
T5c,FP-ridge,B,perturbation=Ixabepilone,0.3350883086704295
T5c,FP-ridge,B,perturbation=IN1451,0.7060297974564016
T5c,FP-ridge,B,perturbation=Proscillaridin A;Proscillaridin-A,0.6460405202859516
T5c,FP-ridge,B,perturbation=Palbociclib,0.41115499322584625
T5c,FP-ridge,B,perturbation=Vardenafil,0.33867435064181606
T5c,FP-ridge,B,perturbation=Disulfiram,0.26181436479487163
T5c,FP-ridge,B,perturbation=Canertinib,0.33824279482995007
T5c,FP-ridge,B,perturbation=Lapatinib,0.35829650590453355
T5c,FP-ridge,B,perturbation=Linagliptin,0.3292049542043242
T5c,FP-ridge,B,perturbation=Raloxifene,0.44879409618691973
T5c,FP-ridge,B,perturbation=Vorinostat,0.5555686876195306
T5c,FP-ridge,B,perturbation=Trametinib,0.49345857210172006
T5c,FP-ridge,B,perturbation=Dasatinib,0.5130120828735507
T5c,FP-ridge,B,perturbation=Flutamide,0.2627400736644545
T5c,FP-ridge,B,perturbation=Idelalisib,0.4759236857294401
T5c,FP-ridge,B,perturbation=Riociguat,0.3321880466279886
T5c,FP-ridge,B,perturbation=Azacitidine,0.3001261027279626
T5c,FP-ridge,B,perturbation=TGX 221,0.5278503487745903
T5c,FP-ridge,B,perturbation=CGM-097,0.6501227468379118
T5c,FP-ridge,B,perturbation=Clemastine,0.36490987827567584
T5c,FP-ridge,B,perturbation=Imatinib,0.25660806872919445
T5c,FP-ridge,B,perturbation=Tipifarnib,0.44412598578514567
T5c,FP-ridge,B,perturbation=RG7090,0.5318088625416015
T5c,FP-ridge,B,perturbation=CHIR-99021,0.4796342448680224
T5c,FP-ridge,B,perturbation=TR-14035,0.3770585217426516
T5c,FP-ridge,B,perturbation=Pitavastatin Calcium,0.6219140428823934
T5c,FP-ridge,B,perturbation=SLx-2119,0.3346677416585655
T5c,FP-ridge,B,perturbation=YK 4-279,0.49388565555663294
T5c,FP-ridge,B,perturbation=SCH-58261,0.3115936927698278
T5c,FP-ridge,B,perturbation=BX 912,0.40341062118064985
T5c,FP-ridge,B,perturbation=GLPG0634,0.5771540812593493
T5c,FP-ridge,B,perturbation=Defactinib,0.4510888741418589
T5c,FP-ridge,B,perturbation=Nilotinib,0.530835029645394
T5c,FP-ridge,B,perturbation=ABT737,0.24438331860385754
T5c,FP-ridge,B,perturbation=Nefazodone,0.3475594898105384
T5c,FP-ridge,B,perturbation=Buspirone,0.29973255100244256
T5c,FP-ridge,B,perturbation=Colforsin,0.3531164448704309
T5c,FP-ridge,B,perturbation=Doxorubicin,0.5196713933278173
T5c,FP-ridge,B,perturbation=Mubritinib (TAK 165),0.3762789478147154
T5c,FP-ridge,B,perturbation=BI-D1870,0.4468443171556325
T5c,FP-ridge,B,perturbation=AT 7867,0.5104195015040841
T5c,FP-ridge,B,perturbation=PRT-062607,0.5667248240351949
T5c,FP-ridge,B,perturbation=STK219801,0.34160835830184433
T5c,FP-ridge,B,perturbation=Midostaurin,0.49467704388334033
T5c,FP-ridge,B,perturbation=PF-03814735,0.625405033873816
T5c,FP-ridge,B,perturbation=Vanoxerine,0.3638205822391903
T5c,FP-ridge,B,perturbation=AZD3514,0.38947294994316534
T5c,FP-ridge,B,perturbation=OSI-930,0.3138865404242722
T5c,FP-ridge,B,perturbation=AZ628,0.5149937002015573
T5c,FP-ridge,B,perturbation=TPCA-1,0.5533885123077185
T5c,FP-ridge,B,perturbation=CEP-37440,0.380585968744307
T5c,FP-ridge,B,perturbation=Tivantinib,0.34252655413893096
T5c,FP-ridge,B,perturbation=AZD4547,0.3370404734763528
T5c,FP-ridge,B,perturbation=SB525334,0.460964636734319
T5c,FP-ridge,B,perturbation=HMN-214,0.6102708897262771
T5c,FP-ridge,B,perturbation=GO-6976,0.5758802012314176
T5c,FP-ridge,B,perturbation=AZD-8330,0.4303134574266882
T5c,FP-ridge,B,perturbation=MGCD-265,0.328903426814944
T5c,FP-ridge,B,perturbation=GSK256066,0.3406687556000366
T5c,FP-ridge,B,perturbation=Tosedostat,0.2994358844654743
T5c,FP-ridge,B,perturbation=Prednisolone,0.5591811717011312
T5c,FP-ridge,B,perturbation=HYDROXYUREA,0.19817256571870132
T5c,FP-ridge,B,perturbation=Decitabine,0.26130853376380697
T5c,FP-ridge,B,perturbation=CC-401,0.5087035987218294
T5c,FP-ridge,B,perturbation=Saracatinib,0.5582395452147241
T5c,FP-ridge,B,perturbation=Masitinib,0.3488259763244204
T5c,FP-ridge,B,perturbation=GSK-1070916,0.3417841757497712
T5c,FP-ridge,B,perturbation=R428,0.3538343965415608
T5c,FP-ridge,B,perturbation=Colchicine,0.5071556508145737
T5c,FP-ridge,B,perturbation=Tacalcitol,0.3647602101905159
T5c,FP-ridge,B,perturbation=LDN 193189,0.3284963527449877
T5c,FP-ridge,B,perturbation=Resminostat,0.5827964502163785
T5c,FP-ridge,B,perturbation=RG7112,0.3014835805493761
T5c,FP-ridge,B,perturbation=Ricolinostat,0.1846588206620966
T5c,FP-ridge,B,perturbation=Oxybenzone,0.33839307673063534
T5c,FP-ridge,B,perturbation=ABT-199 (GDC-0199),0.21753463510613055
T5c,FP-ridge,B,perturbation=Selumetinib,0.4553890090141037
T5c,FP-ridge,B,perturbation=Cabozantinib,0.4504523475590843
T5c,FP-ridge,B,perturbation=Crizotinib,0.5382346743075198
T5c,FP-ridge,B,perturbation=Lamivudine,0.3833044209043587
T5c,FP-ridge,B,perturbation=Ceritinib,0.38214079947275537
T5c,FP-ridge,B,perturbation=Bosutinib,0.6156060599804428
T5c,FP-ridge,B,perturbation=Vandetanib,0.34967366404913985
T5c,FP-ridge,B,perturbation=Mometasone Furoate,0.6111513465816937
T5c,FP-ridge,B,perturbation=Clotrimazole,0.3273580436050225
T5c,FP-ridge,B,perturbation=CGP 60474,0.028724551861722306
T5c,FP-ridge,Mono,perturbation=Atorvastatin,0.2837413126390493
T5c,FP-ridge,Mono,perturbation=5-(9-Isopropyl-8-methyl-2-morpholino-9H-purin-6-yl)pyrimidin-2-amine,0.492354722796848
T5c,FP-ridge,Mono,perturbation=Topotecan,0.4149628107738266
T5c,FP-ridge,Mono,perturbation=BMS-265246,0.32942741617668114
T5c,FP-ridge,Mono,perturbation=AMD-070 (hydrochloride),0.17698443884498444
T5c,FP-ridge,Mono,perturbation=AT13387,0.4506982289624198
T5c,FP-ridge,Mono,perturbation=Desloratadine,0.23443818157742968
T5c,FP-ridge,Mono,perturbation=Ganetespib (STA-9090),0.45756025289077235
T5c,FP-ridge,Mono,perturbation=O-Demethylated Adapalene,0.23185725569930557
T5c,FP-ridge,Mono,perturbation=BAY 87-2243,0.3316554257964481
T5c,FP-ridge,Mono,perturbation=Ruxolitinib,0.4406413978578721
T5c,FP-ridge,Mono,perturbation=Sgc-cbp30,0.22289075455862623
T5c,FP-ridge,Mono,perturbation=PF-04691502,0.32846564264092276
T5c,FP-ridge,Mono,perturbation=Dactolisib,0.5836003988529374
T5c,FP-ridge,Mono,perturbation=Alogliptin,0.2705462995092003
T5c,FP-ridge,Mono,perturbation=Clomipramine,0.26419862799298544
T5c,FP-ridge,Mono,perturbation=Protriptyline,0.2623869578685111
T5c,FP-ridge,Mono,perturbation=Phenylbutazone,0.25536956688937945
T5c,FP-ridge,Mono,perturbation=Pomalidomide,0.17371849985152876
T5c,FP-ridge,Mono,perturbation=FK 866,0.3854134924889168
T5c,FP-ridge,Mono,perturbation=Perhexiline,0.3668608224451536
T5c,FP-ridge,Mono,perturbation=BMS-536924,0.45753275950461136
T5c,FP-ridge,Mono,perturbation=Penfluridol,0.27723159402143077
T5c,FP-ridge,Mono,perturbation=Sunitinib,0.2233093423141865
T5c,FP-ridge,Mono,perturbation=I-BET151,0.46448610275568825
T5c,FP-ridge,Mono,perturbation=K-02288,0.14293366376946814
T5c,FP-ridge,Mono,perturbation=Dovitinib,0.21489079337089306
T5c,FP-ridge,Mono,perturbation=Chlorpheniramine,0.20792201169858135
T5c,FP-ridge,Mono,perturbation=IKK Inhibitor VII,0.40784720448687817
T5c,FP-ridge,Mono,perturbation=Quizartinib,0.20108725141924713
T5c,FP-ridge,Mono,perturbation=Tivozanib,0.17634284986645282
T5c,FP-ridge,Mono,perturbation=Foretinib,0.31683041312937776
T5c,FP-ridge,Mono,perturbation=BMS-777607,0.25436349993573376
T5c,FP-ridge,Mono,perturbation=AVL-292,0.25449469371939204
T5c,FP-ridge,Mono,perturbation=Scriptaid,0.44008011558214244
T5c,FP-ridge,Mono,perturbation=RVX-208,0.31934412529595324
T5c,FP-ridge,Mono,perturbation=Amiodarone,0.15085244702866096
T5c,FP-ridge,Mono,perturbation=RN-486,0.23544738651719269
T5c,FP-ridge,Mono,perturbation=Tamatinib,0.44575434740088127
T5c,FP-ridge,Mono,perturbation=GW843682X,0.22855919701638455
T5c,FP-ridge,Mono,perturbation=Porcn Inhibitor III,0.286227409860882
T5c,FP-ridge,Mono,perturbation=Navitoclax,0.1853495339758445
T5c,FP-ridge,Mono,perturbation=BAY 61-3606,0.391177454915484
T5c,FP-ridge,Mono,perturbation=Ketoconazole,0.6061408371483689
T5c,FP-ridge,Mono,perturbation=Isoniazid,0.24367800443305673
T5c,FP-ridge,Mono,perturbation=PD-0325901,0.2466131302695641
T5c,FP-ridge,Mono,perturbation=TIE2 Kinase Inhibitor,0.1900344073878109
T5c,FP-ridge,Mono,perturbation=TL_HRAS26,0.21128668902484865
T5c,FP-ridge,Mono,perturbation=Methotrexate,0.3514680247812909
T5c,FP-ridge,Mono,perturbation=LY2090314,0.2241341600619377
T5c,FP-ridge,Mono,perturbation=Alvocidib,-0.0025871365832338773
T5c,FP-ridge,Mono,perturbation=IMD-0354,0.4125665155367003
T5c,FP-ridge,Mono,perturbation=MK-5108,0.25312783959645296
T5c,FP-ridge,Mono,perturbation=Ixabepilone,0.21635581567369203
T5c,FP-ridge,Mono,perturbation=IN1451,0.6475616797338902
T5c,FP-ridge,Mono,perturbation=Proscillaridin A;Proscillaridin-A,0.4638047839024081
T5c,FP-ridge,Mono,perturbation=Palbociclib,0.30604569851576624
T5c,FP-ridge,Mono,perturbation=Vardenafil,0.25487613767031014
T5c,FP-ridge,Mono,perturbation=Disulfiram,0.2040572715297357
T5c,FP-ridge,Mono,perturbation=Canertinib,0.10102128385256764
T5c,FP-ridge,Mono,perturbation=Lapatinib,0.24042181396515705
T5c,FP-ridge,Mono,perturbation=Linagliptin,0.23377762111019687
T5c,FP-ridge,Mono,perturbation=Raloxifene,0.2972100027142567
T5c,FP-ridge,Mono,perturbation=Vorinostat,0.39896526803056775
T5c,FP-ridge,Mono,perturbation=Trametinib,0.3393631808299722
T5c,FP-ridge,Mono,perturbation=Dasatinib,0.4613848390312304
T5c,FP-ridge,Mono,perturbation=Flutamide,0.24585622085307954
T5c,FP-ridge,Mono,perturbation=Idelalisib,0.31508269144344875
T5c,FP-ridge,Mono,perturbation=Riociguat,0.2961690526023292
T5c,FP-ridge,Mono,perturbation=Azacitidine,0.24525304334045456
T5c,FP-ridge,Mono,perturbation=TGX 221,0.3611366733921973
T5c,FP-ridge,Mono,perturbation=CGM-097,0.5057769867144152
T5c,FP-ridge,Mono,perturbation=Clemastine,0.2574404668410371
T5c,FP-ridge,Mono,perturbation=Imatinib,0.28119457961705874
T5c,FP-ridge,Mono,perturbation=Tipifarnib,0.27202114142680095
T5c,FP-ridge,Mono,perturbation=RG7090,0.3733856764893231
T5c,FP-ridge,Mono,perturbation=CHIR-99021,0.3673271050772316
T5c,FP-ridge,Mono,perturbation=TR-14035,0.25295684122152234
T5c,FP-ridge,Mono,perturbation=Pitavastatin Calcium,0.5628259934625361
T5c,FP-ridge,Mono,perturbation=SLx-2119,0.24875781582715037
T5c,FP-ridge,Mono,perturbation=YK 4-279,0.3537822503589043
T5c,FP-ridge,Mono,perturbation=SCH-58261,0.20559133673559926
T5c,FP-ridge,Mono,perturbation=BX 912,0.3284856866269275
T5c,FP-ridge,Mono,perturbation=GLPG0634,0.41793424532875995
T5c,FP-ridge,Mono,perturbation=Defactinib,0.275045458891636
T5c,FP-ridge,Mono,perturbation=Nilotinib,0.3346057786840809
T5c,FP-ridge,Mono,perturbation=ABT737,0.12197795654351964
T5c,FP-ridge,Mono,perturbation=Nefazodone,0.1848286112559706
T5c,FP-ridge,Mono,perturbation=Buspirone,0.1470725565960582
T5c,FP-ridge,Mono,perturbation=Colforsin,0.28914197916503787
T5c,FP-ridge,Mono,perturbation=Doxorubicin,0.4297266507932277
T5c,FP-ridge,Mono,perturbation=Mubritinib (TAK 165),0.23545654948771103
T5c,FP-ridge,Mono,perturbation=BI-D1870,0.3351649715265254
T5c,FP-ridge,Mono,perturbation=AT 7867,0.3130501218055273
T5c,FP-ridge,Mono,perturbation=PRT-062607,0.4522509468295939
T5c,FP-ridge,Mono,perturbation=STK219801,0.31137034061444596
T5c,FP-ridge,Mono,perturbation=Midostaurin,0.3505122939444083
T5c,FP-ridge,Mono,perturbation=PF-03814735,0.5701974966073112
T5c,FP-ridge,Mono,perturbation=Vanoxerine,0.25685185758013945
T5c,FP-ridge,Mono,perturbation=AZD3514,0.2739234855689512
T5c,FP-ridge,Mono,perturbation=OSI-930,0.13834955072593333
T5c,FP-ridge,Mono,perturbation=AZ628,0.32772609604691294
T5c,FP-ridge,Mono,perturbation=TPCA-1,0.4222254733255166
T5c,FP-ridge,Mono,perturbation=CEP-37440,0.15705505516826154
T5c,FP-ridge,Mono,perturbation=Tivantinib,0.36494481369450277
T5c,FP-ridge,Mono,perturbation=AZD4547,0.2309283181552093
T5c,FP-ridge,Mono,perturbation=SB525334,0.3523635563469584
T5c,FP-ridge,Mono,perturbation=HMN-214,0.5375277762364707
T5c,FP-ridge,Mono,perturbation=GO-6976,0.487729277085887
T5c,FP-ridge,Mono,perturbation=AZD-8330,0.2578305052252226
T5c,FP-ridge,Mono,perturbation=MGCD-265,0.2897741863570626
T5c,FP-ridge,Mono,perturbation=GSK256066,0.24869626573133738
T5c,FP-ridge,Mono,perturbation=Tosedostat,0.32125557965273993
T5c,FP-ridge,Mono,perturbation=Prednisolone,0.34866711639267717
T5c,FP-ridge,Mono,perturbation=HYDROXYUREA,0.28204402745846774
T5c,FP-ridge,Mono,perturbation=Decitabine,0.2628190817921443
T5c,FP-ridge,Mono,perturbation=CC-401,0.3676674541652692
T5c,FP-ridge,Mono,perturbation=Saracatinib,0.43779230005369313
T5c,FP-ridge,Mono,perturbation=Masitinib,0.24048870395866603
T5c,FP-ridge,Mono,perturbation=GSK-1070916,0.21305853874700567
T5c,FP-ridge,Mono,perturbation=R428,0.14698132060489227
T5c,FP-ridge,Mono,perturbation=Colchicine,0.3874482307699308
T5c,FP-ridge,Mono,perturbation=Tacalcitol,0.14443074523938082
T5c,FP-ridge,Mono,perturbation=LDN 193189,0.1806852481925819
T5c,FP-ridge,Mono,perturbation=Resminostat,0.4265967209823978
T5c,FP-ridge,Mono,perturbation=RG7112,0.33628486358622506
T5c,FP-ridge,Mono,perturbation=Ricolinostat,0.27233977831301753
T5c,FP-ridge,Mono,perturbation=Oxybenzone,0.2177534805750176
T5c,FP-ridge,Mono,perturbation=ABT-199 (GDC-0199),0.12142328918639517
T5c,FP-ridge,Mono,perturbation=Selumetinib,0.3311366126329358
T5c,FP-ridge,Mono,perturbation=Cabozantinib,0.37565871192849243
T5c,FP-ridge,Mono,perturbation=Crizotinib,0.41840153819347625
T5c,FP-ridge,Mono,perturbation=Lamivudine,0.3242701162791409
T5c,FP-ridge,Mono,perturbation=Ceritinib,0.2567013960454153
T5c,FP-ridge,Mono,perturbation=Bosutinib,0.5258197525222487
T5c,FP-ridge,Mono,perturbation=Vandetanib,0.16349854848429202
T5c,FP-ridge,Mono,perturbation=Mometasone Furoate,0.479165059681033
T5c,FP-ridge,Mono,perturbation=Clotrimazole,0.17063544891936386
T5c,FP-ridge,Mono,perturbation=UNII-BXU45ZH6LI,0.26879684379778446
T5c,FP-ridge,Mono,perturbation=BMS-387032,0.048945176216028244
T5c,FP-ridge,NK,perturbation=Atorvastatin,0.3254357312072743
T5c,FP-ridge,NK,perturbation=5-(9-Isopropyl-8-methyl-2-morpholino-9H-purin-6-yl)pyrimidin-2-amine,0.4981523856443561
T5c,FP-ridge,NK,perturbation=Topotecan,0.4885793824787607
T5c,FP-ridge,NK,perturbation=BMS-265246,0.5215554958393881
T5c,FP-ridge,NK,perturbation=AMD-070 (hydrochloride),0.23663878389985568
T5c,FP-ridge,NK,perturbation=AT13387,0.5279083654068236
T5c,FP-ridge,NK,perturbation=Desloratadine,0.3177195613033558
T5c,FP-ridge,NK,perturbation=Ganetespib (STA-9090),0.5638084375720018
T5c,FP-ridge,NK,perturbation=O-Demethylated Adapalene,0.3261928030640604
T5c,FP-ridge,NK,perturbation=BAY 87-2243,0.5062028326198346
T5c,FP-ridge,NK,perturbation=Ruxolitinib,0.43387733478245927
T5c,FP-ridge,NK,perturbation=Sgc-cbp30,0.3320293155003404
T5c,FP-ridge,NK,perturbation=PF-04691502,0.45039075611343626
T5c,FP-ridge,NK,perturbation=Dactolisib,0.6375206923346804
T5c,FP-ridge,NK,perturbation=Alogliptin,0.3200679601328613
T5c,FP-ridge,NK,perturbation=Clomipramine,0.3629027042675925
T5c,FP-ridge,NK,perturbation=Protriptyline,0.3147763737104633
T5c,FP-ridge,NK,perturbation=Phenylbutazone,0.3180765331614267
T5c,FP-ridge,NK,perturbation=Pomalidomide,0.44670274335238797
T5c,FP-ridge,NK,perturbation=FK 866,0.35749979020980904
T5c,FP-ridge,NK,perturbation=Perhexiline,0.4682663823504938
T5c,FP-ridge,NK,perturbation=BMS-536924,0.3965562236307688
T5c,FP-ridge,NK,perturbation=Penfluridol,0.3549510085826452
T5c,FP-ridge,NK,perturbation=Sunitinib,0.3480262582236461
T5c,FP-ridge,NK,perturbation=I-BET151,0.5447441743259114
T5c,FP-ridge,NK,perturbation=K-02288,0.27272712072740823
T5c,FP-ridge,NK,perturbation=Dovitinib,0.3842811558215425
T5c,FP-ridge,NK,perturbation=Chlorpheniramine,0.30989101808579683
T5c,FP-ridge,NK,perturbation=UNII-BXU45ZH6LI,0.05977102972870672
T5c,FP-ridge,NK,perturbation=IKK Inhibitor VII,0.39290250400189564
T5c,FP-ridge,NK,perturbation=Quizartinib,0.2511655975186565
T5c,FP-ridge,NK,perturbation=Tivozanib,0.345345578360513
T5c,FP-ridge,NK,perturbation=Foretinib,0.42799751967013033
T5c,FP-ridge,NK,perturbation=BMS-777607,0.3134148277565097
T5c,FP-ridge,NK,perturbation=AVL-292,0.4068433920726455
T5c,FP-ridge,NK,perturbation=Scriptaid,0.6130489465919783
T5c,FP-ridge,NK,perturbation=RVX-208,0.3608086922849548
T5c,FP-ridge,NK,perturbation=Amiodarone,0.28773123286612035
T5c,FP-ridge,NK,perturbation=RN-486,0.2654803775394104
T5c,FP-ridge,NK,perturbation=Tamatinib,0.4722005521205049
T5c,FP-ridge,NK,perturbation=GW843682X,0.38054721930159224
T5c,FP-ridge,NK,perturbation=Porcn Inhibitor III,0.4242733864874927
T5c,FP-ridge,NK,perturbation=Navitoclax,0.25593100774255007
T5c,FP-ridge,NK,perturbation=BAY 61-3606,0.4773692243540657
T5c,FP-ridge,NK,perturbation=Ketoconazole,0.7152676069667927
T5c,FP-ridge,NK,perturbation=Isoniazid,0.3029791231015329
T5c,FP-ridge,NK,perturbation=PD-0325901,0.40384261474152766
T5c,FP-ridge,NK,perturbation=TIE2 Kinase Inhibitor,0.32748907331192795
T5c,FP-ridge,NK,perturbation=CGP 60474,-0.08643771793812025
T5c,FP-ridge,NK,perturbation=BMS-387032,0.2318857259634762
T5c,FP-ridge,NK,perturbation=TL_HRAS26,0.2842726523975172
T5c,FP-ridge,NK,perturbation=Methotrexate,0.45110438003169057
T5c,FP-ridge,NK,perturbation=LY2090314,0.560665878050265
T5c,FP-ridge,NK,perturbation=Alvocidib,0.04098572142461167
T5c,FP-ridge,NK,perturbation=IMD-0354,0.4865347523559126
T5c,FP-ridge,NK,perturbation=MK-5108,0.39955942435817005
T5c,FP-ridge,NK,perturbation=Ixabepilone,0.3625849431658056
T5c,FP-ridge,NK,perturbation=IN1451,0.6710961453812955
T5c,FP-ridge,NK,perturbation=Proscillaridin A;Proscillaridin-A,0.7021906565623426
T5c,FP-ridge,NK,perturbation=Palbociclib,0.3371277261123938
T5c,FP-ridge,NK,perturbation=Vardenafil,0.3141709048780249
T5c,FP-ridge,NK,perturbation=Disulfiram,0.3166044731107617
T5c,FP-ridge,NK,perturbation=Canertinib,0.32638800888894104
T5c,FP-ridge,NK,perturbation=Lapatinib,0.3459696226109448
T5c,FP-ridge,NK,perturbation=Linagliptin,0.35919433468855244
T5c,FP-ridge,NK,perturbation=Raloxifene,0.4128053067727753
T5c,FP-ridge,NK,perturbation=Vorinostat,0.5200953901205878
T5c,FP-ridge,NK,perturbation=Trametinib,0.42972708662039116
T5c,FP-ridge,NK,perturbation=Dasatinib,0.3313616278179605
T5c,FP-ridge,NK,perturbation=Flutamide,0.2919166474355219
T5c,FP-ridge,NK,perturbation=Idelalisib,0.41156943474106483
T5c,FP-ridge,NK,perturbation=Riociguat,0.402635847595974
T5c,FP-ridge,NK,perturbation=Azacitidine,0.3127764208757774
T5c,FP-ridge,NK,perturbation=TGX 221,0.41918392227989254
T5c,FP-ridge,NK,perturbation=CGM-097,0.6635319057698252
T5c,FP-ridge,NK,perturbation=Clemastine,0.3629627322214853
T5c,FP-ridge,NK,perturbation=Imatinib,0.3301038183636692
T5c,FP-ridge,NK,perturbation=Tipifarnib,0.37604303407438316
T5c,FP-ridge,NK,perturbation=RG7090,0.514101546214994
T5c,FP-ridge,NK,perturbation=CHIR-99021,0.49600980739433925
T5c,FP-ridge,NK,perturbation=TR-14035,0.38486793697631644
T5c,FP-ridge,NK,perturbation=Pitavastatin Calcium,0.6229105924136327
T5c,FP-ridge,NK,perturbation=SLx-2119,0.37069502825066025
T5c,FP-ridge,NK,perturbation=YK 4-279,0.5418531659499287
T5c,FP-ridge,NK,perturbation=SCH-58261,0.3053567186941332
T5c,FP-ridge,NK,perturbation=BX 912,0.40374860945487223
T5c,FP-ridge,NK,perturbation=GLPG0634,0.4266499353753624
T5c,FP-ridge,NK,perturbation=Defactinib,0.36651306717055315
T5c,FP-ridge,NK,perturbation=Nilotinib,0.4494072665043518
T5c,FP-ridge,NK,perturbation=ABT737,0.15287241435861337
T5c,FP-ridge,NK,perturbation=Nefazodone,0.35256242126222126
T5c,FP-ridge,NK,perturbation=Buspirone,0.28508822887078694
T5c,FP-ridge,NK,perturbation=Colforsin,0.3600534461044899
T5c,FP-ridge,NK,perturbation=Doxorubicin,0.43147534924369774
T5c,FP-ridge,NK,perturbation=Mubritinib (TAK 165),0.49176797308705167
T5c,FP-ridge,NK,perturbation=BI-D1870,0.410834618150244
T5c,FP-ridge,NK,perturbation=AT 7867,0.4446058263683711
T5c,FP-ridge,NK,perturbation=PRT-062607,0.411987362749354
T5c,FP-ridge,NK,perturbation=STK219801,0.3607260908935697
T5c,FP-ridge,NK,perturbation=Midostaurin,0.4339915637744466
T5c,FP-ridge,NK,perturbation=PF-03814735,0.47888347960896643
T5c,FP-ridge,NK,perturbation=Vanoxerine,0.33308331811030367
T5c,FP-ridge,NK,perturbation=AZD3514,0.39406138908767285
T5c,FP-ridge,NK,perturbation=OSI-930,0.309573218292734
T5c,FP-ridge,NK,perturbation=AZ628,0.36903605104496523
T5c,FP-ridge,NK,perturbation=TPCA-1,0.44064597072156875
T5c,FP-ridge,NK,perturbation=CEP-37440,0.38334084522380296
T5c,FP-ridge,NK,perturbation=Tivantinib,0.3373079490853983
T5c,FP-ridge,NK,perturbation=AZD4547,0.28323133807911494
T5c,FP-ridge,NK,perturbation=SB525334,0.47927980911027396
T5c,FP-ridge,NK,perturbation=HMN-214,0.6219242221872413
T5c,FP-ridge,NK,perturbation=GO-6976,0.5458245260395298
T5c,FP-ridge,NK,perturbation=AZD-8330,0.4803269140523854
T5c,FP-ridge,NK,perturbation=MGCD-265,0.28460220403721626
T5c,FP-ridge,NK,perturbation=GSK256066,0.4299663638543629
T5c,FP-ridge,NK,perturbation=Tosedostat,0.3465692810951638
T5c,FP-ridge,NK,perturbation=Prednisolone,0.5296048538041966
T5c,FP-ridge,NK,perturbation=HYDROXYUREA,0.24550840763854526
T5c,FP-ridge,NK,perturbation=Decitabine,0.35538306935311365
T5c,FP-ridge,NK,perturbation=CC-401,0.4709811306205903
T5c,FP-ridge,NK,perturbation=Saracatinib,0.4018009235457831
T5c,FP-ridge,NK,perturbation=Masitinib,0.3537928068209922
T5c,FP-ridge,NK,perturbation=GSK-1070916,0.2620864695599822
T5c,FP-ridge,NK,perturbation=R428,0.3181072332594831
T5c,FP-ridge,NK,perturbation=Colchicine,0.3969211033013327
T5c,FP-ridge,NK,perturbation=Tacalcitol,0.29017332523198797
T5c,FP-ridge,NK,perturbation=LDN 193189,0.31227583055922187
T5c,FP-ridge,NK,perturbation=Resminostat,0.569703664944071
T5c,FP-ridge,NK,perturbation=RG7112,0.4315717843280421
T5c,FP-ridge,NK,perturbation=Ricolinostat,0.232093146380188
T5c,FP-ridge,NK,perturbation=Oxybenzone,0.34680450463129675
T5c,FP-ridge,NK,perturbation=ABT-199 (GDC-0199),0.23836585612199476
T5c,FP-ridge,NK,perturbation=Selumetinib,0.3570540254331956
T5c,FP-ridge,NK,perturbation=Cabozantinib,0.42538333491849967
T5c,FP-ridge,NK,perturbation=Crizotinib,0.4254917526142973
T5c,FP-ridge,NK,perturbation=Lamivudine,0.30072125658427595
T5c,FP-ridge,NK,perturbation=Ceritinib,0.3775121420120895
T5c,FP-ridge,NK,perturbation=Bosutinib,0.41736387377980305
T5c,FP-ridge,NK,perturbation=Vandetanib,0.2858219949970196
T5c,FP-ridge,NK,perturbation=Mometasone Furoate,0.5373655121772645
T5c,FP-ridge,NK,perturbation=Clotrimazole,0.32675236653158346
T5c,FP-ridge,T_cells,perturbation=Atorvastatin,0.3353761920759265
T5c,FP-ridge,T_cells,perturbation=5-(9-Isopropyl-8-methyl-2-morpholino-9H-purin-6-yl)pyrimidin-2-amine,0.5878478019327065
T5c,FP-ridge,T_cells,perturbation=Topotecan,0.47298412697912634
T5c,FP-ridge,T_cells,perturbation=BMS-265246,0.5494808008977095
T5c,FP-ridge,T_cells,perturbation=AMD-070 (hydrochloride),0.3196532491522511
T5c,FP-ridge,T_cells,perturbation=AT13387,0.6276267355779
T5c,FP-ridge,T_cells,perturbation=Desloratadine,0.3648948631439268
T5c,FP-ridge,T_cells,perturbation=Ganetespib (STA-9090),0.6513096947648769
T5c,FP-ridge,T_cells,perturbation=O-Demethylated Adapalene,0.3971373561616669
T5c,FP-ridge,T_cells,perturbation=BAY 87-2243,0.5600238075991395
T5c,FP-ridge,T_cells,perturbation=Ruxolitinib,0.5672391856067649
T5c,FP-ridge,T_cells,perturbation=Sgc-cbp30,0.34623939359737455
T5c,FP-ridge,T_cells,perturbation=PF-04691502,0.5025051632793353
T5c,FP-ridge,T_cells,perturbation=Dactolisib,0.6855777917987622
T5c,FP-ridge,T_cells,perturbation=Alogliptin,0.3549295314638752
T5c,FP-ridge,T_cells,perturbation=Clomipramine,0.3932901989969495
T5c,FP-ridge,T_cells,perturbation=Protriptyline,0.34452943492487387
T5c,FP-ridge,T_cells,perturbation=Phenylbutazone,0.3400741071239201
T5c,FP-ridge,T_cells,perturbation=Pomalidomide,0.46737824305140396
T5c,FP-ridge,T_cells,perturbation=FK 866,0.4494756185415426
T5c,FP-ridge,T_cells,perturbation=Perhexiline,0.5380657436517227
T5c,FP-ridge,T_cells,perturbation=BMS-536924,0.5580390664463872
T5c,FP-ridge,T_cells,perturbation=Penfluridol,0.3368400130948683
T5c,FP-ridge,T_cells,perturbation=Sunitinib,0.4273634317387975
T5c,FP-ridge,T_cells,perturbation=I-BET151,0.6687411293480449
T5c,FP-ridge,T_cells,perturbation=K-02288,0.3254704290777533
T5c,FP-ridge,T_cells,perturbation=Dovitinib,0.39753401144508105
T5c,FP-ridge,T_cells,perturbation=Chlorpheniramine,0.2952108256918639
T5c,FP-ridge,T_cells,perturbation=UNII-BXU45ZH6LI,0.5008791849817036
T5c,FP-ridge,T_cells,perturbation=IKK Inhibitor VII,0.5459064857828546
T5c,FP-ridge,T_cells,perturbation=Quizartinib,0.28586903500123484
T5c,FP-ridge,T_cells,perturbation=Tivozanib,0.34117900956228303
T5c,FP-ridge,T_cells,perturbation=Foretinib,0.45252782495987787
T5c,FP-ridge,T_cells,perturbation=BMS-777607,0.3884368195545737
T5c,FP-ridge,T_cells,perturbation=AVL-292,0.45235225824840725
T5c,FP-ridge,T_cells,perturbation=Scriptaid,0.6248729625931381
T5c,FP-ridge,T_cells,perturbation=RVX-208,0.42552709873963146
T5c,FP-ridge,T_cells,perturbation=Amiodarone,0.28735912831446525
T5c,FP-ridge,T_cells,perturbation=RN-486,0.2850137398426134
T5c,FP-ridge,T_cells,perturbation=Tamatinib,0.585183483613924
T5c,FP-ridge,T_cells,perturbation=GW843682X,0.3739542486612582
T5c,FP-ridge,T_cells,perturbation=Porcn Inhibitor III,0.4200643366649363
T5c,FP-ridge,T_cells,perturbation=Navitoclax,0.0987090309559806
T5c,FP-ridge,T_cells,perturbation=BAY 61-3606,0.5995387876116981
T5c,FP-ridge,T_cells,perturbation=Ketoconazole,0.6822522725258772
T5c,FP-ridge,T_cells,perturbation=Isoniazid,0.2964571393996646
T5c,FP-ridge,T_cells,perturbation=PD-0325901,0.40318472636725095
T5c,FP-ridge,T_cells,perturbation=TIE2 Kinase Inhibitor,0.3844808275948692
T5c,FP-ridge,T_cells,perturbation=CGP 60474,-0.03782743411704946
T5c,FP-ridge,T_cells,perturbation=BMS-387032,0.3067356444706302
T5c,FP-ridge,T_cells,perturbation=TL_HRAS26,0.33108677402035813
T5c,FP-ridge,T_cells,perturbation=Methotrexate,0.45715238804474617
T5c,FP-ridge,T_cells,perturbation=LY2090314,0.5083659605114201
T5c,FP-ridge,T_cells,perturbation=Alvocidib,0.04784579951049636
T5c,FP-ridge,T_cells,perturbation=IMD-0354,0.6105365556104821
T5c,FP-ridge,T_cells,perturbation=MK-5108,0.38368471724279546
T5c,FP-ridge,T_cells,perturbation=Ixabepilone,0.41176054373632026
T5c,FP-ridge,T_cells,perturbation=IN1451,0.7987145970798294
T5c,FP-ridge,T_cells,perturbation=Proscillaridin A;Proscillaridin-A,0.7363600462246749
T5c,FP-ridge,T_cells,perturbation=Palbociclib,0.392461212521678
T5c,FP-ridge,T_cells,perturbation=Vardenafil,0.3902894791614472
T5c,FP-ridge,T_cells,perturbation=Disulfiram,0.34776120599834315
T5c,FP-ridge,T_cells,perturbation=Canertinib,0.41583306753696003
T5c,FP-ridge,T_cells,perturbation=Lapatinib,0.4150086168094309
T5c,FP-ridge,T_cells,perturbation=Linagliptin,0.37567864011825014
T5c,FP-ridge,T_cells,perturbation=Raloxifene,0.469907483327538
T5c,FP-ridge,T_cells,perturbation=Vorinostat,0.6236643992737424
T5c,FP-ridge,T_cells,perturbation=Trametinib,0.442760703155014
T5c,FP-ridge,T_cells,perturbation=Dasatinib,0.55276866640375
T5c,FP-ridge,T_cells,perturbation=Flutamide,0.3072745058779059
T5c,FP-ridge,T_cells,perturbation=Idelalisib,0.39688702924110436
T5c,FP-ridge,T_cells,perturbation=Riociguat,0.3458199069542314
T5c,FP-ridge,T_cells,perturbation=Azacitidine,0.36879040887799275
T5c,FP-ridge,T_cells,perturbation=TGX 221,0.53221928201924
T5c,FP-ridge,T_cells,perturbation=CGM-097,0.65886909844989
T5c,FP-ridge,T_cells,perturbation=Clemastine,0.3502562556367588
T5c,FP-ridge,T_cells,perturbation=Imatinib,0.29881189698167465
T5c,FP-ridge,T_cells,perturbation=Tipifarnib,0.41398924216355537
T5c,FP-ridge,T_cells,perturbation=RG7090,0.4907674435770021
T5c,FP-ridge,T_cells,perturbation=CHIR-99021,0.5276447853476323
T5c,FP-ridge,T_cells,perturbation=TR-14035,0.40881516517860295
T5c,FP-ridge,T_cells,perturbation=Pitavastatin Calcium,0.6723622234312192
T5c,FP-ridge,T_cells,perturbation=SLx-2119,0.3947120865928202
T5c,FP-ridge,T_cells,perturbation=YK 4-279,0.5484148624807785
T5c,FP-ridge,T_cells,perturbation=SCH-58261,0.30024185081538385
T5c,FP-ridge,T_cells,perturbation=BX 912,0.48369834757064095
T5c,FP-ridge,T_cells,perturbation=GLPG0634,0.5847460079505359
T5c,FP-ridge,T_cells,perturbation=Defactinib,0.42989258193416513
T5c,FP-ridge,T_cells,perturbation=Nilotinib,0.5333031861709967
T5c,FP-ridge,T_cells,perturbation=ABT737,0.09999718115763465
T5c,FP-ridge,T_cells,perturbation=Nefazodone,0.29765750005944785
T5c,FP-ridge,T_cells,perturbation=Buspirone,0.3717864077347983
T5c,FP-ridge,T_cells,perturbation=Colforsin,0.4153867114192794
T5c,FP-ridge,T_cells,perturbation=Doxorubicin,0.4637410229209326
T5c,FP-ridge,T_cells,perturbation=Mubritinib (TAK 165),0.4344370357419184
T5c,FP-ridge,T_cells,perturbation=BI-D1870,0.4132777231245826
T5c,FP-ridge,T_cells,perturbation=AT 7867,0.5060915527256667
T5c,FP-ridge,T_cells,perturbation=PRT-062607,0.5651011264665735
T5c,FP-ridge,T_cells,perturbation=STK219801,0.37104208270585637
T5c,FP-ridge,T_cells,perturbation=Midostaurin,0.5235046043945678
T5c,FP-ridge,T_cells,perturbation=PF-03814735,0.6086360285832246
T5c,FP-ridge,T_cells,perturbation=Vanoxerine,0.34977264942210085
T5c,FP-ridge,T_cells,perturbation=AZD3514,0.39993074554628927
T5c,FP-ridge,T_cells,perturbation=OSI-930,0.3226940071744288
T5c,FP-ridge,T_cells,perturbation=AZ628,0.5264175344723895
T5c,FP-ridge,T_cells,perturbation=TPCA-1,0.5519409987042472
T5c,FP-ridge,T_cells,perturbation=CEP-37440,0.4096447530561022
T5c,FP-ridge,T_cells,perturbation=Tivantinib,0.39394065349401514
T5c,FP-ridge,T_cells,perturbation=AZD4547,0.31988485260582006
T5c,FP-ridge,T_cells,perturbation=SB525334,0.4835597336025342
T5c,FP-ridge,T_cells,perturbation=HMN-214,0.5988423986659499
T5c,FP-ridge,T_cells,perturbation=GO-6976,0.5582156332900349
T5c,FP-ridge,T_cells,perturbation=AZD-8330,0.45265227512140344
T5c,FP-ridge,T_cells,perturbation=MGCD-265,0.37192322377660786
T5c,FP-ridge,T_cells,perturbation=GSK256066,0.4542404791028611
T5c,FP-ridge,T_cells,perturbation=Tosedostat,0.3595520233253208
T5c,FP-ridge,T_cells,perturbation=Prednisolone,0.624465360162604
T5c,FP-ridge,T_cells,perturbation=HYDROXYUREA,0.36644093695478164
T5c,FP-ridge,T_cells,perturbation=Decitabine,0.3535286867577393
T5c,FP-ridge,T_cells,perturbation=CC-401,0.5068857817023091
T5c,FP-ridge,T_cells,perturbation=Saracatinib,0.5280861363403758
T5c,FP-ridge,T_cells,perturbation=Masitinib,0.42855136935799737
T5c,FP-ridge,T_cells,perturbation=GSK-1070916,0.31570991829601264
T5c,FP-ridge,T_cells,perturbation=R428,0.32329858657106303
T5c,FP-ridge,T_cells,perturbation=Colchicine,0.4791529115230238
T5c,FP-ridge,T_cells,perturbation=Tacalcitol,0.4002565297587565
T5c,FP-ridge,T_cells,perturbation=LDN 193189,0.3497840087052092
T5c,FP-ridge,T_cells,perturbation=Resminostat,0.6271276520857454
T5c,FP-ridge,T_cells,perturbation=RG7112,0.49679728084666647
T5c,FP-ridge,T_cells,perturbation=Ricolinostat,0.2970750195084214
T5c,FP-ridge,T_cells,perturbation=Oxybenzone,0.2907817094870707
T5c,FP-ridge,T_cells,perturbation=ABT-199 (GDC-0199),0.2126970637507152
T5c,FP-ridge,T_cells,perturbation=Selumetinib,0.44523556055763475
T5c,FP-ridge,T_cells,perturbation=Cabozantinib,0.4264194164791804
T5c,FP-ridge,T_cells,perturbation=Crizotinib,0.5845072498786009
T5c,FP-ridge,T_cells,perturbation=Lamivudine,0.4338180688608793
T5c,FP-ridge,T_cells,perturbation=Ceritinib,0.4117670203603714
T5c,FP-ridge,T_cells,perturbation=Bosutinib,0.6114511203892922
T5c,FP-ridge,T_cells,perturbation=Vandetanib,0.3487943324625488
T5c,FP-ridge,T_cells,perturbation=Mometasone Furoate,0.6442771149432222
T5c,FP-ridge,T_cells,perturbation=Clotrimazole,0.3998180930716202
T5c,cell-mean,B,perturbation=Atorvastatin,0.05727831638293786
T5c,cell-mean,B,perturbation=5-(9-Isopropyl-8-methyl-2-morpholino-9H-purin-6-yl)pyrimidin-2-amine,0.0888443140346626
T5c,cell-mean,B,perturbation=Topotecan,0.12710489977633221
T5c,cell-mean,B,perturbation=BMS-265246,0.08346503353124891
T5c,cell-mean,B,perturbation=AMD-070 (hydrochloride),0.06086795227774362
T5c,cell-mean,B,perturbation=AT13387,0.2502332300484281
T5c,cell-mean,B,perturbation=Desloratadine,-0.02300785706851581
T5c,cell-mean,B,perturbation=Ganetespib (STA-9090),0.2631311446248554
T5c,cell-mean,B,perturbation=O-Demethylated Adapalene,-0.0027725664769720484
T5c,cell-mean,B,perturbation=BAY 87-2243,0.09313686048932741
T5c,cell-mean,B,perturbation=Ruxolitinib,0.12005612905314532
T5c,cell-mean,B,perturbation=Sgc-cbp30,0.12406654441140715
T5c,cell-mean,B,perturbation=PF-04691502,0.05796710265134553
T5c,cell-mean,B,perturbation=Dactolisib,0.056830860097237396
T5c,cell-mean,B,perturbation=Alogliptin,-0.007347850439604128
T5c,cell-mean,B,perturbation=Clomipramine,0.05272392023307021
T5c,cell-mean,B,perturbation=Protriptyline,0.0449998427626574
T5c,cell-mean,B,perturbation=Phenylbutazone,-0.007795990910007746
T5c,cell-mean,B,perturbation=Pomalidomide,0.09389324483854875
T5c,cell-mean,B,perturbation=FK 866,0.12983313110268535
T5c,cell-mean,B,perturbation=Perhexiline,0.05284379782306306
T5c,cell-mean,B,perturbation=BMS-536924,0.06217600248283964
T5c,cell-mean,B,perturbation=Penfluridol,0.01809059782841808
T5c,cell-mean,B,perturbation=Sunitinib,0.022203214382331558
T5c,cell-mean,B,perturbation=I-BET151,0.09672437964576504
T5c,cell-mean,B,perturbation=K-02288,0.04934374679637729
T5c,cell-mean,B,perturbation=Dovitinib,0.040910367123389704
T5c,cell-mean,B,perturbation=Chlorpheniramine,0.018937602316424378
T5c,cell-mean,B,perturbation=UNII-BXU45ZH6LI,0.17406591740101937
T5c,cell-mean,B,perturbation=IKK Inhibitor VII,0.07539030110126492
T5c,cell-mean,B,perturbation=Quizartinib,0.02780077419450828
T5c,cell-mean,B,perturbation=Tivozanib,-0.008496006238245656
T5c,cell-mean,B,perturbation=Foretinib,0.07784956060713458
T5c,cell-mean,B,perturbation=BMS-777607,0.09145239635267698
T5c,cell-mean,B,perturbation=AVL-292,0.09074014254123283
T5c,cell-mean,B,perturbation=Scriptaid,0.09782975275019622
T5c,cell-mean,B,perturbation=RVX-208,0.00401649345042143
T5c,cell-mean,B,perturbation=Amiodarone,-0.04003847159336319
T5c,cell-mean,B,perturbation=RN-486,0.03754298570142218
T5c,cell-mean,B,perturbation=Tamatinib,0.07072369781335994
T5c,cell-mean,B,perturbation=GW843682X,-0.012265210251765557
T5c,cell-mean,B,perturbation=Porcn Inhibitor III,0.037396058098375436
T5c,cell-mean,B,perturbation=Navitoclax,0.1115706261850205
T5c,cell-mean,B,perturbation=BAY 61-3606,0.1447835824992371
T5c,cell-mean,B,perturbation=Ketoconazole,0.047551152811483234
T5c,cell-mean,B,perturbation=Isoniazid,-0.012940689453794578
T5c,cell-mean,B,perturbation=PD-0325901,0.08291122584707046
T5c,cell-mean,B,perturbation=TIE2 Kinase Inhibitor,-0.005434742029778313
T5c,cell-mean,B,perturbation=BMS-387032,0.18522698071313767
T5c,cell-mean,B,perturbation=TL_HRAS26,0.037121799770830306
T5c,cell-mean,B,perturbation=Methotrexate,0.07205883435595345
T5c,cell-mean,B,perturbation=LY2090314,0.13138708841388422
T5c,cell-mean,B,perturbation=Alvocidib,0.1699572029370409
T5c,cell-mean,B,perturbation=IMD-0354,0.13949641532204915
T5c,cell-mean,B,perturbation=MK-5108,-0.00457206000550728
T5c,cell-mean,B,perturbation=Ixabepilone,0.0011872713593072775
T5c,cell-mean,B,perturbation=IN1451,0.3448309352397603
T5c,cell-mean,B,perturbation=Proscillaridin A;Proscillaridin-A,0.032748306111202496
T5c,cell-mean,B,perturbation=Palbociclib,0.021809914476580178
T5c,cell-mean,B,perturbation=Vardenafil,0.05950958618637776
T5c,cell-mean,B,perturbation=Disulfiram,-0.041531048357599895
T5c,cell-mean,B,perturbation=Canertinib,-0.04873033528910019
T5c,cell-mean,B,perturbation=Lapatinib,-0.012186663045551598
T5c,cell-mean,B,perturbation=Linagliptin,-0.01788595947083786
T5c,cell-mean,B,perturbation=Raloxifene,0.04013694848824828
T5c,cell-mean,B,perturbation=Vorinostat,0.08171657137752358
T5c,cell-mean,B,perturbation=Trametinib,0.044394999469268705
T5c,cell-mean,B,perturbation=Dasatinib,0.14970448019141622
T5c,cell-mean,B,perturbation=Flutamide,0.018073663620464774
T5c,cell-mean,B,perturbation=Idelalisib,0.04053773840835847
T5c,cell-mean,B,perturbation=Riociguat,0.07694443323305197
T5c,cell-mean,B,perturbation=Azacitidine,0.07810235283248709
T5c,cell-mean,B,perturbation=TGX 221,0.0791869267805177
T5c,cell-mean,B,perturbation=CGM-097,0.06350388903679638
T5c,cell-mean,B,perturbation=Clemastine,0.1684265218826232
T5c,cell-mean,B,perturbation=Imatinib,0.004059889126597604
T5c,cell-mean,B,perturbation=Tipifarnib,0.037162921332898516
T5c,cell-mean,B,perturbation=RG7090,0.022796862494483833
T5c,cell-mean,B,perturbation=CHIR-99021,0.015341411755706953
T5c,cell-mean,B,perturbation=TR-14035,0.012077623313230748
T5c,cell-mean,B,perturbation=Pitavastatin Calcium,0.05952689352724084
T5c,cell-mean,B,perturbation=SLx-2119,0.011714265392131218
T5c,cell-mean,B,perturbation=YK 4-279,0.06138952247921181
T5c,cell-mean,B,perturbation=SCH-58261,0.04102673550627463
T5c,cell-mean,B,perturbation=BX 912,0.014401341983120215
T5c,cell-mean,B,perturbation=GLPG0634,0.12674859854318082
T5c,cell-mean,B,perturbation=Defactinib,0.15122366530952627
T5c,cell-mean,B,perturbation=Nilotinib,0.08895095381149633
T5c,cell-mean,B,perturbation=ABT737,0.05542108744595075
T5c,cell-mean,B,perturbation=Nefazodone,0.08077262454306762
T5c,cell-mean,B,perturbation=Buspirone,0.14277829533207567
T5c,cell-mean,B,perturbation=Colforsin,-0.006408659577171864
T5c,cell-mean,B,perturbation=Doxorubicin,0.17636166485594845
T5c,cell-mean,B,perturbation=Mubritinib (TAK 165),0.008712832303687358
T5c,cell-mean,B,perturbation=BI-D1870,0.014340678486442349
T5c,cell-mean,B,perturbation=AT 7867,0.11544577996770974
T5c,cell-mean,B,perturbation=PRT-062607,0.09655820277635192
T5c,cell-mean,B,perturbation=STK219801,0.05502514715004296
T5c,cell-mean,B,perturbation=Midostaurin,0.10419189672112031
T5c,cell-mean,B,perturbation=PF-03814735,0.18024278233894295
T5c,cell-mean,B,perturbation=Vanoxerine,0.09175257839804737
T5c,cell-mean,B,perturbation=AZD3514,0.04875483531236592
T5c,cell-mean,B,perturbation=OSI-930,0.015550641216267517
T5c,cell-mean,B,perturbation=AZ628,0.16658176823792323
T5c,cell-mean,B,perturbation=TPCA-1,0.10641638006113223
T5c,cell-mean,B,perturbation=CEP-37440,0.13297849324391017
T5c,cell-mean,B,perturbation=Tivantinib,0.06748176421827079
T5c,cell-mean,B,perturbation=AZD4547,0.06185531504969371
T5c,cell-mean,B,perturbation=SB525334,0.052974197764995776
T5c,cell-mean,B,perturbation=HMN-214,0.03399259655097072
T5c,cell-mean,B,perturbation=GO-6976,0.0834174629633619
T5c,cell-mean,B,perturbation=AZD-8330,0.038969724509256835
T5c,cell-mean,B,perturbation=MGCD-265,0.07066579048306774
T5c,cell-mean,B,perturbation=GSK256066,0.07012878733173568
T5c,cell-mean,B,perturbation=Tosedostat,0.01875521724471291
T5c,cell-mean,B,perturbation=Prednisolone,0.2430385596898009
T5c,cell-mean,B,perturbation=HYDROXYUREA,0.013336293377942156
T5c,cell-mean,B,perturbation=Decitabine,-0.012551341902946716
T5c,cell-mean,B,perturbation=CC-401,0.1176497061506676
T5c,cell-mean,B,perturbation=Saracatinib,0.08538385556277371
T5c,cell-mean,B,perturbation=Masitinib,0.04847007859017706
T5c,cell-mean,B,perturbation=GSK-1070916,0.08368421615364657
T5c,cell-mean,B,perturbation=R428,0.18835688244378312
T5c,cell-mean,B,perturbation=Colchicine,0.11746380982003551
T5c,cell-mean,B,perturbation=Tacalcitol,0.11213409616415787
T5c,cell-mean,B,perturbation=LDN 193189,-0.02072933029221318
T5c,cell-mean,B,perturbation=Resminostat,0.08245347333344617
T5c,cell-mean,B,perturbation=RG7112,0.048125639897415085
T5c,cell-mean,B,perturbation=Ricolinostat,0.06854321901141602
T5c,cell-mean,B,perturbation=Oxybenzone,0.0317827569844445
T5c,cell-mean,B,perturbation=ABT-199 (GDC-0199),0.17900766562398152
T5c,cell-mean,B,perturbation=Selumetinib,0.10253623768942804
T5c,cell-mean,B,perturbation=Cabozantinib,0.067944671945007
T5c,cell-mean,B,perturbation=Crizotinib,0.11272820138654198
T5c,cell-mean,B,perturbation=Lamivudine,0.11071467711100912
T5c,cell-mean,B,perturbation=Ceritinib,0.09259904673819168
T5c,cell-mean,B,perturbation=Bosutinib,0.1827125993193284
T5c,cell-mean,B,perturbation=Vandetanib,0.017491881985325853
T5c,cell-mean,B,perturbation=Mometasone Furoate,0.2579986998925361
T5c,cell-mean,B,perturbation=Clotrimazole,0.12597015916895016
T5c,cell-mean,B,perturbation=CGP 60474,0.23751409208466956
T5c,cell-mean,Mono,perturbation=Atorvastatin,-0.12163488276443517
T5c,cell-mean,Mono,perturbation=5-(9-Isopropyl-8-methyl-2-morpholino-9H-purin-6-yl)pyrimidin-2-amine,0.3412055740357836
T5c,cell-mean,Mono,perturbation=Topotecan,0.10552310676144895
T5c,cell-mean,Mono,perturbation=BMS-265246,-0.11353643154116709
T5c,cell-mean,Mono,perturbation=AMD-070 (hydrochloride),-0.092415472511071
T5c,cell-mean,Mono,perturbation=AT13387,0.2744295247288932
T5c,cell-mean,Mono,perturbation=Desloratadine,-0.10500009295213725
T5c,cell-mean,Mono,perturbation=Ganetespib (STA-9090),0.3006029174304533
T5c,cell-mean,Mono,perturbation=O-Demethylated Adapalene,0.09827348143118592
T5c,cell-mean,Mono,perturbation=BAY 87-2243,0.07906528153814665
T5c,cell-mean,Mono,perturbation=Ruxolitinib,0.08292623832110131
T5c,cell-mean,Mono,perturbation=Sgc-cbp30,0.2577699983613177
T5c,cell-mean,Mono,perturbation=PF-04691502,0.20630097142027207
T5c,cell-mean,Mono,perturbation=Dactolisib,0.3470118099540573
T5c,cell-mean,Mono,perturbation=Alogliptin,-0.02537629122957859
T5c,cell-mean,Mono,perturbation=Clomipramine,0.00665377777129736
T5c,cell-mean,Mono,perturbation=Protriptyline,-0.0365834051183628
T5c,cell-mean,Mono,perturbation=Phenylbutazone,-0.06284561976089682
T5c,cell-mean,Mono,perturbation=Pomalidomide,-0.17176850631993903
T5c,cell-mean,Mono,perturbation=FK 866,0.20038538484391627
T5c,cell-mean,Mono,perturbation=Perhexiline,0.09627968637991388
T5c,cell-mean,Mono,perturbation=BMS-536924,0.12057354139068314
T5c,cell-mean,Mono,perturbation=Penfluridol,0.017334771109177933
T5c,cell-mean,Mono,perturbation=Sunitinib,-0.032400511466324805
T5c,cell-mean,Mono,perturbation=I-BET151,0.19000560244494233
T5c,cell-mean,Mono,perturbation=K-02288,-0.06941770028260875
T5c,cell-mean,Mono,perturbation=Dovitinib,-0.06469204522579178
T5c,cell-mean,Mono,perturbation=Chlorpheniramine,-0.1125558050378398
T5c,cell-mean,Mono,perturbation=IKK Inhibitor VII,0.10552137165112739
T5c,cell-mean,Mono,perturbation=Quizartinib,0.007459170986522036
T5c,cell-mean,Mono,perturbation=Tivozanib,-0.03735170087734347
T5c,cell-mean,Mono,perturbation=Foretinib,0.14720546774985893
T5c,cell-mean,Mono,perturbation=BMS-777607,0.059850064276431775
T5c,cell-mean,Mono,perturbation=AVL-292,-0.018742197113686885
T5c,cell-mean,Mono,perturbation=Scriptaid,0.19364451702564317
T5c,cell-mean,Mono,perturbation=RVX-208,0.029816980053743686
T5c,cell-mean,Mono,perturbation=Amiodarone,-0.058347503885791435
T5c,cell-mean,Mono,perturbation=RN-486,0.15860928484965314
T5c,cell-mean,Mono,perturbation=Tamatinib,0.15749274230939436
T5c,cell-mean,Mono,perturbation=GW843682X,-0.04360716666187404
T5c,cell-mean,Mono,perturbation=Porcn Inhibitor III,-0.10297842050764952
T5c,cell-mean,Mono,perturbation=Navitoclax,-0.21020117086147697
T5c,cell-mean,Mono,perturbation=BAY 61-3606,0.16376487101835357
T5c,cell-mean,Mono,perturbation=Ketoconazole,0.041957674042878965
T5c,cell-mean,Mono,perturbation=Isoniazid,-0.031096941001363187
T5c,cell-mean,Mono,perturbation=PD-0325901,0.0540648814569321
T5c,cell-mean,Mono,perturbation=TIE2 Kinase Inhibitor,-0.10862676701196561
T5c,cell-mean,Mono,perturbation=TL_HRAS26,-0.07619447422148565
T5c,cell-mean,Mono,perturbation=Methotrexate,0.049926403138945516
T5c,cell-mean,Mono,perturbation=LY2090314,0.04489459906979773
T5c,cell-mean,Mono,perturbation=Alvocidib,-0.03610428187281858
T5c,cell-mean,Mono,perturbation=IMD-0354,0.12797276589059256
T5c,cell-mean,Mono,perturbation=MK-5108,-0.03781402974103978
T5c,cell-mean,Mono,perturbation=Ixabepilone,-0.00025769637166780273
T5c,cell-mean,Mono,perturbation=IN1451,0.18333040418488852
T5c,cell-mean,Mono,perturbation=Proscillaridin A;Proscillaridin-A,0.1690703178308065
T5c,cell-mean,Mono,perturbation=Palbociclib,-0.021899309362653503
T5c,cell-mean,Mono,perturbation=Vardenafil,-0.09980110126960363
T5c,cell-mean,Mono,perturbation=Disulfiram,-0.12566691750962877
T5c,cell-mean,Mono,perturbation=Canertinib,-0.10970051724387335
T5c,cell-mean,Mono,perturbation=Lapatinib,-0.060349874035508656
T5c,cell-mean,Mono,perturbation=Linagliptin,-0.12279377922355061
T5c,cell-mean,Mono,perturbation=Raloxifene,-0.043177224538687935
T5c,cell-mean,Mono,perturbation=Vorinostat,0.19498942095174748
T5c,cell-mean,Mono,perturbation=Trametinib,-0.09229590627832497
T5c,cell-mean,Mono,perturbation=Dasatinib,0.3262317463020627
T5c,cell-mean,Mono,perturbation=Flutamide,0.047366620255804466
T5c,cell-mean,Mono,perturbation=Idelalisib,-0.007431390172294854
T5c,cell-mean,Mono,perturbation=Riociguat,0.05349268407614344
T5c,cell-mean,Mono,perturbation=Azacitidine,-0.07568636660838488
T5c,cell-mean,Mono,perturbation=TGX 221,0.08279343090225272
T5c,cell-mean,Mono,perturbation=CGM-097,-0.09565122809397379
T5c,cell-mean,Mono,perturbation=Clemastine,-0.0010657555699903462
T5c,cell-mean,Mono,perturbation=Imatinib,-0.14853548180523418
T5c,cell-mean,Mono,perturbation=Tipifarnib,0.07789406549267931
T5c,cell-mean,Mono,perturbation=RG7090,-0.15389527789235624
T5c,cell-mean,Mono,perturbation=CHIR-99021,-0.10244178976609353
T5c,cell-mean,Mono,perturbation=TR-14035,-0.1027801191703628
T5c,cell-mean,Mono,perturbation=Pitavastatin Calcium,-0.00014931513958848066
T5c,cell-mean,Mono,perturbation=SLx-2119,-0.13929588569524068
T5c,cell-mean,Mono,perturbation=YK 4-279,-0.07894296333546912
T5c,cell-mean,Mono,perturbation=SCH-58261,-0.030976253071865502
T5c,cell-mean,Mono,perturbation=BX 912,-0.0647847716857703
T5c,cell-mean,Mono,perturbation=GLPG0634,0.03481675458858902
T5c,cell-mean,Mono,perturbation=Defactinib,0.09176940519291567
T5c,cell-mean,Mono,perturbation=Nilotinib,0.11469584352259918
T5c,cell-mean,Mono,perturbation=ABT737,-0.18760366509141813
T5c,cell-mean,Mono,perturbation=Nefazodone,-0.13062805963979648
T5c,cell-mean,Mono,perturbation=Buspirone,-0.007732461721569089
T5c,cell-mean,Mono,perturbation=Colforsin,-0.12002684838053138
T5c,cell-mean,Mono,perturbation=Doxorubicin,0.08687873062772412
T5c,cell-mean,Mono,perturbation=Mubritinib (TAK 165),-0.09363692101049245
T5c,cell-mean,Mono,perturbation=BI-D1870,-0.12934887726218328
T5c,cell-mean,Mono,perturbation=AT 7867,0.06310308027797554
T5c,cell-mean,Mono,perturbation=PRT-062607,0.18117705816488103
T5c,cell-mean,Mono,perturbation=STK219801,0.0027078070474918477
T5c,cell-mean,Mono,perturbation=Midostaurin,0.04493223382888279
T5c,cell-mean,Mono,perturbation=PF-03814735,0.22085900574272524
T5c,cell-mean,Mono,perturbation=Vanoxerine,0.0026915313575482584
T5c,cell-mean,Mono,perturbation=AZD3514,0.05410794419655716
T5c,cell-mean,Mono,perturbation=OSI-930,-0.04568240310446688
T5c,cell-mean,Mono,perturbation=AZ628,0.03663222144685149
T5c,cell-mean,Mono,perturbation=TPCA-1,0.12825162893535286
T5c,cell-mean,Mono,perturbation=CEP-37440,-0.12810518257383677
T5c,cell-mean,Mono,perturbation=Tivantinib,-0.01616828614358583
T5c,cell-mean,Mono,perturbation=AZD4547,-0.0028087875444329094
T5c,cell-mean,Mono,perturbation=SB525334,-0.1368942948302812
T5c,cell-mean,Mono,perturbation=HMN-214,-0.041084455517453385
T5c,cell-mean,Mono,perturbation=GO-6976,-0.061951134651590675
T5c,cell-mean,Mono,perturbation=AZD-8330,-0.10481339812215852
T5c,cell-mean,Mono,perturbation=MGCD-265,0.029119399919499706
T5c,cell-mean,Mono,perturbation=GSK256066,-0.025435493745774328
T5c,cell-mean,Mono,perturbation=Tosedostat,0.11494275603597162
T5c,cell-mean,Mono,perturbation=Prednisolone,0.21508349098632404
T5c,cell-mean,Mono,perturbation=HYDROXYUREA,-0.08818577695074808
T5c,cell-mean,Mono,perturbation=Decitabine,-0.09380937843966294
T5c,cell-mean,Mono,perturbation=CC-401,0.1056894960888951
T5c,cell-mean,Mono,perturbation=Saracatinib,0.12676236242711525
T5c,cell-mean,Mono,perturbation=Masitinib,-0.06358204356642833
T5c,cell-mean,Mono,perturbation=GSK-1070916,-0.15908600274907536
T5c,cell-mean,Mono,perturbation=R428,0.07367883630020006
T5c,cell-mean,Mono,perturbation=Colchicine,0.39613485170321405
T5c,cell-mean,Mono,perturbation=Tacalcitol,0.10668958100219805
T5c,cell-mean,Mono,perturbation=LDN 193189,-0.1828142332629004
T5c,cell-mean,Mono,perturbation=Resminostat,0.14078271794611666
T5c,cell-mean,Mono,perturbation=RG7112,-0.053551968547381805
T5c,cell-mean,Mono,perturbation=Ricolinostat,-0.06348500728097203
T5c,cell-mean,Mono,perturbation=Oxybenzone,-0.06983642999738776
T5c,cell-mean,Mono,perturbation=ABT-199 (GDC-0199),-0.18157796864226045
T5c,cell-mean,Mono,perturbation=Selumetinib,0.0036848140895501206
T5c,cell-mean,Mono,perturbation=Cabozantinib,0.021304348297446905
T5c,cell-mean,Mono,perturbation=Crizotinib,0.056394269350991476
T5c,cell-mean,Mono,perturbation=Lamivudine,-0.06544594911087283
T5c,cell-mean,Mono,perturbation=Ceritinib,-0.009942182849734419
T5c,cell-mean,Mono,perturbation=Bosutinib,0.23225645499872982
T5c,cell-mean,Mono,perturbation=Vandetanib,-0.016147911707555432
T5c,cell-mean,Mono,perturbation=Mometasone Furoate,0.2154874683131816
T5c,cell-mean,Mono,perturbation=Clotrimazole,-0.17851664177860643
T5c,cell-mean,Mono,perturbation=UNII-BXU45ZH6LI,0.23428377442643908
T5c,cell-mean,Mono,perturbation=BMS-387032,0.18961124519846675
T5c,cell-mean,NK,perturbation=Atorvastatin,-0.10904820807263962
T5c,cell-mean,NK,perturbation=5-(9-Isopropyl-8-methyl-2-morpholino-9H-purin-6-yl)pyrimidin-2-amine,-0.018511593350609562
T5c,cell-mean,NK,perturbation=Topotecan,0.0628824902282574
T5c,cell-mean,NK,perturbation=BMS-265246,0.030709985499414096
T5c,cell-mean,NK,perturbation=AMD-070 (hydrochloride),-0.05207642400354384
T5c,cell-mean,NK,perturbation=AT13387,0.20506383123655614
T5c,cell-mean,NK,perturbation=Desloratadine,-0.14133860158417322
T5c,cell-mean,NK,perturbation=Ganetespib (STA-9090),0.2011722814436572
T5c,cell-mean,NK,perturbation=O-Demethylated Adapalene,-0.04662244229776346
T5c,cell-mean,NK,perturbation=BAY 87-2243,0.06270452957007773
T5c,cell-mean,NK,perturbation=Ruxolitinib,-0.045426789907703505
T5c,cell-mean,NK,perturbation=Sgc-cbp30,0.17081513778982516
T5c,cell-mean,NK,perturbation=PF-04691502,-0.030114417853130408
T5c,cell-mean,NK,perturbation=Dactolisib,0.0573001639886898
T5c,cell-mean,NK,perturbation=Alogliptin,-0.0672557551621761
T5c,cell-mean,NK,perturbation=Clomipramine,-0.06837316690384893
T5c,cell-mean,NK,perturbation=Protriptyline,-0.14307311588535968
T5c,cell-mean,NK,perturbation=Phenylbutazone,-0.04402239524463241
T5c,cell-mean,NK,perturbation=Pomalidomide,0.0809549988405346
T5c,cell-mean,NK,perturbation=FK 866,-0.005023645335007731
T5c,cell-mean,NK,perturbation=Perhexiline,-0.057863014055856046
T5c,cell-mean,NK,perturbation=BMS-536924,-0.10206731927427776
T5c,cell-mean,NK,perturbation=Penfluridol,-0.11400490733320882
T5c,cell-mean,NK,perturbation=Sunitinib,0.0078568001223006
T5c,cell-mean,NK,perturbation=I-BET151,0.14582692567215613
T5c,cell-mean,NK,perturbation=K-02288,-0.03581388570326137
T5c,cell-mean,NK,perturbation=Dovitinib,0.016616997631034185
T5c,cell-mean,NK,perturbation=Chlorpheniramine,-0.0940717190712736
T5c,cell-mean,NK,perturbation=UNII-BXU45ZH6LI,0.1553707754656314
T5c,cell-mean,NK,perturbation=IKK Inhibitor VII,-0.06641742720648124
T5c,cell-mean,NK,perturbation=Quizartinib,0.020888157923820427
T5c,cell-mean,NK,perturbation=Tivozanib,-0.04097366273016299
T5c,cell-mean,NK,perturbation=Foretinib,-0.008298757801430108
T5c,cell-mean,NK,perturbation=BMS-777607,-0.04987305535274631
T5c,cell-mean,NK,perturbation=AVL-292,0.0011176344271301905
T5c,cell-mean,NK,perturbation=Scriptaid,0.24969543192781243
T5c,cell-mean,NK,perturbation=RVX-208,0.030337134021619663
T5c,cell-mean,NK,perturbation=Amiodarone,-0.10377081226798912
T5c,cell-mean,NK,perturbation=RN-486,-0.0297968477304169
T5c,cell-mean,NK,perturbation=Tamatinib,-0.05748767624044198
T5c,cell-mean,NK,perturbation=GW843682X,0.002546919493593797
T5c,cell-mean,NK,perturbation=Porcn Inhibitor III,-0.013014656387923726
T5c,cell-mean,NK,perturbation=Navitoclax,-0.018961825494242076
T5c,cell-mean,NK,perturbation=BAY 61-3606,0.12929748702791793
T5c,cell-mean,NK,perturbation=Ketoconazole,0.00907756973371666
T5c,cell-mean,NK,perturbation=Isoniazid,-0.1084745720418197
T5c,cell-mean,NK,perturbation=PD-0325901,-0.09914422768245527
T5c,cell-mean,NK,perturbation=TIE2 Kinase Inhibitor,-0.04718008492870694
T5c,cell-mean,NK,perturbation=CGP 60474,0.20243251473259177
T5c,cell-mean,NK,perturbation=BMS-387032,0.24326798743651834
T5c,cell-mean,NK,perturbation=TL_HRAS26,0.010947913754071312
T5c,cell-mean,NK,perturbation=Methotrexate,0.006958092368536855
T5c,cell-mean,NK,perturbation=LY2090314,0.15352642221761192
T5c,cell-mean,NK,perturbation=Alvocidib,0.13167254762936562
T5c,cell-mean,NK,perturbation=IMD-0354,0.14647328493026526
T5c,cell-mean,NK,perturbation=MK-5108,-0.08623861456759821
T5c,cell-mean,NK,perturbation=Ixabepilone,-0.07099754662708496
T5c,cell-mean,NK,perturbation=IN1451,0.248501509317348
T5c,cell-mean,NK,perturbation=Proscillaridin A;Proscillaridin-A,0.1794284788079794
T5c,cell-mean,NK,perturbation=Palbociclib,-0.05102873970380434
T5c,cell-mean,NK,perturbation=Vardenafil,-0.05344364725187563
T5c,cell-mean,NK,perturbation=Disulfiram,0.010945539851622551
T5c,cell-mean,NK,perturbation=Canertinib,-0.012371463670989858
T5c,cell-mean,NK,perturbation=Lapatinib,0.021425350495626435
T5c,cell-mean,NK,perturbation=Linagliptin,-0.08915090565248662
T5c,cell-mean,NK,perturbation=Raloxifene,0.04279239749468978
T5c,cell-mean,NK,perturbation=Vorinostat,0.16319823747646942
T5c,cell-mean,NK,perturbation=Trametinib,-0.08523534120663184
T5c,cell-mean,NK,perturbation=Dasatinib,-0.03255833304388803
T5c,cell-mean,NK,perturbation=Flutamide,-0.10040212743016583
T5c,cell-mean,NK,perturbation=Idelalisib,-0.11070795261367446
T5c,cell-mean,NK,perturbation=Riociguat,-0.04248956630728014
T5c,cell-mean,NK,perturbation=Azacitidine,-0.0015946400716010728
T5c,cell-mean,NK,perturbation=TGX 221,-0.1176139444282264
T5c,cell-mean,NK,perturbation=CGM-097,0.08769440886561587
T5c,cell-mean,NK,perturbation=Clemastine,-0.08430656215753796
T5c,cell-mean,NK,perturbation=Imatinib,-0.0884264280578157
T5c,cell-mean,NK,perturbation=Tipifarnib,-0.0639688916661705
T5c,cell-mean,NK,perturbation=RG7090,-0.028312864612620368
T5c,cell-mean,NK,perturbation=CHIR-99021,0.03958425714828177
T5c,cell-mean,NK,perturbation=TR-14035,-0.07847015680558332
T5c,cell-mean,NK,perturbation=Pitavastatin Calcium,0.18766989603055326
T5c,cell-mean,NK,perturbation=SLx-2119,0.08856223883088392
T5c,cell-mean,NK,perturbation=YK 4-279,-0.009242237445305385
T5c,cell-mean,NK,perturbation=SCH-58261,-0.07010685310794769
T5c,cell-mean,NK,perturbation=BX 912,-0.10565408254246701
T5c,cell-mean,NK,perturbation=GLPG0634,-0.060511438742948793
T5c,cell-mean,NK,perturbation=Defactinib,0.010900214962558673
T5c,cell-mean,NK,perturbation=Nilotinib,-0.0649283752045255
T5c,cell-mean,NK,perturbation=ABT737,-0.03893456377149338
T5c,cell-mean,NK,perturbation=Nefazodone,-0.07297004214500306
T5c,cell-mean,NK,perturbation=Buspirone,-0.01807620707370935
T5c,cell-mean,NK,perturbation=Colforsin,-0.06121024030720073
T5c,cell-mean,NK,perturbation=Doxorubicin,0.04739514250563634
T5c,cell-mean,NK,perturbation=Mubritinib (TAK 165),0.0887759174165648
T5c,cell-mean,NK,perturbation=BI-D1870,-0.03572542592290024
T5c,cell-mean,NK,perturbation=AT 7867,-0.003324962629834769
T5c,cell-mean,NK,perturbation=PRT-062607,-0.09296209744966795
T5c,cell-mean,NK,perturbation=STK219801,-0.011259570023907688
T5c,cell-mean,NK,perturbation=Midostaurin,-0.023515527951588157
T5c,cell-mean,NK,perturbation=PF-03814735,-0.041261141020995096
T5c,cell-mean,NK,perturbation=Vanoxerine,-0.08050565181842939
T5c,cell-mean,NK,perturbation=AZD3514,0.010311608308068713
T5c,cell-mean,NK,perturbation=OSI-930,0.021023274913003563
T5c,cell-mean,NK,perturbation=AZ628,-0.08402365061793976
T5c,cell-mean,NK,perturbation=TPCA-1,-0.008957710271320784
T5c,cell-mean,NK,perturbation=CEP-37440,0.017574262097722036
T5c,cell-mean,NK,perturbation=Tivantinib,0.0027800496960361
T5c,cell-mean,NK,perturbation=AZD4547,-0.020494246919715065
T5c,cell-mean,NK,perturbation=SB525334,-0.04341158249572353
T5c,cell-mean,NK,perturbation=HMN-214,-0.005413148673392535
T5c,cell-mean,NK,perturbation=GO-6976,0.018800867944882234
T5c,cell-mean,NK,perturbation=AZD-8330,-0.09875078133931356
T5c,cell-mean,NK,perturbation=MGCD-265,-0.02783186997224388
T5c,cell-mean,NK,perturbation=GSK256066,0.11312185682074291
T5c,cell-mean,NK,perturbation=Tosedostat,0.03791501999169713
T5c,cell-mean,NK,perturbation=Prednisolone,0.05993120299348261
T5c,cell-mean,NK,perturbation=HYDROXYUREA,-0.08150643199019304
T5c,cell-mean,NK,perturbation=Decitabine,-0.02049785285135357
T5c,cell-mean,NK,perturbation=CC-401,-0.004659233239914657
T5c,cell-mean,NK,perturbation=Saracatinib,-0.02336456699349902
T5c,cell-mean,NK,perturbation=Masitinib,-0.051945648775857035
T5c,cell-mean,NK,perturbation=GSK-1070916,-0.04725533829964718
T5c,cell-mean,NK,perturbation=R428,0.014012095977351192
T5c,cell-mean,NK,perturbation=Colchicine,-0.07655265738131083
T5c,cell-mean,NK,perturbation=Tacalcitol,-0.02058569965585027
T5c,cell-mean,NK,perturbation=LDN 193189,-0.01551164719977684
T5c,cell-mean,NK,perturbation=Resminostat,0.2093945510224508
T5c,cell-mean,NK,perturbation=RG7112,0.006040313482826928
T5c,cell-mean,NK,perturbation=Ricolinostat,0.02726893278715211
T5c,cell-mean,NK,perturbation=Oxybenzone,-0.0441509391293338
T5c,cell-mean,NK,perturbation=ABT-199 (GDC-0199),-0.07429797590879976
T5c,cell-mean,NK,perturbation=Selumetinib,-0.11892561127415649
T5c,cell-mean,NK,perturbation=Cabozantinib,0.010727393786785383
T5c,cell-mean,NK,perturbation=Crizotinib,-0.026801971396640072
T5c,cell-mean,NK,perturbation=Lamivudine,-0.056751355860542974
T5c,cell-mean,NK,perturbation=Ceritinib,-0.12235425876943044
T5c,cell-mean,NK,perturbation=Bosutinib,0.04825776896827984
T5c,cell-mean,NK,perturbation=Vandetanib,-0.05569811472975489
T5c,cell-mean,NK,perturbation=Mometasone Furoate,0.1057110141016798
T5c,cell-mean,NK,perturbation=Clotrimazole,-0.10632851321704895
T5c,cell-mean,T_cells,perturbation=Atorvastatin,-0.008058674678723031
T5c,cell-mean,T_cells,perturbation=5-(9-Isopropyl-8-methyl-2-morpholino-9H-purin-6-yl)pyrimidin-2-amine,-0.1612287354014685
T5c,cell-mean,T_cells,perturbation=Topotecan,0.06328863072846153
T5c,cell-mean,T_cells,perturbation=BMS-265246,0.0875329051507571
T5c,cell-mean,T_cells,perturbation=AMD-070 (hydrochloride),-0.023387791853651006
T5c,cell-mean,T_cells,perturbation=AT13387,-0.011961014135970583
T5c,cell-mean,T_cells,perturbation=Desloratadine,-0.02205134896508547
T5c,cell-mean,T_cells,perturbation=Ganetespib (STA-9090),-0.0011610844390668195
T5c,cell-mean,T_cells,perturbation=O-Demethylated Adapalene,-0.019794466396853703
T5c,cell-mean,T_cells,perturbation=BAY 87-2243,-0.09149162523662559
T5c,cell-mean,T_cells,perturbation=Ruxolitinib,-0.06300182965794585
T5c,cell-mean,T_cells,perturbation=Sgc-cbp30,0.05529673917021943
T5c,cell-mean,T_cells,perturbation=PF-04691502,-0.13433382383626502
T5c,cell-mean,T_cells,perturbation=Dactolisib,-0.11812840776335264
T5c,cell-mean,T_cells,perturbation=Alogliptin,-0.06097403781302959
T5c,cell-mean,T_cells,perturbation=Clomipramine,-0.05813197164947119
T5c,cell-mean,T_cells,perturbation=Protriptyline,-0.052221856989709936
T5c,cell-mean,T_cells,perturbation=Phenylbutazone,0.024702245733705542
T5c,cell-mean,T_cells,perturbation=Pomalidomide,0.026161227248798137
T5c,cell-mean,T_cells,perturbation=FK 866,0.07852908583704225
T5c,cell-mean,T_cells,perturbation=Perhexiline,-0.034430779424844696
T5c,cell-mean,T_cells,perturbation=BMS-536924,-0.1329094735789174
T5c,cell-mean,T_cells,perturbation=Penfluridol,0.02385269039865498
T5c,cell-mean,T_cells,perturbation=Sunitinib,0.09497771144314837
T5c,cell-mean,T_cells,perturbation=I-BET151,0.04414682824111897
T5c,cell-mean,T_cells,perturbation=K-02288,0.006438211440073243
T5c,cell-mean,T_cells,perturbation=Dovitinib,-0.09228519757711756
T5c,cell-mean,T_cells,perturbation=Chlorpheniramine,-0.006131635206906287
T5c,cell-mean,T_cells,perturbation=UNII-BXU45ZH6LI,0.07831661324870491
T5c,cell-mean,T_cells,perturbation=IKK Inhibitor VII,-0.08722382290039621
T5c,cell-mean,T_cells,perturbation=Quizartinib,-0.011717056979120156
T5c,cell-mean,T_cells,perturbation=Tivozanib,-0.03818756051700213
T5c,cell-mean,T_cells,perturbation=Foretinib,-0.04078680194705682
T5c,cell-mean,T_cells,perturbation=BMS-777607,-0.04437309083504632
T5c,cell-mean,T_cells,perturbation=AVL-292,0.0013094809573476651
T5c,cell-mean,T_cells,perturbation=Scriptaid,0.040464882264021174
T5c,cell-mean,T_cells,perturbation=RVX-208,-0.028387685611967146
T5c,cell-mean,T_cells,perturbation=Amiodarone,-0.030028880106421935
T5c,cell-mean,T_cells,perturbation=RN-486,-0.04416889095406178
T5c,cell-mean,T_cells,perturbation=Tamatinib,-0.06525901534091133
T5c,cell-mean,T_cells,perturbation=GW843682X,-0.11716974427278691
T5c,cell-mean,T_cells,perturbation=Porcn Inhibitor III,0.07999043869472465
T5c,cell-mean,T_cells,perturbation=Navitoclax,-0.03804015178819488
T5c,cell-mean,T_cells,perturbation=BAY 61-3606,0.06659834334717887
T5c,cell-mean,T_cells,perturbation=Ketoconazole,0.08889628184293387
T5c,cell-mean,T_cells,perturbation=Isoniazid,-0.11827016510077773
T5c,cell-mean,T_cells,perturbation=PD-0325901,-0.11447646830359116
T5c,cell-mean,T_cells,perturbation=TIE2 Kinase Inhibitor,0.0010249883388747268
T5c,cell-mean,T_cells,perturbation=CGP 60474,0.2937360300672782
T5c,cell-mean,T_cells,perturbation=BMS-387032,0.14434133940568664
T5c,cell-mean,T_cells,perturbation=TL_HRAS26,-0.0470113933035639
T5c,cell-mean,T_cells,perturbation=Methotrexate,0.014357861414732
T5c,cell-mean,T_cells,perturbation=LY2090314,0.10050587483067686
T5c,cell-mean,T_cells,perturbation=Alvocidib,0.327882335095274
T5c,cell-mean,T_cells,perturbation=IMD-0354,-0.06649244125205898
T5c,cell-mean,T_cells,perturbation=MK-5108,-0.01923899804408098
T5c,cell-mean,T_cells,perturbation=Ixabepilone,-0.04204112902006099
T5c,cell-mean,T_cells,perturbation=IN1451,0.19958088431443335
T5c,cell-mean,T_cells,perturbation=Proscillaridin A;Proscillaridin-A,0.11102069396870108
T5c,cell-mean,T_cells,perturbation=Palbociclib,0.002161447154613052
T5c,cell-mean,T_cells,perturbation=Vardenafil,-0.019229417684381418
T5c,cell-mean,T_cells,perturbation=Disulfiram,-0.09778833582101781
T5c,cell-mean,T_cells,perturbation=Canertinib,-0.009686042180151611
T5c,cell-mean,T_cells,perturbation=Lapatinib,-0.01517192753076252
T5c,cell-mean,T_cells,perturbation=Linagliptin,0.024777280341832183
T5c,cell-mean,T_cells,perturbation=Raloxifene,0.08989433736346938
T5c,cell-mean,T_cells,perturbation=Vorinostat,-0.037999084153467796
T5c,cell-mean,T_cells,perturbation=Trametinib,-0.007482760153128414
T5c,cell-mean,T_cells,perturbation=Dasatinib,-0.08778074600299704
T5c,cell-mean,T_cells,perturbation=Flutamide,-0.11595437216518227
T5c,cell-mean,T_cells,perturbation=Idelalisib,-0.12121030103852772
T5c,cell-mean,T_cells,perturbation=Riociguat,0.02149314694629709
T5c,cell-mean,T_cells,perturbation=Azacitidine,0.038304718807499874
T5c,cell-mean,T_cells,perturbation=TGX 221,-0.0034635583592267883
T5c,cell-mean,T_cells,perturbation=CGM-097,0.11717305159115458
T5c,cell-mean,T_cells,perturbation=Clemastine,-0.023391347821960184
T5c,cell-mean,T_cells,perturbation=Imatinib,-0.05598655584803053
T5c,cell-mean,T_cells,perturbation=Tipifarnib,-0.02996881693045917
T5c,cell-mean,T_cells,perturbation=RG7090,0.06878300658893309
T5c,cell-mean,T_cells,perturbation=CHIR-99021,0.06094641870560846
T5c,cell-mean,T_cells,perturbation=TR-14035,-0.020244359004230016
T5c,cell-mean,T_cells,perturbation=Pitavastatin Calcium,0.17369126546572092
T5c,cell-mean,T_cells,perturbation=SLx-2119,-0.006093662739579005
T5c,cell-mean,T_cells,perturbation=YK 4-279,0.21348102069898425
T5c,cell-mean,T_cells,perturbation=SCH-58261,0.0243004953241444
T5c,cell-mean,T_cells,perturbation=BX 912,-0.10081686063301276
T5c,cell-mean,T_cells,perturbation=GLPG0634,-0.01919739989857796
T5c,cell-mean,T_cells,perturbation=Defactinib,0.05626899655219957
T5c,cell-mean,T_cells,perturbation=Nilotinib,-0.040042200142085704
T5c,cell-mean,T_cells,perturbation=ABT737,0.00888198496550077
T5c,cell-mean,T_cells,perturbation=Nefazodone,0.006362776217915777
T5c,cell-mean,T_cells,perturbation=Buspirone,0.09276709185805786
T5c,cell-mean,T_cells,perturbation=Colforsin,0.05058166379465809
T5c,cell-mean,T_cells,perturbation=Doxorubicin,0.05425448095566152
T5c,cell-mean,T_cells,perturbation=Mubritinib (TAK 165),0.06122469109690137
T5c,cell-mean,T_cells,perturbation=BI-D1870,0.07660113953988161
T5c,cell-mean,T_cells,perturbation=AT 7867,0.07812415077910914
T5c,cell-mean,T_cells,perturbation=PRT-062607,-0.07401879126142834
T5c,cell-mean,T_cells,perturbation=STK219801,0.04912766124649916
T5c,cell-mean,T_cells,perturbation=Midostaurin,-0.045860170845033715
T5c,cell-mean,T_cells,perturbation=PF-03814735,0.00881186806157816
T5c,cell-mean,T_cells,perturbation=Vanoxerine,0.09513136818340924
T5c,cell-mean,T_cells,perturbation=AZD3514,0.03972467105712721
T5c,cell-mean,T_cells,perturbation=OSI-930,0.0800971566865028
T5c,cell-mean,T_cells,perturbation=AZ628,-0.014377656665081257
T5c,cell-mean,T_cells,perturbation=TPCA-1,-0.023187843825144737
T5c,cell-mean,T_cells,perturbation=CEP-37440,0.021668666365212606
T5c,cell-mean,T_cells,perturbation=Tivantinib,-0.017518514098766015
T5c,cell-mean,T_cells,perturbation=AZD4547,0.04771461511856799
T5c,cell-mean,T_cells,perturbation=SB525334,0.11036490950269026
T5c,cell-mean,T_cells,perturbation=HMN-214,0.10349843733881671
T5c,cell-mean,T_cells,perturbation=GO-6976,0.06648505212513038
T5c,cell-mean,T_cells,perturbation=AZD-8330,-0.010412384411085692
T5c,cell-mean,T_cells,perturbation=MGCD-265,0.03711807577498212
T5c,cell-mean,T_cells,perturbation=GSK256066,0.07822782069575628
T5c,cell-mean,T_cells,perturbation=Tosedostat,-0.002084337022572606
T5c,cell-mean,T_cells,perturbation=Prednisolone,0.01871469737878981
T5c,cell-mean,T_cells,perturbation=HYDROXYUREA,0.032871087301698375
T5c,cell-mean,T_cells,perturbation=Decitabine,0.09800090058258713
T5c,cell-mean,T_cells,perturbation=CC-401,0.08084330428533973
T5c,cell-mean,T_cells,perturbation=Saracatinib,-0.042234748689689634
T5c,cell-mean,T_cells,perturbation=Masitinib,-0.008497114021390972
T5c,cell-mean,T_cells,perturbation=GSK-1070916,-0.020140644720748887
T5c,cell-mean,T_cells,perturbation=R428,-0.026355135546746313
T5c,cell-mean,T_cells,perturbation=Colchicine,0.1285398344251112
T5c,cell-mean,T_cells,perturbation=Tacalcitol,-0.01721377427281287
T5c,cell-mean,T_cells,perturbation=LDN 193189,-0.012862894778585128
T5c,cell-mean,T_cells,perturbation=Resminostat,0.028298433432541955
T5c,cell-mean,T_cells,perturbation=RG7112,0.012333411054156966
T5c,cell-mean,T_cells,perturbation=Ricolinostat,0.03934108873381341
T5c,cell-mean,T_cells,perturbation=Oxybenzone,-0.030037457917711053
T5c,cell-mean,T_cells,perturbation=ABT-199 (GDC-0199),-0.025012095713961714
T5c,cell-mean,T_cells,perturbation=Selumetinib,0.040219448562193644
T5c,cell-mean,T_cells,perturbation=Cabozantinib,0.17947915644184456
T5c,cell-mean,T_cells,perturbation=Crizotinib,-0.023168440169289282
T5c,cell-mean,T_cells,perturbation=Lamivudine,-0.010435132316343123
T5c,cell-mean,T_cells,perturbation=Ceritinib,-0.07131969776716086
T5c,cell-mean,T_cells,perturbation=Bosutinib,-0.01579631862736261
T5c,cell-mean,T_cells,perturbation=Vandetanib,-0.02359573904384152
T5c,cell-mean,T_cells,perturbation=Mometasone Furoate,0.05111481623022179
T5c,cell-mean,T_cells,perturbation=Clotrimazole,0.13089977841555103
T5c,linear-PCA,B,perturbation=Atorvastatin,0.31907688829165165
T5c,linear-PCA,B,perturbation=5-(9-Isopropyl-8-methyl-2-morpholino-9H-purin-6-yl)pyrimidin-2-amine,0.5239309062226275
T5c,linear-PCA,B,perturbation=Topotecan,0.21945378414705774
T5c,linear-PCA,B,perturbation=BMS-265246,0.009117619072996724
T5c,linear-PCA,B,perturbation=AMD-070 (hydrochloride),0.33898291584101486
T5c,linear-PCA,B,perturbation=AT13387,0.23135377597172102
T5c,linear-PCA,B,perturbation=Desloratadine,0.40000862735979403
T5c,linear-PCA,B,perturbation=Ganetespib (STA-9090),0.250953175149345
T5c,linear-PCA,B,perturbation=O-Demethylated Adapalene,0.43575100029082514
T5c,linear-PCA,B,perturbation=BAY 87-2243,0.38549584427824773
T5c,linear-PCA,B,perturbation=Ruxolitinib,0.48867851183769195
T5c,linear-PCA,B,perturbation=Sgc-cbp30,0.21951809251961182
T5c,linear-PCA,B,perturbation=PF-04691502,0.4766083286949999
T5c,linear-PCA,B,perturbation=Dactolisib,0.49244271695029385
T5c,linear-PCA,B,perturbation=Alogliptin,0.2563455502305278
T5c,linear-PCA,B,perturbation=Clomipramine,0.39191233904071676
T5c,linear-PCA,B,perturbation=Protriptyline,0.23812388598007792
T5c,linear-PCA,B,perturbation=Phenylbutazone,0.32599418167853245
T5c,linear-PCA,B,perturbation=Pomalidomide,0.07070017112478283
T5c,linear-PCA,B,perturbation=FK 866,0.3391105314305394
T5c,linear-PCA,B,perturbation=Perhexiline,0.48734690856258506
T5c,linear-PCA,B,perturbation=BMS-536924,0.4713991500070702
T5c,linear-PCA,B,perturbation=Penfluridol,0.12442812862911407
T5c,linear-PCA,B,perturbation=Sunitinib,0.37343933129545615
T5c,linear-PCA,B,perturbation=I-BET151,0.19171700692305557
T5c,linear-PCA,B,perturbation=K-02288,0.3730775263454419
T5c,linear-PCA,B,perturbation=Dovitinib,0.3714310199837231
T5c,linear-PCA,B,perturbation=Chlorpheniramine,0.3785460622012084
T5c,linear-PCA,B,perturbation=UNII-BXU45ZH6LI,0.0748277390949391
T5c,linear-PCA,B,perturbation=IKK Inhibitor VII,0.4757118081905942
T5c,linear-PCA,B,perturbation=Quizartinib,0.2460207398794512
T5c,linear-PCA,B,perturbation=Tivozanib,0.384847794968753
T5c,linear-PCA,B,perturbation=Foretinib,0.473325703272949
T5c,linear-PCA,B,perturbation=BMS-777607,0.4146446941097212
T5c,linear-PCA,B,perturbation=AVL-292,0.4773016666516545
T5c,linear-PCA,B,perturbation=Scriptaid,-0.3354173869880841
T5c,linear-PCA,B,perturbation=RVX-208,0.3533356491356708
T5c,linear-PCA,B,perturbation=Amiodarone,0.35560632928501346
T5c,linear-PCA,B,perturbation=RN-486,0.17939001080334793
T5c,linear-PCA,B,perturbation=Tamatinib,0.4898292374332364
T5c,linear-PCA,B,perturbation=GW843682X,0.36323126832664693
T5c,linear-PCA,B,perturbation=Porcn Inhibitor III,0.1844817502010563
T5c,linear-PCA,B,perturbation=Navitoclax,-0.05233676911743881
T5c,linear-PCA,B,perturbation=BAY 61-3606,0.38049852944549156
T5c,linear-PCA,B,perturbation=Ketoconazole,0.01212845904360834
T5c,linear-PCA,B,perturbation=Isoniazid,0.3877021602743533
T5c,linear-PCA,B,perturbation=PD-0325901,0.37812924396230696
T5c,linear-PCA,B,perturbation=TIE2 Kinase Inhibitor,0.32919280215736535
T5c,linear-PCA,B,perturbation=BMS-387032,0.07331207973950214
T5c,linear-PCA,B,perturbation=TL_HRAS26,0.4293897642567631
T5c,linear-PCA,B,perturbation=Methotrexate,0.0651964174784401
T5c,linear-PCA,B,perturbation=LY2090314,0.2147790666482546
T5c,linear-PCA,B,perturbation=Alvocidib,-0.12615263785073125
T5c,linear-PCA,B,perturbation=IMD-0354,0.3589051778255295
T5c,linear-PCA,B,perturbation=MK-5108,0.3813707569324626
T5c,linear-PCA,B,perturbation=Ixabepilone,0.34949073744066167
T5c,linear-PCA,B,perturbation=IN1451,0.21414225224470568
T5c,linear-PCA,B,perturbation=Proscillaridin A;Proscillaridin-A,0.11443907604772971
T5c,linear-PCA,B,perturbation=Palbociclib,0.4217218189472892
T5c,linear-PCA,B,perturbation=Vardenafil,0.4237960670626169
T5c,linear-PCA,B,perturbation=Disulfiram,0.3168746313154261
T5c,linear-PCA,B,perturbation=Canertinib,0.2785285489387431
T5c,linear-PCA,B,perturbation=Lapatinib,0.17685347863552192
T5c,linear-PCA,B,perturbation=Linagliptin,0.2699660674418523
T5c,linear-PCA,B,perturbation=Raloxifene,0.22178665539811068
T5c,linear-PCA,B,perturbation=Vorinostat,-0.2884559072921154
T5c,linear-PCA,B,perturbation=Trametinib,0.13983125705355273
T5c,linear-PCA,B,perturbation=Dasatinib,0.422529555326508
T5c,linear-PCA,B,perturbation=Flutamide,0.2465697126929074
T5c,linear-PCA,B,perturbation=Idelalisib,0.4093896868546815
T5c,linear-PCA,B,perturbation=Riociguat,0.2780072679691704
T5c,linear-PCA,B,perturbation=Azacitidine,0.333680347953664
T5c,linear-PCA,B,perturbation=TGX 221,0.5034550297253156
T5c,linear-PCA,B,perturbation=CGM-097,0.10157406125666983
T5c,linear-PCA,B,perturbation=Clemastine,0.3760428085133747
T5c,linear-PCA,B,perturbation=Imatinib,0.3284580810792905
T5c,linear-PCA,B,perturbation=Tipifarnib,0.40998041785536954
T5c,linear-PCA,B,perturbation=RG7090,0.1758471962863971
T5c,linear-PCA,B,perturbation=CHIR-99021,0.13527402352076787
T5c,linear-PCA,B,perturbation=TR-14035,0.4213735325160042
T5c,linear-PCA,B,perturbation=Pitavastatin Calcium,-0.08087841261270892
T5c,linear-PCA,B,perturbation=SLx-2119,0.38080824682844705
T5c,linear-PCA,B,perturbation=YK 4-279,0.1726646762250626
T5c,linear-PCA,B,perturbation=SCH-58261,0.20286893104102197
T5c,linear-PCA,B,perturbation=BX 912,0.41839532447410677
T5c,linear-PCA,B,perturbation=GLPG0634,0.5139567553921685
T5c,linear-PCA,B,perturbation=Defactinib,0.3460711247166148
T5c,linear-PCA,B,perturbation=Nilotinib,0.5403675251521389
T5c,linear-PCA,B,perturbation=ABT737,-0.08520897665356608
T5c,linear-PCA,B,perturbation=Nefazodone,0.3771302448092089
T5c,linear-PCA,B,perturbation=Buspirone,0.28890143779696204
T5c,linear-PCA,B,perturbation=Colforsin,0.3984535769401786
T5c,linear-PCA,B,perturbation=Doxorubicin,-0.12347489004187487
T5c,linear-PCA,B,perturbation=Mubritinib (TAK 165),0.24003489917517767
T5c,linear-PCA,B,perturbation=BI-D1870,0.21721384574773112
T5c,linear-PCA,B,perturbation=AT 7867,0.5117465002318186
T5c,linear-PCA,B,perturbation=PRT-062607,0.4739447046362994
T5c,linear-PCA,B,perturbation=STK219801,0.3535439333338926
T5c,linear-PCA,B,perturbation=Midostaurin,0.48512416144277665
T5c,linear-PCA,B,perturbation=PF-03814735,0.4205591414778873
T5c,linear-PCA,B,perturbation=Vanoxerine,0.35955036055336115
T5c,linear-PCA,B,perturbation=AZD3514,0.3119057520438622
T5c,linear-PCA,B,perturbation=OSI-930,0.25953138491516164
T5c,linear-PCA,B,perturbation=AZ628,0.49756299920935126
T5c,linear-PCA,B,perturbation=TPCA-1,0.500460007001265
T5c,linear-PCA,B,perturbation=CEP-37440,0.4075929712302944
T5c,linear-PCA,B,perturbation=Tivantinib,0.34899935528559434
T5c,linear-PCA,B,perturbation=AZD4547,0.36081693652214525
T5c,linear-PCA,B,perturbation=SB525334,0.03747532060436605
T5c,linear-PCA,B,perturbation=HMN-214,0.1036835987933402
T5c,linear-PCA,B,perturbation=GO-6976,0.24061794396456518
T5c,linear-PCA,B,perturbation=AZD-8330,0.4212436295983418
T5c,linear-PCA,B,perturbation=MGCD-265,0.4236793033949762
T5c,linear-PCA,B,perturbation=GSK256066,0.2294005795536479
T5c,linear-PCA,B,perturbation=Tosedostat,0.3441050694639914
T5c,linear-PCA,B,perturbation=Prednisolone,0.42213671220798243
T5c,linear-PCA,B,perturbation=HYDROXYUREA,0.3058398337376679
T5c,linear-PCA,B,perturbation=Decitabine,0.2723641187504688
T5c,linear-PCA,B,perturbation=CC-401,0.46792876492146007
T5c,linear-PCA,B,perturbation=Saracatinib,0.5374581734166428
T5c,linear-PCA,B,perturbation=Masitinib,0.45033937005371355
T5c,linear-PCA,B,perturbation=GSK-1070916,0.39074111357925545
T5c,linear-PCA,B,perturbation=R428,0.3527701706308481
T5c,linear-PCA,B,perturbation=Colchicine,0.16487362506521863
T5c,linear-PCA,B,perturbation=Tacalcitol,0.48754122833151936
T5c,linear-PCA,B,perturbation=LDN 193189,0.37659529078347903
T5c,linear-PCA,B,perturbation=Resminostat,-0.22743916257800725
T5c,linear-PCA,B,perturbation=RG7112,0.26700422458916995
T5c,linear-PCA,B,perturbation=Ricolinostat,0.18474296359415132
T5c,linear-PCA,B,perturbation=Oxybenzone,0.3874043297390559
T5c,linear-PCA,B,perturbation=ABT-199 (GDC-0199),-0.03951357016791541
T5c,linear-PCA,B,perturbation=Selumetinib,0.4495206185114133
T5c,linear-PCA,B,perturbation=Cabozantinib,0.17718334510648662
T5c,linear-PCA,B,perturbation=Crizotinib,0.5045294257514333
T5c,linear-PCA,B,perturbation=Lamivudine,0.4286011116920452
T5c,linear-PCA,B,perturbation=Ceritinib,0.41068126283834594
T5c,linear-PCA,B,perturbation=Bosutinib,0.4784060873118703
T5c,linear-PCA,B,perturbation=Vandetanib,0.40012236539501417
T5c,linear-PCA,B,perturbation=Mometasone Furoate,0.46205273957418364
T5c,linear-PCA,B,perturbation=Clotrimazole,0.2769105531660704
T5c,linear-PCA,B,perturbation=CGP 60474,0.038986021702064555
T5c,linear-PCA,Mono,perturbation=Atorvastatin,0.24775140117587574
T5c,linear-PCA,Mono,perturbation=5-(9-Isopropyl-8-methyl-2-morpholino-9H-purin-6-yl)pyrimidin-2-amine,0.3440971714025102
T5c,linear-PCA,Mono,perturbation=Topotecan,0.15333526126781835
T5c,linear-PCA,Mono,perturbation=BMS-265246,-0.049460043343386946
T5c,linear-PCA,Mono,perturbation=AMD-070 (hydrochloride),0.10472707307358052
T5c,linear-PCA,Mono,perturbation=AT13387,0.22914343745343027
T5c,linear-PCA,Mono,perturbation=Desloratadine,0.15872861304010574
T5c,linear-PCA,Mono,perturbation=Ganetespib (STA-9090),0.18718917028945814
T5c,linear-PCA,Mono,perturbation=O-Demethylated Adapalene,0.2425299176383843
T5c,linear-PCA,Mono,perturbation=BAY 87-2243,0.26184860793099135
T5c,linear-PCA,Mono,perturbation=Ruxolitinib,0.19716466158330806
T5c,linear-PCA,Mono,perturbation=Sgc-cbp30,0.10064854408669348
T5c,linear-PCA,Mono,perturbation=PF-04691502,0.24220168691256724
T5c,linear-PCA,Mono,perturbation=Dactolisib,0.26848970288141427
T5c,linear-PCA,Mono,perturbation=Alogliptin,0.23692349181931677
T5c,linear-PCA,Mono,perturbation=Clomipramine,0.2163505096319561
T5c,linear-PCA,Mono,perturbation=Protriptyline,0.24944060859612205
T5c,linear-PCA,Mono,perturbation=Phenylbutazone,0.18304809304711422
T5c,linear-PCA,Mono,perturbation=Pomalidomide,0.014891031431874549
T5c,linear-PCA,Mono,perturbation=FK 866,0.1997220199274243
T5c,linear-PCA,Mono,perturbation=Perhexiline,0.25300717271848155
T5c,linear-PCA,Mono,perturbation=BMS-536924,0.279110987900446
T5c,linear-PCA,Mono,perturbation=Penfluridol,0.20872455525934838
T5c,linear-PCA,Mono,perturbation=Sunitinib,0.1780246767284969
T5c,linear-PCA,Mono,perturbation=I-BET151,-0.007978149426418758
T5c,linear-PCA,Mono,perturbation=K-02288,0.019405008839392904
T5c,linear-PCA,Mono,perturbation=Dovitinib,0.16415558058078045
T5c,linear-PCA,Mono,perturbation=Chlorpheniramine,0.24221255531231262
T5c,linear-PCA,Mono,perturbation=IKK Inhibitor VII,0.197207680418881
T5c,linear-PCA,Mono,perturbation=Quizartinib,0.22472453295941217
T5c,linear-PCA,Mono,perturbation=Tivozanib,0.12129894587085002
T5c,linear-PCA,Mono,perturbation=Foretinib,0.2617569564036343
T5c,linear-PCA,Mono,perturbation=BMS-777607,0.23546669977977455
T5c,linear-PCA,Mono,perturbation=AVL-292,0.17846606884591118
T5c,linear-PCA,Mono,perturbation=Scriptaid,-0.25552134102347446
T5c,linear-PCA,Mono,perturbation=RVX-208,0.12018747950493511
T5c,linear-PCA,Mono,perturbation=Amiodarone,0.18977697062630877
T5c,linear-PCA,Mono,perturbation=RN-486,0.2683150527639089
T5c,linear-PCA,Mono,perturbation=Tamatinib,0.30626186547189155
T5c,linear-PCA,Mono,perturbation=GW843682X,0.14493009312798028
T5c,linear-PCA,Mono,perturbation=Porcn Inhibitor III,0.03789039056738831
T5c,linear-PCA,Mono,perturbation=Navitoclax,0.06204243618378885
T5c,linear-PCA,Mono,perturbation=BAY 61-3606,0.13492176269878314
T5c,linear-PCA,Mono,perturbation=Ketoconazole,0.07600395266599866
T5c,linear-PCA,Mono,perturbation=Isoniazid,0.2573689692397404
T5c,linear-PCA,Mono,perturbation=PD-0325901,0.2963306166729113
T5c,linear-PCA,Mono,perturbation=TIE2 Kinase Inhibitor,0.13010611499716906
T5c,linear-PCA,Mono,perturbation=TL_HRAS26,0.15510124595044203
T5c,linear-PCA,Mono,perturbation=Methotrexate,0.2365681974371171
T5c,linear-PCA,Mono,perturbation=LY2090314,0.10146801555682064
T5c,linear-PCA,Mono,perturbation=Alvocidib,0.04027186687990723
T5c,linear-PCA,Mono,perturbation=IMD-0354,0.19953727941143956
T5c,linear-PCA,Mono,perturbation=MK-5108,0.29247428390274915
T5c,linear-PCA,Mono,perturbation=Ixabepilone,0.21615157075945857
T5c,linear-PCA,Mono,perturbation=IN1451,0.09593922868829191
T5c,linear-PCA,Mono,perturbation=Proscillaridin A;Proscillaridin-A,0.17562777131778157
T5c,linear-PCA,Mono,perturbation=Palbociclib,0.2904163077922077
T5c,linear-PCA,Mono,perturbation=Vardenafil,0.16759457209179557
T5c,linear-PCA,Mono,perturbation=Disulfiram,0.14958949051720874
T5c,linear-PCA,Mono,perturbation=Canertinib,0.03410471374060021
T5c,linear-PCA,Mono,perturbation=Lapatinib,0.14024852345287364
T5c,linear-PCA,Mono,perturbation=Linagliptin,0.15206414724657857
T5c,linear-PCA,Mono,perturbation=Raloxifene,0.17962812892969285
T5c,linear-PCA,Mono,perturbation=Vorinostat,-0.19926932149858798
T5c,linear-PCA,Mono,perturbation=Trametinib,0.11281414894656065
T5c,linear-PCA,Mono,perturbation=Dasatinib,0.3840866552337571
T5c,linear-PCA,Mono,perturbation=Flutamide,0.3046172488225857
T5c,linear-PCA,Mono,perturbation=Idelalisib,0.26916855213094554
T5c,linear-PCA,Mono,perturbation=Riociguat,0.3453956525352346
T5c,linear-PCA,Mono,perturbation=Azacitidine,0.18769568774784928
T5c,linear-PCA,Mono,perturbation=TGX 221,0.32014422950005134
T5c,linear-PCA,Mono,perturbation=CGM-097,0.10982515904276668
T5c,linear-PCA,Mono,perturbation=Clemastine,0.19369317652377144
T5c,linear-PCA,Mono,perturbation=Imatinib,0.249985957754757
T5c,linear-PCA,Mono,perturbation=Tipifarnib,0.28100011960320975
T5c,linear-PCA,Mono,perturbation=RG7090,0.09032667829015495
T5c,linear-PCA,Mono,perturbation=CHIR-99021,0.05602908467715674
T5c,linear-PCA,Mono,perturbation=TR-14035,0.22145516779130764
T5c,linear-PCA,Mono,perturbation=Pitavastatin Calcium,0.04981836115708111
T5c,linear-PCA,Mono,perturbation=SLx-2119,0.13380871900028968
T5c,linear-PCA,Mono,perturbation=YK 4-279,0.21078046484508578
T5c,linear-PCA,Mono,perturbation=SCH-58261,0.2669554505117534
T5c,linear-PCA,Mono,perturbation=BX 912,0.30097791899851173
T5c,linear-PCA,Mono,perturbation=GLPG0634,0.2269895162528197
T5c,linear-PCA,Mono,perturbation=Defactinib,0.2833573357945168
T5c,linear-PCA,Mono,perturbation=Nilotinib,0.2156841338743652
T5c,linear-PCA,Mono,perturbation=ABT737,0.08531971957312173
T5c,linear-PCA,Mono,perturbation=Nefazodone,0.18113964099688465
T5c,linear-PCA,Mono,perturbation=Buspirone,0.13210912515918055
T5c,linear-PCA,Mono,perturbation=Colforsin,0.24630499550403337
T5c,linear-PCA,Mono,perturbation=Doxorubicin,-0.0773665637233785
T5c,linear-PCA,Mono,perturbation=Mubritinib (TAK 165),0.08911977109237545
T5c,linear-PCA,Mono,perturbation=BI-D1870,0.1647560549096087
T5c,linear-PCA,Mono,perturbation=AT 7867,0.21843803045567037
T5c,linear-PCA,Mono,perturbation=PRT-062607,0.3758980233360763
T5c,linear-PCA,Mono,perturbation=STK219801,0.3137028890785455
T5c,linear-PCA,Mono,perturbation=Midostaurin,0.29044073865052017
T5c,linear-PCA,Mono,perturbation=PF-03814735,0.3555492801454276
T5c,linear-PCA,Mono,perturbation=Vanoxerine,0.2350605057588736
T5c,linear-PCA,Mono,perturbation=AZD3514,0.20720709238497503
T5c,linear-PCA,Mono,perturbation=OSI-930,0.15217929818976725
T5c,linear-PCA,Mono,perturbation=AZ628,0.2910144488572871
T5c,linear-PCA,Mono,perturbation=TPCA-1,0.23118891527085944
T5c,linear-PCA,Mono,perturbation=CEP-37440,0.14805667048415652
T5c,linear-PCA,Mono,perturbation=Tivantinib,0.2567706359918432
T5c,linear-PCA,Mono,perturbation=AZD4547,0.27858973119982805
T5c,linear-PCA,Mono,perturbation=SB525334,-0.010031461793406658
T5c,linear-PCA,Mono,perturbation=HMN-214,0.22478900628322177
T5c,linear-PCA,Mono,perturbation=GO-6976,0.18540632659906625
T5c,linear-PCA,Mono,perturbation=AZD-8330,0.23806214109666443
T5c,linear-PCA,Mono,perturbation=MGCD-265,0.2992041205505352
T5c,linear-PCA,Mono,perturbation=GSK256066,0.20403767012577628
T5c,linear-PCA,Mono,perturbation=Tosedostat,0.22590401772026403
T5c,linear-PCA,Mono,perturbation=Prednisolone,0.31982146359860864
T5c,linear-PCA,Mono,perturbation=HYDROXYUREA,0.21754529470142542
T5c,linear-PCA,Mono,perturbation=Decitabine,0.24628856168529273
T5c,linear-PCA,Mono,perturbation=CC-401,0.33759350950553524
T5c,linear-PCA,Mono,perturbation=Saracatinib,0.29626269394516475
T5c,linear-PCA,Mono,perturbation=Masitinib,0.19093175757869438
T5c,linear-PCA,Mono,perturbation=GSK-1070916,0.11962144283536061
T5c,linear-PCA,Mono,perturbation=R428,-0.008175691546350275
T5c,linear-PCA,Mono,perturbation=Colchicine,0.20751616366376213
T5c,linear-PCA,Mono,perturbation=Tacalcitol,0.050722579047427656
T5c,linear-PCA,Mono,perturbation=LDN 193189,0.06734224612230068
T5c,linear-PCA,Mono,perturbation=Resminostat,-0.08548451072848055
T5c,linear-PCA,Mono,perturbation=RG7112,0.28302815878641524
T5c,linear-PCA,Mono,perturbation=Ricolinostat,0.008824434244885977
T5c,linear-PCA,Mono,perturbation=Oxybenzone,0.23744770683466265
T5c,linear-PCA,Mono,perturbation=ABT-199 (GDC-0199),0.15579690758591636
T5c,linear-PCA,Mono,perturbation=Selumetinib,0.2882413718950183
T5c,linear-PCA,Mono,perturbation=Cabozantinib,0.22017440394986734
T5c,linear-PCA,Mono,perturbation=Crizotinib,0.2762042514055114
T5c,linear-PCA,Mono,perturbation=Lamivudine,0.2563697355727179
T5c,linear-PCA,Mono,perturbation=Ceritinib,0.19498867636344414
T5c,linear-PCA,Mono,perturbation=Bosutinib,0.3676810665940763
T5c,linear-PCA,Mono,perturbation=Vandetanib,0.21720625880256603
T5c,linear-PCA,Mono,perturbation=Mometasone Furoate,0.35418162334260017
T5c,linear-PCA,Mono,perturbation=Clotrimazole,0.10958330719346285
T5c,linear-PCA,Mono,perturbation=UNII-BXU45ZH6LI,-0.032555460937365346
T5c,linear-PCA,Mono,perturbation=BMS-387032,0.055176828863591855
T5c,linear-PCA,NK,perturbation=Atorvastatin,0.32296725584104624
T5c,linear-PCA,NK,perturbation=5-(9-Isopropyl-8-methyl-2-morpholino-9H-purin-6-yl)pyrimidin-2-amine,0.508807334298334
T5c,linear-PCA,NK,perturbation=Topotecan,0.18514075775880098
T5c,linear-PCA,NK,perturbation=BMS-265246,0.09458580917472058
T5c,linear-PCA,NK,perturbation=AMD-070 (hydrochloride),0.22740487749916238
T5c,linear-PCA,NK,perturbation=AT13387,0.2652006928462477
T5c,linear-PCA,NK,perturbation=Desloratadine,0.25649443292703483
T5c,linear-PCA,NK,perturbation=Ganetespib (STA-9090),0.281767273980314
T5c,linear-PCA,NK,perturbation=O-Demethylated Adapalene,0.29077379328574243
T5c,linear-PCA,NK,perturbation=BAY 87-2243,0.3490938085535771
T5c,linear-PCA,NK,perturbation=Ruxolitinib,0.41229919097308965
T5c,linear-PCA,NK,perturbation=Sgc-cbp30,0.224722551342885
T5c,linear-PCA,NK,perturbation=PF-04691502,0.4265452557337451
T5c,linear-PCA,NK,perturbation=Dactolisib,0.4187470677294308
T5c,linear-PCA,NK,perturbation=Alogliptin,0.2008692344519342
T5c,linear-PCA,NK,perturbation=Clomipramine,0.40089851554068173
T5c,linear-PCA,NK,perturbation=Protriptyline,0.20017399944569647
T5c,linear-PCA,NK,perturbation=Phenylbutazone,0.303243255855898
T5c,linear-PCA,NK,perturbation=Pomalidomide,-0.04794586146810965
T5c,linear-PCA,NK,perturbation=FK 866,0.1612791615370502
T5c,linear-PCA,NK,perturbation=Perhexiline,0.45509742575770723
T5c,linear-PCA,NK,perturbation=BMS-536924,0.45056554294778134
T5c,linear-PCA,NK,perturbation=Penfluridol,0.2241892501925058
T5c,linear-PCA,NK,perturbation=Sunitinib,0.34360835445509946
T5c,linear-PCA,NK,perturbation=I-BET151,0.10680288857284262
T5c,linear-PCA,NK,perturbation=K-02288,0.23342545919357183
T5c,linear-PCA,NK,perturbation=Dovitinib,0.2974971458930609
T5c,linear-PCA,NK,perturbation=Chlorpheniramine,0.2880253770866056
T5c,linear-PCA,NK,perturbation=UNII-BXU45ZH6LI,-0.027101431903115984
T5c,linear-PCA,NK,perturbation=IKK Inhibitor VII,0.35199448040531567
T5c,linear-PCA,NK,perturbation=Quizartinib,0.1856056037121614
T5c,linear-PCA,NK,perturbation=Tivozanib,0.29108456783209863
T5c,linear-PCA,NK,perturbation=Foretinib,0.4342865667225673
T5c,linear-PCA,NK,perturbation=BMS-777607,0.31736134647870506
T5c,linear-PCA,NK,perturbation=AVL-292,0.38932348155057883
T5c,linear-PCA,NK,perturbation=Scriptaid,-0.31372909355175
T5c,linear-PCA,NK,perturbation=RVX-208,0.20238909262655783
T5c,linear-PCA,NK,perturbation=Amiodarone,0.3407904790205899
T5c,linear-PCA,NK,perturbation=RN-486,0.18202591955461384
T5c,linear-PCA,NK,perturbation=Tamatinib,0.4919227308768166
T5c,linear-PCA,NK,perturbation=GW843682X,0.35371899326013184
T5c,linear-PCA,NK,perturbation=Porcn Inhibitor III,0.13141966971240548
T5c,linear-PCA,NK,perturbation=Navitoclax,0.13468790869797864
T5c,linear-PCA,NK,perturbation=BAY 61-3606,0.308300365660093
T5c,linear-PCA,NK,perturbation=Ketoconazole,-0.05875984954916056
T5c,linear-PCA,NK,perturbation=Isoniazid,0.243718666818549
T5c,linear-PCA,NK,perturbation=PD-0325901,0.40261867180854494
T5c,linear-PCA,NK,perturbation=TIE2 Kinase Inhibitor,0.29882204787732847
T5c,linear-PCA,NK,perturbation=CGP 60474,-0.061421009770210436
T5c,linear-PCA,NK,perturbation=BMS-387032,0.24121787256973773
T5c,linear-PCA,NK,perturbation=TL_HRAS26,0.23996103962288304
T5c,linear-PCA,NK,perturbation=Methotrexate,0.0703384661118643
T5c,linear-PCA,NK,perturbation=LY2090314,0.00831978178789537
T5c,linear-PCA,NK,perturbation=Alvocidib,0.05598233413334455
T5c,linear-PCA,NK,perturbation=IMD-0354,0.2903929241682607
T5c,linear-PCA,NK,perturbation=MK-5108,0.36008066406974465
T5c,linear-PCA,NK,perturbation=Ixabepilone,0.29852284575279664
T5c,linear-PCA,NK,perturbation=IN1451,0.16041585935940608
T5c,linear-PCA,NK,perturbation=Proscillaridin A;Proscillaridin-A,-0.010510118943397716
T5c,linear-PCA,NK,perturbation=Palbociclib,0.35774412413639234
T5c,linear-PCA,NK,perturbation=Vardenafil,0.3207736627818836
T5c,linear-PCA,NK,perturbation=Disulfiram,0.2393076726900637
T5c,linear-PCA,NK,perturbation=Canertinib,0.19763876029290048
T5c,linear-PCA,NK,perturbation=Lapatinib,0.18260054686714988
T5c,linear-PCA,NK,perturbation=Linagliptin,0.2976474373416381
T5c,linear-PCA,NK,perturbation=Raloxifene,0.060309942688161956
T5c,linear-PCA,NK,perturbation=Vorinostat,-0.29913798335419955
T5c,linear-PCA,NK,perturbation=Trametinib,0.23305121386511313
T5c,linear-PCA,NK,perturbation=Dasatinib,0.33697983464039877
T5c,linear-PCA,NK,perturbation=Flutamide,0.2649060108221312
T5c,linear-PCA,NK,perturbation=Idelalisib,0.3463102279283176
T5c,linear-PCA,NK,perturbation=Riociguat,0.3118801552612642
T5c,linear-PCA,NK,perturbation=Azacitidine,0.32647966324194233
T5c,linear-PCA,NK,perturbation=TGX 221,0.44360251710203025
T5c,linear-PCA,NK,perturbation=CGM-097,-0.002294100211687771
T5c,linear-PCA,NK,perturbation=Clemastine,0.37594451425280767
T5c,linear-PCA,NK,perturbation=Imatinib,0.3474245507168277
T5c,linear-PCA,NK,perturbation=Tipifarnib,0.32517609422403987
T5c,linear-PCA,NK,perturbation=RG7090,0.12227669965179228
T5c,linear-PCA,NK,perturbation=CHIR-99021,0.0708926687291376
T5c,linear-PCA,NK,perturbation=TR-14035,0.39302184116278144
T5c,linear-PCA,NK,perturbation=Pitavastatin Calcium,-0.12195467757033901
T5c,linear-PCA,NK,perturbation=SLx-2119,0.33129385233307457
T5c,linear-PCA,NK,perturbation=YK 4-279,0.08425289304392068
T5c,linear-PCA,NK,perturbation=SCH-58261,0.15117202732581883
T5c,linear-PCA,NK,perturbation=BX 912,0.41648282294600175
T5c,linear-PCA,NK,perturbation=GLPG0634,0.42271174324355715
T5c,linear-PCA,NK,perturbation=Defactinib,0.2070155035773705
T5c,linear-PCA,NK,perturbation=Nilotinib,0.4578144169481324
T5c,linear-PCA,NK,perturbation=ABT737,0.17386207338881499
T5c,linear-PCA,NK,perturbation=Nefazodone,0.3450266040238297
T5c,linear-PCA,NK,perturbation=Buspirone,0.2898124173075156
T5c,linear-PCA,NK,perturbation=Colforsin,0.3498648011256478
T5c,linear-PCA,NK,perturbation=Doxorubicin,0.21305492252496305
T5c,linear-PCA,NK,perturbation=Mubritinib (TAK 165),0.27369748714805353
T5c,linear-PCA,NK,perturbation=BI-D1870,0.13839108127561453
T5c,linear-PCA,NK,perturbation=AT 7867,0.42377209175773806
T5c,linear-PCA,NK,perturbation=PRT-062607,0.4354200937750204
T5c,linear-PCA,NK,perturbation=STK219801,0.3207275731179169
T5c,linear-PCA,NK,perturbation=Midostaurin,0.41646388292161024
T5c,linear-PCA,NK,perturbation=PF-03814735,0.3783271860708072
T5c,linear-PCA,NK,perturbation=Vanoxerine,0.31963823709748596
T5c,linear-PCA,NK,perturbation=AZD3514,0.23826833302897152
T5c,linear-PCA,NK,perturbation=OSI-930,0.15213140480918588
T5c,linear-PCA,NK,perturbation=AZ628,0.402746230033571
T5c,linear-PCA,NK,perturbation=TPCA-1,0.4929991171439245
T5c,linear-PCA,NK,perturbation=CEP-37440,0.37516959036571956
T5c,linear-PCA,NK,perturbation=Tivantinib,0.2512270267845735
T5c,linear-PCA,NK,perturbation=AZD4547,0.21881530586475473
T5c,linear-PCA,NK,perturbation=SB525334,-0.018732180046356753
T5c,linear-PCA,NK,perturbation=HMN-214,0.13736287072698358
T5c,linear-PCA,NK,perturbation=GO-6976,0.07522557356911115
T5c,linear-PCA,NK,perturbation=AZD-8330,0.4807698418298652
T5c,linear-PCA,NK,perturbation=MGCD-265,0.28124132761347065
T5c,linear-PCA,NK,perturbation=GSK256066,0.2965074061063859
T5c,linear-PCA,NK,perturbation=Tosedostat,0.3401935469870823
T5c,linear-PCA,NK,perturbation=Prednisolone,0.3506047458998978
T5c,linear-PCA,NK,perturbation=HYDROXYUREA,0.25126496602850273
T5c,linear-PCA,NK,perturbation=Decitabine,0.31765953936550473
T5c,linear-PCA,NK,perturbation=CC-401,0.4130307431165969
T5c,linear-PCA,NK,perturbation=Saracatinib,0.3803694944344544
T5c,linear-PCA,NK,perturbation=Masitinib,0.36326065123811996
T5c,linear-PCA,NK,perturbation=GSK-1070916,0.2589275439903738
T5c,linear-PCA,NK,perturbation=R428,0.3486891797392458
T5c,linear-PCA,NK,perturbation=Colchicine,0.34476898595648003
T5c,linear-PCA,NK,perturbation=Tacalcitol,0.3881878514123455
T5c,linear-PCA,NK,perturbation=LDN 193189,0.19414466628743055
T5c,linear-PCA,NK,perturbation=Resminostat,-0.2445596993048581
T5c,linear-PCA,NK,perturbation=RG7112,0.34253742018075806
T5c,linear-PCA,NK,perturbation=Ricolinostat,0.11313397804960706
T5c,linear-PCA,NK,perturbation=Oxybenzone,0.3493880908959347
T5c,linear-PCA,NK,perturbation=ABT-199 (GDC-0199),0.24229742063966767
T5c,linear-PCA,NK,perturbation=Selumetinib,0.31441353223778895
T5c,linear-PCA,NK,perturbation=Cabozantinib,0.13552783301202634
T5c,linear-PCA,NK,perturbation=Crizotinib,0.43645068385080343
T5c,linear-PCA,NK,perturbation=Lamivudine,0.35601600472330464
T5c,linear-PCA,NK,perturbation=Ceritinib,0.437808883201098
T5c,linear-PCA,NK,perturbation=Bosutinib,0.34861363430653414
T5c,linear-PCA,NK,perturbation=Vandetanib,0.26885259981115517
T5c,linear-PCA,NK,perturbation=Mometasone Furoate,0.3614005060532156
T5c,linear-PCA,NK,perturbation=Clotrimazole,0.29998601907408184
T5c,linear-PCA,T_cells,perturbation=Atorvastatin,0.44827752770345636
T5c,linear-PCA,T_cells,perturbation=5-(9-Isopropyl-8-methyl-2-morpholino-9H-purin-6-yl)pyrimidin-2-amine,0.47743069071017985
T5c,linear-PCA,T_cells,perturbation=Topotecan,0.25075429189160237
T5c,linear-PCA,T_cells,perturbation=BMS-265246,0.17190562486843472
T5c,linear-PCA,T_cells,perturbation=AMD-070 (hydrochloride),0.3938161934022899
T5c,linear-PCA,T_cells,perturbation=AT13387,0.22405986617405238
T5c,linear-PCA,T_cells,perturbation=Desloratadine,0.33618297298726507
T5c,linear-PCA,T_cells,perturbation=Ganetespib (STA-9090),0.23389888482239038
T5c,linear-PCA,T_cells,perturbation=O-Demethylated Adapalene,0.3940231862748708
T5c,linear-PCA,T_cells,perturbation=BAY 87-2243,0.3722406888055871
T5c,linear-PCA,T_cells,perturbation=Ruxolitinib,0.44854248783900885
T5c,linear-PCA,T_cells,perturbation=Sgc-cbp30,0.25271882503076143
T5c,linear-PCA,T_cells,perturbation=PF-04691502,0.44825962396406305
T5c,linear-PCA,T_cells,perturbation=Dactolisib,0.43179322616079485
T5c,linear-PCA,T_cells,perturbation=Alogliptin,0.3076401723901444
T5c,linear-PCA,T_cells,perturbation=Clomipramine,0.46768514890669816
T5c,linear-PCA,T_cells,perturbation=Protriptyline,0.3967362599742551
T5c,linear-PCA,T_cells,perturbation=Phenylbutazone,0.31405790635062714
T5c,linear-PCA,T_cells,perturbation=Pomalidomide,0.1266032475477437
T5c,linear-PCA,T_cells,perturbation=FK 866,0.23789993849773666
T5c,linear-PCA,T_cells,perturbation=Perhexiline,0.4591871973717492
T5c,linear-PCA,T_cells,perturbation=BMS-536924,0.4460138216447068
T5c,linear-PCA,T_cells,perturbation=Penfluridol,0.2849870114464007
T5c,linear-PCA,T_cells,perturbation=Sunitinib,0.4602285936734366
T5c,linear-PCA,T_cells,perturbation=I-BET151,0.17040778705235293
T5c,linear-PCA,T_cells,perturbation=K-02288,0.28324203156899863
T5c,linear-PCA,T_cells,perturbation=Dovitinib,0.35882539670201147
T5c,linear-PCA,T_cells,perturbation=Chlorpheniramine,0.37765936864809285
T5c,linear-PCA,T_cells,perturbation=UNII-BXU45ZH6LI,0.16392811426586362
T5c,linear-PCA,T_cells,perturbation=IKK Inhibitor VII,0.4279684680149796
T5c,linear-PCA,T_cells,perturbation=Quizartinib,0.34513713059602213
T5c,linear-PCA,T_cells,perturbation=Tivozanib,0.4012007331218536
T5c,linear-PCA,T_cells,perturbation=Foretinib,0.4234448979628832
T5c,linear-PCA,T_cells,perturbation=BMS-777607,0.41560189367337236
T5c,linear-PCA,T_cells,perturbation=AVL-292,0.377534311321653
T5c,linear-PCA,T_cells,perturbation=Scriptaid,-0.4123117142037712
T5c,linear-PCA,T_cells,perturbation=RVX-208,0.2743126016629774
T5c,linear-PCA,T_cells,perturbation=Amiodarone,0.33354725227624515
T5c,linear-PCA,T_cells,perturbation=RN-486,0.2976240819249893
T5c,linear-PCA,T_cells,perturbation=Tamatinib,0.5068244662375279
T5c,linear-PCA,T_cells,perturbation=GW843682X,0.39736272974879905
T5c,linear-PCA,T_cells,perturbation=Porcn Inhibitor III,0.1556832598883346
T5c,linear-PCA,T_cells,perturbation=Navitoclax,0.30601625178146313
T5c,linear-PCA,T_cells,perturbation=BAY 61-3606,0.35288170811134556
T5c,linear-PCA,T_cells,perturbation=Ketoconazole,0.08319443358309155
T5c,linear-PCA,T_cells,perturbation=Isoniazid,0.301748234582953
T5c,linear-PCA,T_cells,perturbation=PD-0325901,0.4024418163057388
T5c,linear-PCA,T_cells,perturbation=TIE2 Kinase Inhibitor,0.3735161660652914
T5c,linear-PCA,T_cells,perturbation=CGP 60474,0.33328288598603034
T5c,linear-PCA,T_cells,perturbation=BMS-387032,0.32688857894888573
T5c,linear-PCA,T_cells,perturbation=TL_HRAS26,0.3721423265506047
T5c,linear-PCA,T_cells,perturbation=Methotrexate,0.2823407119557236
T5c,linear-PCA,T_cells,perturbation=LY2090314,0.011983742521727028
T5c,linear-PCA,T_cells,perturbation=Alvocidib,0.30219702644463825
T5c,linear-PCA,T_cells,perturbation=IMD-0354,0.3068211312497292
T5c,linear-PCA,T_cells,perturbation=MK-5108,0.35499384462334516
T5c,linear-PCA,T_cells,perturbation=Ixabepilone,0.2974464682227234
T5c,linear-PCA,T_cells,perturbation=IN1451,0.20972599967642552
T5c,linear-PCA,T_cells,perturbation=Proscillaridin A;Proscillaridin-A,0.09872259284762315
T5c,linear-PCA,T_cells,perturbation=Palbociclib,0.3937144503980068
T5c,linear-PCA,T_cells,perturbation=Vardenafil,0.35359450063653286
T5c,linear-PCA,T_cells,perturbation=Disulfiram,0.3522624419984399
T5c,linear-PCA,T_cells,perturbation=Canertinib,0.31287970126501785
T5c,linear-PCA,T_cells,perturbation=Lapatinib,0.31104652585868037
T5c,linear-PCA,T_cells,perturbation=Linagliptin,0.3458983784551457
T5c,linear-PCA,T_cells,perturbation=Raloxifene,0.18867346160319698
T5c,linear-PCA,T_cells,perturbation=Vorinostat,-0.3674958566702101
T5c,linear-PCA,T_cells,perturbation=Trametinib,0.3485895322559992
T5c,linear-PCA,T_cells,perturbation=Dasatinib,0.4743676951755428
T5c,linear-PCA,T_cells,perturbation=Flutamide,0.3359620889599872
T5c,linear-PCA,T_cells,perturbation=Idelalisib,0.41558538857570354
T5c,linear-PCA,T_cells,perturbation=Riociguat,0.3606740274515498
T5c,linear-PCA,T_cells,perturbation=Azacitidine,0.4529164281231719
T5c,linear-PCA,T_cells,perturbation=TGX 221,0.5082130878535035
T5c,linear-PCA,T_cells,perturbation=CGM-097,0.18646154031604173
T5c,linear-PCA,T_cells,perturbation=Clemastine,0.4055054231466199
T5c,linear-PCA,T_cells,perturbation=Imatinib,0.34702875514411347
T5c,linear-PCA,T_cells,perturbation=Tipifarnib,0.41470085875917195
T5c,linear-PCA,T_cells,perturbation=RG7090,0.2303864233743412
T5c,linear-PCA,T_cells,perturbation=CHIR-99021,0.1750766139928046
T5c,linear-PCA,T_cells,perturbation=TR-14035,0.42013091646221473
T5c,linear-PCA,T_cells,perturbation=Pitavastatin Calcium,0.029541782662766847
T5c,linear-PCA,T_cells,perturbation=SLx-2119,0.38829586300425234
T5c,linear-PCA,T_cells,perturbation=YK 4-279,0.24980475529774257
T5c,linear-PCA,T_cells,perturbation=SCH-58261,0.2977836146891932
T5c,linear-PCA,T_cells,perturbation=BX 912,0.46290084198210507
T5c,linear-PCA,T_cells,perturbation=GLPG0634,0.5131592754578848
T5c,linear-PCA,T_cells,perturbation=Defactinib,0.3057061596701708
T5c,linear-PCA,T_cells,perturbation=Nilotinib,0.4905263077321941
T5c,linear-PCA,T_cells,perturbation=ABT737,0.3104867636179546
T5c,linear-PCA,T_cells,perturbation=Nefazodone,0.4083476242370984
T5c,linear-PCA,T_cells,perturbation=Buspirone,0.41281470151102284
T5c,linear-PCA,T_cells,perturbation=Colforsin,0.37315552606231595
T5c,linear-PCA,T_cells,perturbation=Doxorubicin,0.24217869761005367
T5c,linear-PCA,T_cells,perturbation=Mubritinib (TAK 165),0.35370941595034683
T5c,linear-PCA,T_cells,perturbation=BI-D1870,0.2904668843001905
T5c,linear-PCA,T_cells,perturbation=AT 7867,0.46201681273371137
T5c,linear-PCA,T_cells,perturbation=PRT-062607,0.4609027060517078
T5c,linear-PCA,T_cells,perturbation=STK219801,0.40019256066282693
T5c,linear-PCA,T_cells,perturbation=Midostaurin,0.4773811084046388
T5c,linear-PCA,T_cells,perturbation=PF-03814735,0.39768584153557957
T5c,linear-PCA,T_cells,perturbation=Vanoxerine,0.36045769519408655
T5c,linear-PCA,T_cells,perturbation=AZD3514,0.3575829570094686
T5c,linear-PCA,T_cells,perturbation=OSI-930,0.33234236491429175
T5c,linear-PCA,T_cells,perturbation=AZ628,0.5039553308921878
T5c,linear-PCA,T_cells,perturbation=TPCA-1,0.462543137383079
T5c,linear-PCA,T_cells,perturbation=CEP-37440,0.42824509654748544
T5c,linear-PCA,T_cells,perturbation=Tivantinib,0.28009921762516604
T5c,linear-PCA,T_cells,perturbation=AZD4547,0.3449700263956651
T5c,linear-PCA,T_cells,perturbation=SB525334,0.21164287395022394
T5c,linear-PCA,T_cells,perturbation=HMN-214,0.28303507952905144
T5c,linear-PCA,T_cells,perturbation=GO-6976,0.3059163377527398
T5c,linear-PCA,T_cells,perturbation=AZD-8330,0.4505421944936639
T5c,linear-PCA,T_cells,perturbation=MGCD-265,0.4279732337326527
T5c,linear-PCA,T_cells,perturbation=GSK256066,0.3757146311857053
T5c,linear-PCA,T_cells,perturbation=Tosedostat,0.33942433735863203
T5c,linear-PCA,T_cells,perturbation=Prednisolone,0.3794123911399504
T5c,linear-PCA,T_cells,perturbation=HYDROXYUREA,0.39287607072060243
T5c,linear-PCA,T_cells,perturbation=Decitabine,0.3263637781768291
T5c,linear-PCA,T_cells,perturbation=CC-401,0.47920189878502245
T5c,linear-PCA,T_cells,perturbation=Saracatinib,0.46162434202268676
T5c,linear-PCA,T_cells,perturbation=Masitinib,0.4004025526035597
T5c,linear-PCA,T_cells,perturbation=GSK-1070916,0.3808368501107225
T5c,linear-PCA,T_cells,perturbation=R428,0.41096909812949634
T5c,linear-PCA,T_cells,perturbation=Colchicine,0.28749485487481286
T5c,linear-PCA,T_cells,perturbation=Tacalcitol,0.38720770113560904
T5c,linear-PCA,T_cells,perturbation=LDN 193189,0.38747135997641485
T5c,linear-PCA,T_cells,perturbation=Resminostat,-0.2742053063815074
T5c,linear-PCA,T_cells,perturbation=RG7112,0.412474675580138
T5c,linear-PCA,T_cells,perturbation=Ricolinostat,0.18053989049233182
T5c,linear-PCA,T_cells,perturbation=Oxybenzone,0.3805523228977441
T5c,linear-PCA,T_cells,perturbation=ABT-199 (GDC-0199),0.28986369208269286
T5c,linear-PCA,T_cells,perturbation=Selumetinib,0.47869401060040406
T5c,linear-PCA,T_cells,perturbation=Cabozantinib,0.21180569386513984
T5c,linear-PCA,T_cells,perturbation=Crizotinib,0.49437408260387117
T5c,linear-PCA,T_cells,perturbation=Lamivudine,0.42852370203034645
T5c,linear-PCA,T_cells,perturbation=Ceritinib,0.43532274882234656
T5c,linear-PCA,T_cells,perturbation=Bosutinib,0.4870761032756362
T5c,linear-PCA,T_cells,perturbation=Vandetanib,0.3648827005422502
T5c,linear-PCA,T_cells,perturbation=Mometasone Furoate,0.37293404129515006
T5c,linear-PCA,T_cells,perturbation=Clotrimazole,0.37567751468704497
T5c,CellFlow,B,perturbation=Atorvastatin,0.051065391014582684
T5c,CellFlow,B,perturbation=5-(9-Isopropyl-8-methyl-2-morpholino-9H-purin-6-yl)pyrimidin-2-amine,0.22837145586526325
T5c,CellFlow,B,perturbation=Topotecan,0.12606494653050107
T5c,CellFlow,B,perturbation=BMS-265246,0.12185182166591269
T5c,CellFlow,B,perturbation=AMD-070 (hydrochloride),0.08329849881106113
T5c,CellFlow,B,perturbation=AT13387,0.30145514337467005
T5c,CellFlow,B,perturbation=Desloratadine,-0.028540296788304966
T5c,CellFlow,B,perturbation=Ganetespib (STA-9090),0.31568831426187793
T5c,CellFlow,B,perturbation=O-Demethylated Adapalene,-0.02228841030102891
T5c,CellFlow,B,perturbation=BAY 87-2243,0.15357457387517037
T5c,CellFlow,B,perturbation=Ruxolitinib,0.13616998890176957
T5c,CellFlow,B,perturbation=Sgc-cbp30,0.1466124768960384
T5c,CellFlow,B,perturbation=PF-04691502,0.136609874988269
T5c,CellFlow,B,perturbation=Dactolisib,0.25284175005395604
T5c,CellFlow,B,perturbation=Alogliptin,-0.03720192380496621
T5c,CellFlow,B,perturbation=Clomipramine,-0.0027357417596806937
T5c,CellFlow,B,perturbation=Protriptyline,0.0012104287882300085
T5c,CellFlow,B,perturbation=Phenylbutazone,-0.03500030203659055
T5c,CellFlow,B,perturbation=Pomalidomide,0.13371710898951178
T5c,CellFlow,B,perturbation=FK 866,0.20868068836525916
T5c,CellFlow,B,perturbation=Perhexiline,0.11983208101024821
T5c,CellFlow,B,perturbation=BMS-536924,0.12212820886702246
T5c,CellFlow,B,perturbation=Penfluridol,-0.005127328923185141
T5c,CellFlow,B,perturbation=Sunitinib,0.04853853129671397
T5c,CellFlow,B,perturbation=I-BET151,0.2246087279472284
T5c,CellFlow,B,perturbation=K-02288,0.06637928184806824
T5c,CellFlow,B,perturbation=Dovitinib,0.0919606742952724
T5c,CellFlow,B,perturbation=Chlorpheniramine,0.011366299226239933
T5c,CellFlow,B,perturbation=UNII-BXU45ZH6LI,0.2758261834477299
T5c,CellFlow,B,perturbation=IKK Inhibitor VII,0.07055403597062788
T5c,CellFlow,B,perturbation=Quizartinib,-0.014443033266873783
T5c,CellFlow,B,perturbation=Tivozanib,0.061287487041894496
T5c,CellFlow,B,perturbation=Foretinib,0.061389027300703
T5c,CellFlow,B,perturbation=BMS-777607,0.03477568144774927
T5c,CellFlow,B,perturbation=AVL-292,0.0974978382057877
T5c,CellFlow,B,perturbation=Scriptaid,0.19263742909661696
T5c,CellFlow,B,perturbation=RVX-208,0.10528429662369834
T5c,CellFlow,B,perturbation=Amiodarone,-0.012560224158738621
T5c,CellFlow,B,perturbation=RN-486,-0.00044360240082514047
T5c,CellFlow,B,perturbation=Tamatinib,0.09297040084261629
T5c,CellFlow,B,perturbation=GW843682X,0.026147709711608864
T5c,CellFlow,B,perturbation=Porcn Inhibitor III,0.057514172149938037
T5c,CellFlow,B,perturbation=Navitoclax,0.11437154732502028
T5c,CellFlow,B,perturbation=BAY 61-3606,0.23314645577568077
T5c,CellFlow,B,perturbation=Ketoconazole,0.19809538659865655
T5c,CellFlow,B,perturbation=Isoniazid,-0.016961066906570975
T5c,CellFlow,B,perturbation=PD-0325901,0.06004793982765861
T5c,CellFlow,B,perturbation=TIE2 Kinase Inhibitor,-0.04245295938697691
T5c,CellFlow,B,perturbation=BMS-387032,0.21621174917260882
T5c,CellFlow,B,perturbation=TL_HRAS26,0.06449090139526585
T5c,CellFlow,B,perturbation=Methotrexate,0.05135885387706132
T5c,CellFlow,B,perturbation=LY2090314,0.12894757996138131
T5c,CellFlow,B,perturbation=Alvocidib,0.15674519181723723
T5c,CellFlow,B,perturbation=IMD-0354,0.3200866946856515
T5c,CellFlow,B,perturbation=MK-5108,0.016505472799086346
T5c,CellFlow,B,perturbation=Ixabepilone,0.030475515873841803
T5c,CellFlow,B,perturbation=IN1451,0.3544208654678722
T5c,CellFlow,B,perturbation=Proscillaridin A;Proscillaridin-A,0.08653020103400255
T5c,CellFlow,B,perturbation=Palbociclib,0.016794302665705304
T5c,CellFlow,B,perturbation=Vardenafil,0.031033747138477216
T5c,CellFlow,B,perturbation=Disulfiram,-0.004668860776242734
T5c,CellFlow,B,perturbation=Canertinib,-0.018382437473510913
T5c,CellFlow,B,perturbation=Lapatinib,0.012982939862981378
T5c,CellFlow,B,perturbation=Linagliptin,-0.03405840000307433
T5c,CellFlow,B,perturbation=Raloxifene,0.09073266779991614
T5c,CellFlow,B,perturbation=Vorinostat,0.15436402521128048
T5c,CellFlow,B,perturbation=Trametinib,0.14917189769618214
T5c,CellFlow,B,perturbation=Dasatinib,0.2296723420606417
T5c,CellFlow,B,perturbation=Flutamide,-0.0028078061905681463
T5c,CellFlow,B,perturbation=Idelalisib,0.07920475485218313
T5c,CellFlow,B,perturbation=Riociguat,0.03884937240702936
T5c,CellFlow,B,perturbation=Azacitidine,0.09010637375929062
T5c,CellFlow,B,perturbation=TGX 221,0.11203594609737326
T5c,CellFlow,B,perturbation=CGM-097,0.2316830020326468
T5c,CellFlow,B,perturbation=Clemastine,0.08820685125217886
T5c,CellFlow,B,perturbation=Imatinib,0.025057185761607894
T5c,CellFlow,B,perturbation=Tipifarnib,0.10643384521849711
T5c,CellFlow,B,perturbation=RG7090,0.10130127727705011
T5c,CellFlow,B,perturbation=CHIR-99021,0.06826731428022821
T5c,CellFlow,B,perturbation=TR-14035,0.041173643081422184
T5c,CellFlow,B,perturbation=Pitavastatin Calcium,0.19603478125397908
T5c,CellFlow,B,perturbation=SLx-2119,0.09082633103747832
T5c,CellFlow,B,perturbation=YK 4-279,0.08777852780748151
T5c,CellFlow,B,perturbation=SCH-58261,0.00787328999188326
T5c,CellFlow,B,perturbation=BX 912,0.07365579457481732
T5c,CellFlow,B,perturbation=GLPG0634,0.12238997034611974
T5c,CellFlow,B,perturbation=Defactinib,0.11677030123737568
T5c,CellFlow,B,perturbation=Nilotinib,0.12916038642295824
T5c,CellFlow,B,perturbation=ABT737,0.10596489378447227
T5c,CellFlow,B,perturbation=Nefazodone,0.06970661639328395
T5c,CellFlow,B,perturbation=Buspirone,0.11009300479357584
T5c,CellFlow,B,perturbation=Colforsin,0.0034207626508163612
T5c,CellFlow,B,perturbation=Doxorubicin,0.2235097507187787
T5c,CellFlow,B,perturbation=Mubritinib (TAK 165),0.08186491800023785
T5c,CellFlow,B,perturbation=BI-D1870,0.08112522527744259
T5c,CellFlow,B,perturbation=AT 7867,0.09464557928085202
T5c,CellFlow,B,perturbation=PRT-062607,0.1272713035101569
T5c,CellFlow,B,perturbation=STK219801,0.025086735836358766
T5c,CellFlow,B,perturbation=Midostaurin,0.12807626218488902
T5c,CellFlow,B,perturbation=PF-03814735,0.13887763708244222
T5c,CellFlow,B,perturbation=Vanoxerine,0.06891701189373711
T5c,CellFlow,B,perturbation=AZD3514,0.11091985842294944
T5c,CellFlow,B,perturbation=OSI-930,0.012484101144565786
T5c,CellFlow,B,perturbation=AZ628,0.1879249039261804
T5c,CellFlow,B,perturbation=TPCA-1,0.16380652822721886
T5c,CellFlow,B,perturbation=CEP-37440,0.1353539124501706
T5c,CellFlow,B,perturbation=Tivantinib,0.1456678864408051
T5c,CellFlow,B,perturbation=AZD4547,0.06896454876473901
T5c,CellFlow,B,perturbation=SB525334,0.10139556685207338
T5c,CellFlow,B,perturbation=HMN-214,0.09551130181050027
T5c,CellFlow,B,perturbation=GO-6976,0.131275488684853
T5c,CellFlow,B,perturbation=AZD-8330,0.0957350461073866
T5c,CellFlow,B,perturbation=MGCD-265,0.08381168755975668
T5c,CellFlow,B,perturbation=GSK256066,0.1414095102147849
T5c,CellFlow,B,perturbation=Tosedostat,0.06596073427608996
T5c,CellFlow,B,perturbation=Prednisolone,0.2483353375422569
T5c,CellFlow,B,perturbation=HYDROXYUREA,0.03134698235362479
T5c,CellFlow,B,perturbation=Decitabine,-0.042256330667981415
T5c,CellFlow,B,perturbation=CC-401,0.1405016720566437
T5c,CellFlow,B,perturbation=Saracatinib,0.1146116915074747
T5c,CellFlow,B,perturbation=Masitinib,0.07145281373339228
T5c,CellFlow,B,perturbation=GSK-1070916,0.12164918581263706
T5c,CellFlow,B,perturbation=R428,0.17487698302969382
T5c,CellFlow,B,perturbation=Colchicine,0.20531404397669137
T5c,CellFlow,B,perturbation=Tacalcitol,0.07628344118756616
T5c,CellFlow,B,perturbation=LDN 193189,0.009047906498391095
T5c,CellFlow,B,perturbation=Resminostat,0.19301359472341972
T5c,CellFlow,B,perturbation=RG7112,0.05464373231169024
T5c,CellFlow,B,perturbation=Ricolinostat,0.1036727546897849
T5c,CellFlow,B,perturbation=Oxybenzone,0.07484804152638416
T5c,CellFlow,B,perturbation=ABT-199 (GDC-0199),0.08472804147058988
T5c,CellFlow,B,perturbation=Selumetinib,0.15116036485880696
T5c,CellFlow,B,perturbation=Cabozantinib,0.08153259452092866
T5c,CellFlow,B,perturbation=Crizotinib,0.11491074461346823
T5c,CellFlow,B,perturbation=Lamivudine,0.08699604917428468
T5c,CellFlow,B,perturbation=Ceritinib,0.05225882979823234
T5c,CellFlow,B,perturbation=Bosutinib,0.16375644851187918
T5c,CellFlow,B,perturbation=Vandetanib,0.007972900399696604
T5c,CellFlow,B,perturbation=Mometasone Furoate,0.3003688417286078
T5c,CellFlow,B,perturbation=Clotrimazole,0.04872794268619917
T5c,CellFlow,B,perturbation=CGP 60474,0.2730642311518615
T5c,CellFlow,Mono,perturbation=Atorvastatin,-0.02225305765843173
T5c,CellFlow,Mono,perturbation=5-(9-Isopropyl-8-methyl-2-morpholino-9H-purin-6-yl)pyrimidin-2-amine,0.03235898216658509
T5c,CellFlow,Mono,perturbation=Topotecan,0.08340786664696447
T5c,CellFlow,Mono,perturbation=BMS-265246,0.04658100873908801
T5c,CellFlow,Mono,perturbation=AMD-070 (hydrochloride),0.0787179514749563
T5c,CellFlow,Mono,perturbation=AT13387,0.11717659943951889
T5c,CellFlow,Mono,perturbation=Desloratadine,0.015018216248059418
T5c,CellFlow,Mono,perturbation=Ganetespib (STA-9090),0.12772295049793989
T5c,CellFlow,Mono,perturbation=O-Demethylated Adapalene,0.09973195468529895
T5c,CellFlow,Mono,perturbation=BAY 87-2243,-0.012882757227062969
T5c,CellFlow,Mono,perturbation=Ruxolitinib,0.16874982113135925
T5c,CellFlow,Mono,perturbation=Sgc-cbp30,0.1983543934695692
T5c,CellFlow,Mono,perturbation=PF-04691502,-0.1188700686500899
T5c,CellFlow,Mono,perturbation=Dactolisib,0.07203704490901695
T5c,CellFlow,Mono,perturbation=Alogliptin,0.05115862875432738
T5c,CellFlow,Mono,perturbation=Clomipramine,0.056729921120766996
T5c,CellFlow,Mono,perturbation=Protriptyline,0.07628734691881515
T5c,CellFlow,Mono,perturbation=Phenylbutazone,0.06099155254778388
T5c,CellFlow,Mono,perturbation=Pomalidomide,0.05104856530176754
T5c,CellFlow,Mono,perturbation=FK 866,0.1353211558470289
T5c,CellFlow,Mono,perturbation=Perhexiline,0.056114288894016456
T5c,CellFlow,Mono,perturbation=BMS-536924,0.14930211594949835
T5c,CellFlow,Mono,perturbation=Penfluridol,0.016305416355898168
T5c,CellFlow,Mono,perturbation=Sunitinib,0.05191071616314389
T5c,CellFlow,Mono,perturbation=I-BET151,0.13602652064308976
T5c,CellFlow,Mono,perturbation=K-02288,0.13451660277107114
T5c,CellFlow,Mono,perturbation=Dovitinib,0.06636155134543395
T5c,CellFlow,Mono,perturbation=Chlorpheniramine,-0.01955108876613873
T5c,CellFlow,Mono,perturbation=IKK Inhibitor VII,0.18116875837277482
T5c,CellFlow,Mono,perturbation=Quizartinib,0.09669157714061406
T5c,CellFlow,Mono,perturbation=Tivozanib,0.09206542583982474
T5c,CellFlow,Mono,perturbation=Foretinib,0.05751999417810182
T5c,CellFlow,Mono,perturbation=BMS-777607,0.0850194540317999
T5c,CellFlow,Mono,perturbation=AVL-292,0.11928669302439934
T5c,CellFlow,Mono,perturbation=Scriptaid,0.09024485851223993
T5c,CellFlow,Mono,perturbation=RVX-208,0.062457511999077946
T5c,CellFlow,Mono,perturbation=Amiodarone,0.05970831631957136
T5c,CellFlow,Mono,perturbation=RN-486,0.074954953522022
T5c,CellFlow,Mono,perturbation=Tamatinib,0.14038672387839224
T5c,CellFlow,Mono,perturbation=GW843682X,0.1168842927102576
T5c,CellFlow,Mono,perturbation=Porcn Inhibitor III,0.1024358759489639
T5c,CellFlow,Mono,perturbation=Navitoclax,0.1592620807079762
T5c,CellFlow,Mono,perturbation=BAY 61-3606,0.1295434234255278
T5c,CellFlow,Mono,perturbation=Ketoconazole,0.17974201051336566
T5c,CellFlow,Mono,perturbation=Isoniazid,0.05226904460382594
T5c,CellFlow,Mono,perturbation=PD-0325901,0.019742863016227758
T5c,CellFlow,Mono,perturbation=TIE2 Kinase Inhibitor,0.0769002991209767
T5c,CellFlow,Mono,perturbation=TL_HRAS26,0.07762275928433712
T5c,CellFlow,Mono,perturbation=Methotrexate,0.008867998864157522
T5c,CellFlow,Mono,perturbation=LY2090314,0.10505198099196243
T5c,CellFlow,Mono,perturbation=Alvocidib,-0.07811420463328608
T5c,CellFlow,Mono,perturbation=IMD-0354,0.07129233709780994
T5c,CellFlow,Mono,perturbation=MK-5108,-0.0009973917817629875
T5c,CellFlow,Mono,perturbation=Ixabepilone,0.04562308236905768
T5c,CellFlow,Mono,perturbation=IN1451,0.3040320271476728
T5c,CellFlow,Mono,perturbation=Proscillaridin A;Proscillaridin-A,0.11051941610904682
T5c,CellFlow,Mono,perturbation=Palbociclib,0.060871585099120794
T5c,CellFlow,Mono,perturbation=Vardenafil,0.06390015837854457
T5c,CellFlow,Mono,perturbation=Disulfiram,0.06733561238210908
T5c,CellFlow,Mono,perturbation=Canertinib,0.12544702001704935
T5c,CellFlow,Mono,perturbation=Lapatinib,0.0495359488331776
T5c,CellFlow,Mono,perturbation=Linagliptin,0.07197583743241262
T5c,CellFlow,Mono,perturbation=Raloxifene,0.0835194144196615
T5c,CellFlow,Mono,perturbation=Vorinostat,0.03906074614048529
T5c,CellFlow,Mono,perturbation=Trametinib,0.05523465282945666
T5c,CellFlow,Mono,perturbation=Dasatinib,0.10376928571346786
T5c,CellFlow,Mono,perturbation=Flutamide,0.07673640268796642
T5c,CellFlow,Mono,perturbation=Idelalisib,0.06345738279480402
T5c,CellFlow,Mono,perturbation=Riociguat,0.05271405388512201
T5c,CellFlow,Mono,perturbation=Azacitidine,0.01739358490277176
T5c,CellFlow,Mono,perturbation=TGX 221,0.08930816090270076
T5c,CellFlow,Mono,perturbation=CGM-097,0.05696576965014999
T5c,CellFlow,Mono,perturbation=Clemastine,0.03662317906093556
T5c,CellFlow,Mono,perturbation=Imatinib,0.007515320388767981
T5c,CellFlow,Mono,perturbation=Tipifarnib,0.002946203016000663
T5c,CellFlow,Mono,perturbation=RG7090,0.04439454090754818
T5c,CellFlow,Mono,perturbation=CHIR-99021,0.1328348689958084
T5c,CellFlow,Mono,perturbation=TR-14035,0.027724244758258364
T5c,CellFlow,Mono,perturbation=Pitavastatin Calcium,0.117914537777734
T5c,CellFlow,Mono,perturbation=SLx-2119,-0.0494810475716627
T5c,CellFlow,Mono,perturbation=YK 4-279,0.0719953282790649
T5c,CellFlow,Mono,perturbation=SCH-58261,-0.03121746894501101
T5c,CellFlow,Mono,perturbation=BX 912,0.014266824530907737
T5c,CellFlow,Mono,perturbation=GLPG0634,0.14421570386986055
T5c,CellFlow,Mono,perturbation=Defactinib,0.12623262249724687
T5c,CellFlow,Mono,perturbation=Nilotinib,0.1116271715327312
T5c,CellFlow,Mono,perturbation=ABT737,0.1493676292441599
T5c,CellFlow,Mono,perturbation=Nefazodone,-0.006328901107549891
T5c,CellFlow,Mono,perturbation=Buspirone,0.061159891364469386
T5c,CellFlow,Mono,perturbation=Colforsin,0.02771358238944718
T5c,CellFlow,Mono,perturbation=Doxorubicin,0.15578869599866976
T5c,CellFlow,Mono,perturbation=Mubritinib (TAK 165),-0.0034220151057356802
T5c,CellFlow,Mono,perturbation=BI-D1870,0.07834176087379406
T5c,CellFlow,Mono,perturbation=AT 7867,0.08433120128909757
T5c,CellFlow,Mono,perturbation=PRT-062607,0.11313086332677096
T5c,CellFlow,Mono,perturbation=STK219801,-0.007857638810231986
T5c,CellFlow,Mono,perturbation=Midostaurin,0.01824886439900086
T5c,CellFlow,Mono,perturbation=PF-03814735,0.11950364732028242
T5c,CellFlow,Mono,perturbation=Vanoxerine,0.031748786141265355
T5c,CellFlow,Mono,perturbation=AZD3514,0.012240634144061147
T5c,CellFlow,Mono,perturbation=OSI-930,0.04449751654098704
T5c,CellFlow,Mono,perturbation=AZ628,0.08349656132734831
T5c,CellFlow,Mono,perturbation=TPCA-1,0.14532886416734858
T5c,CellFlow,Mono,perturbation=CEP-37440,-0.04521919363195965
T5c,CellFlow,Mono,perturbation=Tivantinib,0.02391598284687043
T5c,CellFlow,Mono,perturbation=AZD4547,0.0034134191261722333
T5c,CellFlow,Mono,perturbation=SB525334,0.13687961331329712
T5c,CellFlow,Mono,perturbation=HMN-214,0.06584481756128285
T5c,CellFlow,Mono,perturbation=GO-6976,0.07736593614660901
T5c,CellFlow,Mono,perturbation=AZD-8330,-0.004398555113942013
T5c,CellFlow,Mono,perturbation=MGCD-265,-0.026084874831989496
T5c,CellFlow,Mono,perturbation=GSK256066,-0.05012402100458486
T5c,CellFlow,Mono,perturbation=Tosedostat,0.06515676794515966
T5c,CellFlow,Mono,perturbation=Prednisolone,0.09386547231382432
T5c,CellFlow,Mono,perturbation=HYDROXYUREA,0.013095450413855243
T5c,CellFlow,Mono,perturbation=Decitabine,0.012365811390641551
T5c,CellFlow,Mono,perturbation=CC-401,-0.026758829170244153
T5c,CellFlow,Mono,perturbation=Saracatinib,0.03853236643416049
T5c,CellFlow,Mono,perturbation=Masitinib,0.07413687592918408
T5c,CellFlow,Mono,perturbation=GSK-1070916,0.04551279545206941
T5c,CellFlow,Mono,perturbation=R428,0.16585705745907295
T5c,CellFlow,Mono,perturbation=Colchicine,0.24313301159972595
T5c,CellFlow,Mono,perturbation=Tacalcitol,0.12825382690910264
T5c,CellFlow,Mono,perturbation=LDN 193189,0.12090171468525424
T5c,CellFlow,Mono,perturbation=Resminostat,0.03984547254339737
T5c,CellFlow,Mono,perturbation=RG7112,-0.02192514173634371
T5c,CellFlow,Mono,perturbation=Ricolinostat,0.01464422976872932
T5c,CellFlow,Mono,perturbation=Oxybenzone,-0.0058988532274240925
T5c,CellFlow,Mono,perturbation=ABT-199 (GDC-0199),0.038693790289434274
T5c,CellFlow,Mono,perturbation=Selumetinib,0.04916820046892277
T5c,CellFlow,Mono,perturbation=Cabozantinib,0.0799439404189406
T5c,CellFlow,Mono,perturbation=Crizotinib,0.05370396724380825
T5c,CellFlow,Mono,perturbation=Lamivudine,0.015534699372698609
T5c,CellFlow,Mono,perturbation=Ceritinib,0.07756225345710685
T5c,CellFlow,Mono,perturbation=Bosutinib,0.03404381760210335
T5c,CellFlow,Mono,perturbation=Vandetanib,0.1124375628571802
T5c,CellFlow,Mono,perturbation=Mometasone Furoate,0.15166103838646924
T5c,CellFlow,Mono,perturbation=Clotrimazole,0.039558894662644464
T5c,CellFlow,Mono,perturbation=UNII-BXU45ZH6LI,0.2358119524865817
T5c,CellFlow,Mono,perturbation=BMS-387032,0.14142726167834388
T5c,CellFlow,NK,perturbation=Atorvastatin,0.023629965673139516
T5c,CellFlow,NK,perturbation=5-(9-Isopropyl-8-methyl-2-morpholino-9H-purin-6-yl)pyrimidin-2-amine,0.11004782487416159
T5c,CellFlow,NK,perturbation=Topotecan,0.1430245010483175
T5c,CellFlow,NK,perturbation=BMS-265246,0.19311319192974405
T5c,CellFlow,NK,perturbation=AMD-070 (hydrochloride),0.06686392710636929
T5c,CellFlow,NK,perturbation=AT13387,0.27090947049049285
T5c,CellFlow,NK,perturbation=Desloratadine,-0.07932406759073782
T5c,CellFlow,NK,perturbation=Ganetespib (STA-9090),0.26522220629342563
T5c,CellFlow,NK,perturbation=O-Demethylated Adapalene,0.015830479202306246
T5c,CellFlow,NK,perturbation=BAY 87-2243,0.08322065728875779
T5c,CellFlow,NK,perturbation=Ruxolitinib,0.08980045350377718
T5c,CellFlow,NK,perturbation=Sgc-cbp30,0.14655971086790456
T5c,CellFlow,NK,perturbation=PF-04691502,0.0994030640549612
T5c,CellFlow,NK,perturbation=Dactolisib,0.07273552038823324
T5c,CellFlow,NK,perturbation=Alogliptin,0.011362967364084707
T5c,CellFlow,NK,perturbation=Clomipramine,0.020240521601982073
T5c,CellFlow,NK,perturbation=Protriptyline,-0.0200671425732798
T5c,CellFlow,NK,perturbation=Phenylbutazone,0.023568523483831438
T5c,CellFlow,NK,perturbation=Pomalidomide,0.13153207376042836
T5c,CellFlow,NK,perturbation=FK 866,0.112116088942683
T5c,CellFlow,NK,perturbation=Perhexiline,0.04853176616206174
T5c,CellFlow,NK,perturbation=BMS-536924,0.05811522345021506
T5c,CellFlow,NK,perturbation=Penfluridol,0.017278920579065226
T5c,CellFlow,NK,perturbation=Sunitinib,0.04643465985388095
T5c,CellFlow,NK,perturbation=I-BET151,0.20213663784283994
T5c,CellFlow,NK,perturbation=K-02288,0.04732284478287456
T5c,CellFlow,NK,perturbation=Dovitinib,0.04515181374614066
T5c,CellFlow,NK,perturbation=Chlorpheniramine,0.043356431095146274
T5c,CellFlow,NK,perturbation=UNII-BXU45ZH6LI,0.09864452476963935
T5c,CellFlow,NK,perturbation=IKK Inhibitor VII,0.04817604954301039
T5c,CellFlow,NK,perturbation=Quizartinib,0.06861457750000291
T5c,CellFlow,NK,perturbation=Tivozanib,0.0971804527062289
T5c,CellFlow,NK,perturbation=Foretinib,0.063326291467394
T5c,CellFlow,NK,perturbation=BMS-777607,0.02746237416789422
T5c,CellFlow,NK,perturbation=AVL-292,0.04245583714848459
T5c,CellFlow,NK,perturbation=Scriptaid,0.22565497374404445
T5c,CellFlow,NK,perturbation=RVX-208,0.05502025321604468
T5c,CellFlow,NK,perturbation=Amiodarone,-0.05510392783137323
T5c,CellFlow,NK,perturbation=RN-486,0.05248550490182383
T5c,CellFlow,NK,perturbation=Tamatinib,0.12491452012530448
T5c,CellFlow,NK,perturbation=GW843682X,0.07745116263246489
T5c,CellFlow,NK,perturbation=Porcn Inhibitor III,0.16297796622814176
T5c,CellFlow,NK,perturbation=Navitoclax,0.05302856281120822
T5c,CellFlow,NK,perturbation=BAY 61-3606,0.2769884970323214
T5c,CellFlow,NK,perturbation=Ketoconazole,0.25383646047224
T5c,CellFlow,NK,perturbation=Isoniazid,-0.038269424928320146
T5c,CellFlow,NK,perturbation=PD-0325901,-0.020601475550183913
T5c,CellFlow,NK,perturbation=TIE2 Kinase Inhibitor,0.030758498732746248
T5c,CellFlow,NK,perturbation=CGP 60474,-0.014327960509684358
T5c,CellFlow,NK,perturbation=BMS-387032,0.2866325902198339
T5c,CellFlow,NK,perturbation=TL_HRAS26,0.0545584354166177
T5c,CellFlow,NK,perturbation=Methotrexate,0.16478003363673985
T5c,CellFlow,NK,perturbation=LY2090314,0.11663562750625157
T5c,CellFlow,NK,perturbation=Alvocidib,0.09577406112729239
T5c,CellFlow,NK,perturbation=IMD-0354,0.1517787892798882
T5c,CellFlow,NK,perturbation=MK-5108,0.04206195277861862
T5c,CellFlow,NK,perturbation=Ixabepilone,0.0044503615746347685
T5c,CellFlow,NK,perturbation=IN1451,0.3924833566192841
T5c,CellFlow,NK,perturbation=Proscillaridin A;Proscillaridin-A,0.23501219507384902
T5c,CellFlow,NK,perturbation=Palbociclib,0.10415943128017582
T5c,CellFlow,NK,perturbation=Vardenafil,-0.015115963844966907
T5c,CellFlow,NK,perturbation=Disulfiram,-0.007430884997850589
T5c,CellFlow,NK,perturbation=Canertinib,0.024402515386387373
T5c,CellFlow,NK,perturbation=Lapatinib,0.10776730068609035
T5c,CellFlow,NK,perturbation=Linagliptin,0.019296826029290122
T5c,CellFlow,NK,perturbation=Raloxifene,0.19341716217386973
T5c,CellFlow,NK,perturbation=Vorinostat,0.12217758779394138
T5c,CellFlow,NK,perturbation=Trametinib,0.05778887109379785
T5c,CellFlow,NK,perturbation=Dasatinib,0.069316650991586
T5c,CellFlow,NK,perturbation=Flutamide,0.018887946354761116
T5c,CellFlow,NK,perturbation=Idelalisib,0.0114321523619159
T5c,CellFlow,NK,perturbation=Riociguat,0.09826373715906433
T5c,CellFlow,NK,perturbation=Azacitidine,0.07765365080104407
T5c,CellFlow,NK,perturbation=TGX 221,0.030616545580901315
T5c,CellFlow,NK,perturbation=CGM-097,0.26659701204750813
T5c,CellFlow,NK,perturbation=Clemastine,0.025135980393069836
T5c,CellFlow,NK,perturbation=Imatinib,0.0521365248572211
T5c,CellFlow,NK,perturbation=Tipifarnib,0.02358368264987667
T5c,CellFlow,NK,perturbation=RG7090,0.14420227020954843
T5c,CellFlow,NK,perturbation=CHIR-99021,0.1768489951866595
T5c,CellFlow,NK,perturbation=TR-14035,0.04323344291101677
T5c,CellFlow,NK,perturbation=Pitavastatin Calcium,0.34536240792199113
T5c,CellFlow,NK,perturbation=SLx-2119,0.1308653972488995
T5c,CellFlow,NK,perturbation=YK 4-279,0.176996176570946
T5c,CellFlow,NK,perturbation=SCH-58261,0.07012170214682978
T5c,CellFlow,NK,perturbation=BX 912,-0.0005265444058813601
T5c,CellFlow,NK,perturbation=GLPG0634,0.12122526947432972
T5c,CellFlow,NK,perturbation=Defactinib,0.1595915596433087
T5c,CellFlow,NK,perturbation=Nilotinib,0.055427614555285436
T5c,CellFlow,NK,perturbation=ABT737,0.05253233324297988
T5c,CellFlow,NK,perturbation=Nefazodone,0.07568906816063559
T5c,CellFlow,NK,perturbation=Buspirone,0.06571688569362251
T5c,CellFlow,NK,perturbation=Colforsin,0.026101313418331197
T5c,CellFlow,NK,perturbation=Doxorubicin,0.124640173796031
T5c,CellFlow,NK,perturbation=Mubritinib (TAK 165),0.17826982392016838
T5c,CellFlow,NK,perturbation=BI-D1870,0.11539194516877246
T5c,CellFlow,NK,perturbation=AT 7867,0.08073441436363384
T5c,CellFlow,NK,perturbation=PRT-062607,0.09613257801492674
T5c,CellFlow,NK,perturbation=STK219801,0.1020224215712184
T5c,CellFlow,NK,perturbation=Midostaurin,0.027270696255172516
T5c,CellFlow,NK,perturbation=PF-03814735,0.146151677738482
T5c,CellFlow,NK,perturbation=Vanoxerine,0.04668554320823868
T5c,CellFlow,NK,perturbation=AZD3514,0.17681725695117803
T5c,CellFlow,NK,perturbation=OSI-930,0.09177793417738146
T5c,CellFlow,NK,perturbation=AZ628,0.040038397542038806
T5c,CellFlow,NK,perturbation=TPCA-1,0.14826905383810685
T5c,CellFlow,NK,perturbation=CEP-37440,0.08103304185814038
T5c,CellFlow,NK,perturbation=Tivantinib,0.04250805870411614
T5c,CellFlow,NK,perturbation=AZD4547,0.0749225230064419
T5c,CellFlow,NK,perturbation=SB525334,0.16064244982385517
T5c,CellFlow,NK,perturbation=HMN-214,0.21537345934588378
T5c,CellFlow,NK,perturbation=GO-6976,0.21765054619088642
T5c,CellFlow,NK,perturbation=AZD-8330,0.058910820542537615
T5c,CellFlow,NK,perturbation=MGCD-265,0.10230111659729807
T5c,CellFlow,NK,perturbation=GSK256066,0.13505798673456326
T5c,CellFlow,NK,perturbation=Tosedostat,0.07133328091890598
T5c,CellFlow,NK,perturbation=Prednisolone,0.0921076212442182
T5c,CellFlow,NK,perturbation=HYDROXYUREA,0.018561696552765752
T5c,CellFlow,NK,perturbation=Decitabine,0.09470895555649132
T5c,CellFlow,NK,perturbation=CC-401,0.14905373083807874
T5c,CellFlow,NK,perturbation=Saracatinib,0.08602874001310472
T5c,CellFlow,NK,perturbation=Masitinib,0.05975042097933401
T5c,CellFlow,NK,perturbation=GSK-1070916,0.005955376135780346
T5c,CellFlow,NK,perturbation=R428,0.14957601378195876
T5c,CellFlow,NK,perturbation=Colchicine,0.051320330065020764
T5c,CellFlow,NK,perturbation=Tacalcitol,0.08018784059471051
T5c,CellFlow,NK,perturbation=LDN 193189,0.07271216935749565
T5c,CellFlow,NK,perturbation=Resminostat,0.21305167084208226
T5c,CellFlow,NK,perturbation=RG7112,0.044414126727232155
T5c,CellFlow,NK,perturbation=Ricolinostat,0.043488917809641196
T5c,CellFlow,NK,perturbation=Oxybenzone,0.05803113622443891
T5c,CellFlow,NK,perturbation=ABT-199 (GDC-0199),0.0651189398006796
T5c,CellFlow,NK,perturbation=Selumetinib,0.06526366908524643
T5c,CellFlow,NK,perturbation=Cabozantinib,0.18495473341775992
T5c,CellFlow,NK,perturbation=Crizotinib,0.1149366538507165
T5c,CellFlow,NK,perturbation=Lamivudine,0.058064586060240675
T5c,CellFlow,NK,perturbation=Ceritinib,0.018655026183811974
T5c,CellFlow,NK,perturbation=Bosutinib,0.1853087149451054
T5c,CellFlow,NK,perturbation=Vandetanib,0.04827257842891556
T5c,CellFlow,NK,perturbation=Mometasone Furoate,0.15658250934280432
T5c,CellFlow,NK,perturbation=Clotrimazole,0.047875940671102256
T5c,CellFlow,T_cells,perturbation=Atorvastatin,0.11536270895232399
T5c,CellFlow,T_cells,perturbation=5-(9-Isopropyl-8-methyl-2-morpholino-9H-purin-6-yl)pyrimidin-2-amine,0.2376808256215603
T5c,CellFlow,T_cells,perturbation=Topotecan,0.1804749056887452
T5c,CellFlow,T_cells,perturbation=BMS-265246,0.14078632041244823
T5c,CellFlow,T_cells,perturbation=AMD-070 (hydrochloride),0.1238253690272382
T5c,CellFlow,T_cells,perturbation=AT13387,0.2863922061881222
T5c,CellFlow,T_cells,perturbation=Desloratadine,0.11903412385086144
T5c,CellFlow,T_cells,perturbation=Ganetespib (STA-9090),0.26186905454093545
T5c,CellFlow,T_cells,perturbation=O-Demethylated Adapalene,0.1607691271656174
T5c,CellFlow,T_cells,perturbation=BAY 87-2243,0.16158756539795746
T5c,CellFlow,T_cells,perturbation=Ruxolitinib,0.21220788444707894
T5c,CellFlow,T_cells,perturbation=Sgc-cbp30,0.14395108314932775
T5c,CellFlow,T_cells,perturbation=PF-04691502,0.20113534270653785
T5c,CellFlow,T_cells,perturbation=Dactolisib,0.2629934142530357
T5c,CellFlow,T_cells,perturbation=Alogliptin,0.07595259676811361
T5c,CellFlow,T_cells,perturbation=Clomipramine,0.07469680492498966
T5c,CellFlow,T_cells,perturbation=Protriptyline,0.10862569144754104
T5c,CellFlow,T_cells,perturbation=Phenylbutazone,0.07830771715137526
T5c,CellFlow,T_cells,perturbation=Pomalidomide,0.024379882846320377
T5c,CellFlow,T_cells,perturbation=FK 866,0.1345962944919379
T5c,CellFlow,T_cells,perturbation=Perhexiline,0.2642197162764967
T5c,CellFlow,T_cells,perturbation=BMS-536924,0.1938550136750316
T5c,CellFlow,T_cells,perturbation=Penfluridol,0.11042685160454123
T5c,CellFlow,T_cells,perturbation=Sunitinib,0.23371665810457898
T5c,CellFlow,T_cells,perturbation=I-BET151,0.09203590870664867
T5c,CellFlow,T_cells,perturbation=K-02288,0.0999157482712217
T5c,CellFlow,T_cells,perturbation=Dovitinib,0.06455449689852863
T5c,CellFlow,T_cells,perturbation=Chlorpheniramine,0.1387187037266274
T5c,CellFlow,T_cells,perturbation=UNII-BXU45ZH6LI,0.10794404007537156
T5c,CellFlow,T_cells,perturbation=IKK Inhibitor VII,0.17345493053402056
T5c,CellFlow,T_cells,perturbation=Quizartinib,0.12270742472231794
T5c,CellFlow,T_cells,perturbation=Tivozanib,0.06351703211888228
T5c,CellFlow,T_cells,perturbation=Foretinib,0.1583161736565091
T5c,CellFlow,T_cells,perturbation=BMS-777607,0.10528976538223761
T5c,CellFlow,T_cells,perturbation=AVL-292,0.18640022839417497
T5c,CellFlow,T_cells,perturbation=Scriptaid,0.1439721959436158
T5c,CellFlow,T_cells,perturbation=RVX-208,0.08551245073199058
T5c,CellFlow,T_cells,perturbation=Amiodarone,0.1387357276023702
T5c,CellFlow,T_cells,perturbation=RN-486,0.05215507998282021
T5c,CellFlow,T_cells,perturbation=Tamatinib,0.23533592590004232
T5c,CellFlow,T_cells,perturbation=GW843682X,0.05208712219084197
T5c,CellFlow,T_cells,perturbation=Porcn Inhibitor III,0.18897655694014384
T5c,CellFlow,T_cells,perturbation=Navitoclax,0.053128012485797516
T5c,CellFlow,T_cells,perturbation=BAY 61-3606,0.1847040536562427
T5c,CellFlow,T_cells,perturbation=Ketoconazole,0.3357239347269437
T5c,CellFlow,T_cells,perturbation=Isoniazid,0.05009433087746476
T5c,CellFlow,T_cells,perturbation=PD-0325901,0.11860345832030342
T5c,CellFlow,T_cells,perturbation=TIE2 Kinase Inhibitor,0.08001878744746067
T5c,CellFlow,T_cells,perturbation=CGP 60474,0.29973687549867695
T5c,CellFlow,T_cells,perturbation=BMS-387032,0.24862750532490405
T5c,CellFlow,T_cells,perturbation=TL_HRAS26,0.10428309970084527
T5c,CellFlow,T_cells,perturbation=Methotrexate,0.1773849226001529
T5c,CellFlow,T_cells,perturbation=LY2090314,0.08062836306177303
T5c,CellFlow,T_cells,perturbation=Alvocidib,0.3108071969644147
T5c,CellFlow,T_cells,perturbation=IMD-0354,0.1995335302858898
T5c,CellFlow,T_cells,perturbation=MK-5108,0.10374620484525361
T5c,CellFlow,T_cells,perturbation=Ixabepilone,0.052435929551499144
T5c,CellFlow,T_cells,perturbation=IN1451,0.189059949071135
T5c,CellFlow,T_cells,perturbation=Proscillaridin A;Proscillaridin-A,0.049285301297471856
T5c,CellFlow,T_cells,perturbation=Palbociclib,0.16846824399245505
T5c,CellFlow,T_cells,perturbation=Vardenafil,0.12204220354293069
T5c,CellFlow,T_cells,perturbation=Disulfiram,0.05254034359536967
T5c,CellFlow,T_cells,perturbation=Canertinib,0.11569082679835144
T5c,CellFlow,T_cells,perturbation=Lapatinib,0.07533775092008949
T5c,CellFlow,T_cells,perturbation=Linagliptin,0.1328001931909377
T5c,CellFlow,T_cells,perturbation=Raloxifene,0.20640007992666856
T5c,CellFlow,T_cells,perturbation=Vorinostat,0.05331401550867812
T5c,CellFlow,T_cells,perturbation=Trametinib,0.16145562976788602
T5c,CellFlow,T_cells,perturbation=Dasatinib,0.2753601007712549
T5c,CellFlow,T_cells,perturbation=Flutamide,0.044699564971288575
T5c,CellFlow,T_cells,perturbation=Idelalisib,0.11954701414832108
T5c,CellFlow,T_cells,perturbation=Riociguat,0.1101071368817512
T5c,CellFlow,T_cells,perturbation=Azacitidine,0.13516248265746164
T5c,CellFlow,T_cells,perturbation=TGX 221,0.20290579647573356
T5c,CellFlow,T_cells,perturbation=CGM-097,0.2651991652091204
T5c,CellFlow,T_cells,perturbation=Clemastine,0.11271511762869892
T5c,CellFlow,T_cells,perturbation=Imatinib,0.09425647675434216
T5c,CellFlow,T_cells,perturbation=Tipifarnib,0.1726315483575996
T5c,CellFlow,T_cells,perturbation=RG7090,0.22120333357612162
T5c,CellFlow,T_cells,perturbation=CHIR-99021,0.13698630532962658
T5c,CellFlow,T_cells,perturbation=TR-14035,0.14902850379157392
T5c,CellFlow,T_cells,perturbation=Pitavastatin Calcium,0.3213586978481674
T5c,CellFlow,T_cells,perturbation=SLx-2119,0.12324080563150241
T5c,CellFlow,T_cells,perturbation=YK 4-279,0.32868725339617205
T5c,CellFlow,T_cells,perturbation=SCH-58261,0.14035337819584348
T5c,CellFlow,T_cells,perturbation=BX 912,0.1282965500865551
T5c,CellFlow,T_cells,perturbation=GLPG0634,0.20938497301250966
T5c,CellFlow,T_cells,perturbation=Defactinib,0.1448100469911318
T5c,CellFlow,T_cells,perturbation=Nilotinib,0.15709551482944809
T5c,CellFlow,T_cells,perturbation=ABT737,0.06280547882615586
T5c,CellFlow,T_cells,perturbation=Nefazodone,0.1553063827936787
T5c,CellFlow,T_cells,perturbation=Buspirone,0.16719614328162194
T5c,CellFlow,T_cells,perturbation=Colforsin,0.14758904887941163
T5c,CellFlow,T_cells,perturbation=Doxorubicin,0.10988726895832075
T5c,CellFlow,T_cells,perturbation=Mubritinib (TAK 165),0.2051065260125579
T5c,CellFlow,T_cells,perturbation=BI-D1870,0.20342202892384498
T5c,CellFlow,T_cells,perturbation=AT 7867,0.14052087437753225
T5c,CellFlow,T_cells,perturbation=PRT-062607,0.23168459131975078
T5c,CellFlow,T_cells,perturbation=STK219801,0.1431353618720801
T5c,CellFlow,T_cells,perturbation=Midostaurin,0.19579123922318065
T5c,CellFlow,T_cells,perturbation=PF-03814735,0.19432516813039394
T5c,CellFlow,T_cells,perturbation=Vanoxerine,0.120431540672012
T5c,CellFlow,T_cells,perturbation=AZD3514,0.13467496643899837
T5c,CellFlow,T_cells,perturbation=OSI-930,0.10193932361304926
T5c,CellFlow,T_cells,perturbation=AZ628,0.20596079914996387
T5c,CellFlow,T_cells,perturbation=TPCA-1,0.22942584916975017
T5c,CellFlow,T_cells,perturbation=CEP-37440,0.18261983347794
T5c,CellFlow,T_cells,perturbation=Tivantinib,0.1443466464323992
T5c,CellFlow,T_cells,perturbation=AZD4547,0.12722019311777327
T5c,CellFlow,T_cells,perturbation=SB525334,0.2076927655697838
T5c,CellFlow,T_cells,perturbation=HMN-214,0.2464067319629551
T5c,CellFlow,T_cells,perturbation=GO-6976,0.20950991073293218
T5c,CellFlow,T_cells,perturbation=AZD-8330,0.19300991072007923
T5c,CellFlow,T_cells,perturbation=MGCD-265,0.14429095765609032
T5c,CellFlow,T_cells,perturbation=GSK256066,0.22326704772402198
T5c,CellFlow,T_cells,perturbation=Tosedostat,0.09240458418597965
T5c,CellFlow,T_cells,perturbation=Prednisolone,0.21238227656924902
T5c,CellFlow,T_cells,perturbation=HYDROXYUREA,0.10792377084870622
T5c,CellFlow,T_cells,perturbation=Decitabine,0.08379989381205703
T5c,CellFlow,T_cells,perturbation=CC-401,0.2156432208818137
T5c,CellFlow,T_cells,perturbation=Saracatinib,0.1825862956845145
T5c,CellFlow,T_cells,perturbation=Masitinib,0.09920919533075165
T5c,CellFlow,T_cells,perturbation=GSK-1070916,0.11888206460661323
T5c,CellFlow,T_cells,perturbation=R428,0.11260499815142079
T5c,CellFlow,T_cells,perturbation=Colchicine,0.25143826912071127
T5c,CellFlow,T_cells,perturbation=Tacalcitol,0.1426150185305458
T5c,CellFlow,T_cells,perturbation=LDN 193189,0.051491238471285936
T5c,CellFlow,T_cells,perturbation=Resminostat,0.1381158494197893
T5c,CellFlow,T_cells,perturbation=RG7112,0.1337692425046369
T5c,CellFlow,T_cells,perturbation=Ricolinostat,0.14772801585175183
T5c,CellFlow,T_cells,perturbation=Oxybenzone,0.09998621853651905
T5c,CellFlow,T_cells,perturbation=ABT-199 (GDC-0199),0.0879676349294008
T5c,CellFlow,T_cells,perturbation=Selumetinib,0.20448996029251768
T5c,CellFlow,T_cells,perturbation=Cabozantinib,0.1659392480006364
T5c,CellFlow,T_cells,perturbation=Crizotinib,0.18732077285033208
T5c,CellFlow,T_cells,perturbation=Lamivudine,0.11035047518289394
T5c,CellFlow,T_cells,perturbation=Ceritinib,0.08815702880826816
T5c,CellFlow,T_cells,perturbation=Bosutinib,0.2153742318687416
T5c,CellFlow,T_cells,perturbation=Vandetanib,0.10099804986783767
T5c,CellFlow,T_cells,perturbation=Mometasone Furoate,0.29628286942228876
T5c,CellFlow,T_cells,perturbation=Clotrimazole,0.14405976276351415
T5c,PRnet,B,perturbation=Atorvastatin,0.05586552037067064
T5c,PRnet,B,perturbation=5-(9-Isopropyl-8-methyl-2-morpholino-9H-purin-6-yl)pyrimidin-2-amine,0.29952122583176816
T5c,PRnet,B,perturbation=Topotecan,0.09518793384072852
T5c,PRnet,B,perturbation=BMS-265246,0.10061343413250286
T5c,PRnet,B,perturbation=AMD-070 (hydrochloride),0.09253907633567147
T5c,PRnet,B,perturbation=AT13387,0.4107777956197393
T5c,PRnet,B,perturbation=Desloratadine,0.018755395222717595
T5c,PRnet,B,perturbation=Ganetespib (STA-9090),0.43075458745342343
T5c,PRnet,B,perturbation=O-Demethylated Adapalene,0.04879177597598321
T5c,PRnet,B,perturbation=BAY 87-2243,0.18683256581193428
T5c,PRnet,B,perturbation=Ruxolitinib,0.3060555518916837
T5c,PRnet,B,perturbation=Sgc-cbp30,0.1528421612054055
T5c,PRnet,B,perturbation=PF-04691502,0.212046986944029
T5c,PRnet,B,perturbation=Dactolisib,0.28073294302952045
T5c,PRnet,B,perturbation=Alogliptin,-0.011209208088599982
T5c,PRnet,B,perturbation=Clomipramine,0.09716037049108316
T5c,PRnet,B,perturbation=Protriptyline,0.04048549525411469
T5c,PRnet,B,perturbation=Phenylbutazone,0.015460902024015042
T5c,PRnet,B,perturbation=Pomalidomide,0.07102974100237311
T5c,PRnet,B,perturbation=FK 866,0.17675715454649457
T5c,PRnet,B,perturbation=Perhexiline,0.1945972969580019
T5c,PRnet,B,perturbation=BMS-536924,0.25587199303137487
T5c,PRnet,B,perturbation=Penfluridol,0.010487519551279805
T5c,PRnet,B,perturbation=Sunitinib,0.07798739969853218
T5c,PRnet,B,perturbation=I-BET151,0.15432424848660728
T5c,PRnet,B,perturbation=K-02288,0.07765665912205254
T5c,PRnet,B,perturbation=Dovitinib,0.07993402225772621
T5c,PRnet,B,perturbation=Chlorpheniramine,0.05421415997871518
T5c,PRnet,B,perturbation=UNII-BXU45ZH6LI,0.2206656254691047
T5c,PRnet,B,perturbation=IKK Inhibitor VII,0.2234414051395061
T5c,PRnet,B,perturbation=Quizartinib,0.005665574068110627
T5c,PRnet,B,perturbation=Tivozanib,0.056808434669319306
T5c,PRnet,B,perturbation=Foretinib,0.18520375567508837
T5c,PRnet,B,perturbation=BMS-777607,0.12950045698503732
T5c,PRnet,B,perturbation=AVL-292,0.21038428703806167
T5c,PRnet,B,perturbation=Scriptaid,0.15036212870526997
T5c,PRnet,B,perturbation=RVX-208,0.054886005236502194
T5c,PRnet,B,perturbation=Amiodarone,-0.014131632120297383
T5c,PRnet,B,perturbation=RN-486,0.010213051427962128
T5c,PRnet,B,perturbation=Tamatinib,0.26686553832098603
T5c,PRnet,B,perturbation=GW843682X,0.029540341813249486
T5c,PRnet,B,perturbation=Porcn Inhibitor III,0.06884858082136583
T5c,PRnet,B,perturbation=Navitoclax,0.06827359664163091
T5c,PRnet,B,perturbation=BAY 61-3606,0.25285444753646735
T5c,PRnet,B,perturbation=Ketoconazole,0.14482848755750583
T5c,PRnet,B,perturbation=Isoniazid,0.03135339020035811
T5c,PRnet,B,perturbation=PD-0325901,0.15015894683056905
T5c,PRnet,B,perturbation=TIE2 Kinase Inhibitor,0.008437503473547428
T5c,PRnet,B,perturbation=BMS-387032,0.20238412152557372
T5c,PRnet,B,perturbation=TL_HRAS26,0.06951742733184858
T5c,PRnet,B,perturbation=Methotrexate,0.0613579311974488
T5c,PRnet,B,perturbation=LY2090314,0.07099456936747374
T5c,PRnet,B,perturbation=Alvocidib,0.1296994200307051
T5c,PRnet,B,perturbation=IMD-0354,0.2492525264769766
T5c,PRnet,B,perturbation=MK-5108,0.01757151869762698
T5c,PRnet,B,perturbation=Ixabepilone,0.04057046929411954
T5c,PRnet,B,perturbation=IN1451,0.654011918038966
T5c,PRnet,B,perturbation=Proscillaridin A;Proscillaridin-A,0.28391953708006806
T5c,PRnet,B,perturbation=Palbociclib,0.08512507999054385
T5c,PRnet,B,perturbation=Vardenafil,0.10423701665689955
T5c,PRnet,B,perturbation=Disulfiram,-0.022653129239213574
T5c,PRnet,B,perturbation=Canertinib,-0.026538069249604498
T5c,PRnet,B,perturbation=Lapatinib,-0.021931690918490402
T5c,PRnet,B,perturbation=Linagliptin,-0.019980922021590623
T5c,PRnet,B,perturbation=Raloxifene,0.09441306910974293
T5c,PRnet,B,perturbation=Vorinostat,0.1308755056378898
T5c,PRnet,B,perturbation=Trametinib,0.09012520336734037
T5c,PRnet,B,perturbation=Dasatinib,0.33987668537586985
T5c,PRnet,B,perturbation=Flutamide,0.04124540704921277
T5c,PRnet,B,perturbation=Idelalisib,0.12466357885408995
T5c,PRnet,B,perturbation=Riociguat,0.058469445710828766
T5c,PRnet,B,perturbation=Azacitidine,0.10232961534324635
T5c,PRnet,B,perturbation=TGX 221,0.19575740900816746
T5c,PRnet,B,perturbation=CGM-097,0.16086819635923771
T5c,PRnet,B,perturbation=Clemastine,0.16996208916663683
T5c,PRnet,B,perturbation=Imatinib,0.017778106486026693
T5c,PRnet,B,perturbation=Tipifarnib,0.10534916412167322
T5c,PRnet,B,perturbation=RG7090,0.0895135724748313
T5c,PRnet,B,perturbation=CHIR-99021,0.03594082308053542
T5c,PRnet,B,perturbation=TR-14035,0.060032937459517155
T5c,PRnet,B,perturbation=Pitavastatin Calcium,0.2968325819853684
T5c,PRnet,B,perturbation=SLx-2119,0.05933254131430896
T5c,PRnet,B,perturbation=YK 4-279,0.09642783745045747
T5c,PRnet,B,perturbation=SCH-58261,0.042835089941245325
T5c,PRnet,B,perturbation=BX 912,0.07849491415785091
T5c,PRnet,B,perturbation=GLPG0634,0.24165265833483945
T5c,PRnet,B,perturbation=Defactinib,0.1412194612025162
T5c,PRnet,B,perturbation=Nilotinib,0.23547991118610334
T5c,PRnet,B,perturbation=ABT737,0.014340641205789286
T5c,PRnet,B,perturbation=Nefazodone,0.10244213641152669
T5c,PRnet,B,perturbation=Buspirone,0.1311612700165263
T5c,PRnet,B,perturbation=Colforsin,0.04134139088875355
T5c,PRnet,B,perturbation=Doxorubicin,0.16480052712538637
T5c,PRnet,B,perturbation=Mubritinib (TAK 165),0.08196122688943328
T5c,PRnet,B,perturbation=BI-D1870,0.07948321307727747
T5c,PRnet,B,perturbation=AT 7867,0.20489391151617703
T5c,PRnet,B,perturbation=PRT-062607,0.2645185070371645
T5c,PRnet,B,perturbation=STK219801,0.07592168226713941
T5c,PRnet,B,perturbation=Midostaurin,0.22054074841144014
T5c,PRnet,B,perturbation=PF-03814735,0.34614929746690914
T5c,PRnet,B,perturbation=Vanoxerine,0.08462246430183964
T5c,PRnet,B,perturbation=AZD3514,0.06227436262235651
T5c,PRnet,B,perturbation=OSI-930,0.034918242901763596
T5c,PRnet,B,perturbation=AZ628,0.23440219073406193
T5c,PRnet,B,perturbation=TPCA-1,0.32710020457207045
T5c,PRnet,B,perturbation=CEP-37440,0.18080071127475192
T5c,PRnet,B,perturbation=Tivantinib,0.12151083651699965
T5c,PRnet,B,perturbation=AZD4547,0.09390417008847618
T5c,PRnet,B,perturbation=SB525334,0.11270906060486346
T5c,PRnet,B,perturbation=HMN-214,0.08802454498466453
T5c,PRnet,B,perturbation=GO-6976,0.16891304835731175
T5c,PRnet,B,perturbation=AZD-8330,0.09141514029530978
T5c,PRnet,B,perturbation=MGCD-265,0.12943084567664262
T5c,PRnet,B,perturbation=GSK256066,0.09683281035989047
T5c,PRnet,B,perturbation=Tosedostat,0.03580773297872922
T5c,PRnet,B,perturbation=Prednisolone,0.3714097390145305
T5c,PRnet,B,perturbation=HYDROXYUREA,0.037839904511198036
T5c,PRnet,B,perturbation=Decitabine,-0.015063944748789092
T5c,PRnet,B,perturbation=CC-401,0.17870770493348132
T5c,PRnet,B,perturbation=Saracatinib,0.23631350250040672
T5c,PRnet,B,perturbation=Masitinib,0.1115306414938823
T5c,PRnet,B,perturbation=GSK-1070916,0.12134248014088665
T5c,PRnet,B,perturbation=R428,0.23288092889164677
T5c,PRnet,B,perturbation=Colchicine,0.21953710209276517
T5c,PRnet,B,perturbation=Tacalcitol,0.18778580728827704
T5c,PRnet,B,perturbation=LDN 193189,0.00955731065836951
T5c,PRnet,B,perturbation=Resminostat,0.15736518160976926
T5c,PRnet,B,perturbation=RG7112,0.03733202384936395
T5c,PRnet,B,perturbation=Ricolinostat,0.09139433092928283
T5c,PRnet,B,perturbation=Oxybenzone,0.031209123050835254
T5c,PRnet,B,perturbation=ABT-199 (GDC-0199),0.13633309453267498
T5c,PRnet,B,perturbation=Selumetinib,0.1591731796868316
T5c,PRnet,B,perturbation=Cabozantinib,0.10727330775814137
T5c,PRnet,B,perturbation=Crizotinib,0.2452607679208727
T5c,PRnet,B,perturbation=Lamivudine,0.15307752394779336
T5c,PRnet,B,perturbation=Ceritinib,0.11976752388449992
T5c,PRnet,B,perturbation=Bosutinib,0.33553720032608114
T5c,PRnet,B,perturbation=Vandetanib,0.05946524893580948
T5c,PRnet,B,perturbation=Mometasone Furoate,0.45893353547760174
T5c,PRnet,B,perturbation=Clotrimazole,0.10619443001716884
T5c,PRnet,B,perturbation=CGP 60474,0.1736005723185751
T5c,PRnet,Mono,perturbation=Atorvastatin,-0.13301751490749542
T5c,PRnet,Mono,perturbation=5-(9-Isopropyl-8-methyl-2-morpholino-9H-purin-6-yl)pyrimidin-2-amine,0.379184805157091
T5c,PRnet,Mono,perturbation=Topotecan,0.079201172591052
T5c,PRnet,Mono,perturbation=BMS-265246,-0.05996040723184
T5c,PRnet,Mono,perturbation=AMD-070 (hydrochloride),-0.090717012533787
T5c,PRnet,Mono,perturbation=AT13387,0.3771341131859071
T5c,PRnet,Mono,perturbation=Desloratadine,-0.10755954572776105
T5c,PRnet,Mono,perturbation=Ganetespib (STA-9090),0.4126217320242337
T5c,PRnet,Mono,perturbation=O-Demethylated Adapalene,0.11089182713103118
T5c,PRnet,Mono,perturbation=BAY 87-2243,0.09523849133826072
T5c,PRnet,Mono,perturbation=Ruxolitinib,0.16786088201603155
T5c,PRnet,Mono,perturbation=Sgc-cbp30,0.2312777177412718
T5c,PRnet,Mono,perturbation=PF-04691502,0.18927412689395132
T5c,PRnet,Mono,perturbation=Dactolisib,0.39913177279576534
T5c,PRnet,Mono,perturbation=Alogliptin,-0.01968335553341603
T5c,PRnet,Mono,perturbation=Clomipramine,0.015012186475632011
T5c,PRnet,Mono,perturbation=Protriptyline,-0.03749414814025568
T5c,PRnet,Mono,perturbation=Phenylbutazone,-0.07875968072341173
T5c,PRnet,Mono,perturbation=Pomalidomide,-0.16975033680162252
T5c,PRnet,Mono,perturbation=FK 866,0.22788509535371437
T5c,PRnet,Mono,perturbation=Perhexiline,0.1424524251397794
T5c,PRnet,Mono,perturbation=BMS-536924,0.21770606831020584
T5c,PRnet,Mono,perturbation=Penfluridol,0.04000150540010924
T5c,PRnet,Mono,perturbation=Sunitinib,-0.028978834690133647
T5c,PRnet,Mono,perturbation=I-BET151,0.16303714250361687
T5c,PRnet,Mono,perturbation=K-02288,-0.07889757894324145
T5c,PRnet,Mono,perturbation=Dovitinib,-0.05868492945579536
T5c,PRnet,Mono,perturbation=Chlorpheniramine,-0.10867420856039
T5c,PRnet,Mono,perturbation=IKK Inhibitor VII,0.18297863317743054
T5c,PRnet,Mono,perturbation=Quizartinib,0.00425615511184827
T5c,PRnet,Mono,perturbation=Tivozanib,-0.0486980919110434
T5c,PRnet,Mono,perturbation=Foretinib,0.16706300905572993
T5c,PRnet,Mono,perturbation=BMS-777607,0.07657095730086677
T5c,PRnet,Mono,perturbation=AVL-292,0.025911174216574902
T5c,PRnet,Mono,perturbation=Scriptaid,0.2292048868600617
T5c,PRnet,Mono,perturbation=RVX-208,0.014090135069400775
T5c,PRnet,Mono,perturbation=Amiodarone,-0.0574686529657579
T5c,PRnet,Mono,perturbation=RN-486,0.1422373763452143
T5c,PRnet,Mono,perturbation=Tamatinib,0.2392103196886038
T5c,PRnet,Mono,perturbation=GW843682X,-0.03980007264496601
T5c,PRnet,Mono,perturbation=Porcn Inhibitor III,-0.07975253828975332
T5c,PRnet,Mono,perturbation=Navitoclax,-0.17818839551352492
T5c,PRnet,Mono,perturbation=BAY 61-3606,0.19118323998090642
T5c,PRnet,Mono,perturbation=Ketoconazole,0.17873795657210545
T5c,PRnet,Mono,perturbation=Isoniazid,-0.029860149315416546
T5c,PRnet,Mono,perturbation=PD-0325901,0.07267393638326378
T5c,PRnet,Mono,perturbation=TIE2 Kinase Inhibitor,-0.11667852161175808
T5c,PRnet,Mono,perturbation=TL_HRAS26,-0.08972844134293874
T5c,PRnet,Mono,perturbation=Methotrexate,0.07690718782810839
T5c,PRnet,Mono,perturbation=LY2090314,0.046347986786972786
T5c,PRnet,Mono,perturbation=Alvocidib,-0.0708739525010544
T5c,PRnet,Mono,perturbation=IMD-0354,0.17006530961465122
T5c,PRnet,Mono,perturbation=MK-5108,-0.038264972929294094
T5c,PRnet,Mono,perturbation=Ixabepilone,-5.314807713814304e-05
T5c,PRnet,Mono,perturbation=IN1451,0.34546549370617485
T5c,PRnet,Mono,perturbation=Proscillaridin A;Proscillaridin-A,0.25137597316471916
T5c,PRnet,Mono,perturbation=Palbociclib,0.000840765759488587
T5c,PRnet,Mono,perturbation=Vardenafil,-0.08189673214043411
T5c,PRnet,Mono,perturbation=Disulfiram,-0.13349666190183854
T5c,PRnet,Mono,perturbation=Canertinib,-0.12124373638683707
T5c,PRnet,Mono,perturbation=Lapatinib,-0.07262994132843154
T5c,PRnet,Mono,perturbation=Linagliptin,-0.12067651663774544
T5c,PRnet,Mono,perturbation=Raloxifene,-0.019116333201921534
T5c,PRnet,Mono,perturbation=Vorinostat,0.20516940310246504
T5c,PRnet,Mono,perturbation=Trametinib,-0.05689074032242965
T5c,PRnet,Mono,perturbation=Dasatinib,0.36733174378583705
T5c,PRnet,Mono,perturbation=Flutamide,0.06379234396212466
T5c,PRnet,Mono,perturbation=Idelalisib,0.014077339282007767
T5c,PRnet,Mono,perturbation=Riociguat,0.05587889619727031
T5c,PRnet,Mono,perturbation=Azacitidine,-0.10311846634063486
T5c,PRnet,Mono,perturbation=TGX 221,0.12284379930071415
T5c,PRnet,Mono,perturbation=CGM-097,-0.007050853512192273
T5c,PRnet,Mono,perturbation=Clemastine,0.0056677917900758625
T5c,PRnet,Mono,perturbation=Imatinib,-0.1407370529212262
T5c,PRnet,Mono,perturbation=Tipifarnib,0.06710605650110515
T5c,PRnet,Mono,perturbation=RG7090,-0.09394995387505331
T5c,PRnet,Mono,perturbation=CHIR-99021,-0.05861189876176434
T5c,PRnet,Mono,perturbation=TR-14035,-0.09984317995136315
T5c,PRnet,Mono,perturbation=Pitavastatin Calcium,0.15372277181060567
T5c,PRnet,Mono,perturbation=SLx-2119,-0.15254012036084671
T5c,PRnet,Mono,perturbation=YK 4-279,-0.04031283328168907
T5c,PRnet,Mono,perturbation=SCH-58261,-0.022182194690259723
T5c,PRnet,Mono,perturbation=BX 912,-0.035416213401812814
T5c,PRnet,Mono,perturbation=GLPG0634,0.08408127351339355
T5c,PRnet,Mono,perturbation=Defactinib,0.09217995437084656
T5c,PRnet,Mono,perturbation=Nilotinib,0.141802025378593
T5c,PRnet,Mono,perturbation=ABT737,-0.1628089806678494
T5c,PRnet,Mono,perturbation=Nefazodone,-0.1198788851401686
T5c,PRnet,Mono,perturbation=Buspirone,-0.03966346179074027
T5c,PRnet,Mono,perturbation=Colforsin,-0.10536723372404845
T5c,PRnet,Mono,perturbation=Doxorubicin,0.12694436104623122
T5c,PRnet,Mono,perturbation=Mubritinib (TAK 165),-0.0954532368420184
T5c,PRnet,Mono,perturbation=BI-D1870,-0.07049882261066844
T5c,PRnet,Mono,perturbation=AT 7867,0.0970474925813686
T5c,PRnet,Mono,perturbation=PRT-062607,0.2504804624482353
T5c,PRnet,Mono,perturbation=STK219801,0.0063902854503230236
T5c,PRnet,Mono,perturbation=Midostaurin,0.07187527963459889
T5c,PRnet,Mono,perturbation=PF-03814735,0.3316291731533444
T5c,PRnet,Mono,perturbation=Vanoxerine,-0.011575780913037749
T5c,PRnet,Mono,perturbation=AZD3514,0.04453272057047443
T5c,PRnet,Mono,perturbation=OSI-930,-0.06751714227566231
T5c,PRnet,Mono,perturbation=AZ628,0.06991834859428224
T5c,PRnet,Mono,perturbation=TPCA-1,0.21946181028328954
T5c,PRnet,Mono,perturbation=CEP-37440,-0.143574482732046
T5c,PRnet,Mono,perturbation=Tivantinib,0.02536795419040741
T5c,PRnet,Mono,perturbation=AZD4547,0.008861785918949304
T5c,PRnet,Mono,perturbation=SB525334,-0.017364356975898783
T5c,PRnet,Mono,perturbation=HMN-214,0.04628150514740892
T5c,PRnet,Mono,perturbation=GO-6976,-0.0003173598091786889
T5c,PRnet,Mono,perturbation=AZD-8330,-0.07803583750162281
T5c,PRnet,Mono,perturbation=MGCD-265,0.021881996358833585
T5c,PRnet,Mono,perturbation=GSK256066,-0.051783258731517796
T5c,PRnet,Mono,perturbation=Tosedostat,0.130897031227247
T5c,PRnet,Mono,perturbation=Prednisolone,0.2389970604915466
T5c,PRnet,Mono,perturbation=HYDROXYUREA,-0.1016427126289192
T5c,PRnet,Mono,perturbation=Decitabine,-0.1029380189806411
T5c,PRnet,Mono,perturbation=CC-401,0.08761263796800807
T5c,PRnet,Mono,perturbation=Saracatinib,0.17614408030539921
T5c,PRnet,Mono,perturbation=Masitinib,-0.04596534079490185
T5c,PRnet,Mono,perturbation=GSK-1070916,-0.15882070425662653
T5c,PRnet,Mono,perturbation=R428,0.07515416171262355
T5c,PRnet,Mono,perturbation=Colchicine,0.4249311435652153
T5c,PRnet,Mono,perturbation=Tacalcitol,0.11051683796500862
T5c,PRnet,Mono,perturbation=LDN 193189,-0.16878789894287394
T5c,PRnet,Mono,perturbation=Resminostat,0.18601983606871966
T5c,PRnet,Mono,perturbation=RG7112,-0.05703101338662592
T5c,PRnet,Mono,perturbation=Ricolinostat,-0.07875348574913259
T5c,PRnet,Mono,perturbation=Oxybenzone,-0.0756867683367786
T5c,PRnet,Mono,perturbation=ABT-199 (GDC-0199),-0.16890325531679387
T5c,PRnet,Mono,perturbation=Selumetinib,0.02640921241848523
T5c,PRnet,Mono,perturbation=Cabozantinib,0.08172374772676355
T5c,PRnet,Mono,perturbation=Crizotinib,0.11450629928879501
T5c,PRnet,Mono,perturbation=Lamivudine,-0.062174567034857305
T5c,PRnet,Mono,perturbation=Ceritinib,0.005955551113154782
T5c,PRnet,Mono,perturbation=Bosutinib,0.26839479470792443
T5c,PRnet,Mono,perturbation=Vandetanib,-0.00726193526307182
T5c,PRnet,Mono,perturbation=Mometasone Furoate,0.3070507024820565
T5c,PRnet,Mono,perturbation=Clotrimazole,-0.19197497867758057
T5c,PRnet,Mono,perturbation=UNII-BXU45ZH6LI,0.2690090006964446
T5c,PRnet,Mono,perturbation=BMS-387032,0.17328348486365386
T5c,PRnet,NK,perturbation=Atorvastatin,-0.0791076379814109
T5c,PRnet,NK,perturbation=5-(9-Isopropyl-8-methyl-2-morpholino-9H-purin-6-yl)pyrimidin-2-amine,0.19314609438942598
T5c,PRnet,NK,perturbation=Topotecan,0.09165993300033211
T5c,PRnet,NK,perturbation=BMS-265246,0.12721040145524087
T5c,PRnet,NK,perturbation=AMD-070 (hydrochloride),-0.026758943417960566
T5c,PRnet,NK,perturbation=AT13387,0.39402733610634705
T5c,PRnet,NK,perturbation=Desloratadine,-0.06581540510961043
T5c,PRnet,NK,perturbation=Ganetespib (STA-9090),0.4193734532300676
T5c,PRnet,NK,perturbation=O-Demethylated Adapalene,0.02388354983989492
T5c,PRnet,NK,perturbation=BAY 87-2243,0.16705706550099153
T5c,PRnet,NK,perturbation=Ruxolitinib,0.1350968788780274
T5c,PRnet,NK,perturbation=Sgc-cbp30,0.21875334956377473
T5c,PRnet,NK,perturbation=PF-04691502,0.1189162706181294
T5c,PRnet,NK,perturbation=Dactolisib,0.2810248321547793
T5c,PRnet,NK,perturbation=Alogliptin,-0.020532026691925866
T5c,PRnet,NK,perturbation=Clomipramine,0.01877307663370247
T5c,PRnet,NK,perturbation=Protriptyline,-0.10612498860868938
T5c,PRnet,NK,perturbation=Phenylbutazone,-0.0005101480960152964
T5c,PRnet,NK,perturbation=Pomalidomide,0.10151333045792033
T5c,PRnet,NK,perturbation=FK 866,0.04287398113031305
T5c,PRnet,NK,perturbation=Perhexiline,0.13670984404429284
T5c,PRnet,NK,perturbation=BMS-536924,0.08891837707512285
T5c,PRnet,NK,perturbation=Penfluridol,-0.060126401098565145
T5c,PRnet,NK,perturbation=Sunitinib,0.09095468638091887
T5c,PRnet,NK,perturbation=I-BET151,0.13508838868184486
T5c,PRnet,NK,perturbation=K-02288,0.010561415750462136
T5c,PRnet,NK,perturbation=Dovitinib,0.08965797790480752
T5c,PRnet,NK,perturbation=Chlorpheniramine,-0.051582386135690564
T5c,PRnet,NK,perturbation=UNII-BXU45ZH6LI,0.20074824385527626
T5c,PRnet,NK,perturbation=IKK Inhibitor VII,0.09137081409370584
T5c,PRnet,NK,perturbation=Quizartinib,0.06137294449192333
T5c,PRnet,NK,perturbation=Tivozanib,-0.0014662314965027184
T5c,PRnet,NK,perturbation=Foretinib,0.11986398344168851
T5c,PRnet,NK,perturbation=BMS-777607,0.008211484319232522
T5c,PRnet,NK,perturbation=AVL-292,0.14561430807593476
T5c,PRnet,NK,perturbation=Scriptaid,0.2986215586213989
T5c,PRnet,NK,perturbation=RVX-208,0.055689330389744204
T5c,PRnet,NK,perturbation=Amiodarone,0.013529090711903006
T5c,PRnet,NK,perturbation=RN-486,-0.005230205435615029
T5c,PRnet,NK,perturbation=Tamatinib,0.15664285992381266
T5c,PRnet,NK,perturbation=GW843682X,0.06280292397736559
T5c,PRnet,NK,perturbation=Porcn Inhibitor III,0.03658730482187104
T5c,PRnet,NK,perturbation=Navitoclax,0.023411655923276764
T5c,PRnet,NK,perturbation=BAY 61-3606,0.2108218423099308
T5c,PRnet,NK,perturbation=Ketoconazole,0.19144180146868092
T5c,PRnet,NK,perturbation=Isoniazid,-0.04966591567658531
T5c,PRnet,NK,perturbation=PD-0325901,0.013077125663761364
T5c,PRnet,NK,perturbation=TIE2 Kinase Inhibitor,0.00020790635877706798
T5c,PRnet,NK,perturbation=CGP 60474,0.06636531221989041
T5c,PRnet,NK,perturbation=BMS-387032,0.3401603210313354
T5c,PRnet,NK,perturbation=TL_HRAS26,0.04669000959772501
T5c,PRnet,NK,perturbation=Methotrexate,0.03476236556326334
T5c,PRnet,NK,perturbation=LY2090314,0.11808343008616241
T5c,PRnet,NK,perturbation=Alvocidib,0.1328960424085893
T5c,PRnet,NK,perturbation=IMD-0354,0.24652775323996973
T5c,PRnet,NK,perturbation=MK-5108,-0.028709099963655043
T5c,PRnet,NK,perturbation=Ixabepilone,0.008098324094154844
T5c,PRnet,NK,perturbation=IN1451,0.5571534372229504
T5c,PRnet,NK,perturbation=Proscillaridin A;Proscillaridin-A,0.4367580381116055
T5c,PRnet,NK,perturbation=Palbociclib,0.02710811671322742
T5c,PRnet,NK,perturbation=Vardenafil,0.0403146065955623
T5c,PRnet,NK,perturbation=Disulfiram,0.08479811972741592
T5c,PRnet,NK,perturbation=Canertinib,0.00023299647137290205
T5c,PRnet,NK,perturbation=Lapatinib,0.05639167093842682
T5c,PRnet,NK,perturbation=Linagliptin,-0.038423328506983885
T5c,PRnet,NK,perturbation=Raloxifene,0.08985566798023674
T5c,PRnet,NK,perturbation=Vorinostat,0.19609811952904313
T5c,PRnet,NK,perturbation=Trametinib,-0.005339639597445531
T5c,PRnet,NK,perturbation=Dasatinib,0.07814179260680922
T5c,PRnet,NK,perturbation=Flutamide,-0.024587084058006393
T5c,PRnet,NK,perturbation=Idelalisib,-0.022368904935438947
T5c,PRnet,NK,perturbation=Riociguat,-0.008895162222843573
T5c,PRnet,NK,perturbation=Azacitidine,0.05826658592287462
T5c,PRnet,NK,perturbation=TGX 221,0.016435250247383244
T5c,PRnet,NK,perturbation=CGM-097,0.21990385028421072
T5c,PRnet,NK,perturbation=Clemastine,-0.018101197367790988
T5c,PRnet,NK,perturbation=Imatinib,-0.025580945449065914
T5c,PRnet,NK,perturbation=Tipifarnib,0.03672947770175973
T5c,PRnet,NK,perturbation=RG7090,0.06314911722702396
T5c,PRnet,NK,perturbation=CHIR-99021,0.09392587766776388
T5c,PRnet,NK,perturbation=TR-14035,0.013593947075937984
T5c,PRnet,NK,perturbation=Pitavastatin Calcium,0.3651358623975229
T5c,PRnet,NK,perturbation=SLx-2119,0.14441334125665908
T5c,PRnet,NK,perturbation=YK 4-279,0.055986388964036175
T5c,PRnet,NK,perturbation=SCH-58261,-0.03183661696955169
T5c,PRnet,NK,perturbation=BX 912,0.017308247758161734
T5c,PRnet,NK,perturbation=GLPG0634,0.0531701766236507
T5c,PRnet,NK,perturbation=Defactinib,0.019235747737923366
T5c,PRnet,NK,perturbation=Nilotinib,0.09431630833129884
T5c,PRnet,NK,perturbation=ABT737,0.024596667425755916
T5c,PRnet,NK,perturbation=Nefazodone,-0.015211793834477365
T5c,PRnet,NK,perturbation=Buspirone,0.04696470119413731
T5c,PRnet,NK,perturbation=Colforsin,0.02688836533479995
T5c,PRnet,NK,perturbation=Doxorubicin,0.1544982526086173
T5c,PRnet,NK,perturbation=Mubritinib (TAK 165),0.16455471552829157
T5c,PRnet,NK,perturbation=BI-D1870,0.057762970980331854
T5c,PRnet,NK,perturbation=AT 7867,0.09153689445863049
T5c,PRnet,NK,perturbation=PRT-062607,0.07845603282840123
T5c,PRnet,NK,perturbation=STK219801,0.011891941485622
T5c,PRnet,NK,perturbation=Midostaurin,0.10500103941795283
T5c,PRnet,NK,perturbation=PF-03814735,0.11692280577489884
T5c,PRnet,NK,perturbation=Vanoxerine,-0.03799898030293929
T5c,PRnet,NK,perturbation=AZD3514,0.01589451947312167
T5c,PRnet,NK,perturbation=OSI-930,0.0264188731071792
T5c,PRnet,NK,perturbation=AZ628,0.03657491636938652
T5c,PRnet,NK,perturbation=TPCA-1,0.18724172841284192
T5c,PRnet,NK,perturbation=CEP-37440,0.09188397236652361
T5c,PRnet,NK,perturbation=Tivantinib,0.0769878665424654
T5c,PRnet,NK,perturbation=AZD4547,0.004376434373708062
T5c,PRnet,NK,perturbation=SB525334,0.04115102136287281
T5c,PRnet,NK,perturbation=HMN-214,0.10570521126934969
T5c,PRnet,NK,perturbation=GO-6976,0.09601534318530747
T5c,PRnet,NK,perturbation=AZD-8330,0.011143866750203547
T5c,PRnet,NK,perturbation=MGCD-265,0.01682849464531592
T5c,PRnet,NK,perturbation=GSK256066,0.20593260575332314
T5c,PRnet,NK,perturbation=Tosedostat,0.1327372636824042
T5c,PRnet,NK,perturbation=Prednisolone,0.20253076366263958
T5c,PRnet,NK,perturbation=HYDROXYUREA,-0.05971041627814276
T5c,PRnet,NK,perturbation=Decitabine,0.028989554734359116
T5c,PRnet,NK,perturbation=CC-401,0.06983588103590381
T5c,PRnet,NK,perturbation=Saracatinib,0.11023190739265655
T5c,PRnet,NK,perturbation=Masitinib,0.011650174787674638
T5c,PRnet,NK,perturbation=GSK-1070916,-0.005745801282819539
T5c,PRnet,NK,perturbation=R428,0.060144092828683715
T5c,PRnet,NK,perturbation=Colchicine,0.04943162020890003
T5c,PRnet,NK,perturbation=Tacalcitol,0.07559514968402543
T5c,PRnet,NK,perturbation=LDN 193189,0.012892529087217134
T5c,PRnet,NK,perturbation=Resminostat,0.26476844640760394
T5c,PRnet,NK,perturbation=RG7112,0.08338944697535412
T5c,PRnet,NK,perturbation=Ricolinostat,0.06102526921286757
T5c,PRnet,NK,perturbation=Oxybenzone,0.023684806860056747
T5c,PRnet,NK,perturbation=ABT-199 (GDC-0199),-0.006485460274662052
T5c,PRnet,NK,perturbation=Selumetinib,-0.07133136457037809
T5c,PRnet,NK,perturbation=Cabozantinib,0.07271156274381668
T5c,PRnet,NK,perturbation=Crizotinib,0.08358406487764561
T5c,PRnet,NK,perturbation=Lamivudine,0.00945728617110083
T5c,PRnet,NK,perturbation=Ceritinib,-0.010125639074503784
T5c,PRnet,NK,perturbation=Bosutinib,0.12842882767117822
T5c,PRnet,NK,perturbation=Vandetanib,-0.014957663808072662
T5c,PRnet,NK,perturbation=Mometasone Furoate,0.2991176891703655
T5c,PRnet,NK,perturbation=Clotrimazole,-0.06087794115088199
T5c,PRnet,T_cells,perturbation=Atorvastatin,0.087655518498075
T5c,PRnet,T_cells,perturbation=5-(9-Isopropyl-8-methyl-2-morpholino-9H-purin-6-yl)pyrimidin-2-amine,0.11226272379696
T5c,PRnet,T_cells,perturbation=Topotecan,0.059792201527977616
T5c,PRnet,T_cells,perturbation=BMS-265246,0.1837821246876223
T5c,PRnet,T_cells,perturbation=AMD-070 (hydrochloride),0.05075465859741176
T5c,PRnet,T_cells,perturbation=AT13387,0.21701123192982882
T5c,PRnet,T_cells,perturbation=Desloratadine,0.07139448033419002
T5c,PRnet,T_cells,perturbation=Ganetespib (STA-9090),0.18331566974130292
T5c,PRnet,T_cells,perturbation=O-Demethylated Adapalene,0.05374987062010581
T5c,PRnet,T_cells,perturbation=BAY 87-2243,0.03438952157825967
T5c,PRnet,T_cells,perturbation=Ruxolitinib,0.1825568363492404
T5c,PRnet,T_cells,perturbation=Sgc-cbp30,0.05057057086537243
T5c,PRnet,T_cells,perturbation=PF-04691502,0.05734645038911395
T5c,PRnet,T_cells,perturbation=Dactolisib,0.16701035357947774
T5c,PRnet,T_cells,perturbation=Alogliptin,-0.012043771631212428
T5c,PRnet,T_cells,perturbation=Clomipramine,0.09748618260067769
T5c,PRnet,T_cells,perturbation=Protriptyline,0.05184097068623979
T5c,PRnet,T_cells,perturbation=Phenylbutazone,0.009048791790932076
T5c,PRnet,T_cells,perturbation=Pomalidomide,0.025995423007486397
T5c,PRnet,T_cells,perturbation=FK 866,0.14633028801402626
T5c,PRnet,T_cells,perturbation=Perhexiline,0.23477577691108237
T5c,PRnet,T_cells,perturbation=BMS-536924,0.15025360217679268
T5c,PRnet,T_cells,perturbation=Penfluridol,0.0529337280257885
T5c,PRnet,T_cells,perturbation=Sunitinib,0.22928181997414726
T5c,PRnet,T_cells,perturbation=I-BET151,0.11123126115845793
T5c,PRnet,T_cells,perturbation=K-02288,0.004226190357870686
T5c,PRnet,T_cells,perturbation=Dovitinib,-0.05971067567121286
T5c,PRnet,T_cells,perturbation=Chlorpheniramine,0.0920476613632544
T5c,PRnet,T_cells,perturbation=UNII-BXU45ZH6LI,0.22445339987994864
T5c,PRnet,T_cells,perturbation=IKK Inhibitor VII,0.14863510602590732
T5c,PRnet,T_cells,perturbation=Quizartinib,0.038934403417444856
T5c,PRnet,T_cells,perturbation=Tivozanib,0.04186387745333343
T5c,PRnet,T_cells,perturbation=Foretinib,0.0924419118587998
T5c,PRnet,T_cells,perturbation=BMS-777607,0.03647758750582285
T5c,PRnet,T_cells,perturbation=AVL-292,0.15646403795372443
T5c,PRnet,T_cells,perturbation=Scriptaid,0.06516171606971514
T5c,PRnet,T_cells,perturbation=RVX-208,-0.014105476055430388
T5c,PRnet,T_cells,perturbation=Amiodarone,0.041695945039757584
T5c,PRnet,T_cells,perturbation=RN-486,-0.011201030628667539
T5c,PRnet,T_cells,perturbation=Tamatinib,0.26448822915255926
T5c,PRnet,T_cells,perturbation=GW843682X,-0.0466898686515447
T5c,PRnet,T_cells,perturbation=Porcn Inhibitor III,0.1143624751658003
T5c,PRnet,T_cells,perturbation=Navitoclax,-0.009263336169890486
T5c,PRnet,T_cells,perturbation=BAY 61-3606,0.23081690834024746
T5c,PRnet,T_cells,perturbation=Ketoconazole,0.29576574221008434
T5c,PRnet,T_cells,perturbation=Isoniazid,-0.07750162423291053
T5c,PRnet,T_cells,perturbation=PD-0325901,-0.0029201251865606007
T5c,PRnet,T_cells,perturbation=TIE2 Kinase Inhibitor,0.04086938406093302
T5c,PRnet,T_cells,perturbation=CGP 60474,0.4305659326332763
T5c,PRnet,T_cells,perturbation=BMS-387032,0.31919690942774676
T5c,PRnet,T_cells,perturbation=TL_HRAS26,0.0070982008207672465
T5c,PRnet,T_cells,perturbation=Methotrexate,0.10984162607109198
T5c,PRnet,T_cells,perturbation=LY2090314,-0.013502672480162427
T5c,PRnet,T_cells,perturbation=Alvocidib,0.472769885479286
T5c,PRnet,T_cells,perturbation=IMD-0354,0.05486262029616025
T5c,PRnet,T_cells,perturbation=MK-5108,0.06732193338533624
T5c,PRnet,T_cells,perturbation=Ixabepilone,-0.022146212912374993
T5c,PRnet,T_cells,perturbation=IN1451,0.5402856427447544
T5c,PRnet,T_cells,perturbation=Proscillaridin A;Proscillaridin-A,0.45825950042455194
T5c,PRnet,T_cells,perturbation=Palbociclib,0.0836416875749348
T5c,PRnet,T_cells,perturbation=Vardenafil,0.0836349355065453
T5c,PRnet,T_cells,perturbation=Disulfiram,-0.018863339290581805
T5c,PRnet,T_cells,perturbation=Canertinib,0.030343490333162554
T5c,PRnet,T_cells,perturbation=Lapatinib,0.05571946670657883
T5c,PRnet,T_cells,perturbation=Linagliptin,0.09661955149557819
T5c,PRnet,T_cells,perturbation=Raloxifene,0.1394069580800729
T5c,PRnet,T_cells,perturbation=Vorinostat,-0.039980957450928334
T5c,PRnet,T_cells,perturbation=Trametinib,0.12495924589309174
T5c,PRnet,T_cells,perturbation=Dasatinib,0.2499461722051568
T5c,PRnet,T_cells,perturbation=Flutamide,-0.06023043424778796
T5c,PRnet,T_cells,perturbation=Idelalisib,-0.0012273647882794288
T5c,PRnet,T_cells,perturbation=Riociguat,0.03693478809341538
T5c,PRnet,T_cells,perturbation=Azacitidine,0.09859424992713332
T5c,PRnet,T_cells,perturbation=TGX 221,0.1865232043774446
T5c,PRnet,T_cells,perturbation=CGM-097,0.23769410037137043
T5c,PRnet,T_cells,perturbation=Clemastine,0.06712735379403957
T5c,PRnet,T_cells,perturbation=Imatinib,0.028584584327103875
T5c,PRnet,T_cells,perturbation=Tipifarnib,0.0978490874529948
T5c,PRnet,T_cells,perturbation=RG7090,0.21472680746949266
T5c,PRnet,T_cells,perturbation=CHIR-99021,0.08375463668839847
T5c,PRnet,T_cells,perturbation=TR-14035,0.11888355692362002
T5c,PRnet,T_cells,perturbation=Pitavastatin Calcium,0.45507338361392285
T5c,PRnet,T_cells,perturbation=SLx-2119,0.0628533483381956
T5c,PRnet,T_cells,perturbation=YK 4-279,0.30308116792196005
T5c,PRnet,T_cells,perturbation=SCH-58261,0.10633431083619684
T5c,PRnet,T_cells,perturbation=BX 912,0.09244347755620576
T5c,PRnet,T_cells,perturbation=GLPG0634,0.22473754457662176
T5c,PRnet,T_cells,perturbation=Defactinib,0.059044602407095165
T5c,PRnet,T_cells,perturbation=Nilotinib,0.1853974944318204
T5c,PRnet,T_cells,perturbation=ABT737,0.020234737941540917
T5c,PRnet,T_cells,perturbation=Nefazodone,0.08751045713587717
T5c,PRnet,T_cells,perturbation=Buspirone,0.14407404066953822
T5c,PRnet,T_cells,perturbation=Colforsin,0.1716007306894998
T5c,PRnet,T_cells,perturbation=Doxorubicin,0.20542693371261259
T5c,PRnet,T_cells,perturbation=Mubritinib (TAK 165),0.16107629661693948
T5c,PRnet,T_cells,perturbation=BI-D1870,0.19292923105441695
T5c,PRnet,T_cells,perturbation=AT 7867,0.19851191509267968
T5c,PRnet,T_cells,perturbation=PRT-062607,0.2063773801086679
T5c,PRnet,T_cells,perturbation=STK219801,0.11984255587144267
T5c,PRnet,T_cells,perturbation=Midostaurin,0.1521618142728954
T5c,PRnet,T_cells,perturbation=PF-03814735,0.31478808438687206
T5c,PRnet,T_cells,perturbation=Vanoxerine,0.10158445706598174
T5c,PRnet,T_cells,perturbation=AZD3514,0.11496644627891302
T5c,PRnet,T_cells,perturbation=OSI-930,0.11092963207660136
T5c,PRnet,T_cells,perturbation=AZ628,0.2017825002181808
T5c,PRnet,T_cells,perturbation=TPCA-1,0.25551932444078373
T5c,PRnet,T_cells,perturbation=CEP-37440,0.0957069193870994
T5c,PRnet,T_cells,perturbation=Tivantinib,0.0694507590404176
T5c,PRnet,T_cells,perturbation=AZD4547,0.13962259303327168
T5c,PRnet,T_cells,perturbation=SB525334,0.2416682358965014
T5c,PRnet,T_cells,perturbation=HMN-214,0.2610967597980079
T5c,PRnet,T_cells,perturbation=GO-6976,0.22475716254289035
T5c,PRnet,T_cells,perturbation=AZD-8330,0.12588036659415053
T5c,PRnet,T_cells,perturbation=MGCD-265,0.11056704458108457
T5c,PRnet,T_cells,perturbation=GSK256066,0.1696460509831331
T5c,PRnet,T_cells,perturbation=Tosedostat,0.0395504675638193
T5c,PRnet,T_cells,perturbation=Prednisolone,0.1850784880964463
T5c,PRnet,T_cells,perturbation=HYDROXYUREA,0.10301837703510189
T5c,PRnet,T_cells,perturbation=Decitabine,0.0890346153755233
T5c,PRnet,T_cells,perturbation=CC-401,0.19136565572636993
T5c,PRnet,T_cells,perturbation=Saracatinib,0.1897055930827297
T5c,PRnet,T_cells,perturbation=Masitinib,0.0562049710414658
T5c,PRnet,T_cells,perturbation=GSK-1070916,0.03468334654674809
T5c,PRnet,T_cells,perturbation=R428,0.07597101488102874
T5c,PRnet,T_cells,perturbation=Colchicine,0.29655313095357666
T5c,PRnet,T_cells,perturbation=Tacalcitol,0.13932187404420784
T5c,PRnet,T_cells,perturbation=LDN 193189,0.044140781038956724
T5c,PRnet,T_cells,perturbation=Resminostat,0.09451977780876361
T5c,PRnet,T_cells,perturbation=RG7112,0.1286106416156562
T5c,PRnet,T_cells,perturbation=Ricolinostat,0.06766369660640217
T5c,PRnet,T_cells,perturbation=Oxybenzone,0.051523161782401225
T5c,PRnet,T_cells,perturbation=ABT-199 (GDC-0199),0.02677052196646541
T5c,PRnet,T_cells,perturbation=Selumetinib,0.18804717036508448
T5c,PRnet,T_cells,perturbation=Cabozantinib,0.2339494954237413
T5c,PRnet,T_cells,perturbation=Crizotinib,0.19337379129951196
T5c,PRnet,T_cells,perturbation=Lamivudine,0.09464402395399983
T5c,PRnet,T_cells,perturbation=Ceritinib,0.0449397989312472
T5c,PRnet,T_cells,perturbation=Bosutinib,0.22926960452423603
T5c,PRnet,T_cells,perturbation=Vandetanib,0.06665703082141308
T5c,PRnet,T_cells,perturbation=Mometasone Furoate,0.3235405920450567
T5c,PRnet,T_cells,perturbation=Clotrimazole,0.16817838612494232
T5c,scFoundation,B,perturbation=Atorvastatin,0.29663515318518874
T5c,scFoundation,B,perturbation=5-(9-Isopropyl-8-methyl-2-morpholino-9H-purin-6-yl)pyrimidin-2-amine,0.4429877721125173
T5c,scFoundation,B,perturbation=Topotecan,0.24826008177009848
T5c,scFoundation,B,perturbation=BMS-265246,0.0522627376502735
T5c,scFoundation,B,perturbation=AMD-070 (hydrochloride),0.31150057306981854
T5c,scFoundation,B,perturbation=AT13387,0.2061571897518207
T5c,scFoundation,B,perturbation=Desloratadine,0.3665797942600267
T5c,scFoundation,B,perturbation=Ganetespib (STA-9090),0.22168344699585624
T5c,scFoundation,B,perturbation=O-Demethylated Adapalene,0.40199193322548565
T5c,scFoundation,B,perturbation=BAY 87-2243,0.3380193988340274
T5c,scFoundation,B,perturbation=Ruxolitinib,0.4370649627390333
T5c,scFoundation,B,perturbation=Sgc-cbp30,0.2250751857159226
T5c,scFoundation,B,perturbation=PF-04691502,0.4117610086484494
T5c,scFoundation,B,perturbation=Dactolisib,0.396981036071224
T5c,scFoundation,B,perturbation=Alogliptin,0.2511596960334315
T5c,scFoundation,B,perturbation=Clomipramine,0.3647940025772579
T5c,scFoundation,B,perturbation=Protriptyline,0.24825819556519868
T5c,scFoundation,B,perturbation=Phenylbutazone,0.320006642276906
T5c,scFoundation,B,perturbation=Pomalidomide,0.11238954570162277
T5c,scFoundation,B,perturbation=FK 866,0.3202920764425423
T5c,scFoundation,B,perturbation=Perhexiline,0.41323467170390327
T5c,scFoundation,B,perturbation=BMS-536924,0.39917032594260965
T5c,scFoundation,B,perturbation=Penfluridol,0.152846727839216
T5c,scFoundation,B,perturbation=Sunitinib,0.3447879730169354
T5c,scFoundation,B,perturbation=I-BET151,0.21591920087399763
T5c,scFoundation,B,perturbation=K-02288,0.35165413699478965
T5c,scFoundation,B,perturbation=Dovitinib,0.3626970790161459
T5c,scFoundation,B,perturbation=Chlorpheniramine,0.3613682486870776
T5c,scFoundation,B,perturbation=UNII-BXU45ZH6LI,0.10194132614941763
T5c,scFoundation,B,perturbation=IKK Inhibitor VII,0.4188192401497217
T5c,scFoundation,B,perturbation=Quizartinib,0.24419010848679468
T5c,scFoundation,B,perturbation=Tivozanib,0.36023369825526386
T5c,scFoundation,B,perturbation=Foretinib,0.4169724147615835
T5c,scFoundation,B,perturbation=BMS-777607,0.4085595052348396
T5c,scFoundation,B,perturbation=AVL-292,0.42177164230156255
T5c,scFoundation,B,perturbation=Scriptaid,-0.29369970751651625
T5c,scFoundation,B,perturbation=RVX-208,0.3329566187054637
T5c,scFoundation,B,perturbation=Amiodarone,0.3327499693918928
T5c,scFoundation,B,perturbation=RN-486,0.20552363503191737
T5c,scFoundation,B,perturbation=Tamatinib,0.4317363838864286
T5c,scFoundation,B,perturbation=GW843682X,0.32841401936483033
T5c,scFoundation,B,perturbation=Porcn Inhibitor III,0.20363037995315192
T5c,scFoundation,B,perturbation=Navitoclax,-0.006579840708432866
T5c,scFoundation,B,perturbation=BAY 61-3606,0.35360692267763255
T5c,scFoundation,B,perturbation=Ketoconazole,0.052208392209065806
T5c,scFoundation,B,perturbation=Isoniazid,0.372125271135922
T5c,scFoundation,B,perturbation=PD-0325901,0.343225236644088
T5c,scFoundation,B,perturbation=TIE2 Kinase Inhibitor,0.31949651223180725
T5c,scFoundation,B,perturbation=BMS-387032,0.08216659895250834
T5c,scFoundation,B,perturbation=TL_HRAS26,0.3768444441146812
T5c,scFoundation,B,perturbation=Methotrexate,0.10576484955245777
T5c,scFoundation,B,perturbation=LY2090314,0.21139026884573942
T5c,scFoundation,B,perturbation=Alvocidib,-0.049709974771606526
T5c,scFoundation,B,perturbation=IMD-0354,0.2936897634262186
T5c,scFoundation,B,perturbation=MK-5108,0.3749391039588113
T5c,scFoundation,B,perturbation=Ixabepilone,0.31458171365057375
T5c,scFoundation,B,perturbation=IN1451,0.3076327241967975
T5c,scFoundation,B,perturbation=Proscillaridin A;Proscillaridin-A,0.25461125805275286
T5c,scFoundation,B,perturbation=Palbociclib,0.40131796506219813
T5c,scFoundation,B,perturbation=Vardenafil,0.3853212310267383
T5c,scFoundation,B,perturbation=Disulfiram,0.2982999670776705
T5c,scFoundation,B,perturbation=Canertinib,0.2704285530531066
T5c,scFoundation,B,perturbation=Lapatinib,0.19755419957972
T5c,scFoundation,B,perturbation=Linagliptin,0.2741439918633882
T5c,scFoundation,B,perturbation=Raloxifene,0.23419002131988442
T5c,scFoundation,B,perturbation=Vorinostat,-0.26241239224948043
T5c,scFoundation,B,perturbation=Trametinib,0.15691853678950107
T5c,scFoundation,B,perturbation=Dasatinib,0.3673944568057405
T5c,scFoundation,B,perturbation=Flutamide,0.2520815662570624
T5c,scFoundation,B,perturbation=Idelalisib,0.3663688257144049
T5c,scFoundation,B,perturbation=Riociguat,0.26909034906383
T5c,scFoundation,B,perturbation=Azacitidine,0.31005415292542277
T5c,scFoundation,B,perturbation=TGX 221,0.4313122941597772
T5c,scFoundation,B,perturbation=CGM-097,0.118653499344049
T5c,scFoundation,B,perturbation=Clemastine,0.3822262143416848
T5c,scFoundation,B,perturbation=Imatinib,0.3101331028889656
T5c,scFoundation,B,perturbation=Tipifarnib,0.363249708048552
T5c,scFoundation,B,perturbation=RG7090,0.19158217025827032
T5c,scFoundation,B,perturbation=CHIR-99021,0.14955114727524182
T5c,scFoundation,B,perturbation=TR-14035,0.3777666722943898
T5c,scFoundation,B,perturbation=Pitavastatin Calcium,-0.02960143383240053
T5c,scFoundation,B,perturbation=SLx-2119,0.35355581781669676
T5c,scFoundation,B,perturbation=YK 4-279,0.18671199640195776
T5c,scFoundation,B,perturbation=SCH-58261,0.21703425472123214
T5c,scFoundation,B,perturbation=BX 912,0.3854076070922223
T5c,scFoundation,B,perturbation=GLPG0634,0.4645012786214007
T5c,scFoundation,B,perturbation=Defactinib,0.33139953945694794
T5c,scFoundation,B,perturbation=Nilotinib,0.4511514202872801
T5c,scFoundation,B,perturbation=ABT737,-0.05884566567798089
T5c,scFoundation,B,perturbation=Nefazodone,0.3522579078851649
T5c,scFoundation,B,perturbation=Buspirone,0.28580635308976415
T5c,scFoundation,B,perturbation=Colforsin,0.36478414958294
T5c,scFoundation,B,perturbation=Doxorubicin,-0.05554358718417505
T5c,scFoundation,B,perturbation=Mubritinib (TAK 165),0.22513401980850034
T5c,scFoundation,B,perturbation=BI-D1870,0.22043372041730408
T5c,scFoundation,B,perturbation=AT 7867,0.45642062824324203
T5c,scFoundation,B,perturbation=PRT-062607,0.41639689062535734
T5c,scFoundation,B,perturbation=STK219801,0.34166961879270236
T5c,scFoundation,B,perturbation=Midostaurin,0.42130757601719143
T5c,scFoundation,B,perturbation=PF-03814735,0.37525772585802797
T5c,scFoundation,B,perturbation=Vanoxerine,0.35438207675618144
T5c,scFoundation,B,perturbation=AZD3514,0.31005458249901524
T5c,scFoundation,B,perturbation=OSI-930,0.25219809116533987
T5c,scFoundation,B,perturbation=AZ628,0.45063504818636013
T5c,scFoundation,B,perturbation=TPCA-1,0.4246200028164769
T5c,scFoundation,B,perturbation=CEP-37440,0.3710343533276002
T5c,scFoundation,B,perturbation=Tivantinib,0.3253715410310783
T5c,scFoundation,B,perturbation=AZD4547,0.35076142196710425
T5c,scFoundation,B,perturbation=SB525334,0.07884738065113348
T5c,scFoundation,B,perturbation=HMN-214,0.13279263294175878
T5c,scFoundation,B,perturbation=GO-6976,0.24599841994393443
T5c,scFoundation,B,perturbation=AZD-8330,0.38499027364022836
T5c,scFoundation,B,perturbation=MGCD-265,0.38052308895761494
T5c,scFoundation,B,perturbation=GSK256066,0.22115111057871417
T5c,scFoundation,B,perturbation=Tosedostat,0.31177157976019265
T5c,scFoundation,B,perturbation=Prednisolone,0.3582705833690804
T5c,scFoundation,B,perturbation=HYDROXYUREA,0.28348685429433
T5c,scFoundation,B,perturbation=Decitabine,0.28577904236076446
T5c,scFoundation,B,perturbation=CC-401,0.437433082317462
T5c,scFoundation,B,perturbation=Saracatinib,0.4571385765654659
T5c,scFoundation,B,perturbation=Masitinib,0.41575855774688136
T5c,scFoundation,B,perturbation=GSK-1070916,0.3645017363165085
T5c,scFoundation,B,perturbation=R428,0.313236463939728
T5c,scFoundation,B,perturbation=Colchicine,0.16219966065984442
T5c,scFoundation,B,perturbation=Tacalcitol,0.41724524268472174
T5c,scFoundation,B,perturbation=LDN 193189,0.34779693051042265
T5c,scFoundation,B,perturbation=Resminostat,-0.1997323001369715
T5c,scFoundation,B,perturbation=RG7112,0.2697623259434788
T5c,scFoundation,B,perturbation=Ricolinostat,0.16535715251965338
T5c,scFoundation,B,perturbation=Oxybenzone,0.3644156574317052
T5c,scFoundation,B,perturbation=ABT-199 (GDC-0199),0.016737558220690764
T5c,scFoundation,B,perturbation=Selumetinib,0.4099450036771984
T5c,scFoundation,B,perturbation=Cabozantinib,0.1974653897299276
T5c,scFoundation,B,perturbation=Crizotinib,0.4114526729086857
T5c,scFoundation,B,perturbation=Lamivudine,0.396819851345086
T5c,scFoundation,B,perturbation=Ceritinib,0.38503567289902574
T5c,scFoundation,B,perturbation=Bosutinib,0.414645872265319
T5c,scFoundation,B,perturbation=Vandetanib,0.3688214120131368
T5c,scFoundation,B,perturbation=Mometasone Furoate,0.3884918851479339
T5c,scFoundation,B,perturbation=Clotrimazole,0.2806215796028556
T5c,scFoundation,B,perturbation=CGP 60474,0.0365426998191988
T5c,scFoundation,Mono,perturbation=Atorvastatin,0.2380090637981789
T5c,scFoundation,Mono,perturbation=5-(9-Isopropyl-8-methyl-2-morpholino-9H-purin-6-yl)pyrimidin-2-amine,0.4776003202705841
T5c,scFoundation,Mono,perturbation=Topotecan,0.2247827202619256
T5c,scFoundation,Mono,perturbation=BMS-265246,0.2434779633749774
T5c,scFoundation,Mono,perturbation=AMD-070 (hydrochloride),0.1994475613213791
T5c,scFoundation,Mono,perturbation=AT13387,0.43486602509106737
T5c,scFoundation,Mono,perturbation=Desloratadine,0.32452627281337804
T5c,scFoundation,Mono,perturbation=Ganetespib (STA-9090),0.4550335315290186
T5c,scFoundation,Mono,perturbation=O-Demethylated Adapalene,0.1981532486960411
T5c,scFoundation,Mono,perturbation=BAY 87-2243,0.3370507606228226
T5c,scFoundation,Mono,perturbation=Ruxolitinib,0.49255813555526107
T5c,scFoundation,Mono,perturbation=Sgc-cbp30,0.14854246867595994
T5c,scFoundation,Mono,perturbation=PF-04691502,0.31364669394392497
T5c,scFoundation,Mono,perturbation=Dactolisib,0.5702674398756736
T5c,scFoundation,Mono,perturbation=Alogliptin,0.25161470181229867
T5c,scFoundation,Mono,perturbation=Clomipramine,0.23139913077092975
T5c,scFoundation,Mono,perturbation=Protriptyline,0.18845783862281992
T5c,scFoundation,Mono,perturbation=Phenylbutazone,0.2531556781461491
T5c,scFoundation,Mono,perturbation=Pomalidomide,0.13533410620394704
T5c,scFoundation,Mono,perturbation=FK 866,0.2611035172217072
T5c,scFoundation,Mono,perturbation=Perhexiline,0.40272762401797746
T5c,scFoundation,Mono,perturbation=BMS-536924,0.5181019797979811
T5c,scFoundation,Mono,perturbation=Penfluridol,0.25738741235034124
T5c,scFoundation,Mono,perturbation=Sunitinib,0.1751201401541412
T5c,scFoundation,Mono,perturbation=I-BET151,0.38235537195700225
T5c,scFoundation,Mono,perturbation=K-02288,0.199467560200983
T5c,scFoundation,Mono,perturbation=Dovitinib,0.1807792523020842
T5c,scFoundation,Mono,perturbation=Chlorpheniramine,0.16991005683779553
T5c,scFoundation,Mono,perturbation=IKK Inhibitor VII,0.43321473803974553
T5c,scFoundation,Mono,perturbation=Quizartinib,0.08918609957244428
T5c,scFoundation,Mono,perturbation=Tivozanib,0.16281356275217
T5c,scFoundation,Mono,perturbation=Foretinib,0.346264008707832
T5c,scFoundation,Mono,perturbation=BMS-777607,0.23339296604766627
T5c,scFoundation,Mono,perturbation=AVL-292,0.3171814889431059
T5c,scFoundation,Mono,perturbation=Scriptaid,0.42514915001483117
T5c,scFoundation,Mono,perturbation=RVX-208,0.3378989427982014
T5c,scFoundation,Mono,perturbation=Amiodarone,0.11750901870020955
T5c,scFoundation,Mono,perturbation=RN-486,0.13683225583769285
T5c,scFoundation,Mono,perturbation=Tamatinib,0.4999639113198149
T5c,scFoundation,Mono,perturbation=GW843682X,0.23110646410420502
T5c,scFoundation,Mono,perturbation=Porcn Inhibitor III,0.26414638288733366
T5c,scFoundation,Mono,perturbation=Navitoclax,0.37309307906848804
T5c,scFoundation,Mono,perturbation=BAY 61-3606,0.33416483566014754
T5c,scFoundation,Mono,perturbation=Ketoconazole,0.6092559662129909
T5c,scFoundation,Mono,perturbation=Isoniazid,0.2238339507145777
T5c,scFoundation,Mono,perturbation=PD-0325901,0.21054927234999446
T5c,scFoundation,Mono,perturbation=TIE2 Kinase Inhibitor,0.21676598919660803
T5c,scFoundation,Mono,perturbation=TL_HRAS26,0.21563423947404436
T5c,scFoundation,Mono,perturbation=Methotrexate,0.2721568192561433
T5c,scFoundation,Mono,perturbation=LY2090314,0.12900026757973568
T5c,scFoundation,Mono,perturbation=Alvocidib,0.008706459093110621
T5c,scFoundation,Mono,perturbation=IMD-0354,0.4147116720193766
T5c,scFoundation,Mono,perturbation=MK-5108,0.21876827321097092
T5c,scFoundation,Mono,perturbation=Ixabepilone,0.20622596669965693
T5c,scFoundation,Mono,perturbation=IN1451,0.6544131196107977
T5c,scFoundation,Mono,perturbation=Proscillaridin A;Proscillaridin-A,0.431505898364803
T5c,scFoundation,Mono,perturbation=Palbociclib,0.24385781669041998
T5c,scFoundation,Mono,perturbation=Vardenafil,0.2452667494559164
T5c,scFoundation,Mono,perturbation=Disulfiram,0.24464624788989026
T5c,scFoundation,Mono,perturbation=Canertinib,0.07946539804288152
T5c,scFoundation,Mono,perturbation=Lapatinib,0.1937769702965749
T5c,scFoundation,Mono,perturbation=Linagliptin,0.2307759277541538
T5c,scFoundation,Mono,perturbation=Raloxifene,0.2724494102185005
T5c,scFoundation,Mono,perturbation=Vorinostat,0.3737601610886935
T5c,scFoundation,Mono,perturbation=Trametinib,0.4257824985413294
T5c,scFoundation,Mono,perturbation=Dasatinib,0.4565061946523139
T5c,scFoundation,Mono,perturbation=Flutamide,0.1622655773776961
T5c,scFoundation,Mono,perturbation=Idelalisib,0.2453710569986983
T5c,scFoundation,Mono,perturbation=Riociguat,0.1907583942659866
T5c,scFoundation,Mono,perturbation=Azacitidine,0.17359080612569483
T5c,scFoundation,Mono,perturbation=TGX 221,0.3421960984033961
T5c,scFoundation,Mono,perturbation=CGM-097,0.48587254307563904
T5c,scFoundation,Mono,perturbation=Clemastine,0.24263260773265635
T5c,scFoundation,Mono,perturbation=Imatinib,0.1930043871209256
T5c,scFoundation,Mono,perturbation=Tipifarnib,0.13811555483442287
T5c,scFoundation,Mono,perturbation=RG7090,0.4223247659621027
T5c,scFoundation,Mono,perturbation=CHIR-99021,0.28475970497925535
T5c,scFoundation,Mono,perturbation=TR-14035,0.19984706341898037
T5c,scFoundation,Mono,perturbation=Pitavastatin Calcium,0.49082586529381
T5c,scFoundation,Mono,perturbation=SLx-2119,0.16933609746063463
T5c,scFoundation,Mono,perturbation=YK 4-279,0.30252521952991596
T5c,scFoundation,Mono,perturbation=SCH-58261,0.1607836446111738
T5c,scFoundation,Mono,perturbation=BX 912,0.31733859388937025
T5c,scFoundation,Mono,perturbation=GLPG0634,0.41818294738835876
T5c,scFoundation,Mono,perturbation=Defactinib,0.10163651627781682
T5c,scFoundation,Mono,perturbation=Nilotinib,0.3438016230034096
T5c,scFoundation,Mono,perturbation=ABT737,0.30006801784470816
T5c,scFoundation,Mono,perturbation=Nefazodone,0.1491067659736289
T5c,scFoundation,Mono,perturbation=Buspirone,0.08597682097944627
T5c,scFoundation,Mono,perturbation=Colforsin,0.25709035372485
T5c,scFoundation,Mono,perturbation=Doxorubicin,0.3372539060679252
T5c,scFoundation,Mono,perturbation=Mubritinib (TAK 165),0.25789665431047515
T5c,scFoundation,Mono,perturbation=BI-D1870,0.4065626142982062
T5c,scFoundation,Mono,perturbation=AT 7867,0.30628687471532046
T5c,scFoundation,Mono,perturbation=PRT-062607,0.4576387905513399
T5c,scFoundation,Mono,perturbation=STK219801,0.22729513017915304
T5c,scFoundation,Mono,perturbation=Midostaurin,0.36433483880026857
T5c,scFoundation,Mono,perturbation=PF-03814735,0.5742199325884664
T5c,scFoundation,Mono,perturbation=Vanoxerine,0.17004480043574818
T5c,scFoundation,Mono,perturbation=AZD3514,0.19067276601479716
T5c,scFoundation,Mono,perturbation=OSI-930,0.09294675771773697
T5c,scFoundation,Mono,perturbation=AZ628,0.2854128636453954
T5c,scFoundation,Mono,perturbation=TPCA-1,0.4869961140670233
T5c,scFoundation,Mono,perturbation=CEP-37440,0.17108508189110044
T5c,scFoundation,Mono,perturbation=Tivantinib,0.32352876605215597
T5c,scFoundation,Mono,perturbation=AZD4547,0.1668661696323625
T5c,scFoundation,Mono,perturbation=SB525334,0.3794224218473717
T5c,scFoundation,Mono,perturbation=HMN-214,0.47904126253311347
T5c,scFoundation,Mono,perturbation=GO-6976,0.4804547814205453
T5c,scFoundation,Mono,perturbation=AZD-8330,0.20595900083299118
T5c,scFoundation,Mono,perturbation=MGCD-265,0.20839189645595263
T5c,scFoundation,Mono,perturbation=GSK256066,0.1488279521725331
T5c,scFoundation,Mono,perturbation=Tosedostat,0.20412720422387393
T5c,scFoundation,Mono,perturbation=Prednisolone,0.32076738802157817
T5c,scFoundation,Mono,perturbation=HYDROXYUREA,0.11905848244294957
T5c,scFoundation,Mono,perturbation=Decitabine,0.15339268470358064
T5c,scFoundation,Mono,perturbation=CC-401,0.26682677620429146
T5c,scFoundation,Mono,perturbation=Saracatinib,0.42365777340748284
T5c,scFoundation,Mono,perturbation=Masitinib,0.21043172282137143
T5c,scFoundation,Mono,perturbation=GSK-1070916,0.2275670864468266
T5c,scFoundation,Mono,perturbation=R428,0.06395188712895683
T5c,scFoundation,Mono,perturbation=Colchicine,0.28957838992587426
T5c,scFoundation,Mono,perturbation=Tacalcitol,0.1290940691797578
T5c,scFoundation,Mono,perturbation=LDN 193189,0.1969214565872141
T5c,scFoundation,Mono,perturbation=Resminostat,0.3880356301193198
T5c,scFoundation,Mono,perturbation=RG7112,0.22275435180153214
T5c,scFoundation,Mono,perturbation=Ricolinostat,0.30137081596448667
T5c,scFoundation,Mono,perturbation=Oxybenzone,0.2266463974917222
T5c,scFoundation,Mono,perturbation=ABT-199 (GDC-0199),0.26580124790504284
T5c,scFoundation,Mono,perturbation=Selumetinib,0.28613160934542725
T5c,scFoundation,Mono,perturbation=Cabozantinib,0.3671700737915485
T5c,scFoundation,Mono,perturbation=Crizotinib,0.4269946110727437
T5c,scFoundation,Mono,perturbation=Lamivudine,0.22944657940335111
T5c,scFoundation,Mono,perturbation=Ceritinib,0.20380778159732066
T5c,scFoundation,Mono,perturbation=Bosutinib,0.47733524635902824
T5c,scFoundation,Mono,perturbation=Vandetanib,0.1245750224608499
T5c,scFoundation,Mono,perturbation=Mometasone Furoate,0.4736992498303414
T5c,scFoundation,Mono,perturbation=Clotrimazole,0.13313266815599187
T5c,scFoundation,Mono,perturbation=UNII-BXU45ZH6LI,0.30814070205579813
T5c,scFoundation,Mono,perturbation=BMS-387032,0.024774308668730625
T5c,scFoundation,NK,perturbation=Atorvastatin,0.3188146894443283
T5c,scFoundation,NK,perturbation=5-(9-Isopropyl-8-methyl-2-morpholino-9H-purin-6-yl)pyrimidin-2-amine,0.5109502032022535
T5c,scFoundation,NK,perturbation=Topotecan,0.2395971179153206
T5c,scFoundation,NK,perturbation=BMS-265246,0.40684119199015395
T5c,scFoundation,NK,perturbation=AMD-070 (hydrochloride),0.2041184168828237
T5c,scFoundation,NK,perturbation=AT13387,0.5874720948279525
T5c,scFoundation,NK,perturbation=Desloratadine,0.3168807812512905
T5c,scFoundation,NK,perturbation=Ganetespib (STA-9090),0.5964713579550703
T5c,scFoundation,NK,perturbation=O-Demethylated Adapalene,0.302498110253456
T5c,scFoundation,NK,perturbation=BAY 87-2243,0.42016968854106035
T5c,scFoundation,NK,perturbation=Ruxolitinib,0.4688934806671285
T5c,scFoundation,NK,perturbation=Sgc-cbp30,0.23058754407781315
T5c,scFoundation,NK,perturbation=PF-04691502,0.4535771741942382
T5c,scFoundation,NK,perturbation=Dactolisib,0.5405332902137726
T5c,scFoundation,NK,perturbation=Alogliptin,0.29576798776172347
T5c,scFoundation,NK,perturbation=Clomipramine,0.3696807222059772
T5c,scFoundation,NK,perturbation=Protriptyline,0.28731347189295403
T5c,scFoundation,NK,perturbation=Phenylbutazone,0.28118967953881957
T5c,scFoundation,NK,perturbation=Pomalidomide,0.3920052087399938
T5c,scFoundation,NK,perturbation=FK 866,0.36937404459843487
T5c,scFoundation,NK,perturbation=Perhexiline,0.4799189061912724
T5c,scFoundation,NK,perturbation=BMS-536924,0.4571550366687935
T5c,scFoundation,NK,perturbation=Penfluridol,0.342548735163744
T5c,scFoundation,NK,perturbation=Sunitinib,0.30872459874775
T5c,scFoundation,NK,perturbation=I-BET151,0.25514040890099726
T5c,scFoundation,NK,perturbation=K-02288,0.29866700504768856
T5c,scFoundation,NK,perturbation=Dovitinib,0.29748277469927764
T5c,scFoundation,NK,perturbation=Chlorpheniramine,0.28919542148802996
T5c,scFoundation,NK,perturbation=UNII-BXU45ZH6LI,0.06596791936312686
T5c,scFoundation,NK,perturbation=IKK Inhibitor VII,0.43975386544510975
T5c,scFoundation,NK,perturbation=Quizartinib,0.2578813034779477
T5c,scFoundation,NK,perturbation=Tivozanib,0.3289873382302971
T5c,scFoundation,NK,perturbation=Foretinib,0.4166739307514198
T5c,scFoundation,NK,perturbation=BMS-777607,0.33407046706281407
T5c,scFoundation,NK,perturbation=AVL-292,0.4275450191839413
T5c,scFoundation,NK,perturbation=Scriptaid,0.6354692583061531
T5c,scFoundation,NK,perturbation=RVX-208,0.21636211141460948
T5c,scFoundation,NK,perturbation=Amiodarone,0.3240821343288707
T5c,scFoundation,NK,perturbation=RN-486,0.21389328400647145
T5c,scFoundation,NK,perturbation=Tamatinib,0.49454715331693916
T5c,scFoundation,NK,perturbation=GW843682X,0.3244962077918473
T5c,scFoundation,NK,perturbation=Porcn Inhibitor III,0.46093229994106727
T5c,scFoundation,NK,perturbation=Navitoclax,0.2691428525751961
T5c,scFoundation,NK,perturbation=BAY 61-3606,0.3699143569303914
T5c,scFoundation,NK,perturbation=Ketoconazole,0.6584343437219216
T5c,scFoundation,NK,perturbation=Isoniazid,0.31148869288058606
T5c,scFoundation,NK,perturbation=PD-0325901,0.3703480512176986
T5c,scFoundation,NK,perturbation=TIE2 Kinase Inhibitor,0.31337651929461185
T5c,scFoundation,NK,perturbation=CGP 60474,-0.09770344662321828
T5c,scFoundation,NK,perturbation=BMS-387032,0.4079171638481105
T5c,scFoundation,NK,perturbation=TL_HRAS26,0.2752760397734837
T5c,scFoundation,NK,perturbation=Methotrexate,0.41088148986341816
T5c,scFoundation,NK,perturbation=LY2090314,0.3387444726974819
T5c,scFoundation,NK,perturbation=Alvocidib,0.047798664410252045
T5c,scFoundation,NK,perturbation=IMD-0354,0.4165661683833617
T5c,scFoundation,NK,perturbation=MK-5108,0.3812015337714157
T5c,scFoundation,NK,perturbation=Ixabepilone,0.3171600378348816
T5c,scFoundation,NK,perturbation=IN1451,0.6886231724258126
T5c,scFoundation,NK,perturbation=Proscillaridin A;Proscillaridin-A,0.7018695177341293
T5c,scFoundation,NK,perturbation=Palbociclib,0.34381926588021855
T5c,scFoundation,NK,perturbation=Vardenafil,0.3569900315285719
T5c,scFoundation,NK,perturbation=Disulfiram,0.311635185609291
T5c,scFoundation,NK,perturbation=Canertinib,0.27758088625394983
T5c,scFoundation,NK,perturbation=Lapatinib,0.31204711479099756
T5c,scFoundation,NK,perturbation=Linagliptin,0.3333842922504507
T5c,scFoundation,NK,perturbation=Raloxifene,0.4863416262150209
T5c,scFoundation,NK,perturbation=Vorinostat,0.5903923338545735
T5c,scFoundation,NK,perturbation=Trametinib,0.38710855612826117
T5c,scFoundation,NK,perturbation=Dasatinib,0.3488626114856354
T5c,scFoundation,NK,perturbation=Flutamide,0.3064923242805508
T5c,scFoundation,NK,perturbation=Idelalisib,0.36358911251380166
T5c,scFoundation,NK,perturbation=Riociguat,0.33463439188305
T5c,scFoundation,NK,perturbation=Azacitidine,0.282752541959041
T5c,scFoundation,NK,perturbation=TGX 221,0.44632865368741254
T5c,scFoundation,NK,perturbation=CGM-097,0.6188071623683992
T5c,scFoundation,NK,perturbation=Clemastine,0.36425246579551007
T5c,scFoundation,NK,perturbation=Imatinib,0.3162596701127341
T5c,scFoundation,NK,perturbation=Tipifarnib,0.3465525659809819
T5c,scFoundation,NK,perturbation=RG7090,0.5296588834979372
T5c,scFoundation,NK,perturbation=CHIR-99021,0.5058517219479322
T5c,scFoundation,NK,perturbation=TR-14035,0.3813377616653063
T5c,scFoundation,NK,perturbation=Pitavastatin Calcium,0.5817204125589829
T5c,scFoundation,NK,perturbation=SLx-2119,0.3355904686218289
T5c,scFoundation,NK,perturbation=YK 4-279,0.5552177489174424
T5c,scFoundation,NK,perturbation=SCH-58261,0.3280222771896149
T5c,scFoundation,NK,perturbation=BX 912,0.42177530475815767
T5c,scFoundation,NK,perturbation=GLPG0634,0.4182513519619167
T5c,scFoundation,NK,perturbation=Defactinib,0.3947975305928506
T5c,scFoundation,NK,perturbation=Nilotinib,0.45435198267685545
T5c,scFoundation,NK,perturbation=ABT737,0.24270409402203502
T5c,scFoundation,NK,perturbation=Nefazodone,0.33834656264740265
T5c,scFoundation,NK,perturbation=Buspirone,0.3329761817035366
T5c,scFoundation,NK,perturbation=Colforsin,0.37014756149055417
T5c,scFoundation,NK,perturbation=Doxorubicin,0.3617931992452614
T5c,scFoundation,NK,perturbation=Mubritinib (TAK 165),0.40778575493971
T5c,scFoundation,NK,perturbation=BI-D1870,0.45561888779655335
T5c,scFoundation,NK,perturbation=AT 7867,0.41789476839166745
T5c,scFoundation,NK,perturbation=PRT-062607,0.43914909827025633
T5c,scFoundation,NK,perturbation=STK219801,0.3262873361908266
T5c,scFoundation,NK,perturbation=Midostaurin,0.45797014118844964
T5c,scFoundation,NK,perturbation=PF-03814735,0.4382392915403351
T5c,scFoundation,NK,perturbation=Vanoxerine,0.33381314809811063
T5c,scFoundation,NK,perturbation=AZD3514,0.32941411517778046
T5c,scFoundation,NK,perturbation=OSI-930,0.2938490892679462
T5c,scFoundation,NK,perturbation=AZ628,0.41751726390741234
T5c,scFoundation,NK,perturbation=TPCA-1,0.487021926305315
T5c,scFoundation,NK,perturbation=CEP-37440,0.3450379929593455
T5c,scFoundation,NK,perturbation=Tivantinib,0.30160581939576236
T5c,scFoundation,NK,perturbation=AZD4547,0.30742632400897835
T5c,scFoundation,NK,perturbation=SB525334,0.5503144221295918
T5c,scFoundation,NK,perturbation=HMN-214,0.566493790700718
T5c,scFoundation,NK,perturbation=GO-6976,0.5508157861941848
T5c,scFoundation,NK,perturbation=AZD-8330,0.4585592509125059
T5c,scFoundation,NK,perturbation=MGCD-265,0.3057857058503249
T5c,scFoundation,NK,perturbation=GSK256066,0.3413143100394814
T5c,scFoundation,NK,perturbation=Tosedostat,0.2866640790544714
T5c,scFoundation,NK,perturbation=Prednisolone,0.4111402796183214
T5c,scFoundation,NK,perturbation=HYDROXYUREA,0.28023589598881316
T5c,scFoundation,NK,perturbation=Decitabine,0.3426154152740441
T5c,scFoundation,NK,perturbation=CC-401,0.41087152429011464
T5c,scFoundation,NK,perturbation=Saracatinib,0.3981683484669861
T5c,scFoundation,NK,perturbation=Masitinib,0.3612977764788998
T5c,scFoundation,NK,perturbation=GSK-1070916,0.2564631513406263
T5c,scFoundation,NK,perturbation=R428,0.2509012503478202
T5c,scFoundation,NK,perturbation=Colchicine,0.3833043557292641
T5c,scFoundation,NK,perturbation=Tacalcitol,0.3541609789381407
T5c,scFoundation,NK,perturbation=LDN 193189,0.2695589799887786
T5c,scFoundation,NK,perturbation=Resminostat,0.6071945686003698
T5c,scFoundation,NK,perturbation=RG7112,0.36595790440246184
T5c,scFoundation,NK,perturbation=Ricolinostat,0.1826593902264729
T5c,scFoundation,NK,perturbation=Oxybenzone,0.33772705900610356
T5c,scFoundation,NK,perturbation=ABT-199 (GDC-0199),0.3396452081121096
T5c,scFoundation,NK,perturbation=Selumetinib,0.3342189375155829
T5c,scFoundation,NK,perturbation=Cabozantinib,0.4965670460667018
T5c,scFoundation,NK,perturbation=Crizotinib,0.42594089886724423
T5c,scFoundation,NK,perturbation=Lamivudine,0.3304803001113655
T5c,scFoundation,NK,perturbation=Ceritinib,0.37745817895701944
T5c,scFoundation,NK,perturbation=Bosutinib,0.38780159080623067
T5c,scFoundation,NK,perturbation=Vandetanib,0.29595025069641867
T5c,scFoundation,NK,perturbation=Mometasone Furoate,0.4790439555127248
T5c,scFoundation,NK,perturbation=Clotrimazole,0.312030541523346
T5c,scFoundation,T_cells,perturbation=Atorvastatin,0.21824367423556476
T5c,scFoundation,T_cells,perturbation=5-(9-Isopropyl-8-methyl-2-morpholino-9H-purin-6-yl)pyrimidin-2-amine,0.6276894231079165
T5c,scFoundation,T_cells,perturbation=Topotecan,0.25593235097796807
T5c,scFoundation,T_cells,perturbation=BMS-265246,0.34460349953775077
T5c,scFoundation,T_cells,perturbation=AMD-070 (hydrochloride),0.19331510294643517
T5c,scFoundation,T_cells,perturbation=AT13387,0.6656540945958211
T5c,scFoundation,T_cells,perturbation=Desloratadine,0.29948608200098287
T5c,scFoundation,T_cells,perturbation=Ganetespib (STA-9090),0.6863397327194193
T5c,scFoundation,T_cells,perturbation=O-Demethylated Adapalene,0.35960306036570056
T5c,scFoundation,T_cells,perturbation=BAY 87-2243,0.4660305542345853
T5c,scFoundation,T_cells,perturbation=Ruxolitinib,0.5458019652059719
T5c,scFoundation,T_cells,perturbation=Sgc-cbp30,0.1513557714754267
T5c,scFoundation,T_cells,perturbation=PF-04691502,0.48106852094518043
T5c,scFoundation,T_cells,perturbation=Dactolisib,0.5988083323690018
T5c,scFoundation,T_cells,perturbation=Alogliptin,0.23547426966400048
T5c,scFoundation,T_cells,perturbation=Clomipramine,0.3136924080465872
T5c,scFoundation,T_cells,perturbation=Protriptyline,0.21028926681659518
T5c,scFoundation,T_cells,perturbation=Phenylbutazone,0.24130374621569958
T5c,scFoundation,T_cells,perturbation=Pomalidomide,0.21412902177061507
T5c,scFoundation,T_cells,perturbation=FK 866,0.4277332370221783
T5c,scFoundation,T_cells,perturbation=Perhexiline,0.5868241962382784
T5c,scFoundation,T_cells,perturbation=BMS-536924,0.5663652455974513
T5c,scFoundation,T_cells,perturbation=Penfluridol,0.2917008405074714
T5c,scFoundation,T_cells,perturbation=Sunitinib,0.37739581736490174
T5c,scFoundation,T_cells,perturbation=I-BET151,0.42381084562468185
T5c,scFoundation,T_cells,perturbation=K-02288,0.26110283653923283
T5c,scFoundation,T_cells,perturbation=Dovitinib,0.32841432282467575
T5c,scFoundation,T_cells,perturbation=Chlorpheniramine,0.26010195115191237
T5c,scFoundation,T_cells,perturbation=UNII-BXU45ZH6LI,0.3624807500017194
T5c,scFoundation,T_cells,perturbation=IKK Inhibitor VII,0.5505520863513944
T5c,scFoundation,T_cells,perturbation=Quizartinib,0.1819215480454294
T5c,scFoundation,T_cells,perturbation=Tivozanib,0.3121053627042455
T5c,scFoundation,T_cells,perturbation=Foretinib,0.44178867062641175
T5c,scFoundation,T_cells,perturbation=BMS-777607,0.33098368293154506
T5c,scFoundation,T_cells,perturbation=AVL-292,0.4469207200940724
T5c,scFoundation,T_cells,perturbation=Scriptaid,0.5901218820952526
T5c,scFoundation,T_cells,perturbation=RVX-208,0.25015744409853646
T5c,scFoundation,T_cells,perturbation=Amiodarone,0.2702636101533365
T5c,scFoundation,T_cells,perturbation=RN-486,0.18502998887526342
T5c,scFoundation,T_cells,perturbation=Tamatinib,0.6011927210929089
T5c,scFoundation,T_cells,perturbation=GW843682X,0.22731262959118095
T5c,scFoundation,T_cells,perturbation=Porcn Inhibitor III,0.4369119384012551
T5c,scFoundation,T_cells,perturbation=Navitoclax,0.15514977364461557
T5c,scFoundation,T_cells,perturbation=BAY 61-3606,0.46059162014778404
T5c,scFoundation,T_cells,perturbation=Ketoconazole,0.719108972411125
T5c,scFoundation,T_cells,perturbation=Isoniazid,0.23683829537128417
T5c,scFoundation,T_cells,perturbation=PD-0325901,0.3850248275582129
T5c,scFoundation,T_cells,perturbation=TIE2 Kinase Inhibitor,0.29715392565198234
T5c,scFoundation,T_cells,perturbation=CGP 60474,0.1760992637033898
T5c,scFoundation,T_cells,perturbation=BMS-387032,0.41389875398803766
T5c,scFoundation,T_cells,perturbation=TL_HRAS26,0.19385481661117648
T5c,scFoundation,T_cells,perturbation=Methotrexate,0.31615137263526477
T5c,scFoundation,T_cells,perturbation=LY2090314,0.43000286146651917
T5c,scFoundation,T_cells,perturbation=Alvocidib,0.1610174596251473
T5c,scFoundation,T_cells,perturbation=IMD-0354,0.48202300041069324
T5c,scFoundation,T_cells,perturbation=MK-5108,0.316210304570149
T5c,scFoundation,T_cells,perturbation=Ixabepilone,0.24809325486814077
T5c,scFoundation,T_cells,perturbation=IN1451,0.7840008337484535
T5c,scFoundation,T_cells,perturbation=Proscillaridin A;Proscillaridin-A,0.7355743444189236
T5c,scFoundation,T_cells,perturbation=Palbociclib,0.3472337554814166
T5c,scFoundation,T_cells,perturbation=Vardenafil,0.37072692360857584
T5c,scFoundation,T_cells,perturbation=Disulfiram,0.22014988703451335
T5c,scFoundation,T_cells,perturbation=Canertinib,0.15781678378205055
T5c,scFoundation,T_cells,perturbation=Lapatinib,0.28979648063042035
T5c,scFoundation,T_cells,perturbation=Linagliptin,0.25794810925616857
T5c,scFoundation,T_cells,perturbation=Raloxifene,0.5124363445047677
T5c,scFoundation,T_cells,perturbation=Vorinostat,0.6050067440254366
T5c,scFoundation,T_cells,perturbation=Trametinib,0.3852444394028459
T5c,scFoundation,T_cells,perturbation=Dasatinib,0.5894966759346258
T5c,scFoundation,T_cells,perturbation=Flutamide,0.27780239053378386
T5c,scFoundation,T_cells,perturbation=Idelalisib,0.350021437234907
T5c,scFoundation,T_cells,perturbation=Riociguat,0.264332084009355
T5c,scFoundation,T_cells,perturbation=Azacitidine,0.17980045856834445
T5c,scFoundation,T_cells,perturbation=TGX 221,0.5084952865375288
T5c,scFoundation,T_cells,perturbation=CGM-097,0.5968917345820586
T5c,scFoundation,T_cells,perturbation=Clemastine,0.23015676054883596
T5c,scFoundation,T_cells,perturbation=Imatinib,0.18987961959101646
T5c,scFoundation,T_cells,perturbation=Tipifarnib,0.2976300181986139
T5c,scFoundation,T_cells,perturbation=RG7090,0.5073992358143292
T5c,scFoundation,T_cells,perturbation=CHIR-99021,0.48908465016934743
T5c,scFoundation,T_cells,perturbation=TR-14035,0.3614585798795663
T5c,scFoundation,T_cells,perturbation=Pitavastatin Calcium,0.7004893065518786
T5c,scFoundation,T_cells,perturbation=SLx-2119,0.2642058437576362
T5c,scFoundation,T_cells,perturbation=YK 4-279,0.571385532509544
T5c,scFoundation,T_cells,perturbation=SCH-58261,0.21397440103897872
T5c,scFoundation,T_cells,perturbation=BX 912,0.4029774636863804
T5c,scFoundation,T_cells,perturbation=GLPG0634,0.5451386133718172
T5c,scFoundation,T_cells,perturbation=Defactinib,0.31472864191323346
T5c,scFoundation,T_cells,perturbation=Nilotinib,0.5332329983612036
T5c,scFoundation,T_cells,perturbation=ABT737,0.19655090221935345
T5c,scFoundation,T_cells,perturbation=Nefazodone,0.29589950469733706
T5c,scFoundation,T_cells,perturbation=Buspirone,0.2180346501048109
T5c,scFoundation,T_cells,perturbation=Colforsin,0.3560896574180837
T5c,scFoundation,T_cells,perturbation=Doxorubicin,0.3176399358067061
T5c,scFoundation,T_cells,perturbation=Mubritinib (TAK 165),0.3516437048871553
T5c,scFoundation,T_cells,perturbation=BI-D1870,0.48180239651167345
T5c,scFoundation,T_cells,perturbation=AT 7867,0.4564520733983466
T5c,scFoundation,T_cells,perturbation=PRT-062607,0.5663215613275686
T5c,scFoundation,T_cells,perturbation=STK219801,0.16328437610757657
T5c,scFoundation,T_cells,perturbation=Midostaurin,0.5257832672771858
T5c,scFoundation,T_cells,perturbation=PF-03814735,0.5317764739542107
T5c,scFoundation,T_cells,perturbation=Vanoxerine,0.264800971688968
T5c,scFoundation,T_cells,perturbation=AZD3514,0.2702019094249911
T5c,scFoundation,T_cells,perturbation=OSI-930,0.24631769093754743
T5c,scFoundation,T_cells,perturbation=AZ628,0.48618696524099203
T5c,scFoundation,T_cells,perturbation=TPCA-1,0.5670145296491378
T5c,scFoundation,T_cells,perturbation=CEP-37440,0.3197980725242381
T5c,scFoundation,T_cells,perturbation=Tivantinib,0.27943450298158207
T5c,scFoundation,T_cells,perturbation=AZD4547,0.32780888020200394
T5c,scFoundation,T_cells,perturbation=SB525334,0.4513319848920127
T5c,scFoundation,T_cells,perturbation=HMN-214,0.5914613542722201
T5c,scFoundation,T_cells,perturbation=GO-6976,0.5744561430828359
T5c,scFoundation,T_cells,perturbation=AZD-8330,0.42608729413489227
T5c,scFoundation,T_cells,perturbation=MGCD-265,0.2997970597781001
T5c,scFoundation,T_cells,perturbation=GSK256066,0.3248158422098264
T5c,scFoundation,T_cells,perturbation=Tosedostat,0.19513274787055637
T5c,scFoundation,T_cells,perturbation=Prednisolone,0.5415644415358556
T5c,scFoundation,T_cells,perturbation=HYDROXYUREA,0.30283656163592476
T5c,scFoundation,T_cells,perturbation=Decitabine,0.2828762411854794
T5c,scFoundation,T_cells,perturbation=CC-401,0.4152715664721741
T5c,scFoundation,T_cells,perturbation=Saracatinib,0.5164766277306749
T5c,scFoundation,T_cells,perturbation=Masitinib,0.36249420817188016
T5c,scFoundation,T_cells,perturbation=GSK-1070916,0.22688169798308508
T5c,scFoundation,T_cells,perturbation=R428,0.2538545612250032
T5c,scFoundation,T_cells,perturbation=Colchicine,0.4722067977943284
T5c,scFoundation,T_cells,perturbation=Tacalcitol,0.3828562094113574
T5c,scFoundation,T_cells,perturbation=LDN 193189,0.20917477306730783
T5c,scFoundation,T_cells,perturbation=Resminostat,0.5826953572315013
T5c,scFoundation,T_cells,perturbation=RG7112,0.2321039183785827
T5c,scFoundation,T_cells,perturbation=Ricolinostat,0.13931129432612419
T5c,scFoundation,T_cells,perturbation=Oxybenzone,0.24057577972772137
T5c,scFoundation,T_cells,perturbation=ABT-199 (GDC-0199),0.2305272470794866
T5c,scFoundation,T_cells,perturbation=Selumetinib,0.40838989155255523
T5c,scFoundation,T_cells,perturbation=Cabozantinib,0.4758137856550081
T5c,scFoundation,T_cells,perturbation=Crizotinib,0.5405805457056599
T5c,scFoundation,T_cells,perturbation=Lamivudine,0.33512680810901513
T5c,scFoundation,T_cells,perturbation=Ceritinib,0.35166751855107253
T5c,scFoundation,T_cells,perturbation=Bosutinib,0.5637177175241848
T5c,scFoundation,T_cells,perturbation=Vandetanib,0.22018338145517774
T5c,scFoundation,T_cells,perturbation=Mometasone Furoate,0.601615386572255
T5c,scFoundation,T_cells,perturbation=Clotrimazole,0.34920237416937105
T5c,scGPT,B,perturbation=Atorvastatin,0.293420718048903
T5c,scGPT,B,perturbation=5-(9-Isopropyl-8-methyl-2-morpholino-9H-purin-6-yl)pyrimidin-2-amine,0.5877531646744647
T5c,scGPT,B,perturbation=Topotecan,0.387408631419572
T5c,scGPT,B,perturbation=BMS-265246,0.45158179172046453
T5c,scGPT,B,perturbation=AMD-070 (hydrochloride),0.2094404002243092
T5c,scGPT,B,perturbation=AT13387,0.6023098765338588
T5c,scGPT,B,perturbation=Desloratadine,0.2707115237263225
T5c,scGPT,B,perturbation=Ganetespib (STA-9090),0.6223632552382062
T5c,scGPT,B,perturbation=O-Demethylated Adapalene,0.3042201223266004
T5c,scGPT,B,perturbation=BAY 87-2243,0.4364344109708334
T5c,scGPT,B,perturbation=Ruxolitinib,0.5550007513360102
T5c,scGPT,B,perturbation=Sgc-cbp30,0.24815101199132508
T5c,scGPT,B,perturbation=PF-04691502,0.48521506432404776
T5c,scGPT,B,perturbation=Dactolisib,0.6677338363180754
T5c,scGPT,B,perturbation=Alogliptin,0.2427907633401125
T5c,scGPT,B,perturbation=Clomipramine,0.3275798843394252
T5c,scGPT,B,perturbation=Protriptyline,0.2057086773838875
T5c,scGPT,B,perturbation=Phenylbutazone,0.2717276453786629
T5c,scGPT,B,perturbation=Pomalidomide,0.4020108319066193
T5c,scGPT,B,perturbation=FK 866,0.4224330879454759
T5c,scGPT,B,perturbation=Perhexiline,0.4763621266710416
T5c,scGPT,B,perturbation=BMS-536924,0.5719120898320462
T5c,scGPT,B,perturbation=Penfluridol,0.27215450036060457
T5c,scGPT,B,perturbation=Sunitinib,0.3493638655106953
T5c,scGPT,B,perturbation=I-BET151,0.6082795708728661
T5c,scGPT,B,perturbation=K-02288,0.17741014234512095
T5c,scGPT,B,perturbation=Dovitinib,0.3515700002663405
T5c,scGPT,B,perturbation=Chlorpheniramine,0.2905200360504002
T5c,scGPT,B,perturbation=UNII-BXU45ZH6LI,0.44731144364832165
T5c,scGPT,B,perturbation=IKK Inhibitor VII,0.5285249906599234
T5c,scGPT,B,perturbation=Quizartinib,0.24972435814896823
T5c,scGPT,B,perturbation=Tivozanib,0.26494549486362323
T5c,scGPT,B,perturbation=Foretinib,0.49897307536171753
T5c,scGPT,B,perturbation=BMS-777607,0.31295596672490233
T5c,scGPT,B,perturbation=AVL-292,0.38965857358997374
T5c,scGPT,B,perturbation=Scriptaid,0.5787794097965022
T5c,scGPT,B,perturbation=RVX-208,0.28808279234685247
T5c,scGPT,B,perturbation=Amiodarone,0.20188640466119478
T5c,scGPT,B,perturbation=RN-486,0.19535180039082198
T5c,scGPT,B,perturbation=Tamatinib,0.5760278784372178
T5c,scGPT,B,perturbation=GW843682X,0.2955291470562213
T5c,scGPT,B,perturbation=Porcn Inhibitor III,0.36966908700762285
T5c,scGPT,B,perturbation=Navitoclax,0.17184730035383733
T5c,scGPT,B,perturbation=BAY 61-3606,0.562543542188445
T5c,scGPT,B,perturbation=Ketoconazole,0.6853809276882714
T5c,scGPT,B,perturbation=Isoniazid,0.22037084773371787
T5c,scGPT,B,perturbation=PD-0325901,0.41346513835308535
T5c,scGPT,B,perturbation=TIE2 Kinase Inhibitor,0.2632444010009055
T5c,scGPT,B,perturbation=BMS-387032,0.1937770606473128
T5c,scGPT,B,perturbation=TL_HRAS26,0.25227760951784417
T5c,scGPT,B,perturbation=Methotrexate,0.3974095204720247
T5c,scGPT,B,perturbation=LY2090314,0.45182274594343647
T5c,scGPT,B,perturbation=Alvocidib,0.00031343731571663617
T5c,scGPT,B,perturbation=IMD-0354,0.5537325235851881
T5c,scGPT,B,perturbation=MK-5108,0.31046493260470875
T5c,scGPT,B,perturbation=Ixabepilone,0.30174869494782647
T5c,scGPT,B,perturbation=IN1451,0.7550400548348786
T5c,scGPT,B,perturbation=Proscillaridin A;Proscillaridin-A,0.696840803732982
T5c,scGPT,B,perturbation=Palbociclib,0.3446142864036909
T5c,scGPT,B,perturbation=Vardenafil,0.34003209892191955
T5c,scGPT,B,perturbation=Disulfiram,0.1521341170212343
T5c,scGPT,B,perturbation=Canertinib,0.3592711724270447
T5c,scGPT,B,perturbation=Lapatinib,0.33959809786411
T5c,scGPT,B,perturbation=Linagliptin,0.21580602357966647
T5c,scGPT,B,perturbation=Raloxifene,0.4721359459597107
T5c,scGPT,B,perturbation=Vorinostat,0.582783861706478
T5c,scGPT,B,perturbation=Trametinib,0.5129584424559641
T5c,scGPT,B,perturbation=Dasatinib,0.4906677454380069
T5c,scGPT,B,perturbation=Flutamide,0.26006208338287523
T5c,scGPT,B,perturbation=Idelalisib,0.3745434847502448
T5c,scGPT,B,perturbation=Riociguat,0.2179494631592119
T5c,scGPT,B,perturbation=Azacitidine,0.2538578684997289
T5c,scGPT,B,perturbation=TGX 221,0.43485674991952417
T5c,scGPT,B,perturbation=CGM-097,0.6421841759335494
T5c,scGPT,B,perturbation=Clemastine,0.2819954996589869
T5c,scGPT,B,perturbation=Imatinib,0.23902296160951
T5c,scGPT,B,perturbation=Tipifarnib,0.3542288060849579
T5c,scGPT,B,perturbation=RG7090,0.4608327852946473
T5c,scGPT,B,perturbation=CHIR-99021,0.4646018975473194
T5c,scGPT,B,perturbation=TR-14035,0.340329398705834
T5c,scGPT,B,perturbation=Pitavastatin Calcium,0.6482655972655786
T5c,scGPT,B,perturbation=SLx-2119,0.2911240521526994
T5c,scGPT,B,perturbation=YK 4-279,0.45615731591315123
T5c,scGPT,B,perturbation=SCH-58261,0.260029361362493
T5c,scGPT,B,perturbation=BX 912,0.35941661651130374
T5c,scGPT,B,perturbation=GLPG0634,0.48725916516616025
T5c,scGPT,B,perturbation=Defactinib,0.3831274731262859
T5c,scGPT,B,perturbation=Nilotinib,0.5098532261121838
T5c,scGPT,B,perturbation=ABT737,0.11069229031312675
T5c,scGPT,B,perturbation=Nefazodone,0.27948000545508755
T5c,scGPT,B,perturbation=Buspirone,0.23172957608533462
T5c,scGPT,B,perturbation=Colforsin,0.2719606937165888
T5c,scGPT,B,perturbation=Doxorubicin,0.4471961453700467
T5c,scGPT,B,perturbation=Mubritinib (TAK 165),0.39316417220325434
T5c,scGPT,B,perturbation=BI-D1870,0.4508823070695595
T5c,scGPT,B,perturbation=AT 7867,0.4191988863514865
T5c,scGPT,B,perturbation=PRT-062607,0.5078564568125469
T5c,scGPT,B,perturbation=STK219801,0.2928745445886592
T5c,scGPT,B,perturbation=Midostaurin,0.49096319154367873
T5c,scGPT,B,perturbation=PF-03814735,0.5844631709649117
T5c,scGPT,B,perturbation=Vanoxerine,0.30670015209671503
T5c,scGPT,B,perturbation=AZD3514,0.3370868940910559
T5c,scGPT,B,perturbation=OSI-930,0.2601931022562849
T5c,scGPT,B,perturbation=AZ628,0.44380701085285873
T5c,scGPT,B,perturbation=TPCA-1,0.5359210180617964
T5c,scGPT,B,perturbation=CEP-37440,0.3423397732490998
T5c,scGPT,B,perturbation=Tivantinib,0.28815402812545626
T5c,scGPT,B,perturbation=AZD4547,0.30735705299210253
T5c,scGPT,B,perturbation=SB525334,0.4445933587457541
T5c,scGPT,B,perturbation=HMN-214,0.5869926079911514
T5c,scGPT,B,perturbation=GO-6976,0.5188640813943174
T5c,scGPT,B,perturbation=AZD-8330,0.35049489751484264
T5c,scGPT,B,perturbation=MGCD-265,0.2886458855718533
T5c,scGPT,B,perturbation=GSK256066,0.3172276676840882
T5c,scGPT,B,perturbation=Tosedostat,0.23992987490692888
T5c,scGPT,B,perturbation=Prednisolone,0.5462709358315545
T5c,scGPT,B,perturbation=HYDROXYUREA,0.24547664275598824
T5c,scGPT,B,perturbation=Decitabine,0.23376426831984068
T5c,scGPT,B,perturbation=CC-401,0.42445698617050664
T5c,scGPT,B,perturbation=Saracatinib,0.5089980677526605
T5c,scGPT,B,perturbation=Masitinib,0.30912291900132816
T5c,scGPT,B,perturbation=GSK-1070916,0.2980843221675003
T5c,scGPT,B,perturbation=R428,0.3669338287834146
T5c,scGPT,B,perturbation=Colchicine,0.5130064449491782
T5c,scGPT,B,perturbation=Tacalcitol,0.36089961878973503
T5c,scGPT,B,perturbation=LDN 193189,0.2885617735366551
T5c,scGPT,B,perturbation=Resminostat,0.5811161845043028
T5c,scGPT,B,perturbation=RG7112,0.31995846274856593
T5c,scGPT,B,perturbation=Ricolinostat,0.1833830338932268
T5c,scGPT,B,perturbation=Oxybenzone,0.23235584623400787
T5c,scGPT,B,perturbation=ABT-199 (GDC-0199),0.16402463146537574
T5c,scGPT,B,perturbation=Selumetinib,0.3522933533594878
T5c,scGPT,B,perturbation=Cabozantinib,0.4447018868188649
T5c,scGPT,B,perturbation=Crizotinib,0.48244643367471624
T5c,scGPT,B,perturbation=Lamivudine,0.28562749324708175
T5c,scGPT,B,perturbation=Ceritinib,0.29617015535377167
T5c,scGPT,B,perturbation=Bosutinib,0.5860417294542422
T5c,scGPT,B,perturbation=Vandetanib,0.2654574951290612
T5c,scGPT,B,perturbation=Mometasone Furoate,0.6077132064980224
T5c,scGPT,B,perturbation=Clotrimazole,0.27095795520214516
T5c,scGPT,B,perturbation=CGP 60474,0.07803393131079003
T5c,scGPT,Mono,perturbation=Atorvastatin,0.2591060599710575
T5c,scGPT,Mono,perturbation=5-(9-Isopropyl-8-methyl-2-morpholino-9H-purin-6-yl)pyrimidin-2-amine,0.44166109331434067
T5c,scGPT,Mono,perturbation=Topotecan,0.36401522978994405
T5c,scGPT,Mono,perturbation=BMS-265246,0.36967514843145804
T5c,scGPT,Mono,perturbation=AMD-070 (hydrochloride),0.1300315644401606
T5c,scGPT,Mono,perturbation=AT13387,0.40898041823908715
T5c,scGPT,Mono,perturbation=Desloratadine,0.18064342890985183
T5c,scGPT,Mono,perturbation=Ganetespib (STA-9090),0.424827377614366
T5c,scGPT,Mono,perturbation=O-Demethylated Adapalene,0.15899700136013753
T5c,scGPT,Mono,perturbation=BAY 87-2243,0.2840598161433687
T5c,scGPT,Mono,perturbation=Ruxolitinib,0.44250400908679666
T5c,scGPT,Mono,perturbation=Sgc-cbp30,0.17141882953787077
T5c,scGPT,Mono,perturbation=PF-04691502,0.31999986335623026
T5c,scGPT,Mono,perturbation=Dactolisib,0.5781115593067784
T5c,scGPT,Mono,perturbation=Alogliptin,0.16558385244378784
T5c,scGPT,Mono,perturbation=Clomipramine,0.23458527512248215
T5c,scGPT,Mono,perturbation=Protriptyline,0.15545983046459416
T5c,scGPT,Mono,perturbation=Phenylbutazone,0.17789270524428294
T5c,scGPT,Mono,perturbation=Pomalidomide,0.13454657256986252
T5c,scGPT,Mono,perturbation=FK 866,0.3748988299632536
T5c,scGPT,Mono,perturbation=Perhexiline,0.32068183142683615
T5c,scGPT,Mono,perturbation=BMS-536924,0.46093466923026477
T5c,scGPT,Mono,perturbation=Penfluridol,0.25808027833716
T5c,scGPT,Mono,perturbation=Sunitinib,0.15898893953735008
T5c,scGPT,Mono,perturbation=I-BET151,0.4360598271105641
T5c,scGPT,Mono,perturbation=K-02288,0.08707449114792055
T5c,scGPT,Mono,perturbation=Dovitinib,0.16529076896581746
T5c,scGPT,Mono,perturbation=Chlorpheniramine,0.12990766199256626
T5c,scGPT,Mono,perturbation=IKK Inhibitor VII,0.40058784756170984
T5c,scGPT,Mono,perturbation=Quizartinib,0.10754595580204497
T5c,scGPT,Mono,perturbation=Tivozanib,0.1069032295276886
T5c,scGPT,Mono,perturbation=Foretinib,0.36267107080399635
T5c,scGPT,Mono,perturbation=BMS-777607,0.26295472979000956
T5c,scGPT,Mono,perturbation=AVL-292,0.27340762435445093
T5c,scGPT,Mono,perturbation=Scriptaid,0.44180131721745824
T5c,scGPT,Mono,perturbation=RVX-208,0.25662838807005595
T5c,scGPT,Mono,perturbation=Amiodarone,0.10060999350230841
T5c,scGPT,Mono,perturbation=RN-486,0.16529562355999364
T5c,scGPT,Mono,perturbation=Tamatinib,0.4389719285771296
T5c,scGPT,Mono,perturbation=GW843682X,0.20657219736293558
T5c,scGPT,Mono,perturbation=Porcn Inhibitor III,0.28106170410365233
T5c,scGPT,Mono,perturbation=Navitoclax,0.34038904068705833
T5c,scGPT,Mono,perturbation=BAY 61-3606,0.3424249002475368
T5c,scGPT,Mono,perturbation=Ketoconazole,0.6177764816963532
T5c,scGPT,Mono,perturbation=Isoniazid,0.1537111473056364
T5c,scGPT,Mono,perturbation=PD-0325901,0.24516350346784807
T5c,scGPT,Mono,perturbation=TIE2 Kinase Inhibitor,0.18455605808160055
T5c,scGPT,Mono,perturbation=TL_HRAS26,0.1773581383444605
T5c,scGPT,Mono,perturbation=Methotrexate,0.31839747607197116
T5c,scGPT,Mono,perturbation=LY2090314,0.2203467909892878
T5c,scGPT,Mono,perturbation=Alvocidib,0.018621130227132156
T5c,scGPT,Mono,perturbation=IMD-0354,0.392516009065828
T5c,scGPT,Mono,perturbation=MK-5108,0.25075183586490357
T5c,scGPT,Mono,perturbation=Ixabepilone,0.15426263570138318
T5c,scGPT,Mono,perturbation=IN1451,0.6515741978977583
T5c,scGPT,Mono,perturbation=Proscillaridin A;Proscillaridin-A,0.4529591217259121
T5c,scGPT,Mono,perturbation=Palbociclib,0.2926655772306721
T5c,scGPT,Mono,perturbation=Vardenafil,0.21034771980444003
T5c,scGPT,Mono,perturbation=Disulfiram,0.09115529656154608
T5c,scGPT,Mono,perturbation=Canertinib,0.06725954662871234
T5c,scGPT,Mono,perturbation=Lapatinib,0.21335609170777312
T5c,scGPT,Mono,perturbation=Linagliptin,0.2041587321958123
T5c,scGPT,Mono,perturbation=Raloxifene,0.27828640790582987
T5c,scGPT,Mono,perturbation=Vorinostat,0.4243461044075041
T5c,scGPT,Mono,perturbation=Trametinib,0.3969385581609405
T5c,scGPT,Mono,perturbation=Dasatinib,0.4437166875620591
T5c,scGPT,Mono,perturbation=Flutamide,0.1585831021713453
T5c,scGPT,Mono,perturbation=Idelalisib,0.3165579831164237
T5c,scGPT,Mono,perturbation=Riociguat,0.20622349192823258
T5c,scGPT,Mono,perturbation=Azacitidine,0.14146899569741211
T5c,scGPT,Mono,perturbation=TGX 221,0.29822703376731013
T5c,scGPT,Mono,perturbation=CGM-097,0.527454824611391
T5c,scGPT,Mono,perturbation=Clemastine,0.2080907165644309
T5c,scGPT,Mono,perturbation=Imatinib,0.1911494706468762
T5c,scGPT,Mono,perturbation=Tipifarnib,0.24924204990999485
T5c,scGPT,Mono,perturbation=RG7090,0.38155904215105946
T5c,scGPT,Mono,perturbation=CHIR-99021,0.36716553419422815
T5c,scGPT,Mono,perturbation=TR-14035,0.17871468120630488
T5c,scGPT,Mono,perturbation=Pitavastatin Calcium,0.5530383160539039
T5c,scGPT,Mono,perturbation=SLx-2119,0.20616929305751455
T5c,scGPT,Mono,perturbation=YK 4-279,0.3272887068540182
T5c,scGPT,Mono,perturbation=SCH-58261,0.15142495732001046
T5c,scGPT,Mono,perturbation=BX 912,0.3036431132377987
T5c,scGPT,Mono,perturbation=GLPG0634,0.36100089757897824
T5c,scGPT,Mono,perturbation=Defactinib,0.26048391353129885
T5c,scGPT,Mono,perturbation=Nilotinib,0.37245737135569
T5c,scGPT,Mono,perturbation=ABT737,0.24806564803171713
T5c,scGPT,Mono,perturbation=Nefazodone,0.12488063782204102
T5c,scGPT,Mono,perturbation=Buspirone,0.08637584154570756
T5c,scGPT,Mono,perturbation=Colforsin,0.2436596827577297
T5c,scGPT,Mono,perturbation=Doxorubicin,0.45559348630667595
T5c,scGPT,Mono,perturbation=Mubritinib (TAK 165),0.2184489463427983
T5c,scGPT,Mono,perturbation=BI-D1870,0.3702980667307499
T5c,scGPT,Mono,perturbation=AT 7867,0.2802655058228505
T5c,scGPT,Mono,perturbation=PRT-062607,0.3859823865852225
T5c,scGPT,Mono,perturbation=STK219801,0.2714462406554789
T5c,scGPT,Mono,perturbation=Midostaurin,0.3721614140778569
T5c,scGPT,Mono,perturbation=PF-03814735,0.5477192556875868
T5c,scGPT,Mono,perturbation=Vanoxerine,0.1534311311758305
T5c,scGPT,Mono,perturbation=AZD3514,0.2632681962426936
T5c,scGPT,Mono,perturbation=OSI-930,0.09599698963250498
T5c,scGPT,Mono,perturbation=AZ628,0.3221698587834913
T5c,scGPT,Mono,perturbation=TPCA-1,0.4277615340519606
T5c,scGPT,Mono,perturbation=CEP-37440,0.11907193113665861
T5c,scGPT,Mono,perturbation=Tivantinib,0.29772767342128675
T5c,scGPT,Mono,perturbation=AZD4547,0.18618034097347952
T5c,scGPT,Mono,perturbation=SB525334,0.3660508336078848
T5c,scGPT,Mono,perturbation=HMN-214,0.5399825628469787
T5c,scGPT,Mono,perturbation=GO-6976,0.48523525754889335
T5c,scGPT,Mono,perturbation=AZD-8330,0.2319993719597352
T5c,scGPT,Mono,perturbation=MGCD-265,0.2269830608995286
T5c,scGPT,Mono,perturbation=GSK256066,0.2285371668293859
T5c,scGPT,Mono,perturbation=Tosedostat,0.2953179517467993
T5c,scGPT,Mono,perturbation=Prednisolone,0.33056700425234187
T5c,scGPT,Mono,perturbation=HYDROXYUREA,0.0868009224962425
T5c,scGPT,Mono,perturbation=Decitabine,0.13451927213396608
T5c,scGPT,Mono,perturbation=CC-401,0.32160172063397513
T5c,scGPT,Mono,perturbation=Saracatinib,0.4345279806856015
T5c,scGPT,Mono,perturbation=Masitinib,0.22554639596829715
T5c,scGPT,Mono,perturbation=GSK-1070916,0.2117394087040855
T5c,scGPT,Mono,perturbation=R428,0.1604064529834795
T5c,scGPT,Mono,perturbation=Colchicine,0.37309529404284475
T5c,scGPT,Mono,perturbation=Tacalcitol,0.1086236140933667
T5c,scGPT,Mono,perturbation=LDN 193189,0.13171864216572562
T5c,scGPT,Mono,perturbation=Resminostat,0.4193284746364908
T5c,scGPT,Mono,perturbation=RG7112,0.2451028216630644
T5c,scGPT,Mono,perturbation=Ricolinostat,0.18967811270015383
T5c,scGPT,Mono,perturbation=Oxybenzone,0.18947900126217668
T5c,scGPT,Mono,perturbation=ABT-199 (GDC-0199),0.23536028358657346
T5c,scGPT,Mono,perturbation=Selumetinib,0.3032776709319755
T5c,scGPT,Mono,perturbation=Cabozantinib,0.39485659678982826
T5c,scGPT,Mono,perturbation=Crizotinib,0.39633964711056274
T5c,scGPT,Mono,perturbation=Lamivudine,0.2073398031361094
T5c,scGPT,Mono,perturbation=Ceritinib,0.1823747558403434
T5c,scGPT,Mono,perturbation=Bosutinib,0.4994910370694933
T5c,scGPT,Mono,perturbation=Vandetanib,0.16906599375109013
T5c,scGPT,Mono,perturbation=Mometasone Furoate,0.469790626003434
T5c,scGPT,Mono,perturbation=Clotrimazole,0.13962505262381308
T5c,scGPT,Mono,perturbation=UNII-BXU45ZH6LI,0.3350690691904792
T5c,scGPT,Mono,perturbation=BMS-387032,0.07212005336921297
T5c,scGPT,NK,perturbation=Atorvastatin,0.26729649614719275
T5c,scGPT,NK,perturbation=5-(9-Isopropyl-8-methyl-2-morpholino-9H-purin-6-yl)pyrimidin-2-amine,0.46881941400790605
T5c,scGPT,NK,perturbation=Topotecan,0.41741089199919
T5c,scGPT,NK,perturbation=BMS-265246,0.5228223030243409
T5c,scGPT,NK,perturbation=AMD-070 (hydrochloride),0.15961698126150678
T5c,scGPT,NK,perturbation=AT13387,0.5671544859110684
T5c,scGPT,NK,perturbation=Desloratadine,0.2581324276450033
T5c,scGPT,NK,perturbation=Ganetespib (STA-9090),0.5833719663714028
T5c,scGPT,NK,perturbation=O-Demethylated Adapalene,0.2773028926725656
T5c,scGPT,NK,perturbation=BAY 87-2243,0.485045184011878
T5c,scGPT,NK,perturbation=Ruxolitinib,0.4105416177736499
T5c,scGPT,NK,perturbation=Sgc-cbp30,0.26675418549508934
T5c,scGPT,NK,perturbation=PF-04691502,0.36254418920878245
T5c,scGPT,NK,perturbation=Dactolisib,0.5921669863927447
T5c,scGPT,NK,perturbation=Alogliptin,0.23986869919055134
T5c,scGPT,NK,perturbation=Clomipramine,0.3205888922421991
T5c,scGPT,NK,perturbation=Protriptyline,0.2581415553014434
T5c,scGPT,NK,perturbation=Phenylbutazone,0.21928179656675176
T5c,scGPT,NK,perturbation=Pomalidomide,0.46517431154948485
T5c,scGPT,NK,perturbation=FK 866,0.34762749699136286
T5c,scGPT,NK,perturbation=Perhexiline,0.42367088117284113
T5c,scGPT,NK,perturbation=BMS-536924,0.37703489993141387
T5c,scGPT,NK,perturbation=Penfluridol,0.25571797609803104
T5c,scGPT,NK,perturbation=Sunitinib,0.3052174645554588
T5c,scGPT,NK,perturbation=I-BET151,0.5616333448341891
T5c,scGPT,NK,perturbation=K-02288,0.25272242432354325
T5c,scGPT,NK,perturbation=Dovitinib,0.30930574076190875
T5c,scGPT,NK,perturbation=Chlorpheniramine,0.24304254964063643
T5c,scGPT,NK,perturbation=UNII-BXU45ZH6LI,0.061625283041364394
T5c,scGPT,NK,perturbation=IKK Inhibitor VII,0.4037127448501686
T5c,scGPT,NK,perturbation=Quizartinib,0.18707298185215
T5c,scGPT,NK,perturbation=Tivozanib,0.2524830843376803
T5c,scGPT,NK,perturbation=Foretinib,0.35755152589070593
T5c,scGPT,NK,perturbation=BMS-777607,0.23872356461524907
T5c,scGPT,NK,perturbation=AVL-292,0.38120737670822197
T5c,scGPT,NK,perturbation=Scriptaid,0.6282236212293675
T5c,scGPT,NK,perturbation=RVX-208,0.3107024137345572
T5c,scGPT,NK,perturbation=Amiodarone,0.24415301978248624
T5c,scGPT,NK,perturbation=RN-486,0.20235256331618312
T5c,scGPT,NK,perturbation=Tamatinib,0.44231914970565883
T5c,scGPT,NK,perturbation=GW843682X,0.2908623271815964
T5c,scGPT,NK,perturbation=Porcn Inhibitor III,0.3875785119491514
T5c,scGPT,NK,perturbation=Navitoclax,0.18685770040313102
T5c,scGPT,NK,perturbation=BAY 61-3606,0.505448536853071
T5c,scGPT,NK,perturbation=Ketoconazole,0.6832703839497956
T5c,scGPT,NK,perturbation=Isoniazid,0.2127055124056929
T5c,scGPT,NK,perturbation=PD-0325901,0.30168457419697103
T5c,scGPT,NK,perturbation=TIE2 Kinase Inhibitor,0.24538672453898835
T5c,scGPT,NK,perturbation=CGP 60474,-0.07583107787065325
T5c,scGPT,NK,perturbation=BMS-387032,0.442400284110076
T5c,scGPT,NK,perturbation=TL_HRAS26,0.22316076182688882
T5c,scGPT,NK,perturbation=Methotrexate,0.3818585605252
T5c,scGPT,NK,perturbation=LY2090314,0.6166126238140431
T5c,scGPT,NK,perturbation=Alvocidib,0.05734022104340613
T5c,scGPT,NK,perturbation=IMD-0354,0.46881935762713806
T5c,scGPT,NK,perturbation=MK-5108,0.2863970388332725
T5c,scGPT,NK,perturbation=Ixabepilone,0.2877170838297436
T5c,scGPT,NK,perturbation=IN1451,0.6995381758125151
T5c,scGPT,NK,perturbation=Proscillaridin A;Proscillaridin-A,0.7547060932823657
T5c,scGPT,NK,perturbation=Palbociclib,0.24230875851256245
T5c,scGPT,NK,perturbation=Vardenafil,0.3189743389548594
T5c,scGPT,NK,perturbation=Disulfiram,0.2719339887042748
T5c,scGPT,NK,perturbation=Canertinib,0.3522218987664734
T5c,scGPT,NK,perturbation=Lapatinib,0.2853437236970409
T5c,scGPT,NK,perturbation=Linagliptin,0.2932138414569499
T5c,scGPT,NK,perturbation=Raloxifene,0.4480361702386325
T5c,scGPT,NK,perturbation=Vorinostat,0.5637964559396732
T5c,scGPT,NK,perturbation=Trametinib,0.3127325443507895
T5c,scGPT,NK,perturbation=Dasatinib,0.3314177700229979
T5c,scGPT,NK,perturbation=Flutamide,0.22096683547387572
T5c,scGPT,NK,perturbation=Idelalisib,0.30089960151752354
T5c,scGPT,NK,perturbation=Riociguat,0.291549097676912
T5c,scGPT,NK,perturbation=Azacitidine,0.26572601777317983
T5c,scGPT,NK,perturbation=TGX 221,0.37108910517390453
T5c,scGPT,NK,perturbation=CGM-097,0.6212880883439941
T5c,scGPT,NK,perturbation=Clemastine,0.26300667504747854
T5c,scGPT,NK,perturbation=Imatinib,0.2176750224197132
T5c,scGPT,NK,perturbation=Tipifarnib,0.27504784528691445
T5c,scGPT,NK,perturbation=RG7090,0.4393904937450636
T5c,scGPT,NK,perturbation=CHIR-99021,0.4792537612673142
T5c,scGPT,NK,perturbation=TR-14035,0.33589696809436687
T5c,scGPT,NK,perturbation=Pitavastatin Calcium,0.6052100240948217
T5c,scGPT,NK,perturbation=SLx-2119,0.31035991838150917
T5c,scGPT,NK,perturbation=YK 4-279,0.48360024496694104
T5c,scGPT,NK,perturbation=SCH-58261,0.23753226476324546
T5c,scGPT,NK,perturbation=BX 912,0.3652400616141192
T5c,scGPT,NK,perturbation=GLPG0634,0.3957726013454278
T5c,scGPT,NK,perturbation=Defactinib,0.34441307895440365
T5c,scGPT,NK,perturbation=Nilotinib,0.40123627924380034
T5c,scGPT,NK,perturbation=ABT737,0.21758594623459446
T5c,scGPT,NK,perturbation=Nefazodone,0.2610176639298954
T5c,scGPT,NK,perturbation=Buspirone,0.25523533447289604
T5c,scGPT,NK,perturbation=Colforsin,0.3204650327931998
T5c,scGPT,NK,perturbation=Doxorubicin,0.5602017377725176
T5c,scGPT,NK,perturbation=Mubritinib (TAK 165),0.4306709765194481
T5c,scGPT,NK,perturbation=BI-D1870,0.3521460376660061
T5c,scGPT,NK,perturbation=AT 7867,0.3708798434107589
T5c,scGPT,NK,perturbation=PRT-062607,0.36725831538965814
T5c,scGPT,NK,perturbation=STK219801,0.2772351874558954
T5c,scGPT,NK,perturbation=Midostaurin,0.3913301106926256
T5c,scGPT,NK,perturbation=PF-03814735,0.45888487113301507
T5c,scGPT,NK,perturbation=Vanoxerine,0.2306909680409358
T5c,scGPT,NK,perturbation=AZD3514,0.28392362125563825
T5c,scGPT,NK,perturbation=OSI-930,0.24458228415137342
T5c,scGPT,NK,perturbation=AZ628,0.3538212937670037
T5c,scGPT,NK,perturbation=TPCA-1,0.4376753989591515
T5c,scGPT,NK,perturbation=CEP-37440,0.2816444509034207
T5c,scGPT,NK,perturbation=Tivantinib,0.2738677352648422
T5c,scGPT,NK,perturbation=AZD4547,0.23352902845896678
T5c,scGPT,NK,perturbation=SB525334,0.4491524902569897
T5c,scGPT,NK,perturbation=HMN-214,0.5468627334076733
T5c,scGPT,NK,perturbation=GO-6976,0.4784742662800542
T5c,scGPT,NK,perturbation=AZD-8330,0.3903173235688326
T5c,scGPT,NK,perturbation=MGCD-265,0.23698394941834464
T5c,scGPT,NK,perturbation=GSK256066,0.4048311293485038
T5c,scGPT,NK,perturbation=Tosedostat,0.2899388146519266
T5c,scGPT,NK,perturbation=Prednisolone,0.523450367560735
T5c,scGPT,NK,perturbation=HYDROXYUREA,0.2771550530680979
T5c,scGPT,NK,perturbation=Decitabine,0.22531941428698987
T5c,scGPT,NK,perturbation=CC-401,0.35948742995225735
T5c,scGPT,NK,perturbation=Saracatinib,0.35956688416880217
T5c,scGPT,NK,perturbation=Masitinib,0.286352299137826
T5c,scGPT,NK,perturbation=GSK-1070916,0.22012266415725948
T5c,scGPT,NK,perturbation=R428,0.29380015184796604
T5c,scGPT,NK,perturbation=Colchicine,0.31412966025655487
T5c,scGPT,NK,perturbation=Tacalcitol,0.29855670350807684
T5c,scGPT,NK,perturbation=LDN 193189,0.23494004233917476
T5c,scGPT,NK,perturbation=Resminostat,0.5852030077801729
T5c,scGPT,NK,perturbation=RG7112,0.4164040729297618
T5c,scGPT,NK,perturbation=Ricolinostat,0.22332499011714052
T5c,scGPT,NK,perturbation=Oxybenzone,0.275760683681723
T5c,scGPT,NK,perturbation=ABT-199 (GDC-0199),0.2810820005415413
T5c,scGPT,NK,perturbation=Selumetinib,0.31033402353617023
T5c,scGPT,NK,perturbation=Cabozantinib,0.4048283017584115
T5c,scGPT,NK,perturbation=Crizotinib,0.40424200428642443
T5c,scGPT,NK,perturbation=Lamivudine,0.2599018003494392
T5c,scGPT,NK,perturbation=Ceritinib,0.2888957682783868
T5c,scGPT,NK,perturbation=Bosutinib,0.39357676280950366
T5c,scGPT,NK,perturbation=Vandetanib,0.2204721409886815
T5c,scGPT,NK,perturbation=Mometasone Furoate,0.5596212179707377
T5c,scGPT,NK,perturbation=Clotrimazole,0.2783480225628496
T5c,scGPT,T_cells,perturbation=Atorvastatin,0.34016866935509954
T5c,scGPT,T_cells,perturbation=5-(9-Isopropyl-8-methyl-2-morpholino-9H-purin-6-yl)pyrimidin-2-amine,0.5243348447688059
T5c,scGPT,T_cells,perturbation=Topotecan,0.41593180493269116
T5c,scGPT,T_cells,perturbation=BMS-265246,0.5477314223700265
T5c,scGPT,T_cells,perturbation=AMD-070 (hydrochloride),0.19466986035114245
T5c,scGPT,T_cells,perturbation=AT13387,0.648940797588076
T5c,scGPT,T_cells,perturbation=Desloratadine,0.23190606247164744
T5c,scGPT,T_cells,perturbation=Ganetespib (STA-9090),0.6598304756581602
T5c,scGPT,T_cells,perturbation=O-Demethylated Adapalene,0.2851317149845128
T5c,scGPT,T_cells,perturbation=BAY 87-2243,0.5238000228483171
T5c,scGPT,T_cells,perturbation=Ruxolitinib,0.496015093067463
T5c,scGPT,T_cells,perturbation=Sgc-cbp30,0.2537260548213137
T5c,scGPT,T_cells,perturbation=PF-04691502,0.3963749843427785
T5c,scGPT,T_cells,perturbation=Dactolisib,0.6472942980130446
T5c,scGPT,T_cells,perturbation=Alogliptin,0.26410994096140655
T5c,scGPT,T_cells,perturbation=Clomipramine,0.31474621312002693
T5c,scGPT,T_cells,perturbation=Protriptyline,0.22404128513776608
T5c,scGPT,T_cells,perturbation=Phenylbutazone,0.21853140423488393
T5c,scGPT,T_cells,perturbation=Pomalidomide,0.46074820117703197
T5c,scGPT,T_cells,perturbation=FK 866,0.415745355591186
T5c,scGPT,T_cells,perturbation=Perhexiline,0.44478118989547566
T5c,scGPT,T_cells,perturbation=BMS-536924,0.48911605407355546
T5c,scGPT,T_cells,perturbation=Penfluridol,0.2713980510070783
T5c,scGPT,T_cells,perturbation=Sunitinib,0.34322011747778536
T5c,scGPT,T_cells,perturbation=I-BET151,0.6262734916851449
T5c,scGPT,T_cells,perturbation=K-02288,0.24640612065802117
T5c,scGPT,T_cells,perturbation=Dovitinib,0.33714306848111303
T5c,scGPT,T_cells,perturbation=Chlorpheniramine,0.2485579714280714
T5c,scGPT,T_cells,perturbation=UNII-BXU45ZH6LI,0.44339676135039596
T5c,scGPT,T_cells,perturbation=IKK Inhibitor VII,0.4849866883671615
T5c,scGPT,T_cells,perturbation=Quizartinib,0.23460833809914078
T5c,scGPT,T_cells,perturbation=Tivozanib,0.2669497306235988
T5c,scGPT,T_cells,perturbation=Foretinib,0.42929974333263443
T5c,scGPT,T_cells,perturbation=BMS-777607,0.2689618354755386
T5c,scGPT,T_cells,perturbation=AVL-292,0.4164053689692157
T5c,scGPT,T_cells,perturbation=Scriptaid,0.6728191911331346
T5c,scGPT,T_cells,perturbation=RVX-208,0.3265091765280623
T5c,scGPT,T_cells,perturbation=Amiodarone,0.23922731562942232
T5c,scGPT,T_cells,perturbation=RN-486,0.2008987268490126
T5c,scGPT,T_cells,perturbation=Tamatinib,0.5333914178368989
T5c,scGPT,T_cells,perturbation=GW843682X,0.29132508679462826
T5c,scGPT,T_cells,perturbation=Porcn Inhibitor III,0.3901192306342516
T5c,scGPT,T_cells,perturbation=Navitoclax,0.18328541343533786
T5c,scGPT,T_cells,perturbation=BAY 61-3606,0.5665545737196428
T5c,scGPT,T_cells,perturbation=Ketoconazole,0.6981223606520123
T5c,scGPT,T_cells,perturbation=Isoniazid,0.2081140279477882
T5c,scGPT,T_cells,perturbation=PD-0325901,0.3481185008929349
T5c,scGPT,T_cells,perturbation=TIE2 Kinase Inhibitor,0.28909340478727413
T5c,scGPT,T_cells,perturbation=CGP 60474,-0.0859006770327013
T5c,scGPT,T_cells,perturbation=BMS-387032,0.3633185513969683
T5c,scGPT,T_cells,perturbation=TL_HRAS26,0.23870361068480767
T5c,scGPT,T_cells,perturbation=Methotrexate,0.36437368185059194
T5c,scGPT,T_cells,perturbation=LY2090314,0.619943295176848
T5c,scGPT,T_cells,perturbation=Alvocidib,0.16276314599479158
T5c,scGPT,T_cells,perturbation=IMD-0354,0.5134036135219286
T5c,scGPT,T_cells,perturbation=MK-5108,0.3385305308291625
T5c,scGPT,T_cells,perturbation=Ixabepilone,0.3298581530064072
T5c,scGPT,T_cells,perturbation=IN1451,0.7914296057518394
T5c,scGPT,T_cells,perturbation=Proscillaridin A;Proscillaridin-A,0.770631964950222
T5c,scGPT,T_cells,perturbation=Palbociclib,0.27748947703479526
T5c,scGPT,T_cells,perturbation=Vardenafil,0.33394176610185883
T5c,scGPT,T_cells,perturbation=Disulfiram,0.2174584230633004
T5c,scGPT,T_cells,perturbation=Canertinib,0.3752384631358246
T5c,scGPT,T_cells,perturbation=Lapatinib,0.3308939504528414
T5c,scGPT,T_cells,perturbation=Linagliptin,0.28366588088481454
T5c,scGPT,T_cells,perturbation=Raloxifene,0.4706342193983406
T5c,scGPT,T_cells,perturbation=Vorinostat,0.6245810200390788
T5c,scGPT,T_cells,perturbation=Trametinib,0.3462858391780777
T5c,scGPT,T_cells,perturbation=Dasatinib,0.4414845046779294
T5c,scGPT,T_cells,perturbation=Flutamide,0.20956686942957767
T5c,scGPT,T_cells,perturbation=Idelalisib,0.2917352187125994
T5c,scGPT,T_cells,perturbation=Riociguat,0.26859521487480603
T5c,scGPT,T_cells,perturbation=Azacitidine,0.2925910144209331
T5c,scGPT,T_cells,perturbation=TGX 221,0.40129148608455895
T5c,scGPT,T_cells,perturbation=CGM-097,0.6401240862652413
T5c,scGPT,T_cells,perturbation=Clemastine,0.23876261976368393
T5c,scGPT,T_cells,perturbation=Imatinib,0.20771345692154747
T5c,scGPT,T_cells,perturbation=Tipifarnib,0.278623402279845
T5c,scGPT,T_cells,perturbation=RG7090,0.4468013413075807
T5c,scGPT,T_cells,perturbation=CHIR-99021,0.48768065421100676
T5c,scGPT,T_cells,perturbation=TR-14035,0.3409216721534992
T5c,scGPT,T_cells,perturbation=Pitavastatin Calcium,0.6625685898932951
T5c,scGPT,T_cells,perturbation=SLx-2119,0.34543995960759083
T5c,scGPT,T_cells,perturbation=YK 4-279,0.5000846943603742
T5c,scGPT,T_cells,perturbation=SCH-58261,0.2484194939940326
T5c,scGPT,T_cells,perturbation=BX 912,0.39622045023690877
T5c,scGPT,T_cells,perturbation=GLPG0634,0.44870765443071803
T5c,scGPT,T_cells,perturbation=Defactinib,0.3826327617012108
T5c,scGPT,T_cells,perturbation=Nilotinib,0.49168203638613933
T5c,scGPT,T_cells,perturbation=ABT737,0.21599040804534964
T5c,scGPT,T_cells,perturbation=Nefazodone,0.3101115556590383
T5c,scGPT,T_cells,perturbation=Buspirone,0.24684958223882367
T5c,scGPT,T_cells,perturbation=Colforsin,0.3032721185155512
T5c,scGPT,T_cells,perturbation=Doxorubicin,0.5514675298424222
T5c,scGPT,T_cells,perturbation=Mubritinib (TAK 165),0.4580879161795153
T5c,scGPT,T_cells,perturbation=BI-D1870,0.40429610597048693
T5c,scGPT,T_cells,perturbation=AT 7867,0.4044206416661586
T5c,scGPT,T_cells,perturbation=PRT-062607,0.4843575088904573
T5c,scGPT,T_cells,perturbation=STK219801,0.289861917570421
T5c,scGPT,T_cells,perturbation=Midostaurin,0.48681512086523154
T5c,scGPT,T_cells,perturbation=PF-03814735,0.5801372145229394
T5c,scGPT,T_cells,perturbation=Vanoxerine,0.24502906486064405
T5c,scGPT,T_cells,perturbation=AZD3514,0.3443174996914032
T5c,scGPT,T_cells,perturbation=OSI-930,0.2567998351058348
T5c,scGPT,T_cells,perturbation=AZ628,0.44487461229359987
T5c,scGPT,T_cells,perturbation=TPCA-1,0.5024274389767006
T5c,scGPT,T_cells,perturbation=CEP-37440,0.29084916679840017
T5c,scGPT,T_cells,perturbation=Tivantinib,0.2941512015276666
T5c,scGPT,T_cells,perturbation=AZD4547,0.2511896816375546
T5c,scGPT,T_cells,perturbation=SB525334,0.4688615091998606
T5c,scGPT,T_cells,perturbation=HMN-214,0.5802725402760002
T5c,scGPT,T_cells,perturbation=GO-6976,0.5184974520216195
T5c,scGPT,T_cells,perturbation=AZD-8330,0.384752920850123
T5c,scGPT,T_cells,perturbation=MGCD-265,0.292617208255313
T5c,scGPT,T_cells,perturbation=GSK256066,0.41163416330568153
T5c,scGPT,T_cells,perturbation=Tosedostat,0.3225837135603989
T5c,scGPT,T_cells,perturbation=Prednisolone,0.5814814128689226
T5c,scGPT,T_cells,perturbation=HYDROXYUREA,0.2299100765345563
T5c,scGPT,T_cells,perturbation=Decitabine,0.23736821778008196
T5c,scGPT,T_cells,perturbation=CC-401,0.39927418744002263
T5c,scGPT,T_cells,perturbation=Saracatinib,0.44847896113110924
T5c,scGPT,T_cells,perturbation=Masitinib,0.32140819897985684
T5c,scGPT,T_cells,perturbation=GSK-1070916,0.2794102106788367
T5c,scGPT,T_cells,perturbation=R428,0.33248706166483094
T5c,scGPT,T_cells,perturbation=Colchicine,0.4325886713415713
T5c,scGPT,T_cells,perturbation=Tacalcitol,0.3513522692691598
T5c,scGPT,T_cells,perturbation=LDN 193189,0.22502163418476437
T5c,scGPT,T_cells,perturbation=Resminostat,0.6420252894493175
T5c,scGPT,T_cells,perturbation=RG7112,0.43073393345886263
T5c,scGPT,T_cells,perturbation=Ricolinostat,0.2604266936575087
T5c,scGPT,T_cells,perturbation=Oxybenzone,0.21509333671289466
T5c,scGPT,T_cells,perturbation=ABT-199 (GDC-0199),0.2787444199165578
T5c,scGPT,T_cells,perturbation=Selumetinib,0.356106910110986
T5c,scGPT,T_cells,perturbation=Cabozantinib,0.43104948052437225
T5c,scGPT,T_cells,perturbation=Crizotinib,0.4913914402097394
T5c,scGPT,T_cells,perturbation=Lamivudine,0.29289914242415965
T5c,scGPT,T_cells,perturbation=Ceritinib,0.2803082492361991
T5c,scGPT,T_cells,perturbation=Bosutinib,0.5343315827519575
T5c,scGPT,T_cells,perturbation=Vandetanib,0.24358731470301
T5c,scGPT,T_cells,perturbation=Mometasone Furoate,0.6314486243432108
T5c,scGPT,T_cells,perturbation=Clotrimazole,0.27693653162263904
T5c,CPA,B,perturbation=Atorvastatin,0.08028493449257772
T5c,CPA,B,perturbation=5-(9-Isopropyl-8-methyl-2-morpholino-9H-purin-6-yl)pyrimidin-2-amine,0.20208391729316239
T5c,CPA,B,perturbation=Topotecan,0.126755950738764
T5c,CPA,B,perturbation=BMS-265246,0.08315533203863675
T5c,CPA,B,perturbation=AMD-070 (hydrochloride),0.10436211181182621
T5c,CPA,B,perturbation=AT13387,0.2690853167418224
T5c,CPA,B,perturbation=Desloratadine,-0.004776315236948068
T5c,CPA,B,perturbation=Ganetespib (STA-9090),0.2975205608437493
T5c,CPA,B,perturbation=O-Demethylated Adapalene,0.0496677094923006
T5c,CPA,B,perturbation=BAY 87-2243,0.15239660296476107
T5c,CPA,B,perturbation=Ruxolitinib,0.1785553838809846
T5c,CPA,B,perturbation=Sgc-cbp30,0.14326467255489447
T5c,CPA,B,perturbation=PF-04691502,0.16142080450435767
T5c,CPA,B,perturbation=Dactolisib,0.17645214748599292
T5c,CPA,B,perturbation=Alogliptin,-0.04077207917128163
T5c,CPA,B,perturbation=Clomipramine,0.058961831577624225
T5c,CPA,B,perturbation=Protriptyline,0.0014446709674367853
T5c,CPA,B,perturbation=Phenylbutazone,-0.008223187058945536
T5c,CPA,B,perturbation=Pomalidomide,0.09157842712715629
T5c,CPA,B,perturbation=FK 866,0.21678208586781506
T5c,CPA,B,perturbation=Perhexiline,0.15843788859434912
T5c,CPA,B,perturbation=BMS-536924,0.12105184900717969
T5c,CPA,B,perturbation=Penfluridol,-0.0066777135156041376
T5c,CPA,B,perturbation=Sunitinib,0.11200153384060751
T5c,CPA,B,perturbation=I-BET151,0.15032910868660102
T5c,CPA,B,perturbation=K-02288,0.08578413823350588
T5c,CPA,B,perturbation=Dovitinib,0.11054931822369758
T5c,CPA,B,perturbation=Chlorpheniramine,0.05118186648400758
T5c,CPA,B,perturbation=UNII-BXU45ZH6LI,0.21382848100165763
T5c,CPA,B,perturbation=IKK Inhibitor VII,0.11940796015251813
T5c,CPA,B,perturbation=Quizartinib,-0.006105588733368113
T5c,CPA,B,perturbation=Tivozanib,0.08531861786719283
T5c,CPA,B,perturbation=Foretinib,0.15319902743418182
T5c,CPA,B,perturbation=BMS-777607,0.1250174303379174
T5c,CPA,B,perturbation=AVL-292,0.16505487330172877
T5c,CPA,B,perturbation=Scriptaid,0.11747812178485115
T5c,CPA,B,perturbation=RVX-208,0.07346898955148616
T5c,CPA,B,perturbation=Amiodarone,-0.014001271298350213
T5c,CPA,B,perturbation=RN-486,0.010940873966303001
T5c,CPA,B,perturbation=Tamatinib,0.138992880622259
T5c,CPA,B,perturbation=GW843682X,0.013149999910846743
T5c,CPA,B,perturbation=Porcn Inhibitor III,0.030160385440049314
T5c,CPA,B,perturbation=Navitoclax,0.00043510316554924906
T5c,CPA,B,perturbation=BAY 61-3606,0.213206898117511
T5c,CPA,B,perturbation=Ketoconazole,0.0782057912472095
T5c,CPA,B,perturbation=Isoniazid,0.014016913190885018
T5c,CPA,B,perturbation=PD-0325901,0.1254235645640637
T5c,CPA,B,perturbation=TIE2 Kinase Inhibitor,0.003267631786683268
T5c,CPA,B,perturbation=BMS-387032,0.18520363280390073
T5c,CPA,B,perturbation=TL_HRAS26,0.08401393658285763
T5c,CPA,B,perturbation=Methotrexate,0.027041057481621465
T5c,CPA,B,perturbation=LY2090314,0.08169764484194725
T5c,CPA,B,perturbation=Alvocidib,0.08926675388491635
T5c,CPA,B,perturbation=IMD-0354,0.2717907546670851
T5c,CPA,B,perturbation=MK-5108,0.0386985577296873
T5c,CPA,B,perturbation=Ixabepilone,0.05025672324088714
T5c,CPA,B,perturbation=IN1451,0.43937508932938657
T5c,CPA,B,perturbation=Proscillaridin A;Proscillaridin-A,0.0692787118797009
T5c,CPA,B,perturbation=Palbociclib,0.0427772258780508
T5c,CPA,B,perturbation=Vardenafil,0.09369461218831159
T5c,CPA,B,perturbation=Disulfiram,-0.03460693721351229
T5c,CPA,B,perturbation=Canertinib,-0.022566196865665994
T5c,CPA,B,perturbation=Lapatinib,-0.012574794341460846
T5c,CPA,B,perturbation=Linagliptin,-0.05447945578139314
T5c,CPA,B,perturbation=Raloxifene,0.09530519615728815
T5c,CPA,B,perturbation=Vorinostat,0.10745671890883209
T5c,CPA,B,perturbation=Trametinib,0.12641085257141202
T5c,CPA,B,perturbation=Dasatinib,0.21350131972342948
T5c,CPA,B,perturbation=Flutamide,0.03298352821612549
T5c,CPA,B,perturbation=Idelalisib,0.14753371077420485
T5c,CPA,B,perturbation=Riociguat,0.07542394598069985
T5c,CPA,B,perturbation=Azacitidine,0.1070268077362355
T5c,CPA,B,perturbation=TGX 221,0.1721979294587582
T5c,CPA,B,perturbation=CGM-097,0.13307759719017861
T5c,CPA,B,perturbation=Clemastine,0.1568779900992723
T5c,CPA,B,perturbation=Imatinib,0.028302173139277444
T5c,CPA,B,perturbation=Tipifarnib,0.1340948483094325
T5c,CPA,B,perturbation=RG7090,0.08917897323567481
T5c,CPA,B,perturbation=CHIR-99021,-0.007734981235121864
T5c,CPA,B,perturbation=TR-14035,0.0783344900338682
T5c,CPA,B,perturbation=Pitavastatin Calcium,0.05864723159431365
T5c,CPA,B,perturbation=SLx-2119,0.08417527016482404
T5c,CPA,B,perturbation=YK 4-279,0.07900788211408877
T5c,CPA,B,perturbation=SCH-58261,0.024868278107585528
T5c,CPA,B,perturbation=BX 912,0.08381895126099105
T5c,CPA,B,perturbation=GLPG0634,0.1722020256788501
T5c,CPA,B,perturbation=Defactinib,0.18158126205608208
T5c,CPA,B,perturbation=Nilotinib,0.16747080484913413
T5c,CPA,B,perturbation=ABT737,-0.013988202478230507
T5c,CPA,B,perturbation=Nefazodone,0.12057105438520214
T5c,CPA,B,perturbation=Buspirone,0.12125988205370179
T5c,CPA,B,perturbation=Colforsin,0.025440908167029454
T5c,CPA,B,perturbation=Doxorubicin,0.14099020508347124
T5c,CPA,B,perturbation=Mubritinib (TAK 165),0.09161986191419617
T5c,CPA,B,perturbation=BI-D1870,0.06737023808038482
T5c,CPA,B,perturbation=AT 7867,0.20059269847930225
T5c,CPA,B,perturbation=PRT-062607,0.15967086268176095
T5c,CPA,B,perturbation=STK219801,0.09233618326518427
T5c,CPA,B,perturbation=Midostaurin,0.18375664939522207
T5c,CPA,B,perturbation=PF-03814735,0.22686470242705517
T5c,CPA,B,perturbation=Vanoxerine,0.0917752960455341
T5c,CPA,B,perturbation=AZD3514,0.11739530780293345
T5c,CPA,B,perturbation=OSI-930,0.007548384714462765
T5c,CPA,B,perturbation=AZ628,0.23020858477869685
T5c,CPA,B,perturbation=TPCA-1,0.20057517728177746
T5c,CPA,B,perturbation=CEP-37440,0.17643145304535873
T5c,CPA,B,perturbation=Tivantinib,0.13602345346126168
T5c,CPA,B,perturbation=AZD4547,0.11218010948089645
T5c,CPA,B,perturbation=SB525334,0.06293610470874271
T5c,CPA,B,perturbation=HMN-214,0.06415499016799209
T5c,CPA,B,perturbation=GO-6976,0.1528009274055287
T5c,CPA,B,perturbation=AZD-8330,0.10761653760016433
T5c,CPA,B,perturbation=MGCD-265,0.1413956698030608
T5c,CPA,B,perturbation=GSK256066,0.12698877394443456
T5c,CPA,B,perturbation=Tosedostat,0.04218128345160923
T5c,CPA,B,perturbation=Prednisolone,0.3276193472526741
T5c,CPA,B,perturbation=HYDROXYUREA,0.056946411457535824
T5c,CPA,B,perturbation=Decitabine,-0.0037200719845409615
T5c,CPA,B,perturbation=CC-401,0.20332833432788283
T5c,CPA,B,perturbation=Saracatinib,0.1742843814211317
T5c,CPA,B,perturbation=Masitinib,0.12046578007457091
T5c,CPA,B,perturbation=GSK-1070916,0.10399673592812414
T5c,CPA,B,perturbation=R428,0.25157497009370866
T5c,CPA,B,perturbation=Colchicine,0.19813796705498604
T5c,CPA,B,perturbation=Tacalcitol,0.14758104654193388
T5c,CPA,B,perturbation=LDN 193189,0.037725961785285214
T5c,CPA,B,perturbation=Resminostat,0.11560703273425402
T5c,CPA,B,perturbation=RG7112,0.06496888876098132
T5c,CPA,B,perturbation=Ricolinostat,0.10030595625268503
T5c,CPA,B,perturbation=Oxybenzone,0.06514742833150992
T5c,CPA,B,perturbation=ABT-199 (GDC-0199),0.05036593708542773
T5c,CPA,B,perturbation=Selumetinib,0.16942399933747473
T5c,CPA,B,perturbation=Cabozantinib,0.11571985006690087
T5c,CPA,B,perturbation=Crizotinib,0.181373786841406
T5c,CPA,B,perturbation=Lamivudine,0.15275711597369876
T5c,CPA,B,perturbation=Ceritinib,0.11176047261885624
T5c,CPA,B,perturbation=Bosutinib,0.25500150011392797
T5c,CPA,B,perturbation=Vandetanib,0.07429403786801565
T5c,CPA,B,perturbation=Mometasone Furoate,0.35585877176081854
T5c,CPA,B,perturbation=Clotrimazole,0.10801165699125607
T5c,CPA,B,perturbation=CGP 60474,0.2158641840152218
T5c,CPA,Mono,perturbation=Atorvastatin,-0.12064619862075418
T5c,CPA,Mono,perturbation=5-(9-Isopropyl-8-methyl-2-morpholino-9H-purin-6-yl)pyrimidin-2-amine,0.14277588237330044
T5c,CPA,Mono,perturbation=Topotecan,0.08834082325563733
T5c,CPA,Mono,perturbation=BMS-265246,-0.06322739517649904
T5c,CPA,Mono,perturbation=AMD-070 (hydrochloride),-0.03614635062328439
T5c,CPA,Mono,perturbation=AT13387,0.11755406137951097
T5c,CPA,Mono,perturbation=Desloratadine,-0.08424832670243693
T5c,CPA,Mono,perturbation=Ganetespib (STA-9090),0.12575293887123365
T5c,CPA,Mono,perturbation=O-Demethylated Adapalene,0.07232706105892485
T5c,CPA,Mono,perturbation=BAY 87-2243,-0.08012348447595115
T5c,CPA,Mono,perturbation=Ruxolitinib,-0.016966035013552806
T5c,CPA,Mono,perturbation=Sgc-cbp30,0.3053683375051015
T5c,CPA,Mono,perturbation=PF-04691502,0.03840797959608391
T5c,CPA,Mono,perturbation=Dactolisib,0.16643693613035845
T5c,CPA,Mono,perturbation=Alogliptin,-0.027599499983491035
T5c,CPA,Mono,perturbation=Clomipramine,-0.006789798637614984
T5c,CPA,Mono,perturbation=Protriptyline,-0.015071251154076974
T5c,CPA,Mono,perturbation=Phenylbutazone,-0.02505848296428591
T5c,CPA,Mono,perturbation=Pomalidomide,-0.08393597243201452
T5c,CPA,Mono,perturbation=FK 866,0.1486949226998247
T5c,CPA,Mono,perturbation=Perhexiline,-0.01886771250572979
T5c,CPA,Mono,perturbation=BMS-536924,-0.004898968071688519
T5c,CPA,Mono,perturbation=Penfluridol,-0.0066342702191908975
T5c,CPA,Mono,perturbation=Sunitinib,0.002976814046419896
T5c,CPA,Mono,perturbation=I-BET151,0.1433546130293263
T5c,CPA,Mono,perturbation=K-02288,0.06217295832767609
T5c,CPA,Mono,perturbation=Dovitinib,0.011456126396927288
T5c,CPA,Mono,perturbation=Chlorpheniramine,-0.14002228472242367
T5c,CPA,Mono,perturbation=IKK Inhibitor VII,0.021503505251817212
T5c,CPA,Mono,perturbation=Quizartinib,-0.024125104668853346
T5c,CPA,Mono,perturbation=Tivozanib,0.04048284691404702
T5c,CPA,Mono,perturbation=Foretinib,0.0349287482365437
T5c,CPA,Mono,perturbation=BMS-777607,0.034139950672433764
T5c,CPA,Mono,perturbation=AVL-292,-0.02376912398304463
T5c,CPA,Mono,perturbation=Scriptaid,0.10560939710792122
T5c,CPA,Mono,perturbation=RVX-208,0.02680257613201575
T5c,CPA,Mono,perturbation=Amiodarone,-0.05205269751706508
T5c,CPA,Mono,perturbation=RN-486,0.11327834268169223
T5c,CPA,Mono,perturbation=Tamatinib,-0.006529319048246095
T5c,CPA,Mono,perturbation=GW843682X,-0.0038147038640151567
T5c,CPA,Mono,perturbation=Porcn Inhibitor III,-0.009211129165072857
T5c,CPA,Mono,perturbation=Navitoclax,-0.04232585734954155
T5c,CPA,Mono,perturbation=BAY 61-3606,0.07613455022247423
T5c,CPA,Mono,perturbation=Ketoconazole,0.030833992946913694
T5c,CPA,Mono,perturbation=Isoniazid,-0.03182018774802396
T5c,CPA,Mono,perturbation=PD-0325901,-0.0893242917349308
T5c,CPA,Mono,perturbation=TIE2 Kinase Inhibitor,-0.033694949484121536
T5c,CPA,Mono,perturbation=TL_HRAS26,-0.010418134586546557
T5c,CPA,Mono,perturbation=Methotrexate,-0.0076980461556992955
T5c,CPA,Mono,perturbation=LY2090314,0.022895909626768598
T5c,CPA,Mono,perturbation=Alvocidib,-0.020575294166034833
T5c,CPA,Mono,perturbation=IMD-0354,-0.0162838029007727
T5c,CPA,Mono,perturbation=MK-5108,-0.09919228340845415
T5c,CPA,Mono,perturbation=Ixabepilone,-0.004705744026944463
T5c,CPA,Mono,perturbation=IN1451,0.047492602511704195
T5c,CPA,Mono,perturbation=Proscillaridin A;Proscillaridin-A,0.07471768529954899
T5c,CPA,Mono,perturbation=Palbociclib,-0.06987353777287206
T5c,CPA,Mono,perturbation=Vardenafil,-0.08672914002110951
T5c,CPA,Mono,perturbation=Disulfiram,-0.04862764539680067
T5c,CPA,Mono,perturbation=Canertinib,-0.05710666657903304
T5c,CPA,Mono,perturbation=Lapatinib,-0.0033408663145136825
T5c,CPA,Mono,perturbation=Linagliptin,-0.08013912960863824
T5c,CPA,Mono,perturbation=Raloxifene,-0.07409205021598247
T5c,CPA,Mono,perturbation=Vorinostat,0.10295687724615474
T5c,CPA,Mono,perturbation=Trametinib,-0.10974888323580155
T5c,CPA,Mono,perturbation=Dasatinib,0.09957657818119828
T5c,CPA,Mono,perturbation=Flutamide,-0.01533667202194387
T5c,CPA,Mono,perturbation=Idelalisib,-0.06708121372511476
T5c,CPA,Mono,perturbation=Riociguat,-0.001204522559333878
T5c,CPA,Mono,perturbation=Azacitidine,-0.05845745779193109
T5c,CPA,Mono,perturbation=TGX 221,-0.0036812919911025054
T5c,CPA,Mono,perturbation=CGM-097,-0.1094173588505033
T5c,CPA,Mono,perturbation=Clemastine,-0.008976065911761602
T5c,CPA,Mono,perturbation=Imatinib,-0.144551056438862
T5c,CPA,Mono,perturbation=Tipifarnib,-0.021602684593354717
T5c,CPA,Mono,perturbation=RG7090,-0.1146024166992267
T5c,CPA,Mono,perturbation=CHIR-99021,-0.025791379610163506
T5c,CPA,Mono,perturbation=TR-14035,-0.1057294750454038
T5c,CPA,Mono,perturbation=Pitavastatin Calcium,-0.019268518357045603
T5c,CPA,Mono,perturbation=SLx-2119,-0.1147172727809893
T5c,CPA,Mono,perturbation=YK 4-279,-0.08460714162139614
T5c,CPA,Mono,perturbation=SCH-58261,-0.09552217952266587
T5c,CPA,Mono,perturbation=BX 912,-0.13044782004123298
T5c,CPA,Mono,perturbation=GLPG0634,-0.024839961670328505
T5c,CPA,Mono,perturbation=Defactinib,0.022797110453516078
T5c,CPA,Mono,perturbation=Nilotinib,0.08304051801138966
T5c,CPA,Mono,perturbation=ABT737,-0.05291201573291638
T5c,CPA,Mono,perturbation=Nefazodone,-0.1294164676171352
T5c,CPA,Mono,perturbation=Buspirone,0.027358579189153406
T5c,CPA,Mono,perturbation=Colforsin,-0.08643459323580786
T5c,CPA,Mono,perturbation=Doxorubicin,0.05604293591646327
T5c,CPA,Mono,perturbation=Mubritinib (TAK 165),-0.09346100102789162
T5c,CPA,Mono,perturbation=BI-D1870,-0.1022886086366047
T5c,CPA,Mono,perturbation=AT 7867,0.00015551885136841928
T5c,CPA,Mono,perturbation=PRT-062607,-0.03492003040827392
T5c,CPA,Mono,perturbation=STK219801,-0.07997616216666475
T5c,CPA,Mono,perturbation=Midostaurin,-0.038589727866009234
T5c,CPA,Mono,perturbation=PF-03814735,-0.02093989395830691
T5c,CPA,Mono,perturbation=Vanoxerine,-0.03674640163042559
T5c,CPA,Mono,perturbation=AZD3514,-0.014723127957708075
T5c,CPA,Mono,perturbation=OSI-930,-0.0076557535274811685
T5c,CPA,Mono,perturbation=AZ628,-0.019317170302837115
T5c,CPA,Mono,perturbation=TPCA-1,0.012285329661196817
T5c,CPA,Mono,perturbation=CEP-37440,-0.10144503270742765
T5c,CPA,Mono,perturbation=Tivantinib,-0.11705047109120491
T5c,CPA,Mono,perturbation=AZD4547,-0.047545047112843
T5c,CPA,Mono,perturbation=SB525334,0.021736143951731145
T5c,CPA,Mono,perturbation=HMN-214,-0.08044550570451663
T5c,CPA,Mono,perturbation=GO-6976,-0.08177390760329231
T5c,CPA,Mono,perturbation=AZD-8330,-0.1907954105777686
T5c,CPA,Mono,perturbation=MGCD-265,-0.09225769527871847
T5c,CPA,Mono,perturbation=GSK256066,-0.04706501497109783
T5c,CPA,Mono,perturbation=Tosedostat,0.04069667130483766
T5c,CPA,Mono,perturbation=Prednisolone,0.06493204542740462
T5c,CPA,Mono,perturbation=HYDROXYUREA,-0.1134919317076446
T5c,CPA,Mono,perturbation=Decitabine,-0.13493261468722909
T5c,CPA,Mono,perturbation=CC-401,-0.017687105441140136
T5c,CPA,Mono,perturbation=Saracatinib,-0.03130601198085952
T5c,CPA,Mono,perturbation=Masitinib,-0.06508391557606927
T5c,CPA,Mono,perturbation=GSK-1070916,-0.10480254594118187
T5c,CPA,Mono,perturbation=R428,0.09091884732053733
T5c,CPA,Mono,perturbation=Colchicine,0.25166444767163815
T5c,CPA,Mono,perturbation=Tacalcitol,0.11573064940646363
T5c,CPA,Mono,perturbation=LDN 193189,-0.05146985889533003
T5c,CPA,Mono,perturbation=Resminostat,-0.005325525138623196
T5c,CPA,Mono,perturbation=RG7112,-0.13162718027195155
T5c,CPA,Mono,perturbation=Ricolinostat,-0.05835480542818809
T5c,CPA,Mono,perturbation=Oxybenzone,-0.07043997125049438
T5c,CPA,Mono,perturbation=ABT-199 (GDC-0199),-0.10850571874507635
T5c,CPA,Mono,perturbation=Selumetinib,-0.11018509565116712
T5c,CPA,Mono,perturbation=Cabozantinib,-0.026224198021537727
T5c,CPA,Mono,perturbation=Crizotinib,-0.055078212718516685
T5c,CPA,Mono,perturbation=Lamivudine,-0.10944895518602606
T5c,CPA,Mono,perturbation=Ceritinib,-0.0389255498689046
T5c,CPA,Mono,perturbation=Bosutinib,0.0140410876409652
T5c,CPA,Mono,perturbation=Vandetanib,-0.03756369143342201
T5c,CPA,Mono,perturbation=Mometasone Furoate,-0.005228294136988076
T5c,CPA,Mono,perturbation=Clotrimazole,-0.09507553068850598
T5c,CPA,Mono,perturbation=UNII-BXU45ZH6LI,0.2273143350725917
T5c,CPA,Mono,perturbation=BMS-387032,0.15657104740759353
T5c,CPA,NK,perturbation=Atorvastatin,0.03277325644600318
T5c,CPA,NK,perturbation=5-(9-Isopropyl-8-methyl-2-morpholino-9H-purin-6-yl)pyrimidin-2-amine,0.11554589770614719
T5c,CPA,NK,perturbation=Topotecan,0.20945062412575202
T5c,CPA,NK,perturbation=BMS-265246,0.11369706035846815
T5c,CPA,NK,perturbation=AMD-070 (hydrochloride),0.10509527178123505
T5c,CPA,NK,perturbation=AT13387,0.17323319409022475
T5c,CPA,NK,perturbation=Desloratadine,0.04648641420349658
T5c,CPA,NK,perturbation=Ganetespib (STA-9090),0.1379093623227808
T5c,CPA,NK,perturbation=O-Demethylated Adapalene,0.09868663195176781
T5c,CPA,NK,perturbation=BAY 87-2243,0.10774727978321937
T5c,CPA,NK,perturbation=Ruxolitinib,0.12194305621460715
T5c,CPA,NK,perturbation=Sgc-cbp30,0.19081712544749174
T5c,CPA,NK,perturbation=PF-04691502,0.061719120767395025
T5c,CPA,NK,perturbation=Dactolisib,0.08992286650942069
T5c,CPA,NK,perturbation=Alogliptin,0.10812776443300798
T5c,CPA,NK,perturbation=Clomipramine,0.05203589524156655
T5c,CPA,NK,perturbation=Protriptyline,0.04240248505602287
T5c,CPA,NK,perturbation=Phenylbutazone,0.11506969617739238
T5c,CPA,NK,perturbation=Pomalidomide,0.11029764845503758
T5c,CPA,NK,perturbation=FK 866,0.06363084311825454
T5c,CPA,NK,perturbation=Perhexiline,0.08726677142349425
T5c,CPA,NK,perturbation=BMS-536924,0.08168591652454847
T5c,CPA,NK,perturbation=Penfluridol,0.05217338483010498
T5c,CPA,NK,perturbation=Sunitinib,0.12400967007004692
T5c,CPA,NK,perturbation=I-BET151,0.08052063271285088
T5c,CPA,NK,perturbation=K-02288,0.09155720746408974
T5c,CPA,NK,perturbation=Dovitinib,0.16250463191235262
T5c,CPA,NK,perturbation=Chlorpheniramine,0.06984275894075023
T5c,CPA,NK,perturbation=UNII-BXU45ZH6LI,0.09828373908383926
T5c,CPA,NK,perturbation=IKK Inhibitor VII,0.06258124783134858
T5c,CPA,NK,perturbation=Quizartinib,0.15550001465163535
T5c,CPA,NK,perturbation=Tivozanib,0.11109839277945185
T5c,CPA,NK,perturbation=Foretinib,0.1296681513144554
T5c,CPA,NK,perturbation=BMS-777607,0.11170689102571342
T5c,CPA,NK,perturbation=AVL-292,0.17674432396087944
T5c,CPA,NK,perturbation=Scriptaid,0.06739132563576969
T5c,CPA,NK,perturbation=RVX-208,0.13881894191171343
T5c,CPA,NK,perturbation=Amiodarone,0.099214662278117
T5c,CPA,NK,perturbation=RN-486,0.10518642370015056
T5c,CPA,NK,perturbation=Tamatinib,0.09735425193001909
T5c,CPA,NK,perturbation=GW843682X,0.10581991344608901
T5c,CPA,NK,perturbation=Porcn Inhibitor III,0.1142162878071496
T5c,CPA,NK,perturbation=Navitoclax,0.1105800951362106
T5c,CPA,NK,perturbation=BAY 61-3606,0.1465889954575184
T5c,CPA,NK,perturbation=Ketoconazole,0.053448141928104896
T5c,CPA,NK,perturbation=Isoniazid,0.06202817612772552
T5c,CPA,NK,perturbation=PD-0325901,0.03602122370038159
T5c,CPA,NK,perturbation=TIE2 Kinase Inhibitor,0.09936146709451593
T5c,CPA,NK,perturbation=CGP 60474,0.135029654365129
T5c,CPA,NK,perturbation=BMS-387032,0.1985631519097691
T5c,CPA,NK,perturbation=TL_HRAS26,0.1312084988193144
T5c,CPA,NK,perturbation=Methotrexate,0.11278954904985213
T5c,CPA,NK,perturbation=LY2090314,0.12140050531018919
T5c,CPA,NK,perturbation=Alvocidib,0.10759958624423052
T5c,CPA,NK,perturbation=IMD-0354,0.16214496761668493
T5c,CPA,NK,perturbation=MK-5108,0.10700635644411632
T5c,CPA,NK,perturbation=Ixabepilone,0.08424742612992853
T5c,CPA,NK,perturbation=IN1451,0.14835517729590061
T5c,CPA,NK,perturbation=Proscillaridin A;Proscillaridin-A,0.12463335690137063
T5c,CPA,NK,perturbation=Palbociclib,0.11707405129100845
T5c,CPA,NK,perturbation=Vardenafil,0.11075016017174844
T5c,CPA,NK,perturbation=Disulfiram,0.14832454453494714
T5c,CPA,NK,perturbation=Canertinib,0.15429285253372452
T5c,CPA,NK,perturbation=Lapatinib,0.15006676413139386
T5c,CPA,NK,perturbation=Linagliptin,0.10884733622445693
T5c,CPA,NK,perturbation=Raloxifene,0.1249671731898915
T5c,CPA,NK,perturbation=Vorinostat,0.029258905901708345
T5c,CPA,NK,perturbation=Trametinib,0.05776014398477897
T5c,CPA,NK,perturbation=Dasatinib,0.08758325845712861
T5c,CPA,NK,perturbation=Flutamide,0.049992299562616374
T5c,CPA,NK,perturbation=Idelalisib,0.08971742847851795
T5c,CPA,NK,perturbation=Riociguat,0.12617618855524546
T5c,CPA,NK,perturbation=Azacitidine,0.14123661774953156
T5c,CPA,NK,perturbation=TGX 221,0.05716863716510961
T5c,CPA,NK,perturbation=CGM-097,0.11765303430476329
T5c,CPA,NK,perturbation=Clemastine,0.10184345611184546
T5c,CPA,NK,perturbation=Imatinib,0.06589388640129365
T5c,CPA,NK,perturbation=Tipifarnib,0.09169262697063105
T5c,CPA,NK,perturbation=RG7090,0.07620205130617581
T5c,CPA,NK,perturbation=CHIR-99021,0.09786155677621265
T5c,CPA,NK,perturbation=TR-14035,0.08042359057981911
T5c,CPA,NK,perturbation=Pitavastatin Calcium,0.12112489418139566
T5c,CPA,NK,perturbation=SLx-2119,0.1542475558514399
T5c,CPA,NK,perturbation=YK 4-279,0.05620668761939498
T5c,CPA,NK,perturbation=SCH-58261,0.07825795014724798
T5c,CPA,NK,perturbation=BX 912,0.05868180012017931
T5c,CPA,NK,perturbation=GLPG0634,0.09018713340214192
T5c,CPA,NK,perturbation=Defactinib,0.12733076574241384
T5c,CPA,NK,perturbation=Nilotinib,0.07891286957109327
T5c,CPA,NK,perturbation=ABT737,0.07593106002789095
T5c,CPA,NK,perturbation=Nefazodone,0.04920340575415234
T5c,CPA,NK,perturbation=Buspirone,0.14288019940548757
T5c,CPA,NK,perturbation=Colforsin,0.11432025118442357
T5c,CPA,NK,perturbation=Doxorubicin,0.10251053997087962
T5c,CPA,NK,perturbation=Mubritinib (TAK 165),0.10587846577903662
T5c,CPA,NK,perturbation=BI-D1870,0.050056625145676145
T5c,CPA,NK,perturbation=AT 7867,0.10946517712335724
T5c,CPA,NK,perturbation=PRT-062607,0.08582506380813666
T5c,CPA,NK,perturbation=STK219801,0.08518536342205933
T5c,CPA,NK,perturbation=Midostaurin,0.12038781049458672
T5c,CPA,NK,perturbation=PF-03814735,0.08961553009942774
T5c,CPA,NK,perturbation=Vanoxerine,0.07205152896214484
T5c,CPA,NK,perturbation=AZD3514,0.11400048400046281
T5c,CPA,NK,perturbation=OSI-930,0.11953970283636824
T5c,CPA,NK,perturbation=AZ628,0.08507079209185692
T5c,CPA,NK,perturbation=TPCA-1,0.10791334831427013
T5c,CPA,NK,perturbation=CEP-37440,0.1475567870720633
T5c,CPA,NK,perturbation=Tivantinib,0.1124390739734138
T5c,CPA,NK,perturbation=AZD4547,0.0921987558373754
T5c,CPA,NK,perturbation=SB525334,0.04571808788882411
T5c,CPA,NK,perturbation=HMN-214,0.09600050364245039
T5c,CPA,NK,perturbation=GO-6976,0.060842974533368364
T5c,CPA,NK,perturbation=AZD-8330,0.08652107149827405
T5c,CPA,NK,perturbation=MGCD-265,0.13889004351511963
T5c,CPA,NK,perturbation=GSK256066,0.16967612351530809
T5c,CPA,NK,perturbation=Tosedostat,0.1365270037447056
T5c,CPA,NK,perturbation=Prednisolone,0.14764674125781024
T5c,CPA,NK,perturbation=HYDROXYUREA,0.11455563798229801
T5c,CPA,NK,perturbation=Decitabine,0.13402617351581111
T5c,CPA,NK,perturbation=CC-401,0.11982521857023386
T5c,CPA,NK,perturbation=Saracatinib,0.1268216060899652
T5c,CPA,NK,perturbation=Masitinib,0.08909572774084641
T5c,CPA,NK,perturbation=GSK-1070916,0.12264435239091323
T5c,CPA,NK,perturbation=R428,0.07938789600794695
T5c,CPA,NK,perturbation=Colchicine,0.08900053900718496
T5c,CPA,NK,perturbation=Tacalcitol,0.11174948308001761
T5c,CPA,NK,perturbation=LDN 193189,0.11902731332871123
T5c,CPA,NK,perturbation=Resminostat,0.0976821956020546
T5c,CPA,NK,perturbation=RG7112,0.1409286500489798
T5c,CPA,NK,perturbation=Ricolinostat,0.12703006131815772
T5c,CPA,NK,perturbation=Oxybenzone,0.09712885991994637
T5c,CPA,NK,perturbation=ABT-199 (GDC-0199),0.06926837918314908
T5c,CPA,NK,perturbation=Selumetinib,0.029363683053747664
T5c,CPA,NK,perturbation=Cabozantinib,0.10268678199444842
T5c,CPA,NK,perturbation=Crizotinib,0.08680332086617479
T5c,CPA,NK,perturbation=Lamivudine,0.11026158751885827
T5c,CPA,NK,perturbation=Ceritinib,0.05881462029245842
T5c,CPA,NK,perturbation=Bosutinib,0.16371287804623444
T5c,CPA,NK,perturbation=Vandetanib,0.09555248758922452
T5c,CPA,NK,perturbation=Mometasone Furoate,0.1461870729275139
T5c,CPA,NK,perturbation=Clotrimazole,0.06271172962398992
T5c,CPA,T_cells,perturbation=Atorvastatin,0.026376227644300334
T5c,CPA,T_cells,perturbation=5-(9-Isopropyl-8-methyl-2-morpholino-9H-purin-6-yl)pyrimidin-2-amine,-0.13552017345081266
T5c,CPA,T_cells,perturbation=Topotecan,0.0962266056133538
T5c,CPA,T_cells,perturbation=BMS-265246,0.06851670565741065
T5c,CPA,T_cells,perturbation=AMD-070 (hydrochloride),0.028369336997642762
T5c,CPA,T_cells,perturbation=AT13387,-0.045977584482793724
T5c,CPA,T_cells,perturbation=Desloratadine,0.06918400492097526
T5c,CPA,T_cells,perturbation=Ganetespib (STA-9090),-0.02373780475163901
T5c,CPA,T_cells,perturbation=O-Demethylated Adapalene,0.08455639175580523
T5c,CPA,T_cells,perturbation=BAY 87-2243,-0.07690433763290151
T5c,CPA,T_cells,perturbation=Ruxolitinib,0.009109951696142312
T5c,CPA,T_cells,perturbation=Sgc-cbp30,0.011603000711978999
T5c,CPA,T_cells,perturbation=PF-04691502,-0.10753644757734265
T5c,CPA,T_cells,perturbation=Dactolisib,-0.07693806956613686
T5c,CPA,T_cells,perturbation=Alogliptin,0.02791938144292976
T5c,CPA,T_cells,perturbation=Clomipramine,0.019123957284306915
T5c,CPA,T_cells,perturbation=Protriptyline,0.05710634583321996
T5c,CPA,T_cells,perturbation=Phenylbutazone,-0.013359451058915051
T5c,CPA,T_cells,perturbation=Pomalidomide,-0.04454044643499227
T5c,CPA,T_cells,perturbation=FK 866,0.0527040581523741
T5c,CPA,T_cells,perturbation=Perhexiline,0.054725164516335176
T5c,CPA,T_cells,perturbation=BMS-536924,-0.07511915759479855
T5c,CPA,T_cells,perturbation=Penfluridol,0.04514020239351425
T5c,CPA,T_cells,perturbation=Sunitinib,0.1909382117179454
T5c,CPA,T_cells,perturbation=I-BET151,-0.019332736380893962
T5c,CPA,T_cells,perturbation=K-02288,0.05694694156704356
T5c,CPA,T_cells,perturbation=Dovitinib,-0.05752416895376224
T5c,CPA,T_cells,perturbation=Chlorpheniramine,0.07245715942420167
T5c,CPA,T_cells,perturbation=UNII-BXU45ZH6LI,-0.033655266339648965
T5c,CPA,T_cells,perturbation=IKK Inhibitor VII,-0.009185568618551866
T5c,CPA,T_cells,perturbation=Quizartinib,0.0036758395263616246
T5c,CPA,T_cells,perturbation=Tivozanib,0.032011774865793666
T5c,CPA,T_cells,perturbation=Foretinib,0.03941433846891214
T5c,CPA,T_cells,perturbation=BMS-777607,-0.01445588921887938
T5c,CPA,T_cells,perturbation=AVL-292,0.11220565476642408
T5c,CPA,T_cells,perturbation=Scriptaid,-0.008691439634725682
T5c,CPA,T_cells,perturbation=RVX-208,-0.015353083405160811
T5c,CPA,T_cells,perturbation=Amiodarone,0.09137855445841923
T5c,CPA,T_cells,perturbation=RN-486,-0.011300462093849134
T5c,CPA,T_cells,perturbation=Tamatinib,-0.009404128022920354
T5c,CPA,T_cells,perturbation=GW843682X,-0.05513719513350334
T5c,CPA,T_cells,perturbation=Porcn Inhibitor III,0.09223310052214702
T5c,CPA,T_cells,perturbation=Navitoclax,0.0027464224889474933
T5c,CPA,T_cells,perturbation=BAY 61-3606,0.08752015997447249
T5c,CPA,T_cells,perturbation=Ketoconazole,0.054489717993862055
T5c,CPA,T_cells,perturbation=Isoniazid,-0.013549431473403466
T5c,CPA,T_cells,perturbation=PD-0325901,-0.0781898859745325
T5c,CPA,T_cells,perturbation=TIE2 Kinase Inhibitor,0.022173836694412884
T5c,CPA,T_cells,perturbation=CGP 60474,0.19808150754340667
T5c,CPA,T_cells,perturbation=BMS-387032,0.11432465549022343
T5c,CPA,T_cells,perturbation=TL_HRAS26,0.03320356839549886
T5c,CPA,T_cells,perturbation=Methotrexate,0.03863115281070573
T5c,CPA,T_cells,perturbation=LY2090314,0.15034220387649286
T5c,CPA,T_cells,perturbation=Alvocidib,0.27383025096644836
T5c,CPA,T_cells,perturbation=IMD-0354,-0.0572757041335307
T5c,CPA,T_cells,perturbation=MK-5108,0.07280683232877141
T5c,CPA,T_cells,perturbation=Ixabepilone,0.007339484701665958
T5c,CPA,T_cells,perturbation=IN1451,0.10262917739717368
T5c,CPA,T_cells,perturbation=Proscillaridin A;Proscillaridin-A,0.12035290641766541
T5c,CPA,T_cells,perturbation=Palbociclib,0.08173747272743809
T5c,CPA,T_cells,perturbation=Vardenafil,0.09358131380786001
T5c,CPA,T_cells,perturbation=Disulfiram,-0.003380081480467849
T5c,CPA,T_cells,perturbation=Canertinib,0.010168809219854627
T5c,CPA,T_cells,perturbation=Lapatinib,0.02881234353495982
T5c,CPA,T_cells,perturbation=Linagliptin,0.12014679620915007
T5c,CPA,T_cells,perturbation=Raloxifene,0.08011878178699515
T5c,CPA,T_cells,perturbation=Vorinostat,-0.08148295006679164
T5c,CPA,T_cells,perturbation=Trametinib,0.007495871060324855
T5c,CPA,T_cells,perturbation=Dasatinib,-0.04806577943256452
T5c,CPA,T_cells,perturbation=Flutamide,-0.08878627534857936
T5c,CPA,T_cells,perturbation=Idelalisib,-0.07739452700996051
T5c,CPA,T_cells,perturbation=Riociguat,0.07942350743683566
T5c,CPA,T_cells,perturbation=Azacitidine,0.066707805884683
T5c,CPA,T_cells,perturbation=TGX 221,0.03798248897637576
T5c,CPA,T_cells,perturbation=CGM-097,0.04744841160700592
T5c,CPA,T_cells,perturbation=Clemastine,0.008690653343508093
T5c,CPA,T_cells,perturbation=Imatinib,-0.014434216640051128
T5c,CPA,T_cells,perturbation=Tipifarnib,0.03801931302455656
T5c,CPA,T_cells,perturbation=RG7090,0.0933422519742631
T5c,CPA,T_cells,perturbation=CHIR-99021,0.07036615579635057
T5c,CPA,T_cells,perturbation=TR-14035,0.08374562618588083
T5c,CPA,T_cells,perturbation=Pitavastatin Calcium,0.16551974251634755
T5c,CPA,T_cells,perturbation=SLx-2119,0.007696079657260253
T5c,CPA,T_cells,perturbation=YK 4-279,0.23636756289190997
T5c,CPA,T_cells,perturbation=SCH-58261,0.06908020988517766
T5c,CPA,T_cells,perturbation=BX 912,-0.02707584987210055
T5c,CPA,T_cells,perturbation=GLPG0634,0.07178995583824671
T5c,CPA,T_cells,perturbation=Defactinib,0.06946750790422297
T5c,CPA,T_cells,perturbation=Nilotinib,-0.006259200241028213
T5c,CPA,T_cells,perturbation=ABT737,0.007014941727043092
T5c,CPA,T_cells,perturbation=Nefazodone,0.06556567844433517
T5c,CPA,T_cells,perturbation=Buspirone,0.13040589744901132
T5c,CPA,T_cells,perturbation=Colforsin,0.14179190660793548
T5c,CPA,T_cells,perturbation=Doxorubicin,0.03054296527530327
T5c,CPA,T_cells,perturbation=Mubritinib (TAK 165),0.058669911407233516
T5c,CPA,T_cells,perturbation=BI-D1870,0.10474555806915127
T5c,CPA,T_cells,perturbation=AT 7867,0.07836445122253495
T5c,CPA,T_cells,perturbation=PRT-062607,-0.006518109656230096
T5c,CPA,T_cells,perturbation=STK219801,0.0706296333046772
T5c,CPA,T_cells,perturbation=Midostaurin,-0.0053635672616139055
T5c,CPA,T_cells,perturbation=PF-03814735,0.08581280145627287
T5c,CPA,T_cells,perturbation=Vanoxerine,0.07099736459759168
T5c,CPA,T_cells,perturbation=AZD3514,0.06595170896898365
T5c,CPA,T_cells,perturbation=OSI-930,0.09832682242442553
T5c,CPA,T_cells,perturbation=AZ628,0.05834589039532127
T5c,CPA,T_cells,perturbation=TPCA-1,0.04084435464275203
T5c,CPA,T_cells,perturbation=CEP-37440,0.06369210341624096
T5c,CPA,T_cells,perturbation=Tivantinib,0.045829733076025184
T5c,CPA,T_cells,perturbation=AZD4547,0.0967787859905574
T5c,CPA,T_cells,perturbation=SB525334,0.13087155872580863
T5c,CPA,T_cells,perturbation=HMN-214,0.12365919009283721
T5c,CPA,T_cells,perturbation=GO-6976,0.0472642604193393
T5c,CPA,T_cells,perturbation=AZD-8330,0.052781799739204986
T5c,CPA,T_cells,perturbation=MGCD-265,0.06475335218709774
T5c,CPA,T_cells,perturbation=GSK256066,0.12886256485700384
T5c,CPA,T_cells,perturbation=Tosedostat,0.004097674612703757
T5c,CPA,T_cells,perturbation=Prednisolone,0.035714148563150555
T5c,CPA,T_cells,perturbation=HYDROXYUREA,0.08776553650126577
T5c,CPA,T_cells,perturbation=Decitabine,0.09121740701840518
T5c,CPA,T_cells,perturbation=CC-401,0.07083974949438504
T5c,CPA,T_cells,perturbation=Saracatinib,0.08341987073614329
T5c,CPA,T_cells,perturbation=Masitinib,0.009534136715875788
T5c,CPA,T_cells,perturbation=GSK-1070916,-0.014520836982663045
T5c,CPA,T_cells,perturbation=R428,-0.0019237041727693618
T5c,CPA,T_cells,perturbation=Colchicine,0.14163893302395997
T5c,CPA,T_cells,perturbation=Tacalcitol,0.06000988126581904
T5c,CPA,T_cells,perturbation=LDN 193189,0.023502514007602
T5c,CPA,T_cells,perturbation=Resminostat,-0.024837758494615635
T5c,CPA,T_cells,perturbation=RG7112,0.07576903723197213
T5c,CPA,T_cells,perturbation=Ricolinostat,0.07313881449463316
T5c,CPA,T_cells,perturbation=Oxybenzone,0.07957988864740626
T5c,CPA,T_cells,perturbation=ABT-199 (GDC-0199),0.02431647768495878
T5c,CPA,T_cells,perturbation=Selumetinib,0.12006191154033856
T5c,CPA,T_cells,perturbation=Cabozantinib,0.16602604950726843
T5c,CPA,T_cells,perturbation=Crizotinib,0.05607031852828106
T5c,CPA,T_cells,perturbation=Lamivudine,0.06168179317914616
T5c,CPA,T_cells,perturbation=Ceritinib,-0.042498674293810816
T5c,CPA,T_cells,perturbation=Bosutinib,0.021501549150634236
T5c,CPA,T_cells,perturbation=Vandetanib,0.08355423388285288
T5c,CPA,T_cells,perturbation=Mometasone Furoate,0.04389587022106624
T5c,CPA,T_cells,perturbation=Clotrimazole,0.16314481273830372
T5c,CellOT,B,perturbation=Atorvastatin,0.06610221568252533
T5c,CellOT,B,perturbation=5-(9-Isopropyl-8-methyl-2-morpholino-9H-purin-6-yl)pyrimidin-2-amine,0.3710975843289045
T5c,CellOT,B,perturbation=Topotecan,0.1620208935992769
T5c,CellOT,B,perturbation=BMS-265246,0.19920271283792582
T5c,CellOT,B,perturbation=AMD-070 (hydrochloride),0.05215958602234556
T5c,CellOT,B,perturbation=AT13387,0.5869975864381072
T5c,CellOT,B,perturbation=Desloratadine,-0.04525598957313368
T5c,CellOT,B,perturbation=Ganetespib (STA-9090),0.6070511518353766
T5c,CellOT,B,perturbation=O-Demethylated Adapalene,-0.021937677749567897
T5c,CellOT,B,perturbation=BAY 87-2243,0.2227067511358811
T5c,CellOT,B,perturbation=Ruxolitinib,0.2772366012126671
T5c,CellOT,B,perturbation=Sgc-cbp30,0.1616563008952463
T5c,CellOT,B,perturbation=PF-04691502,0.2185480259021073
T5c,CellOT,B,perturbation=Dactolisib,0.40160717279520197
T5c,CellOT,B,perturbation=Alogliptin,-0.029994769771899014
T5c,CellOT,B,perturbation=Clomipramine,0.03165434590440606
T5c,CellOT,B,perturbation=Protriptyline,0.021011323517735242
T5c,CellOT,B,perturbation=Phenylbutazone,-0.029951823818462814
T5c,CellOT,B,perturbation=Pomalidomide,0.14322341351295778
T5c,CellOT,B,perturbation=FK 866,0.19527376742523875
T5c,CellOT,B,perturbation=Perhexiline,0.24194014997998672
T5c,CellOT,B,perturbation=BMS-536924,0.27835514690749374
T5c,CellOT,B,perturbation=Penfluridol,0.035953418248161124
T5c,CellOT,B,perturbation=Sunitinib,0.05841333480990641
T5c,CellOT,B,perturbation=I-BET151,0.3034544995684813
T5c,CellOT,B,perturbation=K-02288,0.039366066017658664
T5c,CellOT,B,perturbation=Dovitinib,0.09509504193041082
T5c,CellOT,B,perturbation=Chlorpheniramine,0.007428558656542327
T5c,CellOT,B,perturbation=UNII-BXU45ZH6LI,0.3377949655044339
T5c,CellOT,B,perturbation=IKK Inhibitor VII,0.24897063607198408
T5c,CellOT,B,perturbation=Quizartinib,-0.0005853207450421638
T5c,CellOT,B,perturbation=Tivozanib,-0.008139834525583435
T5c,CellOT,B,perturbation=Foretinib,0.20947142417799866
T5c,CellOT,B,perturbation=BMS-777607,0.07052688507144286
T5c,CellOT,B,perturbation=AVL-292,0.1572180539001941
T5c,CellOT,B,perturbation=Scriptaid,0.46335359349957495
T5c,CellOT,B,perturbation=RVX-208,0.03695589045349172
T5c,CellOT,B,perturbation=Amiodarone,-0.047431133222206656
T5c,CellOT,B,perturbation=RN-486,0.04204299900734538
T5c,CellOT,B,perturbation=Tamatinib,0.26089126873841667
T5c,CellOT,B,perturbation=GW843682X,-0.016931776522628592
T5c,CellOT,B,perturbation=Porcn Inhibitor III,0.13369704893949147
T5c,CellOT,B,perturbation=Navitoclax,0.14078784020385143
T5c,CellOT,B,perturbation=BAY 61-3606,0.29594059171244097
T5c,CellOT,B,perturbation=Ketoconazole,0.395262647598399
T5c,CellOT,B,perturbation=Isoniazid,-0.03219577829597519
T5c,CellOT,B,perturbation=PD-0325901,0.12340124639367415
T5c,CellOT,B,perturbation=TIE2 Kinase Inhibitor,-0.05888250809355647
T5c,CellOT,B,perturbation=BMS-387032,0.21995143576254172
T5c,CellOT,B,perturbation=TL_HRAS26,0.05199947852865289
T5c,CellOT,B,perturbation=Methotrexate,0.15200289487187083
T5c,CellOT,B,perturbation=LY2090314,0.2363557234095165
T5c,CellOT,B,perturbation=Alvocidib,0.09481748479707951
T5c,CellOT,B,perturbation=IMD-0354,0.41819673789933004
T5c,CellOT,B,perturbation=MK-5108,-0.030994916476306762
T5c,CellOT,B,perturbation=Ixabepilone,-0.012807355621133335
T5c,CellOT,B,perturbation=IN1451,0.7039221879482719
T5c,CellOT,B,perturbation=Proscillaridin A;Proscillaridin-A,0.4110579764893072
T5c,CellOT,B,perturbation=Palbociclib,0.04009844198615264
T5c,CellOT,B,perturbation=Vardenafil,0.04208677984718115
T5c,CellOT,B,perturbation=Disulfiram,-0.06680563364373217
T5c,CellOT,B,perturbation=Canertinib,-0.011111164126432593
T5c,CellOT,B,perturbation=Lapatinib,0.02491348875484263
T5c,CellOT,B,perturbation=Linagliptin,-0.04022234663065341
T5c,CellOT,B,perturbation=Raloxifene,0.18698213817977027
T5c,CellOT,B,perturbation=Vorinostat,0.41798641749035625
T5c,CellOT,B,perturbation=Trametinib,0.15021159100639045
T5c,CellOT,B,perturbation=Dasatinib,0.3613270600649038
T5c,CellOT,B,perturbation=Flutamide,0.022394747701674184
T5c,CellOT,B,perturbation=Idelalisib,0.11033718066312037
T5c,CellOT,B,perturbation=Riociguat,0.03189429776112999
T5c,CellOT,B,perturbation=Azacitidine,0.08240061511791491
T5c,CellOT,B,perturbation=TGX 221,0.13612853504106462
T5c,CellOT,B,perturbation=CGM-097,0.38303474857905206
T5c,CellOT,B,perturbation=Clemastine,0.1321838787465573
T5c,CellOT,B,perturbation=Imatinib,0.015004666199377613
T5c,CellOT,B,perturbation=Tipifarnib,0.10346942529154633
T5c,CellOT,B,perturbation=RG7090,0.09384053855256942
T5c,CellOT,B,perturbation=CHIR-99021,0.12533280510456965
T5c,CellOT,B,perturbation=TR-14035,0.008167847956136554
T5c,CellOT,B,perturbation=Pitavastatin Calcium,0.3854371368850464
T5c,CellOT,B,perturbation=SLx-2119,0.026418212828440205
T5c,CellOT,B,perturbation=YK 4-279,0.17428709560776237
T5c,CellOT,B,perturbation=SCH-58261,0.051730661557791074
T5c,CellOT,B,perturbation=BX 912,0.050473213394541215
T5c,CellOT,B,perturbation=GLPG0634,0.17827876587547686
T5c,CellOT,B,perturbation=Defactinib,0.15987512243983631
T5c,CellOT,B,perturbation=Nilotinib,0.20849385878617183
T5c,CellOT,B,perturbation=ABT737,0.09482008580499664
T5c,CellOT,B,perturbation=Nefazodone,0.06054547415625761
T5c,CellOT,B,perturbation=Buspirone,0.12010375364256322
T5c,CellOT,B,perturbation=Colforsin,-0.02672884551237965
T5c,CellOT,B,perturbation=Doxorubicin,0.3601954797210385
T5c,CellOT,B,perturbation=Mubritinib (TAK 165),0.05585427713194421
T5c,CellOT,B,perturbation=BI-D1870,0.10651905511129509
T5c,CellOT,B,perturbation=AT 7867,0.1929032209081286
T5c,CellOT,B,perturbation=PRT-062607,0.2762791847580935
T5c,CellOT,B,perturbation=STK219801,0.037486558297968924
T5c,CellOT,B,perturbation=Midostaurin,0.2136774127143213
T5c,CellOT,B,perturbation=PF-03814735,0.36956135267436824
T5c,CellOT,B,perturbation=Vanoxerine,0.04163945415383437
T5c,CellOT,B,perturbation=AZD3514,0.08698574534406019
T5c,CellOT,B,perturbation=OSI-930,-0.012501278168876844
T5c,CellOT,B,perturbation=AZ628,0.24782747740370215
T5c,CellOT,B,perturbation=TPCA-1,0.336703107413794
T5c,CellOT,B,perturbation=CEP-37440,0.11804413070883853
T5c,CellOT,B,perturbation=Tivantinib,0.08064224985549581
T5c,CellOT,B,perturbation=AZD4547,0.07014600270276442
T5c,CellOT,B,perturbation=SB525334,0.20592262988255375
T5c,CellOT,B,perturbation=HMN-214,0.23313272641763913
T5c,CellOT,B,perturbation=GO-6976,0.2717330817733441
T5c,CellOT,B,perturbation=AZD-8330,0.08532374222212667
T5c,CellOT,B,perturbation=MGCD-265,0.07420281867910294
T5c,CellOT,B,perturbation=GSK256066,0.1340719823851052
T5c,CellOT,B,perturbation=Tosedostat,0.04923508637024299
T5c,CellOT,B,perturbation=Prednisolone,0.34873405040266403
T5c,CellOT,B,perturbation=HYDROXYUREA,-0.0032381069913942793
T5c,CellOT,B,perturbation=Decitabine,-0.04309700946984413
T5c,CellOT,B,perturbation=CC-401,0.15139321651529405
T5c,CellOT,B,perturbation=Saracatinib,0.1821006734676814
T5c,CellOT,B,perturbation=Masitinib,0.03714705215563363
T5c,CellOT,B,perturbation=GSK-1070916,0.10594437065656896
T5c,CellOT,B,perturbation=R428,0.22710321408327977
T5c,CellOT,B,perturbation=Colchicine,0.2842030131991203
T5c,CellOT,B,perturbation=Tacalcitol,0.1095436745125068
T5c,CellOT,B,perturbation=LDN 193189,-0.027113757016938786
T5c,CellOT,B,perturbation=Resminostat,0.3802401142868365
T5c,CellOT,B,perturbation=RG7112,0.02225237662182402
T5c,CellOT,B,perturbation=Ricolinostat,0.060213068616128206
T5c,CellOT,B,perturbation=Oxybenzone,0.02119658509243143
T5c,CellOT,B,perturbation=ABT-199 (GDC-0199),0.16566417849651308
T5c,CellOT,B,perturbation=Selumetinib,0.13356260853312052
T5c,CellOT,B,perturbation=Cabozantinib,0.13344829841749312
T5c,CellOT,B,perturbation=Crizotinib,0.23722844553322445
T5c,CellOT,B,perturbation=Lamivudine,0.09483611640310835
T5c,CellOT,B,perturbation=Ceritinib,0.07010232803030275
T5c,CellOT,B,perturbation=Bosutinib,0.3540606968450309
T5c,CellOT,B,perturbation=Vandetanib,-0.03292288565806929
T5c,CellOT,B,perturbation=Mometasone Furoate,0.4272287110360374
T5c,CellOT,B,perturbation=Clotrimazole,0.0988759435025048
T5c,CellOT,B,perturbation=CGP 60474,0.21583378872795939
T5c,CellOT,Mono,perturbation=Atorvastatin,0.05570952786434853
T5c,CellOT,Mono,perturbation=5-(9-Isopropyl-8-methyl-2-morpholino-9H-purin-6-yl)pyrimidin-2-amine,0.42787214027325066
T5c,CellOT,Mono,perturbation=Topotecan,0.2006180659862646
T5c,CellOT,Mono,perturbation=BMS-265246,0.09833847052750848
T5c,CellOT,Mono,perturbation=AMD-070 (hydrochloride),0.023556823332506034
T5c,CellOT,Mono,perturbation=AT13387,0.387827006582339
T5c,CellOT,Mono,perturbation=Desloratadine,0.012906180469074994
T5c,CellOT,Mono,perturbation=Ganetespib (STA-9090),0.43256884472184826
T5c,CellOT,Mono,perturbation=O-Demethylated Adapalene,0.1784257726650795
T5c,CellOT,Mono,perturbation=BAY 87-2243,0.17394288497225163
T5c,CellOT,Mono,perturbation=Ruxolitinib,0.32754512006649605
T5c,CellOT,Mono,perturbation=Sgc-cbp30,0.13585286567788538
T5c,CellOT,Mono,perturbation=PF-04691502,0.2325346036546539
T5c,CellOT,Mono,perturbation=Dactolisib,0.4631533903440331
T5c,CellOT,Mono,perturbation=Alogliptin,0.05369175641924091
T5c,CellOT,Mono,perturbation=Clomipramine,0.11255252542984004
T5c,CellOT,Mono,perturbation=Protriptyline,0.04095441242996774
T5c,CellOT,Mono,perturbation=Phenylbutazone,0.06267592677276448
T5c,CellOT,Mono,perturbation=Pomalidomide,0.0592241382712778
T5c,CellOT,Mono,perturbation=FK 866,0.2987634692939156
T5c,CellOT,Mono,perturbation=Perhexiline,0.20532578396170822
T5c,CellOT,Mono,perturbation=BMS-536924,0.321171345660505
T5c,CellOT,Mono,perturbation=Penfluridol,0.12067486290662531
T5c,CellOT,Mono,perturbation=Sunitinib,0.0160845331774123
T5c,CellOT,Mono,perturbation=I-BET151,0.26605387289384447
T5c,CellOT,Mono,perturbation=K-02288,0.06300811198653487
T5c,CellOT,Mono,perturbation=Dovitinib,0.01101270781110115
T5c,CellOT,Mono,perturbation=Chlorpheniramine,-0.05889548570172395
T5c,CellOT,Mono,perturbation=IKK Inhibitor VII,0.3157195566113625
T5c,CellOT,Mono,perturbation=Quizartinib,0.06510042903731769
T5c,CellOT,Mono,perturbation=Tivozanib,0.033465738851422
T5c,CellOT,Mono,perturbation=Foretinib,0.2648558522010729
T5c,CellOT,Mono,perturbation=BMS-777607,0.11058162593761055
T5c,CellOT,Mono,perturbation=AVL-292,0.18167442666229477
T5c,CellOT,Mono,perturbation=Scriptaid,0.38543697165849217
T5c,CellOT,Mono,perturbation=RVX-208,0.043834534567111436
T5c,CellOT,Mono,perturbation=Amiodarone,-0.04339689006096178
T5c,CellOT,Mono,perturbation=RN-486,0.15123209399613682
T5c,CellOT,Mono,perturbation=Tamatinib,0.37074469168502905
T5c,CellOT,Mono,perturbation=GW843682X,0.049524658190830316
T5c,CellOT,Mono,perturbation=Porcn Inhibitor III,0.15236969782826706
T5c,CellOT,Mono,perturbation=Navitoclax,0.033047567680835534
T5c,CellOT,Mono,perturbation=BAY 61-3606,0.2515306628228587
T5c,CellOT,Mono,perturbation=Ketoconazole,0.3645467405657877
T5c,CellOT,Mono,perturbation=Isoniazid,0.061630569807014354
T5c,CellOT,Mono,perturbation=PD-0325901,0.1108168793526866
T5c,CellOT,Mono,perturbation=TIE2 Kinase Inhibitor,0.015418744258030938
T5c,CellOT,Mono,perturbation=TL_HRAS26,0.026291726783023373
T5c,CellOT,Mono,perturbation=Methotrexate,0.10940549265084058
T5c,CellOT,Mono,perturbation=LY2090314,0.12854862192828845
T5c,CellOT,Mono,perturbation=Alvocidib,-0.06939942688274688
T5c,CellOT,Mono,perturbation=IMD-0354,0.22188623647536862
T5c,CellOT,Mono,perturbation=MK-5108,0.05947915532499504
T5c,CellOT,Mono,perturbation=Ixabepilone,0.018113688272436333
T5c,CellOT,Mono,perturbation=IN1451,0.6032021770101409
T5c,CellOT,Mono,perturbation=Proscillaridin A;Proscillaridin-A,0.4976538282494169
T5c,CellOT,Mono,perturbation=Palbociclib,0.10442126402137321
T5c,CellOT,Mono,perturbation=Vardenafil,0.08603050878644733
T5c,CellOT,Mono,perturbation=Disulfiram,0.01278217476352114
T5c,CellOT,Mono,perturbation=Canertinib,0.00819244062979658
T5c,CellOT,Mono,perturbation=Lapatinib,0.0800388939118235
T5c,CellOT,Mono,perturbation=Linagliptin,-0.015883411559500647
T5c,CellOT,Mono,perturbation=Raloxifene,0.1739362044992662
T5c,CellOT,Mono,perturbation=Vorinostat,0.27327005332742166
T5c,CellOT,Mono,perturbation=Trametinib,0.1724125923144412
T5c,CellOT,Mono,perturbation=Dasatinib,0.42567973848962815
T5c,CellOT,Mono,perturbation=Flutamide,0.08150879477028503
T5c,CellOT,Mono,perturbation=Idelalisib,0.14803719147356886
T5c,CellOT,Mono,perturbation=Riociguat,0.11766250228063965
T5c,CellOT,Mono,perturbation=Azacitidine,0.0509552149106253
T5c,CellOT,Mono,perturbation=TGX 221,0.23083205754095276
T5c,CellOT,Mono,perturbation=CGM-097,0.28466184094399766
T5c,CellOT,Mono,perturbation=Clemastine,0.08633893067071144
T5c,CellOT,Mono,perturbation=Imatinib,-0.004686645006351109
T5c,CellOT,Mono,perturbation=Tipifarnib,0.07769495086632874
T5c,CellOT,Mono,perturbation=RG7090,0.11832276229650344
T5c,CellOT,Mono,perturbation=CHIR-99021,0.1558895551524832
T5c,CellOT,Mono,perturbation=TR-14035,0.0486175314604517
T5c,CellOT,Mono,perturbation=Pitavastatin Calcium,0.48805891690698405
T5c,CellOT,Mono,perturbation=SLx-2119,-0.026331528889012853
T5c,CellOT,Mono,perturbation=YK 4-279,0.1219770529202625
T5c,CellOT,Mono,perturbation=SCH-58261,-0.01355032980531027
T5c,CellOT,Mono,perturbation=BX 912,0.05263856157285972
T5c,CellOT,Mono,perturbation=GLPG0634,0.1977954958243477
T5c,CellOT,Mono,perturbation=Defactinib,0.107389224723293
T5c,CellOT,Mono,perturbation=Nilotinib,0.20734460232550364
T5c,CellOT,Mono,perturbation=ABT737,0.020486104664223632
T5c,CellOT,Mono,perturbation=Nefazodone,-0.007625984245827941
T5c,CellOT,Mono,perturbation=Buspirone,0.09129054936654041
T5c,CellOT,Mono,perturbation=Colforsin,0.09509548186410927
T5c,CellOT,Mono,perturbation=Doxorubicin,0.2869557179786101
T5c,CellOT,Mono,perturbation=Mubritinib (TAK 165),0.02929452772642388
T5c,CellOT,Mono,perturbation=BI-D1870,0.14712537650084662
T5c,CellOT,Mono,perturbation=AT 7867,0.14402901760138756
T5c,CellOT,Mono,perturbation=PRT-062607,0.29013065901552837
T5c,CellOT,Mono,perturbation=STK219801,0.11223678612755697
T5c,CellOT,Mono,perturbation=Midostaurin,0.18816179901989746
T5c,CellOT,Mono,perturbation=PF-03814735,0.41765205271138517
T5c,CellOT,Mono,perturbation=Vanoxerine,0.12557917474665775
T5c,CellOT,Mono,perturbation=AZD3514,0.08450377568521944
T5c,CellOT,Mono,perturbation=OSI-930,-0.029715031377258134
T5c,CellOT,Mono,perturbation=AZ628,0.15133557305979872
T5c,CellOT,Mono,perturbation=TPCA-1,0.3015383311087893
T5c,CellOT,Mono,perturbation=CEP-37440,-0.09155728987377187
T5c,CellOT,Mono,perturbation=Tivantinib,-0.012835660561461841
T5c,CellOT,Mono,perturbation=AZD4547,0.10479441608493476
T5c,CellOT,Mono,perturbation=SB525334,0.19818063712136022
T5c,CellOT,Mono,perturbation=HMN-214,0.31429349323722056
T5c,CellOT,Mono,perturbation=GO-6976,0.34788945261360554
T5c,CellOT,Mono,perturbation=AZD-8330,0.07429897549190899
T5c,CellOT,Mono,perturbation=MGCD-265,0.1019949401290362
T5c,CellOT,Mono,perturbation=GSK256066,0.07582156896289281
T5c,CellOT,Mono,perturbation=Tosedostat,0.11558956862694632
T5c,CellOT,Mono,perturbation=Prednisolone,0.147445793974069
T5c,CellOT,Mono,perturbation=HYDROXYUREA,0.05589865794896542
T5c,CellOT,Mono,perturbation=Decitabine,0.06294260266033729
T5c,CellOT,Mono,perturbation=CC-401,0.13641015848732416
T5c,CellOT,Mono,perturbation=Saracatinib,0.32312143338724425
T5c,CellOT,Mono,perturbation=Masitinib,0.0066220459855776915
T5c,CellOT,Mono,perturbation=GSK-1070916,-0.03169004391376251
T5c,CellOT,Mono,perturbation=R428,0.12515548140327848
T5c,CellOT,Mono,perturbation=Colchicine,0.4351752842525677
T5c,CellOT,Mono,perturbation=Tacalcitol,0.0625844747075011
T5c,CellOT,Mono,perturbation=LDN 193189,0.007207488014992794
T5c,CellOT,Mono,perturbation=Resminostat,0.2424960144937916
T5c,CellOT,Mono,perturbation=RG7112,-0.06586737032404971
T5c,CellOT,Mono,perturbation=Ricolinostat,-0.014652195132517082
T5c,CellOT,Mono,perturbation=Oxybenzone,0.03382850810398984
T5c,CellOT,Mono,perturbation=ABT-199 (GDC-0199),-0.08243268640374263
T5c,CellOT,Mono,perturbation=Selumetinib,0.1612993767298791
T5c,CellOT,Mono,perturbation=Cabozantinib,0.20184670105287864
T5c,CellOT,Mono,perturbation=Crizotinib,0.21755772820234237
T5c,CellOT,Mono,perturbation=Lamivudine,0.08999642241655577
T5c,CellOT,Mono,perturbation=Ceritinib,0.1082095465974521
T5c,CellOT,Mono,perturbation=Bosutinib,0.39581833979461284
T5c,CellOT,Mono,perturbation=Vandetanib,0.1244775841651619
T5c,CellOT,Mono,perturbation=Mometasone Furoate,0.36881197990172504
T5c,CellOT,Mono,perturbation=Clotrimazole,0.06810859925411117
T5c,CellOT,Mono,perturbation=UNII-BXU45ZH6LI,0.24593852962527457
T5c,CellOT,Mono,perturbation=BMS-387032,0.11477515530827988
T5c,CellOT,NK,perturbation=Atorvastatin,0.16310716369002634
T5c,CellOT,NK,perturbation=5-(9-Isopropyl-8-methyl-2-morpholino-9H-purin-6-yl)pyrimidin-2-amine,0.3513786508684581
T5c,CellOT,NK,perturbation=Topotecan,0.3245873930635382
T5c,CellOT,NK,perturbation=BMS-265246,0.26972451636467365
T5c,CellOT,NK,perturbation=AMD-070 (hydrochloride),0.18996097640471596
T5c,CellOT,NK,perturbation=AT13387,0.4879566049562039
T5c,CellOT,NK,perturbation=Desloratadine,0.14965407638577835
T5c,CellOT,NK,perturbation=Ganetespib (STA-9090),0.5369373947924154
T5c,CellOT,NK,perturbation=O-Demethylated Adapalene,0.194843494272963
T5c,CellOT,NK,perturbation=BAY 87-2243,0.30345373475482573
T5c,CellOT,NK,perturbation=Ruxolitinib,0.27507966799469796
T5c,CellOT,NK,perturbation=Sgc-cbp30,0.23858465986760594
T5c,CellOT,NK,perturbation=PF-04691502,0.2542271155299163
T5c,CellOT,NK,perturbation=Dactolisib,0.4140931305664115
T5c,CellOT,NK,perturbation=Alogliptin,0.15785475044952382
T5c,CellOT,NK,perturbation=Clomipramine,0.24026703924159126
T5c,CellOT,NK,perturbation=Protriptyline,0.15138907051516332
T5c,CellOT,NK,perturbation=Phenylbutazone,0.13068666307725155
T5c,CellOT,NK,perturbation=Pomalidomide,0.2003482016115126
T5c,CellOT,NK,perturbation=FK 866,0.2555083126958752
T5c,CellOT,NK,perturbation=Perhexiline,0.29669856914945747
T5c,CellOT,NK,perturbation=BMS-536924,0.2788613975953231
T5c,CellOT,NK,perturbation=Penfluridol,0.10621707418585793
T5c,CellOT,NK,perturbation=Sunitinib,0.21116120918828188
T5c,CellOT,NK,perturbation=I-BET151,0.2956596559803884
T5c,CellOT,NK,perturbation=K-02288,0.2305344759678337
T5c,CellOT,NK,perturbation=Dovitinib,0.24009984771814982
T5c,CellOT,NK,perturbation=Chlorpheniramine,0.17518915553650044
T5c,CellOT,NK,perturbation=UNII-BXU45ZH6LI,0.18495477175840774
T5c,CellOT,NK,perturbation=IKK Inhibitor VII,0.2590274403746508
T5c,CellOT,NK,perturbation=Quizartinib,0.15380424283296487
T5c,CellOT,NK,perturbation=Tivozanib,0.17646003741711339
T5c,CellOT,NK,perturbation=Foretinib,0.25673711625045254
T5c,CellOT,NK,perturbation=BMS-777607,0.12952209387417146
T5c,CellOT,NK,perturbation=AVL-292,0.29622779113108133
T5c,CellOT,NK,perturbation=Scriptaid,0.5300305460869781
T5c,CellOT,NK,perturbation=RVX-208,0.16718454306636604
T5c,CellOT,NK,perturbation=Amiodarone,0.13885306335585643
T5c,CellOT,NK,perturbation=RN-486,0.17684510994551195
T5c,CellOT,NK,perturbation=Tamatinib,0.3800887294778307
T5c,CellOT,NK,perturbation=GW843682X,0.19318275146407646
T5c,CellOT,NK,perturbation=Porcn Inhibitor III,0.28998709449097754
T5c,CellOT,NK,perturbation=Navitoclax,0.118690811719151
T5c,CellOT,NK,perturbation=BAY 61-3606,0.36066657649995476
T5c,CellOT,NK,perturbation=Ketoconazole,0.3996548290675408
T5c,CellOT,NK,perturbation=Isoniazid,0.13765577493292785
T5c,CellOT,NK,perturbation=PD-0325901,0.19717728307852891
T5c,CellOT,NK,perturbation=TIE2 Kinase Inhibitor,0.16500164229274722
T5c,CellOT,NK,perturbation=CGP 60474,-0.018206721821104263
T5c,CellOT,NK,perturbation=BMS-387032,0.2553181603521498
T5c,CellOT,NK,perturbation=TL_HRAS26,0.17196797282317175
T5c,CellOT,NK,perturbation=Methotrexate,0.24531673988278885
T5c,CellOT,NK,perturbation=LY2090314,0.3959870958162074
T5c,CellOT,NK,perturbation=Alvocidib,0.09759301564472597
T5c,CellOT,NK,perturbation=IMD-0354,0.390123619022168
T5c,CellOT,NK,perturbation=MK-5108,0.23176632060290747
T5c,CellOT,NK,perturbation=Ixabepilone,0.14748320762331876
T5c,CellOT,NK,perturbation=IN1451,0.6237451132339291
T5c,CellOT,NK,perturbation=Proscillaridin A;Proscillaridin-A,0.5899828610336182
T5c,CellOT,NK,perturbation=Palbociclib,0.24900719466439936
T5c,CellOT,NK,perturbation=Vardenafil,0.18841772474342575
T5c,CellOT,NK,perturbation=Disulfiram,0.1594839049214502
T5c,CellOT,NK,perturbation=Canertinib,0.17814614896579398
T5c,CellOT,NK,perturbation=Lapatinib,0.20019036841000584
T5c,CellOT,NK,perturbation=Linagliptin,0.21982720248712606
T5c,CellOT,NK,perturbation=Raloxifene,0.3512603179029848
T5c,CellOT,NK,perturbation=Vorinostat,0.4275177907691777
T5c,CellOT,NK,perturbation=Trametinib,0.21372270008064903
T5c,CellOT,NK,perturbation=Dasatinib,0.2234093787110702
T5c,CellOT,NK,perturbation=Flutamide,0.1404356031753654
T5c,CellOT,NK,perturbation=Idelalisib,0.2528590448935642
T5c,CellOT,NK,perturbation=Riociguat,0.2443240840147612
T5c,CellOT,NK,perturbation=Azacitidine,0.24127024049796902
T5c,CellOT,NK,perturbation=TGX 221,0.2527759751621066
T5c,CellOT,NK,perturbation=CGM-097,0.45468197065442517
T5c,CellOT,NK,perturbation=Clemastine,0.14824259826892017
T5c,CellOT,NK,perturbation=Imatinib,0.1775942847099249
T5c,CellOT,NK,perturbation=Tipifarnib,0.2106622898319024
T5c,CellOT,NK,perturbation=RG7090,0.33968767742987227
T5c,CellOT,NK,perturbation=CHIR-99021,0.3245337720914277
T5c,CellOT,NK,perturbation=TR-14035,0.23329725140721252
T5c,CellOT,NK,perturbation=Pitavastatin Calcium,0.43985923331264654
T5c,CellOT,NK,perturbation=SLx-2119,0.2633434822525505
T5c,CellOT,NK,perturbation=YK 4-279,0.3086290357761925
T5c,CellOT,NK,perturbation=SCH-58261,0.13693764250884477
T5c,CellOT,NK,perturbation=BX 912,0.27243930214352285
T5c,CellOT,NK,perturbation=GLPG0634,0.32710454675387457
T5c,CellOT,NK,perturbation=Defactinib,0.28651971489280664
T5c,CellOT,NK,perturbation=Nilotinib,0.3122922441700533
T5c,CellOT,NK,perturbation=ABT737,0.1520669822990043
T5c,CellOT,NK,perturbation=Nefazodone,0.197154999460854
T5c,CellOT,NK,perturbation=Buspirone,0.22000437249060967
T5c,CellOT,NK,perturbation=Colforsin,0.25290248993573
T5c,CellOT,NK,perturbation=Doxorubicin,0.3248536853181126
T5c,CellOT,NK,perturbation=Mubritinib (TAK 165),0.26521592560964635
T5c,CellOT,NK,perturbation=BI-D1870,0.21910652800167155
T5c,CellOT,NK,perturbation=AT 7867,0.2925175067421623
T5c,CellOT,NK,perturbation=PRT-062607,0.32810957167265714
T5c,CellOT,NK,perturbation=STK219801,0.23158162477786418
T5c,CellOT,NK,perturbation=Midostaurin,0.3114868337711359
T5c,CellOT,NK,perturbation=PF-03814735,0.3504176501716748
T5c,CellOT,NK,perturbation=Vanoxerine,0.14877933024754225
T5c,CellOT,NK,perturbation=AZD3514,0.2233997610693298
T5c,CellOT,NK,perturbation=OSI-930,0.15487814133866198
T5c,CellOT,NK,perturbation=AZ628,0.2916303461679824
T5c,CellOT,NK,perturbation=TPCA-1,0.33252078768820187
T5c,CellOT,NK,perturbation=CEP-37440,0.2149552673399569
T5c,CellOT,NK,perturbation=Tivantinib,0.19052043202767802
T5c,CellOT,NK,perturbation=AZD4547,0.15952664161729385
T5c,CellOT,NK,perturbation=SB525334,0.25433564215321874
T5c,CellOT,NK,perturbation=HMN-214,0.4511492061510181
T5c,CellOT,NK,perturbation=GO-6976,0.3976120303570729
T5c,CellOT,NK,perturbation=AZD-8330,0.2938769292298663
T5c,CellOT,NK,perturbation=MGCD-265,0.23759521668401407
T5c,CellOT,NK,perturbation=GSK256066,0.29986578297766275
T5c,CellOT,NK,perturbation=Tosedostat,0.22150169148722598
T5c,CellOT,NK,perturbation=Prednisolone,0.33201684250670427
T5c,CellOT,NK,perturbation=HYDROXYUREA,0.18223671970563154
T5c,CellOT,NK,perturbation=Decitabine,0.2206732969534079
T5c,CellOT,NK,perturbation=CC-401,0.31710083202168327
T5c,CellOT,NK,perturbation=Saracatinib,0.26934777793933434
T5c,CellOT,NK,perturbation=Masitinib,0.23888606279250463
T5c,CellOT,NK,perturbation=GSK-1070916,0.12797959787789792
T5c,CellOT,NK,perturbation=R428,0.24867622273781245
T5c,CellOT,NK,perturbation=Colchicine,0.23208778614879963
T5c,CellOT,NK,perturbation=Tacalcitol,0.2674117415440997
T5c,CellOT,NK,perturbation=LDN 193189,0.1765218079131173
T5c,CellOT,NK,perturbation=Resminostat,0.49425520334541095
T5c,CellOT,NK,perturbation=RG7112,0.2402192314133791
T5c,CellOT,NK,perturbation=Ricolinostat,0.20022880894738757
T5c,CellOT,NK,perturbation=Oxybenzone,0.22117994695676127
T5c,CellOT,NK,perturbation=ABT-199 (GDC-0199),0.18736812599946057
T5c,CellOT,NK,perturbation=Selumetinib,0.229126172542511
T5c,CellOT,NK,perturbation=Cabozantinib,0.2685552010751222
T5c,CellOT,NK,perturbation=Crizotinib,0.29186990291485027
T5c,CellOT,NK,perturbation=Lamivudine,0.22449895830737443
T5c,CellOT,NK,perturbation=Ceritinib,0.2118107974680939
T5c,CellOT,NK,perturbation=Bosutinib,0.3484858801118782
T5c,CellOT,NK,perturbation=Vandetanib,0.17947739080435485
T5c,CellOT,NK,perturbation=Mometasone Furoate,0.36854740437610106
T5c,CellOT,NK,perturbation=Clotrimazole,0.21711810391168385
T5c,CellOT,T_cells,perturbation=Atorvastatin,0.1517778445664108
T5c,CellOT,T_cells,perturbation=5-(9-Isopropyl-8-methyl-2-morpholino-9H-purin-6-yl)pyrimidin-2-amine,0.33462889872314194
T5c,CellOT,T_cells,perturbation=Topotecan,0.2545846997345946
T5c,CellOT,T_cells,perturbation=BMS-265246,0.2742283520134214
T5c,CellOT,T_cells,perturbation=AMD-070 (hydrochloride),0.14113417324175723
T5c,CellOT,T_cells,perturbation=AT13387,0.515838031361539
T5c,CellOT,T_cells,perturbation=Desloratadine,0.1829290248028705
T5c,CellOT,T_cells,perturbation=Ganetespib (STA-9090),0.5500125503223238
T5c,CellOT,T_cells,perturbation=O-Demethylated Adapalene,0.17866580295096499
T5c,CellOT,T_cells,perturbation=BAY 87-2243,0.2435389431550475
T5c,CellOT,T_cells,perturbation=Ruxolitinib,0.3031519687626631
T5c,CellOT,T_cells,perturbation=Sgc-cbp30,0.16405769673487916
T5c,CellOT,T_cells,perturbation=PF-04691502,0.2884496014491471
T5c,CellOT,T_cells,perturbation=Dactolisib,0.4281195328298907
T5c,CellOT,T_cells,perturbation=Alogliptin,0.10782612022675375
T5c,CellOT,T_cells,perturbation=Clomipramine,0.15159219729666923
T5c,CellOT,T_cells,perturbation=Protriptyline,0.134146008378515
T5c,CellOT,T_cells,perturbation=Phenylbutazone,0.15365922674427043
T5c,CellOT,T_cells,perturbation=Pomalidomide,0.09703729288756774
T5c,CellOT,T_cells,perturbation=FK 866,0.2899370668626923
T5c,CellOT,T_cells,perturbation=Perhexiline,0.33452544261173833
T5c,CellOT,T_cells,perturbation=BMS-536924,0.29717937421787616
T5c,CellOT,T_cells,perturbation=Penfluridol,0.10420288105605063
T5c,CellOT,T_cells,perturbation=Sunitinib,0.2687642607770077
T5c,CellOT,T_cells,perturbation=I-BET151,0.2454502342141976
T5c,CellOT,T_cells,perturbation=K-02288,0.13678573706977795
T5c,CellOT,T_cells,perturbation=Dovitinib,0.08590915171885678
T5c,CellOT,T_cells,perturbation=Chlorpheniramine,0.16116915328896608
T5c,CellOT,T_cells,perturbation=UNII-BXU45ZH6LI,0.35296392014580835
T5c,CellOT,T_cells,perturbation=IKK Inhibitor VII,0.2586163410838918
T5c,CellOT,T_cells,perturbation=Quizartinib,0.1226679953685394
T5c,CellOT,T_cells,perturbation=Tivozanib,0.11847189226511887
T5c,CellOT,T_cells,perturbation=Foretinib,0.2880401046742477
T5c,CellOT,T_cells,perturbation=BMS-777607,0.15270978573091565
T5c,CellOT,T_cells,perturbation=AVL-292,0.3078775726254801
T5c,CellOT,T_cells,perturbation=Scriptaid,0.5153594091265926
T5c,CellOT,T_cells,perturbation=RVX-208,0.13637382035326304
T5c,CellOT,T_cells,perturbation=Amiodarone,0.11707539771809354
T5c,CellOT,T_cells,perturbation=RN-486,0.0633740431084629
T5c,CellOT,T_cells,perturbation=Tamatinib,0.3738490854476888
T5c,CellOT,T_cells,perturbation=GW843682X,0.09227755297354352
T5c,CellOT,T_cells,perturbation=Porcn Inhibitor III,0.2412125796526954
T5c,CellOT,T_cells,perturbation=Navitoclax,0.00907335929265114
T5c,CellOT,T_cells,perturbation=BAY 61-3606,0.2574505200113223
T5c,CellOT,T_cells,perturbation=Ketoconazole,0.4431908936791105
T5c,CellOT,T_cells,perturbation=Isoniazid,0.041375436723031456
T5c,CellOT,T_cells,perturbation=PD-0325901,0.18461565276212955
T5c,CellOT,T_cells,perturbation=TIE2 Kinase Inhibitor,0.1635896002256619
T5c,CellOT,T_cells,perturbation=CGP 60474,-0.053476176514433815
T5c,CellOT,T_cells,perturbation=BMS-387032,0.28164031584455373
T5c,CellOT,T_cells,perturbation=TL_HRAS26,0.13523398033197812
T5c,CellOT,T_cells,perturbation=Methotrexate,0.2351014022539135
T5c,CellOT,T_cells,perturbation=LY2090314,0.3983884490604615
T5c,CellOT,T_cells,perturbation=Alvocidib,0.0
T5c,CellOT,T_cells,perturbation=IMD-0354,0.3320736235322855
T5c,CellOT,T_cells,perturbation=MK-5108,0.1597564431502547
T5c,CellOT,T_cells,perturbation=Ixabepilone,0.08790679193454366
T5c,CellOT,T_cells,perturbation=IN1451,0.7019205548276035
T5c,CellOT,T_cells,perturbation=Proscillaridin A;Proscillaridin-A,0.6442598077930888
T5c,CellOT,T_cells,perturbation=Palbociclib,0.20305317320248154
T5c,CellOT,T_cells,perturbation=Vardenafil,0.1565417821851475
T5c,CellOT,T_cells,perturbation=Disulfiram,0.04688239344895761
T5c,CellOT,T_cells,perturbation=Canertinib,0.15728055287403406
T5c,CellOT,T_cells,perturbation=Lapatinib,0.07861629200932316
T5c,CellOT,T_cells,perturbation=Linagliptin,0.18683322473429276
T5c,CellOT,T_cells,perturbation=Raloxifene,0.2900002939320728
T5c,CellOT,T_cells,perturbation=Vorinostat,0.4121370919552143
T5c,CellOT,T_cells,perturbation=Trametinib,0.2478930286884874
T5c,CellOT,T_cells,perturbation=Dasatinib,0.26807058452245996
T5c,CellOT,T_cells,perturbation=Flutamide,0.0341919779025683
T5c,CellOT,T_cells,perturbation=Idelalisib,0.1577127862126126
T5c,CellOT,T_cells,perturbation=Riociguat,0.15418595404780813
T5c,CellOT,T_cells,perturbation=Azacitidine,0.16300253534610584
T5c,CellOT,T_cells,perturbation=TGX 221,0.25176487800829234
T5c,CellOT,T_cells,perturbation=CGM-097,0.3529225844832016
T5c,CellOT,T_cells,perturbation=Clemastine,0.158634171673403
T5c,CellOT,T_cells,perturbation=Imatinib,0.09827796070571551
T5c,CellOT,T_cells,perturbation=Tipifarnib,0.14581402105103988
T5c,CellOT,T_cells,perturbation=RG7090,0.2510103690874389
T5c,CellOT,T_cells,perturbation=CHIR-99021,0.235005984895495
T5c,CellOT,T_cells,perturbation=TR-14035,0.21402705700528432
T5c,CellOT,T_cells,perturbation=Pitavastatin Calcium,0.5824203312266691
T5c,CellOT,T_cells,perturbation=SLx-2119,0.18938844900531723
T5c,CellOT,T_cells,perturbation=YK 4-279,0.39151407145467304
T5c,CellOT,T_cells,perturbation=SCH-58261,0.16945091379364063
T5c,CellOT,T_cells,perturbation=BX 912,0.1486558997331018
T5c,CellOT,T_cells,perturbation=GLPG0634,0.2949849052902551
T5c,CellOT,T_cells,perturbation=Defactinib,0.16611256455355647
T5c,CellOT,T_cells,perturbation=Nilotinib,0.24347224597941866
T5c,CellOT,T_cells,perturbation=ABT737,0.017740088119840944
T5c,CellOT,T_cells,perturbation=Nefazodone,0.15717995979591812
T5c,CellOT,T_cells,perturbation=Buspirone,0.21259371013324152
T5c,CellOT,T_cells,perturbation=Colforsin,0.19021416574682093
T5c,CellOT,T_cells,perturbation=Doxorubicin,0.2587195339127895
T5c,CellOT,T_cells,perturbation=Mubritinib (TAK 165),0.27768977154931734
T5c,CellOT,T_cells,perturbation=BI-D1870,0.22563909720352682
T5c,CellOT,T_cells,perturbation=AT 7867,0.29368648067377023
T5c,CellOT,T_cells,perturbation=PRT-062607,0.2911575791818067
T5c,CellOT,T_cells,perturbation=STK219801,0.22835232867983093
T5c,CellOT,T_cells,perturbation=Midostaurin,0.27694628588246006
T5c,CellOT,T_cells,perturbation=PF-03814735,0.3423304924643358
T5c,CellOT,T_cells,perturbation=Vanoxerine,0.16292209806191504
T5c,CellOT,T_cells,perturbation=AZD3514,0.14958097448635202
T5c,CellOT,T_cells,perturbation=OSI-930,0.16359105739849966
T5c,CellOT,T_cells,perturbation=AZ628,0.2893239723361785
T5c,CellOT,T_cells,perturbation=TPCA-1,0.349140016844111
T5c,CellOT,T_cells,perturbation=CEP-37440,0.24620562668802176
T5c,CellOT,T_cells,perturbation=Tivantinib,0.1276467483292583
T5c,CellOT,T_cells,perturbation=AZD4547,0.10639139787441988
T5c,CellOT,T_cells,perturbation=SB525334,0.3132667391075202
T5c,CellOT,T_cells,perturbation=HMN-214,0.37221605600555563
T5c,CellOT,T_cells,perturbation=GO-6976,0.31153894836138063
T5c,CellOT,T_cells,perturbation=AZD-8330,0.2385984607686819
T5c,CellOT,T_cells,perturbation=MGCD-265,0.14208842510501166
T5c,CellOT,T_cells,perturbation=GSK256066,0.3158114684048416
T5c,CellOT,T_cells,perturbation=Tosedostat,0.17387957780515784
T5c,CellOT,T_cells,perturbation=Prednisolone,0.3238146943827578
T5c,CellOT,T_cells,perturbation=HYDROXYUREA,0.1442985379791776
T5c,CellOT,T_cells,perturbation=Decitabine,0.19787803295679715
T5c,CellOT,T_cells,perturbation=CC-401,0.2511465144610912
T5c,CellOT,T_cells,perturbation=Saracatinib,0.2475602418771924
T5c,CellOT,T_cells,perturbation=Masitinib,0.14578605025960545
T5c,CellOT,T_cells,perturbation=GSK-1070916,0.10956470923364543
T5c,CellOT,T_cells,perturbation=R428,0.07783821152536947
T5c,CellOT,T_cells,perturbation=Colchicine,0.37480757973116285
T5c,CellOT,T_cells,perturbation=Tacalcitol,0.1920421297745295
T5c,CellOT,T_cells,perturbation=LDN 193189,0.11394869985899932
T5c,CellOT,T_cells,perturbation=Resminostat,0.3985294118401134
T5c,CellOT,T_cells,perturbation=RG7112,0.21967744126098301
T5c,CellOT,T_cells,perturbation=Ricolinostat,0.17183881257334166
T5c,CellOT,T_cells,perturbation=Oxybenzone,0.14868757905554242
T5c,CellOT,T_cells,perturbation=ABT-199 (GDC-0199),0.143043062005457
T5c,CellOT,T_cells,perturbation=Selumetinib,0.20636503019483646
T5c,CellOT,T_cells,perturbation=Cabozantinib,0.28177831526372116
T5c,CellOT,T_cells,perturbation=Crizotinib,0.3058777974206921
T5c,CellOT,T_cells,perturbation=Lamivudine,0.16253341201203592
T5c,CellOT,T_cells,perturbation=Ceritinib,0.14360128961278545
T5c,CellOT,T_cells,perturbation=Bosutinib,0.2901618609819908
T5c,CellOT,T_cells,perturbation=Vandetanib,0.13531220428362528
T5c,CellOT,T_cells,perturbation=Mometasone Furoate,0.40424321431522675
T5c,CellOT,T_cells,perturbation=Clotrimazole,0.20972658514678538
T5c,PerturbNet,B,perturbation=Atorvastatin,0.039794232330036816
T5c,PerturbNet,B,perturbation=5-(9-Isopropyl-8-methyl-2-morpholino-9H-purin-6-yl)pyrimidin-2-amine,0.35640254657051773
T5c,PerturbNet,B,perturbation=Topotecan,0.09172339785214155
T5c,PerturbNet,B,perturbation=BMS-265246,0.1015701840736462
T5c,PerturbNet,B,perturbation=AMD-070 (hydrochloride),0.07801179520704475
T5c,PerturbNet,B,perturbation=AT13387,0.45287349696221485
T5c,PerturbNet,B,perturbation=Desloratadine,-0.024889350401453646
T5c,PerturbNet,B,perturbation=Ganetespib (STA-9090),0.4691674124391982
T5c,PerturbNet,B,perturbation=O-Demethylated Adapalene,-0.017232783928542605
T5c,PerturbNet,B,perturbation=BAY 87-2243,0.2153135953202085
T5c,PerturbNet,B,perturbation=Ruxolitinib,0.2307410857124193
T5c,PerturbNet,B,perturbation=Sgc-cbp30,0.16943106671020763
T5c,PerturbNet,B,perturbation=PF-04691502,0.23002728688376153
T5c,PerturbNet,B,perturbation=Dactolisib,0.35451141838136785
T5c,PerturbNet,B,perturbation=Alogliptin,-0.06405134636955209
T5c,PerturbNet,B,perturbation=Clomipramine,0.024145698268398904
T5c,PerturbNet,B,perturbation=Protriptyline,-0.008727281405308955
T5c,PerturbNet,B,perturbation=Phenylbutazone,-0.014418092402086906
T5c,PerturbNet,B,perturbation=Pomalidomide,0.1387759058435443
T5c,PerturbNet,B,perturbation=FK 866,0.18566327876541786
T5c,PerturbNet,B,perturbation=Perhexiline,0.23958324839516912
T5c,PerturbNet,B,perturbation=BMS-536924,0.24274533703057563
T5c,PerturbNet,B,perturbation=Penfluridol,0.011707247291837095
T5c,PerturbNet,B,perturbation=Sunitinib,0.03881404273141606
T5c,PerturbNet,B,perturbation=I-BET151,0.17070745005839114
T5c,PerturbNet,B,perturbation=K-02288,0.02980132942598257
T5c,PerturbNet,B,perturbation=Dovitinib,0.08063262418905467
T5c,PerturbNet,B,perturbation=Chlorpheniramine,0.012154054824894206
T5c,PerturbNet,B,perturbation=UNII-BXU45ZH6LI,0.29767290049723144
T5c,PerturbNet,B,perturbation=IKK Inhibitor VII,0.20851725125965329
T5c,PerturbNet,B,perturbation=Quizartinib,-0.02350469586835856
T5c,PerturbNet,B,perturbation=Tivozanib,0.014467438621085798
T5c,PerturbNet,B,perturbation=Foretinib,0.18682318184322708
T5c,PerturbNet,B,perturbation=BMS-777607,0.07035306025427285
T5c,PerturbNet,B,perturbation=AVL-292,0.15560004155647764
T5c,PerturbNet,B,perturbation=Scriptaid,0.32824149676253767
T5c,PerturbNet,B,perturbation=RVX-208,0.03453900866086711
T5c,PerturbNet,B,perturbation=Amiodarone,-0.03752413580151467
T5c,PerturbNet,B,perturbation=RN-486,-0.0314504961274677
T5c,PerturbNet,B,perturbation=Tamatinib,0.20653576597372916
T5c,PerturbNet,B,perturbation=GW843682X,0.022822184046507727
T5c,PerturbNet,B,perturbation=Porcn Inhibitor III,0.11520330480004917
T5c,PerturbNet,B,perturbation=Navitoclax,0.0
T5c,PerturbNet,B,perturbation=BAY 61-3606,0.21761585669551564
T5c,PerturbNet,B,perturbation=Ketoconazole,0.2899140292516524
T5c,PerturbNet,B,perturbation=Isoniazid,-0.009135733747021266
T5c,PerturbNet,B,perturbation=PD-0325901,0.13568286163333745
T5c,PerturbNet,B,perturbation=TIE2 Kinase Inhibitor,-0.06064398120357452
T5c,PerturbNet,B,perturbation=BMS-387032,0.21816511721222337
T5c,PerturbNet,B,perturbation=TL_HRAS26,0.04960167169662096
T5c,PerturbNet,B,perturbation=Methotrexate,0.04114099224716339
T5c,PerturbNet,B,perturbation=LY2090314,0.14026154043780864
T5c,PerturbNet,B,perturbation=Alvocidib,0.05626300363826953
T5c,PerturbNet,B,perturbation=IMD-0354,0.38089885694486825
T5c,PerturbNet,B,perturbation=MK-5108,-0.018567360722894045
T5c,PerturbNet,B,perturbation=Ixabepilone,0.0013059946473470913
T5c,PerturbNet,B,perturbation=IN1451,0.762333130340289
T5c,PerturbNet,B,perturbation=Proscillaridin A;Proscillaridin-A,0.2843268332247408
T5c,PerturbNet,B,perturbation=Palbociclib,0.014253305115043175
T5c,PerturbNet,B,perturbation=Vardenafil,0.041525174731384736
T5c,PerturbNet,B,perturbation=Disulfiram,-0.03137936822548388
T5c,PerturbNet,B,perturbation=Canertinib,-0.041541150793000435
T5c,PerturbNet,B,perturbation=Lapatinib,-0.01634688100945491
T5c,PerturbNet,B,perturbation=Linagliptin,-0.048248800860664506
T5c,PerturbNet,B,perturbation=Raloxifene,0.14920896044748194
T5c,PerturbNet,B,perturbation=Vorinostat,0.29525983683230717
T5c,PerturbNet,B,perturbation=Trametinib,0.12562460311326604
T5c,PerturbNet,B,perturbation=Dasatinib,0.33741253432733864
T5c,PerturbNet,B,perturbation=Flutamide,0.00933076686341364
T5c,PerturbNet,B,perturbation=Idelalisib,0.12243888783254955
T5c,PerturbNet,B,perturbation=Riociguat,0.0067311149137453995
T5c,PerturbNet,B,perturbation=Azacitidine,0.06815374751361132
T5c,PerturbNet,B,perturbation=TGX 221,0.18200087736507947
T5c,PerturbNet,B,perturbation=CGM-097,0.26664094750737455
T5c,PerturbNet,B,perturbation=Clemastine,0.1113063961141853
T5c,PerturbNet,B,perturbation=Imatinib,-0.014589329573990424
T5c,PerturbNet,B,perturbation=Tipifarnib,0.10862766527554293
T5c,PerturbNet,B,perturbation=RG7090,0.10900470150847395
T5c,PerturbNet,B,perturbation=CHIR-99021,0.04555068092282435
T5c,PerturbNet,B,perturbation=TR-14035,0.00706219134726499
T5c,PerturbNet,B,perturbation=Pitavastatin Calcium,0.4254586256387254
T5c,PerturbNet,B,perturbation=SLx-2119,0.06915076310249521
T5c,PerturbNet,B,perturbation=YK 4-279,0.12985048794614973
T5c,PerturbNet,B,perturbation=SCH-58261,0.025568741816515774
T5c,PerturbNet,B,perturbation=BX 912,0.07648918990786314
T5c,PerturbNet,B,perturbation=GLPG0634,0.1582467582569119
T5c,PerturbNet,B,perturbation=Defactinib,0.071308886167064
T5c,PerturbNet,B,perturbation=Nilotinib,0.21591515091116936
T5c,PerturbNet,B,perturbation=ABT737,0.008158285976827474
T5c,PerturbNet,B,perturbation=Nefazodone,0.06179693272511848
T5c,PerturbNet,B,perturbation=Buspirone,0.09828037594808614
T5c,PerturbNet,B,perturbation=Colforsin,-0.0037020286209877486
T5c,PerturbNet,B,perturbation=Doxorubicin,0.17732994148916376
T5c,PerturbNet,B,perturbation=Mubritinib (TAK 165),0.07766742792960876
T5c,PerturbNet,B,perturbation=BI-D1870,0.07504366131587786
T5c,PerturbNet,B,perturbation=AT 7867,0.14998104945691557
T5c,PerturbNet,B,perturbation=PRT-062607,0.2418522945933389
T5c,PerturbNet,B,perturbation=STK219801,0.03293230155213845
T5c,PerturbNet,B,perturbation=Midostaurin,0.2346352616903338
T5c,PerturbNet,B,perturbation=PF-03814735,0.2699921682895574
T5c,PerturbNet,B,perturbation=Vanoxerine,0.012453987366152918
T5c,PerturbNet,B,perturbation=AZD3514,0.01707937136758375
T5c,PerturbNet,B,perturbation=OSI-930,-0.03182120176717504
T5c,PerturbNet,B,perturbation=AZ628,0.22877975030311867
T5c,PerturbNet,B,perturbation=TPCA-1,0.3017287967967247
T5c,PerturbNet,B,perturbation=CEP-37440,0.16432194660393343
T5c,PerturbNet,B,perturbation=Tivantinib,0.1020223905639715
T5c,PerturbNet,B,perturbation=AZD4547,0.06262121747974049
T5c,PerturbNet,B,perturbation=SB525334,0.1774731518635034
T5c,PerturbNet,B,perturbation=HMN-214,0.1385151710113509
T5c,PerturbNet,B,perturbation=GO-6976,0.21226467745287259
T5c,PerturbNet,B,perturbation=AZD-8330,0.0737427390854951
T5c,PerturbNet,B,perturbation=MGCD-265,0.07094724671363246
T5c,PerturbNet,B,perturbation=GSK256066,0.1553619826637394
T5c,PerturbNet,B,perturbation=Tosedostat,0.026490198817409927
T5c,PerturbNet,B,perturbation=Prednisolone,0.3858180151544646
T5c,PerturbNet,B,perturbation=HYDROXYUREA,-0.03632515623411927
T5c,PerturbNet,B,perturbation=Decitabine,-0.08081381990850048
T5c,PerturbNet,B,perturbation=CC-401,0.1385566263239181
T5c,PerturbNet,B,perturbation=Saracatinib,0.21146753590422837
T5c,PerturbNet,B,perturbation=Masitinib,0.06155690562728162
T5c,PerturbNet,B,perturbation=GSK-1070916,0.08695664712128337
T5c,PerturbNet,B,perturbation=R428,0.1908498115284716
T5c,PerturbNet,B,perturbation=Colchicine,0.20791916894666557
T5c,PerturbNet,B,perturbation=Tacalcitol,0.10459754165060278
T5c,PerturbNet,B,perturbation=LDN 193189,-0.054304948758887056
T5c,PerturbNet,B,perturbation=Resminostat,0.2757125283446293
T5c,PerturbNet,B,perturbation=RG7112,0.007390896106820285
T5c,PerturbNet,B,perturbation=Ricolinostat,0.06400447609666958
T5c,PerturbNet,B,perturbation=Oxybenzone,-0.01737208227388931
T5c,PerturbNet,B,perturbation=ABT-199 (GDC-0199),0.12897901217036256
T5c,PerturbNet,B,perturbation=Selumetinib,0.11318213265165142
T5c,PerturbNet,B,perturbation=Cabozantinib,0.11408419738976612
T5c,PerturbNet,B,perturbation=Crizotinib,0.22236611000604398
T5c,PerturbNet,B,perturbation=Lamivudine,0.08609926469492386
T5c,PerturbNet,B,perturbation=Ceritinib,0.04326227180435724
T5c,PerturbNet,B,perturbation=Bosutinib,0.2914306103751423
T5c,PerturbNet,B,perturbation=Vandetanib,0.0003286879377895345
T5c,PerturbNet,B,perturbation=Mometasone Furoate,0.45632679014746347
T5c,PerturbNet,B,perturbation=Clotrimazole,0.031550168962077955
T5c,PerturbNet,B,perturbation=CGP 60474,0.20022280092021755
T5c,PerturbNet,Mono,perturbation=Atorvastatin,0.011007147557449198
T5c,PerturbNet,Mono,perturbation=5-(9-Isopropyl-8-methyl-2-morpholino-9H-purin-6-yl)pyrimidin-2-amine,0.27795334900486196
T5c,PerturbNet,Mono,perturbation=Topotecan,0.12639822279228943
T5c,PerturbNet,Mono,perturbation=BMS-265246,-0.07252339285102957
T5c,PerturbNet,Mono,perturbation=AMD-070 (hydrochloride),0.05197613046699804
T5c,PerturbNet,Mono,perturbation=AT13387,0.2573314372186243
T5c,PerturbNet,Mono,perturbation=Desloratadine,0.01897184809512301
T5c,PerturbNet,Mono,perturbation=Ganetespib (STA-9090),0.28946978878101737
T5c,PerturbNet,Mono,perturbation=O-Demethylated Adapalene,0.13984381916014516
T5c,PerturbNet,Mono,perturbation=BAY 87-2243,0.10829403422987924
T5c,PerturbNet,Mono,perturbation=Ruxolitinib,0.149168132172619
T5c,PerturbNet,Mono,perturbation=Sgc-cbp30,0.31106994601909893
T5c,PerturbNet,Mono,perturbation=PF-04691502,0.1228664362812673
T5c,PerturbNet,Mono,perturbation=Dactolisib,0.2766151688035217
T5c,PerturbNet,Mono,perturbation=Alogliptin,0.13075391791528101
T5c,PerturbNet,Mono,perturbation=Clomipramine,0.1070342064544271
T5c,PerturbNet,Mono,perturbation=Protriptyline,0.09614404839091352
T5c,PerturbNet,Mono,perturbation=Phenylbutazone,0.07325829565898771
T5c,PerturbNet,Mono,perturbation=Pomalidomide,-0.012955483369980285
T5c,PerturbNet,Mono,perturbation=FK 866,0.24592081661249843
T5c,PerturbNet,Mono,perturbation=Perhexiline,0.08345032647884476
T5c,PerturbNet,Mono,perturbation=BMS-536924,0.17628997203747648
T5c,PerturbNet,Mono,perturbation=Penfluridol,0.06186953242514287
T5c,PerturbNet,Mono,perturbation=Sunitinib,0.055728126696594465
T5c,PerturbNet,Mono,perturbation=I-BET151,0.17486909359380254
T5c,PerturbNet,Mono,perturbation=K-02288,0.037667526812222116
T5c,PerturbNet,Mono,perturbation=Dovitinib,0.023127871422921848
T5c,PerturbNet,Mono,perturbation=Chlorpheniramine,0.010192877183295769
T5c,PerturbNet,Mono,perturbation=IKK Inhibitor VII,0.13766611692033287
T5c,PerturbNet,Mono,perturbation=Quizartinib,0.09263636264729788
T5c,PerturbNet,Mono,perturbation=Tivozanib,0.07573403770981753
T5c,PerturbNet,Mono,perturbation=Foretinib,0.1552637980485823
T5c,PerturbNet,Mono,perturbation=BMS-777607,0.17797982326074835
T5c,PerturbNet,Mono,perturbation=AVL-292,0.0894503439163016
T5c,PerturbNet,Mono,perturbation=Scriptaid,0.2641334931927416
T5c,PerturbNet,Mono,perturbation=RVX-208,0.09597670907394369
T5c,PerturbNet,Mono,perturbation=Amiodarone,0.03265015606990735
T5c,PerturbNet,Mono,perturbation=RN-486,0.22909221185318598
T5c,PerturbNet,Mono,perturbation=Tamatinib,0.1676495611513915
T5c,PerturbNet,Mono,perturbation=GW843682X,-0.00011729470309475743
T5c,PerturbNet,Mono,perturbation=Porcn Inhibitor III,-0.0059656160262504246
T5c,PerturbNet,Mono,perturbation=Navitoclax,0.0
T5c,PerturbNet,Mono,perturbation=BAY 61-3606,0.1046360882397117
T5c,PerturbNet,Mono,perturbation=Ketoconazole,0.10850521874747229
T5c,PerturbNet,Mono,perturbation=Isoniazid,0.09525426653933902
T5c,PerturbNet,Mono,perturbation=PD-0325901,0.045330541563718456
T5c,PerturbNet,Mono,perturbation=TIE2 Kinase Inhibitor,0.02507579622607555
T5c,PerturbNet,Mono,perturbation=TL_HRAS26,0.07319644742535154
T5c,PerturbNet,Mono,perturbation=Methotrexate,0.095540862387067
T5c,PerturbNet,Mono,perturbation=LY2090314,0.04694053088855048
T5c,PerturbNet,Mono,perturbation=Alvocidib,-0.057196886719106346
T5c,PerturbNet,Mono,perturbation=IMD-0354,0.08270884040584997
T5c,PerturbNet,Mono,perturbation=MK-5108,0.0761126854350197
T5c,PerturbNet,Mono,perturbation=Ixabepilone,0.10295914994107914
T5c,PerturbNet,Mono,perturbation=IN1451,0.44533951059679405
T5c,PerturbNet,Mono,perturbation=Proscillaridin A;Proscillaridin-A,0.3447005829770749
T5c,PerturbNet,Mono,perturbation=Palbociclib,0.0949413185603458
T5c,PerturbNet,Mono,perturbation=Vardenafil,-0.0005389484497798928
T5c,PerturbNet,Mono,perturbation=Disulfiram,0.020975965850221743
T5c,PerturbNet,Mono,perturbation=Canertinib,-0.055102403285343486
T5c,PerturbNet,Mono,perturbation=Lapatinib,0.043975293350652304
T5c,PerturbNet,Mono,perturbation=Linagliptin,0.02763191727306243
T5c,PerturbNet,Mono,perturbation=Raloxifene,-0.01332846639530312
T5c,PerturbNet,Mono,perturbation=Vorinostat,0.23689971354548187
T5c,PerturbNet,Mono,perturbation=Trametinib,-0.0472294307821732
T5c,PerturbNet,Mono,perturbation=Dasatinib,0.307293696481354
T5c,PerturbNet,Mono,perturbation=Flutamide,0.12824496347306757
T5c,PerturbNet,Mono,perturbation=Idelalisib,0.026954189369893022
T5c,PerturbNet,Mono,perturbation=Riociguat,0.24174340229116065
T5c,PerturbNet,Mono,perturbation=Azacitidine,0.052983002127585055
T5c,PerturbNet,Mono,perturbation=TGX 221,0.19391101106069797
T5c,PerturbNet,Mono,perturbation=CGM-097,-0.016910544219898682
T5c,PerturbNet,Mono,perturbation=Clemastine,0.10241604630713098
T5c,PerturbNet,Mono,perturbation=Imatinib,0.058912295735465664
T5c,PerturbNet,Mono,perturbation=Tipifarnib,0.13809445330321957
T5c,PerturbNet,Mono,perturbation=RG7090,-0.023672062716301342
T5c,PerturbNet,Mono,perturbation=CHIR-99021,0.04752103006678765
T5c,PerturbNet,Mono,perturbation=TR-14035,0.07388791889120706
T5c,PerturbNet,Mono,perturbation=Pitavastatin Calcium,0.06182608402415829
T5c,PerturbNet,Mono,perturbation=SLx-2119,0.018249601962999046
T5c,PerturbNet,Mono,perturbation=YK 4-279,0.047817424268089874
T5c,PerturbNet,Mono,perturbation=SCH-58261,0.09306657490295174
T5c,PerturbNet,Mono,perturbation=BX 912,0.07356480542287339
T5c,PerturbNet,Mono,perturbation=GLPG0634,0.15081659471428277
T5c,PerturbNet,Mono,perturbation=Defactinib,0.17481301612948785
T5c,PerturbNet,Mono,perturbation=Nilotinib,0.17311100345689312
T5c,PerturbNet,Mono,perturbation=ABT737,-0.014650155000651827
T5c,PerturbNet,Mono,perturbation=Nefazodone,0.0313840413153122
T5c,PerturbNet,Mono,perturbation=Buspirone,0.1037928411638153
T5c,PerturbNet,Mono,perturbation=Colforsin,0.05301793692702834
T5c,PerturbNet,Mono,perturbation=Doxorubicin,0.14218476523112974
T5c,PerturbNet,Mono,perturbation=Mubritinib (TAK 165),-0.06213926727516681
T5c,PerturbNet,Mono,perturbation=BI-D1870,0.0309003295278728
T5c,PerturbNet,Mono,perturbation=AT 7867,0.17759342181950735
T5c,PerturbNet,Mono,perturbation=PRT-062607,0.22729453142512865
T5c,PerturbNet,Mono,perturbation=STK219801,0.15005243024082485
T5c,PerturbNet,Mono,perturbation=Midostaurin,0.16949077378982907
T5c,PerturbNet,Mono,perturbation=PF-03814735,0.2764325369619911
T5c,PerturbNet,Mono,perturbation=Vanoxerine,0.13000494521489442
T5c,PerturbNet,Mono,perturbation=AZD3514,0.07988031395502189
T5c,PerturbNet,Mono,perturbation=OSI-930,0.10333801379256631
T5c,PerturbNet,Mono,perturbation=AZ628,0.17102517037658846
T5c,PerturbNet,Mono,perturbation=TPCA-1,0.16457578272716658
T5c,PerturbNet,Mono,perturbation=CEP-37440,-0.09826377502668851
T5c,PerturbNet,Mono,perturbation=Tivantinib,0.13275255944671854
T5c,PerturbNet,Mono,perturbation=AZD4547,0.11639046863443546
T5c,PerturbNet,Mono,perturbation=SB525334,0.04134702129231555
T5c,PerturbNet,Mono,perturbation=HMN-214,0.06667323012656037
T5c,PerturbNet,Mono,perturbation=GO-6976,0.04154187944106357
T5c,PerturbNet,Mono,perturbation=AZD-8330,0.014081366206099262
T5c,PerturbNet,Mono,perturbation=MGCD-265,0.13128621169489993
T5c,PerturbNet,Mono,perturbation=GSK256066,0.060484184743708536
T5c,PerturbNet,Mono,perturbation=Tosedostat,0.16209500286641224
T5c,PerturbNet,Mono,perturbation=Prednisolone,0.2449050055797553
T5c,PerturbNet,Mono,perturbation=HYDROXYUREA,0.056861183619604384
T5c,PerturbNet,Mono,perturbation=Decitabine,0.06959008839020389
T5c,PerturbNet,Mono,perturbation=CC-401,0.1833339642532336
T5c,PerturbNet,Mono,perturbation=Saracatinib,0.17288925910422498
T5c,PerturbNet,Mono,perturbation=Masitinib,0.09124184672420295
T5c,PerturbNet,Mono,perturbation=GSK-1070916,-0.042996492783217585
T5c,PerturbNet,Mono,perturbation=R428,0.001082138462343113
T5c,PerturbNet,Mono,perturbation=Colchicine,0.36841047365980645
T5c,PerturbNet,Mono,perturbation=Tacalcitol,0.07998316353588353
T5c,PerturbNet,Mono,perturbation=LDN 193189,-0.02775823245842359
T5c,PerturbNet,Mono,perturbation=Resminostat,0.2134822044933123
T5c,PerturbNet,Mono,perturbation=RG7112,0.05065354592723048
T5c,PerturbNet,Mono,perturbation=Ricolinostat,0.0042291589692728835
T5c,PerturbNet,Mono,perturbation=Oxybenzone,0.11270252225582447
T5c,PerturbNet,Mono,perturbation=ABT-199 (GDC-0199),-0.05229591398683927
T5c,PerturbNet,Mono,perturbation=Selumetinib,0.0822022932038647
T5c,PerturbNet,Mono,perturbation=Cabozantinib,0.1884459111545227
T5c,PerturbNet,Mono,perturbation=Crizotinib,0.12639603157695004
T5c,PerturbNet,Mono,perturbation=Lamivudine,0.07424635408569041
T5c,PerturbNet,Mono,perturbation=Ceritinib,0.0673962158449766
T5c,PerturbNet,Mono,perturbation=Bosutinib,0.2610688645144735
T5c,PerturbNet,Mono,perturbation=Vandetanib,0.13281141764655374
T5c,PerturbNet,Mono,perturbation=Mometasone Furoate,0.2247811858326644
T5c,PerturbNet,Mono,perturbation=Clotrimazole,0.0004177928888467247
T5c,PerturbNet,Mono,perturbation=UNII-BXU45ZH6LI,0.26517777393378905
T5c,PerturbNet,Mono,perturbation=BMS-387032,0.18058575913574973
T5c,PerturbNet,NK,perturbation=Atorvastatin,0.12436556534771478
T5c,PerturbNet,NK,perturbation=5-(9-Isopropyl-8-methyl-2-morpholino-9H-purin-6-yl)pyrimidin-2-amine,0.36079834422946067
T5c,PerturbNet,NK,perturbation=Topotecan,0.2622414362534157
T5c,PerturbNet,NK,perturbation=BMS-265246,0.21934292497300173
T5c,PerturbNet,NK,perturbation=AMD-070 (hydrochloride),0.14234768864721747
T5c,PerturbNet,NK,perturbation=AT13387,0.38650365223299404
T5c,PerturbNet,NK,perturbation=Desloratadine,0.12273881177752143
T5c,PerturbNet,NK,perturbation=Ganetespib (STA-9090),0.4123695972183952
T5c,PerturbNet,NK,perturbation=O-Demethylated Adapalene,0.174005747314765
T5c,PerturbNet,NK,perturbation=BAY 87-2243,0.2758157192712754
T5c,PerturbNet,NK,perturbation=Ruxolitinib,0.3110317669966037
T5c,PerturbNet,NK,perturbation=Sgc-cbp30,0.24013553870444146
T5c,PerturbNet,NK,perturbation=PF-04691502,0.2809517826745505
T5c,PerturbNet,NK,perturbation=Dactolisib,0.3338806355649976
T5c,PerturbNet,NK,perturbation=Alogliptin,0.15436038674085276
T5c,PerturbNet,NK,perturbation=Clomipramine,0.1548152727095903
T5c,PerturbNet,NK,perturbation=Protriptyline,0.1197368275233868
T5c,PerturbNet,NK,perturbation=Phenylbutazone,0.17168765491127194
T5c,PerturbNet,NK,perturbation=Pomalidomide,0.17328099330405075
T5c,PerturbNet,NK,perturbation=FK 866,0.19303049885171608
T5c,PerturbNet,NK,perturbation=Perhexiline,0.297409473700868
T5c,PerturbNet,NK,perturbation=BMS-536924,0.29833234839983097
T5c,PerturbNet,NK,perturbation=Penfluridol,0.10882925715691391
T5c,PerturbNet,NK,perturbation=Sunitinib,0.20030602472140777
T5c,PerturbNet,NK,perturbation=I-BET151,0.12788369925124868
T5c,PerturbNet,NK,perturbation=K-02288,0.17571977110623166
T5c,PerturbNet,NK,perturbation=Dovitinib,0.2749218734258553
T5c,PerturbNet,NK,perturbation=Chlorpheniramine,0.1472481001667682
T5c,PerturbNet,NK,perturbation=UNII-BXU45ZH6LI,0.15250776539963704
T5c,PerturbNet,NK,perturbation=IKK Inhibitor VII,0.2608972872694822
T5c,PerturbNet,NK,perturbation=Quizartinib,0.16635242858938848
T5c,PerturbNet,NK,perturbation=Tivozanib,0.2016527893889598
T5c,PerturbNet,NK,perturbation=Foretinib,0.29069638256130403
T5c,PerturbNet,NK,perturbation=BMS-777607,0.18479061707655198
T5c,PerturbNet,NK,perturbation=AVL-292,0.31348134124645266
T5c,PerturbNet,NK,perturbation=Scriptaid,0.24043833824282468
T5c,PerturbNet,NK,perturbation=RVX-208,0.1265975494223571
T5c,PerturbNet,NK,perturbation=Amiodarone,0.1713431829473334
T5c,PerturbNet,NK,perturbation=RN-486,0.16480509595673626
T5c,PerturbNet,NK,perturbation=Tamatinib,0.3395237020438989
T5c,PerturbNet,NK,perturbation=GW843682X,0.1951684819519023
T5c,PerturbNet,NK,perturbation=Porcn Inhibitor III,0.1952598544099751
T5c,PerturbNet,NK,perturbation=Navitoclax,0.0
T5c,PerturbNet,NK,perturbation=BAY 61-3606,0.2664642360185888
T5c,PerturbNet,NK,perturbation=Ketoconazole,0.33861406289283547
T5c,PerturbNet,NK,perturbation=Isoniazid,0.10694996229956676
T5c,PerturbNet,NK,perturbation=PD-0325901,0.21777055265390446
T5c,PerturbNet,NK,perturbation=TIE2 Kinase Inhibitor,0.1386137110345045
T5c,PerturbNet,NK,perturbation=CGP 60474,0.017338521285795033
T5c,PerturbNet,NK,perturbation=BMS-387032,0.32496723798799193
T5c,PerturbNet,NK,perturbation=TL_HRAS26,0.19182487541526963
T5c,PerturbNet,NK,perturbation=Methotrexate,0.20444266137591005
T5c,PerturbNet,NK,perturbation=LY2090314,0.19509560672458284
T5c,PerturbNet,NK,perturbation=Alvocidib,0.12031187341150978
T5c,PerturbNet,NK,perturbation=IMD-0354,0.3114674435303077
T5c,PerturbNet,NK,perturbation=MK-5108,0.15207339026181904
T5c,PerturbNet,NK,perturbation=Ixabepilone,0.151008964222121
T5c,PerturbNet,NK,perturbation=IN1451,0.6422690152830075
T5c,PerturbNet,NK,perturbation=Proscillaridin A;Proscillaridin-A,0.4336228633102307
T5c,PerturbNet,NK,perturbation=Palbociclib,0.24143593830400445
T5c,PerturbNet,NK,perturbation=Vardenafil,0.17815154738694866
T5c,PerturbNet,NK,perturbation=Disulfiram,0.1674419372173857
T5c,PerturbNet,NK,perturbation=Canertinib,0.15727305892111623
T5c,PerturbNet,NK,perturbation=Lapatinib,0.19441421685565732
T5c,PerturbNet,NK,perturbation=Linagliptin,0.17363160796067612
T5c,PerturbNet,NK,perturbation=Raloxifene,0.27226574452594
T5c,PerturbNet,NK,perturbation=Vorinostat,0.17907157318397246
T5c,PerturbNet,NK,perturbation=Trametinib,0.23117161273108455
T5c,PerturbNet,NK,perturbation=Dasatinib,0.21166424333429065
T5c,PerturbNet,NK,perturbation=Flutamide,0.08615388667360638
T5c,PerturbNet,NK,perturbation=Idelalisib,0.24225924416552408
T5c,PerturbNet,NK,perturbation=Riociguat,0.1796977377200122
T5c,PerturbNet,NK,perturbation=Azacitidine,0.21971944953312303
T5c,PerturbNet,NK,perturbation=TGX 221,0.27155806397467075
T5c,PerturbNet,NK,perturbation=CGM-097,0.297666730017419
T5c,PerturbNet,NK,perturbation=Clemastine,0.18373588238618238
T5c,PerturbNet,NK,perturbation=Imatinib,0.18908997404384723
T5c,PerturbNet,NK,perturbation=Tipifarnib,0.21049377300065772
T5c,PerturbNet,NK,perturbation=RG7090,0.27577961682741203
T5c,PerturbNet,NK,perturbation=CHIR-99021,0.22440461127395323
T5c,PerturbNet,NK,perturbation=TR-14035,0.22476517894415968
T5c,PerturbNet,NK,perturbation=Pitavastatin Calcium,0.43520865218098537
T5c,PerturbNet,NK,perturbation=SLx-2119,0.22815509465851072
T5c,PerturbNet,NK,perturbation=YK 4-279,0.2665632866816101
T5c,PerturbNet,NK,perturbation=SCH-58261,0.09076635193651049
T5c,PerturbNet,NK,perturbation=BX 912,0.25582771711382013
T5c,PerturbNet,NK,perturbation=GLPG0634,0.27255759060981144
T5c,PerturbNet,NK,perturbation=Defactinib,0.2556948509592704
T5c,PerturbNet,NK,perturbation=Nilotinib,0.30479762229936286
T5c,PerturbNet,NK,perturbation=ABT737,0.11868499248401294
T5c,PerturbNet,NK,perturbation=Nefazodone,0.164236193793573
T5c,PerturbNet,NK,perturbation=Buspirone,0.21259581605160205
T5c,PerturbNet,NK,perturbation=Colforsin,0.2235042501483866
T5c,PerturbNet,NK,perturbation=Doxorubicin,0.21553983721521686
T5c,PerturbNet,NK,perturbation=Mubritinib (TAK 165),0.20302936508480277
T5c,PerturbNet,NK,perturbation=BI-D1870,0.20332843783156687
T5c,PerturbNet,NK,perturbation=AT 7867,0.24875948378014867
T5c,PerturbNet,NK,perturbation=PRT-062607,0.3357538289458958
T5c,PerturbNet,NK,perturbation=STK219801,0.17598896081767004
T5c,PerturbNet,NK,perturbation=Midostaurin,0.28271574625198403
T5c,PerturbNet,NK,perturbation=PF-03814735,0.31095652485697084
T5c,PerturbNet,NK,perturbation=Vanoxerine,0.15821546349726706
T5c,PerturbNet,NK,perturbation=AZD3514,0.1524112898575364
T5c,PerturbNet,NK,perturbation=OSI-930,0.18682374386798498
T5c,PerturbNet,NK,perturbation=AZ628,0.27602018008971285
T5c,PerturbNet,NK,perturbation=TPCA-1,0.33321831381772266
T5c,PerturbNet,NK,perturbation=CEP-37440,0.24246115433915352
T5c,PerturbNet,NK,perturbation=Tivantinib,0.1938979465678139
T5c,PerturbNet,NK,perturbation=AZD4547,0.1427976208113183
T5c,PerturbNet,NK,perturbation=SB525334,0.21248156931902293
T5c,PerturbNet,NK,perturbation=HMN-214,0.2445659889589595
T5c,PerturbNet,NK,perturbation=GO-6976,0.3257165405903008
T5c,PerturbNet,NK,perturbation=AZD-8330,0.31203433756314986
T5c,PerturbNet,NK,perturbation=MGCD-265,0.24757109236489927
T5c,PerturbNet,NK,perturbation=GSK256066,0.23756737811238315
T5c,PerturbNet,NK,perturbation=Tosedostat,0.19939530831475077
T5c,PerturbNet,NK,perturbation=Prednisolone,0.2747494209793303
T5c,PerturbNet,NK,perturbation=HYDROXYUREA,0.1262537724142414
T5c,PerturbNet,NK,perturbation=Decitabine,0.1941395242355617
T5c,PerturbNet,NK,perturbation=CC-401,0.3007235935867645
T5c,PerturbNet,NK,perturbation=Saracatinib,0.29144513338718864
T5c,PerturbNet,NK,perturbation=Masitinib,0.2260854590037666
T5c,PerturbNet,NK,perturbation=GSK-1070916,0.17996932694126092
T5c,PerturbNet,NK,perturbation=R428,0.23517080410686703
T5c,PerturbNet,NK,perturbation=Colchicine,0.1971615902790078
T5c,PerturbNet,NK,perturbation=Tacalcitol,0.21542511810545945
T5c,PerturbNet,NK,perturbation=LDN 193189,0.17111407970352882
T5c,PerturbNet,NK,perturbation=Resminostat,0.24125684056137836
T5c,PerturbNet,NK,perturbation=RG7112,0.16524748913516163
T5c,PerturbNet,NK,perturbation=Ricolinostat,0.1773038789939911
T5c,PerturbNet,NK,perturbation=Oxybenzone,0.18265540153706508
T5c,PerturbNet,NK,perturbation=ABT-199 (GDC-0199),0.13810212732275107
T5c,PerturbNet,NK,perturbation=Selumetinib,0.22781079210532146
T5c,PerturbNet,NK,perturbation=Cabozantinib,0.20075170962827435
T5c,PerturbNet,NK,perturbation=Crizotinib,0.2977252654832076
T5c,PerturbNet,NK,perturbation=Lamivudine,0.2080224358631885
T5c,PerturbNet,NK,perturbation=Ceritinib,0.2154149985544499
T5c,PerturbNet,NK,perturbation=Bosutinib,0.3246081507709662
T5c,PerturbNet,NK,perturbation=Vandetanib,0.17354556384806033
T5c,PerturbNet,NK,perturbation=Mometasone Furoate,0.31949126592661203
T5c,PerturbNet,NK,perturbation=Clotrimazole,0.1293674951651394
T5c,PerturbNet,T_cells,perturbation=Atorvastatin,0.112036228659153
T5c,PerturbNet,T_cells,perturbation=5-(9-Isopropyl-8-methyl-2-morpholino-9H-purin-6-yl)pyrimidin-2-amine,0.15773160884008045
T5c,PerturbNet,T_cells,perturbation=Topotecan,0.12915765738782453
T5c,PerturbNet,T_cells,perturbation=BMS-265246,0.08776920176387655
T5c,PerturbNet,T_cells,perturbation=AMD-070 (hydrochloride),0.11510180958156864
T5c,PerturbNet,T_cells,perturbation=AT13387,0.41924923507011974
T5c,PerturbNet,T_cells,perturbation=Desloratadine,0.13033955229995983
T5c,PerturbNet,T_cells,perturbation=Ganetespib (STA-9090),0.44391556838131696
T5c,PerturbNet,T_cells,perturbation=O-Demethylated Adapalene,0.11106337686451402
T5c,PerturbNet,T_cells,perturbation=BAY 87-2243,0.1503064944538371
T5c,PerturbNet,T_cells,perturbation=Ruxolitinib,0.19548562581387227
T5c,PerturbNet,T_cells,perturbation=Sgc-cbp30,0.10369610901017441
T5c,PerturbNet,T_cells,perturbation=PF-04691502,0.07817165199292846
T5c,PerturbNet,T_cells,perturbation=Dactolisib,0.19006320884983713
T5c,PerturbNet,T_cells,perturbation=Alogliptin,0.03732388707401822
T5c,PerturbNet,T_cells,perturbation=Clomipramine,0.10825022145658307
T5c,PerturbNet,T_cells,perturbation=Protriptyline,0.07668040519127466
T5c,PerturbNet,T_cells,perturbation=Phenylbutazone,0.022505021201408848
T5c,PerturbNet,T_cells,perturbation=Pomalidomide,0.004198919876532398
T5c,PerturbNet,T_cells,perturbation=FK 866,0.11874798327518361
T5c,PerturbNet,T_cells,perturbation=Perhexiline,0.21873181616684706
T5c,PerturbNet,T_cells,perturbation=BMS-536924,0.16241204248877522
T5c,PerturbNet,T_cells,perturbation=Penfluridol,0.0763567698128764
T5c,PerturbNet,T_cells,perturbation=Sunitinib,0.23020748380692937
T5c,PerturbNet,T_cells,perturbation=I-BET151,0.19807589876718357
T5c,PerturbNet,T_cells,perturbation=K-02288,0.07112941625076308
T5c,PerturbNet,T_cells,perturbation=Dovitinib,0.035269495197687135
T5c,PerturbNet,T_cells,perturbation=Chlorpheniramine,0.11743609268127503
T5c,PerturbNet,T_cells,perturbation=UNII-BXU45ZH6LI,0.2406465422061798
T5c,PerturbNet,T_cells,perturbation=IKK Inhibitor VII,0.14340191534894178
T5c,PerturbNet,T_cells,perturbation=Quizartinib,0.05573971350778331
T5c,PerturbNet,T_cells,perturbation=Tivozanib,0.03328897726961201
T5c,PerturbNet,T_cells,perturbation=Foretinib,0.15193491566701584
T5c,PerturbNet,T_cells,perturbation=BMS-777607,0.0699972716905258
T5c,PerturbNet,T_cells,perturbation=AVL-292,0.16471863858085875
T5c,PerturbNet,T_cells,perturbation=Scriptaid,0.4191639903247306
T5c,PerturbNet,T_cells,perturbation=RVX-208,0.05165853124434888
T5c,PerturbNet,T_cells,perturbation=Amiodarone,0.09948998356396249
T5c,PerturbNet,T_cells,perturbation=RN-486,0.007126124667455045
T5c,PerturbNet,T_cells,perturbation=Tamatinib,0.21181963088890546
T5c,PerturbNet,T_cells,perturbation=GW843682X,0.011809896081263076
T5c,PerturbNet,T_cells,perturbation=Porcn Inhibitor III,0.1373614729959485
T5c,PerturbNet,T_cells,perturbation=Navitoclax,0.0
T5c,PerturbNet,T_cells,perturbation=BAY 61-3606,0.16907423783943198
T5c,PerturbNet,T_cells,perturbation=Ketoconazole,0.22885351231937295
T5c,PerturbNet,T_cells,perturbation=Isoniazid,-0.014453866180068631
T5c,PerturbNet,T_cells,perturbation=PD-0325901,0.06718152783997638
T5c,PerturbNet,T_cells,perturbation=TIE2 Kinase Inhibitor,0.0700296335357965
T5c,PerturbNet,T_cells,perturbation=CGP 60474,0.3538872606646923
T5c,PerturbNet,T_cells,perturbation=BMS-387032,0.18754169170588933
T5c,PerturbNet,T_cells,perturbation=TL_HRAS26,0.07413801547936308
T5c,PerturbNet,T_cells,perturbation=Methotrexate,0.12042964594365527
T5c,PerturbNet,T_cells,perturbation=LY2090314,0.16768839333625157
T5c,PerturbNet,T_cells,perturbation=Alvocidib,0.3734287498911679
T5c,PerturbNet,T_cells,perturbation=IMD-0354,0.1781111504781358
T5c,PerturbNet,T_cells,perturbation=MK-5108,0.10329691056381549
T5c,PerturbNet,T_cells,perturbation=Ixabepilone,0.024028698497258135
T5c,PerturbNet,T_cells,perturbation=IN1451,0.6860034226117635
T5c,PerturbNet,T_cells,perturbation=Proscillaridin A;Proscillaridin-A,0.43077119654101587
T5c,PerturbNet,T_cells,perturbation=Palbociclib,0.12463390428139137
T5c,PerturbNet,T_cells,perturbation=Vardenafil,0.1285629195931781
T5c,PerturbNet,T_cells,perturbation=Disulfiram,0.027386825208455343
T5c,PerturbNet,T_cells,perturbation=Canertinib,0.058833472589754784
T5c,PerturbNet,T_cells,perturbation=Lapatinib,0.059604196358686676
T5c,PerturbNet,T_cells,perturbation=Linagliptin,0.16839304617803894
T5c,PerturbNet,T_cells,perturbation=Raloxifene,0.16393904738739778
T5c,PerturbNet,T_cells,perturbation=Vorinostat,0.35899196882748496
T5c,PerturbNet,T_cells,perturbation=Trametinib,0.07749479889986426
T5c,PerturbNet,T_cells,perturbation=Dasatinib,0.1895179566507965
T5c,PerturbNet,T_cells,perturbation=Flutamide,-0.00045903262319394724
T5c,PerturbNet,T_cells,perturbation=Idelalisib,0.03644155272860987
T5c,PerturbNet,T_cells,perturbation=Riociguat,0.10508230914976022
T5c,PerturbNet,T_cells,perturbation=Azacitidine,0.14174307957327603
T5c,PerturbNet,T_cells,perturbation=TGX 221,0.2065017833621066
T5c,PerturbNet,T_cells,perturbation=CGM-097,0.23258890608925012
T5c,PerturbNet,T_cells,perturbation=Clemastine,0.10707799928162325
T5c,PerturbNet,T_cells,perturbation=Imatinib,0.04977821581189679
T5c,PerturbNet,T_cells,perturbation=Tipifarnib,0.111451121131792
T5c,PerturbNet,T_cells,perturbation=RG7090,0.134218128700308
T5c,PerturbNet,T_cells,perturbation=CHIR-99021,0.1090526749873205
T5c,PerturbNet,T_cells,perturbation=TR-14035,0.17130142456538283
T5c,PerturbNet,T_cells,perturbation=Pitavastatin Calcium,0.413982613948361
T5c,PerturbNet,T_cells,perturbation=SLx-2119,0.10215655539674676
T5c,PerturbNet,T_cells,perturbation=YK 4-279,0.22570331987737166
T5c,PerturbNet,T_cells,perturbation=SCH-58261,0.06808767950990433
T5c,PerturbNet,T_cells,perturbation=BX 912,0.13244448475225007
T5c,PerturbNet,T_cells,perturbation=GLPG0634,0.2307770677594185
T5c,PerturbNet,T_cells,perturbation=Defactinib,0.07679409779742002
T5c,PerturbNet,T_cells,perturbation=Nilotinib,0.16003203463802718
T5c,PerturbNet,T_cells,perturbation=ABT737,0.013795632666694039
T5c,PerturbNet,T_cells,perturbation=Nefazodone,0.11066735256504402
T5c,PerturbNet,T_cells,perturbation=Buspirone,0.1777634117906153
T5c,PerturbNet,T_cells,perturbation=Colforsin,0.20202160032428212
T5c,PerturbNet,T_cells,perturbation=Doxorubicin,0.13127546420055858
T5c,PerturbNet,T_cells,perturbation=Mubritinib (TAK 165),0.14239695671319458
T5c,PerturbNet,T_cells,perturbation=BI-D1870,0.13894372488220072
T5c,PerturbNet,T_cells,perturbation=AT 7867,0.20978054206324537
T5c,PerturbNet,T_cells,perturbation=PRT-062607,0.18767084151784028
T5c,PerturbNet,T_cells,perturbation=STK219801,0.14617594967955122
T5c,PerturbNet,T_cells,perturbation=Midostaurin,0.21169006861159034
T5c,PerturbNet,T_cells,perturbation=PF-03814735,0.2690250804306333
T5c,PerturbNet,T_cells,perturbation=Vanoxerine,0.10857565989692719
T5c,PerturbNet,T_cells,perturbation=AZD3514,0.10733245997514719
T5c,PerturbNet,T_cells,perturbation=OSI-930,0.1126046127192936
T5c,PerturbNet,T_cells,perturbation=AZ628,0.15324343581539715
T5c,PerturbNet,T_cells,perturbation=TPCA-1,0.22321879850275766
T5c,PerturbNet,T_cells,perturbation=CEP-37440,0.090563028468225
T5c,PerturbNet,T_cells,perturbation=Tivantinib,0.11734080471557787
T5c,PerturbNet,T_cells,perturbation=AZD4547,0.12505566459561893
T5c,PerturbNet,T_cells,perturbation=SB525334,0.17887936810971425
T5c,PerturbNet,T_cells,perturbation=HMN-214,0.19023977196001893
T5c,PerturbNet,T_cells,perturbation=GO-6976,0.13340542670421923
T5c,PerturbNet,T_cells,perturbation=AZD-8330,0.12098714048915732
T5c,PerturbNet,T_cells,perturbation=MGCD-265,0.10895938375056032
T5c,PerturbNet,T_cells,perturbation=GSK256066,0.2439379592569668
T5c,PerturbNet,T_cells,perturbation=Tosedostat,0.09398099347986812
T5c,PerturbNet,T_cells,perturbation=Prednisolone,0.18537363585894512
T5c,PerturbNet,T_cells,perturbation=HYDROXYUREA,0.14692512753692472
T5c,PerturbNet,T_cells,perturbation=Decitabine,0.09253896757027691
T5c,PerturbNet,T_cells,perturbation=CC-401,0.1959386006571041
T5c,PerturbNet,T_cells,perturbation=Saracatinib,0.13270322411382313
T5c,PerturbNet,T_cells,perturbation=Masitinib,0.07306710132065962
T5c,PerturbNet,T_cells,perturbation=GSK-1070916,0.054469571606387095
T5c,PerturbNet,T_cells,perturbation=R428,0.05960947801179004
T5c,PerturbNet,T_cells,perturbation=Colchicine,0.212436079552499
T5c,PerturbNet,T_cells,perturbation=Tacalcitol,0.16688043886675094
T5c,PerturbNet,T_cells,perturbation=LDN 193189,0.0672560780081585
T5c,PerturbNet,T_cells,perturbation=Resminostat,0.3568544966919313
T5c,PerturbNet,T_cells,perturbation=RG7112,0.15163778919293056
T5c,PerturbNet,T_cells,perturbation=Ricolinostat,0.11212883627772191
T5c,PerturbNet,T_cells,perturbation=Oxybenzone,0.10681795784526607
T5c,PerturbNet,T_cells,perturbation=ABT-199 (GDC-0199),0.09316325207794274
T5c,PerturbNet,T_cells,perturbation=Selumetinib,0.12209348581359192
T5c,PerturbNet,T_cells,perturbation=Cabozantinib,0.16032504756389732
T5c,PerturbNet,T_cells,perturbation=Crizotinib,0.14575184890621237
T5c,PerturbNet,T_cells,perturbation=Lamivudine,0.1373738570431605
T5c,PerturbNet,T_cells,perturbation=Ceritinib,0.05413396773372284
T5c,PerturbNet,T_cells,perturbation=Bosutinib,0.22656386299660822
T5c,PerturbNet,T_cells,perturbation=Vandetanib,0.13162612260452503
T5c,PerturbNet,T_cells,perturbation=Mometasone Furoate,0.2632849416272607
T5c,PerturbNet,T_cells,perturbation=Clotrimazole,0.18078327342010303
T5c,STATE,B,perturbation=Atorvastatin,0.03444666338101122
T5c,STATE,B,perturbation=5-(9-Isopropyl-8-methyl-2-morpholino-9H-purin-6-yl)pyrimidin-2-amine,0.2252667077179626
T5c,STATE,B,perturbation=Topotecan,0.08932756176020203
T5c,STATE,B,perturbation=BMS-265246,0.02835477843770193
T5c,STATE,B,perturbation=AMD-070 (hydrochloride),0.053729259286686384
T5c,STATE,B,perturbation=AT13387,0.28578997910764437
T5c,STATE,B,perturbation=Desloratadine,-0.0278347737333426
T5c,STATE,B,perturbation=Ganetespib (STA-9090),0.2923900602248744
T5c,STATE,B,perturbation=O-Demethylated Adapalene,0.03815925544499751
T5c,STATE,B,perturbation=BAY 87-2243,0.14826698954316006
T5c,STATE,B,perturbation=Ruxolitinib,0.1871129798690033
T5c,STATE,B,perturbation=Sgc-cbp30,0.1379062398145045
T5c,STATE,B,perturbation=PF-04691502,0.1833633360339297
T5c,STATE,B,perturbation=Dactolisib,0.1717172616294393
T5c,STATE,B,perturbation=Alogliptin,-0.03906658015076933
T5c,STATE,B,perturbation=Clomipramine,0.06361613480609206
T5c,STATE,B,perturbation=Protriptyline,-0.00496482900951481
T5c,STATE,B,perturbation=Phenylbutazone,-0.015128537255494491
T5c,STATE,B,perturbation=Pomalidomide,0.022382989848603964
T5c,STATE,B,perturbation=FK 866,0.1384193439059934
T5c,STATE,B,perturbation=Perhexiline,0.1499102650074575
T5c,STATE,B,perturbation=BMS-536924,0.1430171385923431
T5c,STATE,B,perturbation=Penfluridol,-0.03356723176846169
T5c,STATE,B,perturbation=Sunitinib,0.05092704255445045
T5c,STATE,B,perturbation=I-BET151,0.12308739715205154
T5c,STATE,B,perturbation=K-02288,0.08214060058260236
T5c,STATE,B,perturbation=Dovitinib,0.06907497243145842
T5c,STATE,B,perturbation=Chlorpheniramine,0.028593943274703514
T5c,STATE,B,perturbation=UNII-BXU45ZH6LI,0.11343081107897815
T5c,STATE,B,perturbation=IKK Inhibitor VII,0.12949263805174216
T5c,STATE,B,perturbation=Quizartinib,-0.01639534686032312
T5c,STATE,B,perturbation=Tivozanib,0.03042719444539807
T5c,STATE,B,perturbation=Foretinib,0.13943808721672069
T5c,STATE,B,perturbation=BMS-777607,0.10539676060374327
T5c,STATE,B,perturbation=AVL-292,0.15283655133712348
T5c,STATE,B,perturbation=Scriptaid,0.12300684280428412
T5c,STATE,B,perturbation=RVX-208,0.04679849046703953
T5c,STATE,B,perturbation=Amiodarone,-0.04365935706094133
T5c,STATE,B,perturbation=RN-486,-0.01232313829829106
T5c,STATE,B,perturbation=Tamatinib,0.15969134484662353
T5c,STATE,B,perturbation=GW843682X,0.0018145685704155311
T5c,STATE,B,perturbation=Porcn Inhibitor III,-0.004962628441253282
T5c,STATE,B,perturbation=Navitoclax,0.03474864170722844
T5c,STATE,B,perturbation=BAY 61-3606,0.20083959412032062
T5c,STATE,B,perturbation=Ketoconazole,0.01615304303266167
T5c,STATE,B,perturbation=Isoniazid,0.017019793462077642
T5c,STATE,B,perturbation=PD-0325901,0.11873524662765067
T5c,STATE,B,perturbation=TIE2 Kinase Inhibitor,-0.024634543142226916
T5c,STATE,B,perturbation=BMS-387032,0.15741889832576367
T5c,STATE,B,perturbation=TL_HRAS26,0.06443222546588476
T5c,STATE,B,perturbation=Methotrexate,0.005794313257296794
T5c,STATE,B,perturbation=LY2090314,0.0748051214813228
T5c,STATE,B,perturbation=Alvocidib,0.15009881488504348
T5c,STATE,B,perturbation=IMD-0354,0.20759918747469525
T5c,STATE,B,perturbation=MK-5108,0.001634190894099084
T5c,STATE,B,perturbation=Ixabepilone,0.020834739338691014
T5c,STATE,B,perturbation=IN1451,0.3540423123510637
T5c,STATE,B,perturbation=Proscillaridin A;Proscillaridin-A,0.010466366267451758
T5c,STATE,B,perturbation=Palbociclib,0.0512937459848632
T5c,STATE,B,perturbation=Vardenafil,0.07389115687973909
T5c,STATE,B,perturbation=Disulfiram,-0.041110249745574826
T5c,STATE,B,perturbation=Canertinib,-0.060160736273058874
T5c,STATE,B,perturbation=Lapatinib,-0.051992220120827035
T5c,STATE,B,perturbation=Linagliptin,-0.03988790698653453
T5c,STATE,B,perturbation=Raloxifene,0.010900820152647627
T5c,STATE,B,perturbation=Vorinostat,0.11056398695098292
T5c,STATE,B,perturbation=Trametinib,0.034683587091868036
T5c,STATE,B,perturbation=Dasatinib,0.2379111674330516
T5c,STATE,B,perturbation=Flutamide,0.0029857235365133923
T5c,STATE,B,perturbation=Idelalisib,0.0862460250936051
T5c,STATE,B,perturbation=Riociguat,0.04436289649868329
T5c,STATE,B,perturbation=Azacitidine,0.06902775192800481
T5c,STATE,B,perturbation=TGX 221,0.1458833956674821
T5c,STATE,B,perturbation=CGM-097,0.022953900530545933
T5c,STATE,B,perturbation=Clemastine,0.1505979095180599
T5c,STATE,B,perturbation=Imatinib,0.0020920300756530784
T5c,STATE,B,perturbation=Tipifarnib,0.07333043536090952
T5c,STATE,B,perturbation=RG7090,0.004724864329968051
T5c,STATE,B,perturbation=CHIR-99021,-0.05136040279140265
T5c,STATE,B,perturbation=TR-14035,0.04093033204463303
T5c,STATE,B,perturbation=Pitavastatin Calcium,-0.018474204416123127
T5c,STATE,B,perturbation=SLx-2119,0.05026783335061018
T5c,STATE,B,perturbation=YK 4-279,0.02840338788055424
T5c,STATE,B,perturbation=SCH-58261,-0.013023749176801961
T5c,STATE,B,perturbation=BX 912,0.042364267146264005
T5c,STATE,B,perturbation=GLPG0634,0.1777306360171372
T5c,STATE,B,perturbation=Defactinib,0.133392269722768
T5c,STATE,B,perturbation=Nilotinib,0.16166972880942843
T5c,STATE,B,perturbation=ABT737,-0.0044859428633565275
T5c,STATE,B,perturbation=Nefazodone,0.07426914527229295
T5c,STATE,B,perturbation=Buspirone,0.12460883651688091
T5c,STATE,B,perturbation=Colforsin,0.010659965369584844
T5c,STATE,B,perturbation=Doxorubicin,0.09341157001246111
T5c,STATE,B,perturbation=Mubritinib (TAK 165),0.03360081451576706
T5c,STATE,B,perturbation=BI-D1870,-0.0123368833673606
T5c,STATE,B,perturbation=AT 7867,0.15410278901499674
T5c,STATE,B,perturbation=PRT-062607,0.16293143533503462
T5c,STATE,B,perturbation=STK219801,0.04407673748889538
T5c,STATE,B,perturbation=Midostaurin,0.1713900243476685
T5c,STATE,B,perturbation=PF-03814735,0.22992105998401727
T5c,STATE,B,perturbation=Vanoxerine,0.08242119713158658
T5c,STATE,B,perturbation=AZD3514,0.05480309346978195
T5c,STATE,B,perturbation=OSI-930,0.004348873266548448
T5c,STATE,B,perturbation=AZ628,0.2266646476557369
T5c,STATE,B,perturbation=TPCA-1,0.20651950050119533
T5c,STATE,B,perturbation=CEP-37440,0.1573309610999225
T5c,STATE,B,perturbation=Tivantinib,0.10711327596465546
T5c,STATE,B,perturbation=AZD4547,0.06280698444530063
T5c,STATE,B,perturbation=SB525334,0.0017658576944113821
T5c,STATE,B,perturbation=HMN-214,-0.02443275011848352
T5c,STATE,B,perturbation=GO-6976,0.07573471423152504
T5c,STATE,B,perturbation=AZD-8330,0.06987203195520565
T5c,STATE,B,perturbation=MGCD-265,0.09976181165841724
T5c,STATE,B,perturbation=GSK256066,0.07696827079009125
T5c,STATE,B,perturbation=Tosedostat,0.03273174034424119
T5c,STATE,B,perturbation=Prednisolone,0.308237314223694
T5c,STATE,B,perturbation=HYDROXYUREA,0.010154506147146391
T5c,STATE,B,perturbation=Decitabine,-0.05201012961330227
T5c,STATE,B,perturbation=CC-401,0.16078262455053394
T5c,STATE,B,perturbation=Saracatinib,0.14838829017034144
T5c,STATE,B,perturbation=Masitinib,0.08542917002511007
T5c,STATE,B,perturbation=GSK-1070916,0.10467877579150812
T5c,STATE,B,perturbation=R428,0.21761280579381234
T5c,STATE,B,perturbation=Colchicine,0.09793839939842504
T5c,STATE,B,perturbation=Tacalcitol,0.158831977530759
T5c,STATE,B,perturbation=LDN 193189,-0.03447427431986312
T5c,STATE,B,perturbation=Resminostat,0.12099936865959866
T5c,STATE,B,perturbation=RG7112,0.023567071168167926
T5c,STATE,B,perturbation=Ricolinostat,0.07950853086686945
T5c,STATE,B,perturbation=Oxybenzone,0.01844632070179292
T5c,STATE,B,perturbation=ABT-199 (GDC-0199),0.07702596568396564
T5c,STATE,B,perturbation=Selumetinib,0.14458250111755586
T5c,STATE,B,perturbation=Cabozantinib,0.017651812586169553
T5c,STATE,B,perturbation=Crizotinib,0.16421908045699432
T5c,STATE,B,perturbation=Lamivudine,0.11617655514490086
T5c,STATE,B,perturbation=Ceritinib,0.09108024331705684
T5c,STATE,B,perturbation=Bosutinib,0.2317045241952036
T5c,STATE,B,perturbation=Vandetanib,0.031056182357188447
T5c,STATE,B,perturbation=Mometasone Furoate,0.33303976952904135
T5c,STATE,B,perturbation=Clotrimazole,0.0973164832900462
T5c,STATE,B,perturbation=CGP 60474,0.20097571979547088
T5c,STATE,Mono,perturbation=Atorvastatin,-0.08496517797607772
T5c,STATE,Mono,perturbation=5-(9-Isopropyl-8-methyl-2-morpholino-9H-purin-6-yl)pyrimidin-2-amine,0.2415591235221005
T5c,STATE,Mono,perturbation=Topotecan,0.07888672098566159
T5c,STATE,Mono,perturbation=BMS-265246,-0.11784381198355366
T5c,STATE,Mono,perturbation=AMD-070 (hydrochloride),-0.08938801297872702
T5c,STATE,Mono,perturbation=AT13387,0.22019067930899008
T5c,STATE,Mono,perturbation=Desloratadine,-0.07835631877998571
T5c,STATE,Mono,perturbation=Ganetespib (STA-9090),0.24284936730259063
T5c,STATE,Mono,perturbation=O-Demethylated Adapalene,0.02976532834423655
T5c,STATE,Mono,perturbation=BAY 87-2243,0.047807192774157244
T5c,STATE,Mono,perturbation=Ruxolitinib,0.033097948911060694
T5c,STATE,Mono,perturbation=Sgc-cbp30,0.20287666482511252
T5c,STATE,Mono,perturbation=PF-04691502,0.1436925966869045
T5c,STATE,Mono,perturbation=Dactolisib,0.23442637930090224
T5c,STATE,Mono,perturbation=Alogliptin,-0.0396036580498967
T5c,STATE,Mono,perturbation=Clomipramine,-0.022675098858981075
T5c,STATE,Mono,perturbation=Protriptyline,-0.07947669076361649
T5c,STATE,Mono,perturbation=Phenylbutazone,-0.026689454371772812
T5c,STATE,Mono,perturbation=Pomalidomide,-0.1354238644443579
T5c,STATE,Mono,perturbation=FK 866,0.09680024095414487
T5c,STATE,Mono,perturbation=Perhexiline,0.0499899888746151
T5c,STATE,Mono,perturbation=BMS-536924,0.045143945858914146
T5c,STATE,Mono,perturbation=Penfluridol,-0.01611382922756056
T5c,STATE,Mono,perturbation=Sunitinib,-0.03603952460573394
T5c,STATE,Mono,perturbation=I-BET151,0.20505025342663893
T5c,STATE,Mono,perturbation=K-02288,-0.04233833046834957
T5c,STATE,Mono,perturbation=Dovitinib,-0.0839359539276184
T5c,STATE,Mono,perturbation=Chlorpheniramine,-0.11487248912515986
T5c,STATE,Mono,perturbation=IKK Inhibitor VII,0.04511243500321276
T5c,STATE,Mono,perturbation=Quizartinib,-0.04360868739524399
T5c,STATE,Mono,perturbation=Tivozanib,-0.021702109578743616
T5c,STATE,Mono,perturbation=Foretinib,0.08489954193949954
T5c,STATE,Mono,perturbation=BMS-777607,0.02688410851170597
T5c,STATE,Mono,perturbation=AVL-292,-0.06097174386194893
T5c,STATE,Mono,perturbation=Scriptaid,0.16894046073323854
T5c,STATE,Mono,perturbation=RVX-208,0.04282459252298133
T5c,STATE,Mono,perturbation=Amiodarone,-0.06642178835414865
T5c,STATE,Mono,perturbation=RN-486,0.10457489389974974
T5c,STATE,Mono,perturbation=Tamatinib,0.0880346237681172
T5c,STATE,Mono,perturbation=GW843682X,-0.058034536479241026
T5c,STATE,Mono,perturbation=Porcn Inhibitor III,-0.08528290929837008
T5c,STATE,Mono,perturbation=Navitoclax,-0.20358160190870284
T5c,STATE,Mono,perturbation=BAY 61-3606,0.12020813044431648
T5c,STATE,Mono,perturbation=Ketoconazole,-0.0007832692849517107
T5c,STATE,Mono,perturbation=Isoniazid,-0.04110735328651269
T5c,STATE,Mono,perturbation=PD-0325901,0.018808476422360765
T5c,STATE,Mono,perturbation=TIE2 Kinase Inhibitor,-0.0825615480130196
T5c,STATE,Mono,perturbation=TL_HRAS26,-0.056395765695459316
T5c,STATE,Mono,perturbation=Methotrexate,0.001780643536031666
T5c,STATE,Mono,perturbation=LY2090314,0.014924600125295446
T5c,STATE,Mono,perturbation=Alvocidib,-0.03626590318804162
T5c,STATE,Mono,perturbation=IMD-0354,0.025290349394000163
T5c,STATE,Mono,perturbation=MK-5108,-0.06211086706512478
T5c,STATE,Mono,perturbation=Ixabepilone,-0.022695662358467015
T5c,STATE,Mono,perturbation=IN1451,0.09738535889541644
T5c,STATE,Mono,perturbation=Proscillaridin A;Proscillaridin-A,0.09868381085744488
T5c,STATE,Mono,perturbation=Palbociclib,-0.06320241283287571
T5c,STATE,Mono,perturbation=Vardenafil,-0.09551132137701167
T5c,STATE,Mono,perturbation=Disulfiram,-0.09039267044272968
T5c,STATE,Mono,perturbation=Canertinib,-0.10069981786543035
T5c,STATE,Mono,perturbation=Lapatinib,-0.02566603272780586
T5c,STATE,Mono,perturbation=Linagliptin,-0.10384863119748185
T5c,STATE,Mono,perturbation=Raloxifene,-0.06111941791669528
T5c,STATE,Mono,perturbation=Vorinostat,0.17559040268330192
T5c,STATE,Mono,perturbation=Trametinib,-0.06366419152766083
T5c,STATE,Mono,perturbation=Dasatinib,0.22356860727932223
T5c,STATE,Mono,perturbation=Flutamide,-0.022859934929722988
T5c,STATE,Mono,perturbation=Idelalisib,-0.05652787960828667
T5c,STATE,Mono,perturbation=Riociguat,-0.007164978720788798
T5c,STATE,Mono,perturbation=Azacitidine,-0.01701273129642378
T5c,STATE,Mono,perturbation=TGX 221,0.02492533034940816
T5c,STATE,Mono,perturbation=CGM-097,-0.08594277475495381
T5c,STATE,Mono,perturbation=Clemastine,-0.010426176105149013
T5c,STATE,Mono,perturbation=Imatinib,-0.1281671811022586
T5c,STATE,Mono,perturbation=Tipifarnib,0.052964176827928575
T5c,STATE,Mono,perturbation=RG7090,-0.12514187836153778
T5c,STATE,Mono,perturbation=CHIR-99021,-0.11278131607972681
T5c,STATE,Mono,perturbation=TR-14035,-0.09029142066606945
T5c,STATE,Mono,perturbation=Pitavastatin Calcium,-0.03293835441300542
T5c,STATE,Mono,perturbation=SLx-2119,-0.08636536122804694
T5c,STATE,Mono,perturbation=YK 4-279,-0.10440181180203012
T5c,STATE,Mono,perturbation=SCH-58261,-0.07548654807866438
T5c,STATE,Mono,perturbation=BX 912,-0.1000012572158704
T5c,STATE,Mono,perturbation=GLPG0634,-0.003939860003963859
T5c,STATE,Mono,perturbation=Defactinib,0.02650857256199737
T5c,STATE,Mono,perturbation=Nilotinib,0.08539793263489225
T5c,STATE,Mono,perturbation=ABT737,-0.17969447370144712
T5c,STATE,Mono,perturbation=Nefazodone,-0.12015640873049128
T5c,STATE,Mono,perturbation=Buspirone,0.011433419233111164
T5c,STATE,Mono,perturbation=Colforsin,-0.11064773475952064
T5c,STATE,Mono,perturbation=Doxorubicin,0.030392730650225963
T5c,STATE,Mono,perturbation=Mubritinib (TAK 165),-0.06076726112743338
T5c,STATE,Mono,perturbation=BI-D1870,-0.15195553238886336
T5c,STATE,Mono,perturbation=AT 7867,0.017707277580423706
T5c,STATE,Mono,perturbation=PRT-062607,0.09441641369967294
T5c,STATE,Mono,perturbation=STK219801,-0.017521475519598356
T5c,STATE,Mono,perturbation=Midostaurin,0.02814349821443328
T5c,STATE,Mono,perturbation=PF-03814735,0.11761308615264641
T5c,STATE,Mono,perturbation=Vanoxerine,0.0039472193796291
T5c,STATE,Mono,perturbation=AZD3514,0.031842811380313925
T5c,STATE,Mono,perturbation=OSI-930,-0.028463753578886523
T5c,STATE,Mono,perturbation=AZ628,-0.0037394424789012233
T5c,STATE,Mono,perturbation=TPCA-1,0.07047092603426942
T5c,STATE,Mono,perturbation=CEP-37440,-0.08281784573357588
T5c,STATE,Mono,perturbation=Tivantinib,-0.07035175100153176
T5c,STATE,Mono,perturbation=AZD4547,-0.03983867554918341
T5c,STATE,Mono,perturbation=SB525334,-0.13452633397406488
T5c,STATE,Mono,perturbation=HMN-214,-0.08147796233381588
T5c,STATE,Mono,perturbation=GO-6976,-0.0651793660506282
T5c,STATE,Mono,perturbation=AZD-8330,-0.0942357162732385
T5c,STATE,Mono,perturbation=MGCD-265,0.002029730247051832
T5c,STATE,Mono,perturbation=GSK256066,-0.018354301187111843
T5c,STATE,Mono,perturbation=Tosedostat,0.04875353619766613
T5c,STATE,Mono,perturbation=Prednisolone,0.11048912760606243
T5c,STATE,Mono,perturbation=HYDROXYUREA,-0.061957243131744846
T5c,STATE,Mono,perturbation=Decitabine,-0.09379846978543559
T5c,STATE,Mono,perturbation=CC-401,0.10853115407054573
T5c,STATE,Mono,perturbation=Saracatinib,0.08518853786485586
T5c,STATE,Mono,perturbation=Masitinib,-0.0957007649092427
T5c,STATE,Mono,perturbation=GSK-1070916,-0.1043217627669162
T5c,STATE,Mono,perturbation=R428,0.03728529175060498
T5c,STATE,Mono,perturbation=Colchicine,0.25034381323263283
T5c,STATE,Mono,perturbation=Tacalcitol,0.07834568349091868
T5c,STATE,Mono,perturbation=LDN 193189,-0.1393745214495433
T5c,STATE,Mono,perturbation=Resminostat,0.1084395491769153
T5c,STATE,Mono,perturbation=RG7112,-0.07457011749818368
T5c,STATE,Mono,perturbation=Ricolinostat,-0.015790934806215736
T5c,STATE,Mono,perturbation=Oxybenzone,-0.06101592921086311
T5c,STATE,Mono,perturbation=ABT-199 (GDC-0199),-0.15946097287613992
T5c,STATE,Mono,perturbation=Selumetinib,-0.009572528789313257
T5c,STATE,Mono,perturbation=Cabozantinib,-0.04695856938542113
T5c,STATE,Mono,perturbation=Crizotinib,0.02683944574497296
T5c,STATE,Mono,perturbation=Lamivudine,-0.06572245416962043
T5c,STATE,Mono,perturbation=Ceritinib,-0.025020712403844965
T5c,STATE,Mono,perturbation=Bosutinib,0.17651283139331872
T5c,STATE,Mono,perturbation=Vandetanib,-0.05036432558914647
T5c,STATE,Mono,perturbation=Mometasone Furoate,0.10025129155555716
T5c,STATE,Mono,perturbation=Clotrimazole,-0.14275267849142595
T5c,STATE,Mono,perturbation=UNII-BXU45ZH6LI,0.15720881137173753
T5c,STATE,Mono,perturbation=BMS-387032,0.10889490235920991
T5c,STATE,NK,perturbation=Atorvastatin,-0.0527269257072259
T5c,STATE,NK,perturbation=5-(9-Isopropyl-8-methyl-2-morpholino-9H-purin-6-yl)pyrimidin-2-amine,0.10636399030569443
T5c,STATE,NK,perturbation=Topotecan,0.09612883742937706
T5c,STATE,NK,perturbation=BMS-265246,-0.002060214582891688
T5c,STATE,NK,perturbation=AMD-070 (hydrochloride),-0.016276071342568022
T5c,STATE,NK,perturbation=AT13387,0.20716929315550106
T5c,STATE,NK,perturbation=Desloratadine,-0.04294519613045011
T5c,STATE,NK,perturbation=Ganetespib (STA-9090),0.20356795974266081
T5c,STATE,NK,perturbation=O-Demethylated Adapalene,0.013416907062689174
T5c,STATE,NK,perturbation=BAY 87-2243,0.12019905575512257
T5c,STATE,NK,perturbation=Ruxolitinib,0.034025808558297246
T5c,STATE,NK,perturbation=Sgc-cbp30,0.1920088861950922
T5c,STATE,NK,perturbation=PF-04691502,0.08971145673714082
T5c,STATE,NK,perturbation=Dactolisib,0.16069403769617543
T5c,STATE,NK,perturbation=Alogliptin,-0.03047170227543308
T5c,STATE,NK,perturbation=Clomipramine,0.020671020958273802
T5c,STATE,NK,perturbation=Protriptyline,-0.09479024159285795
T5c,STATE,NK,perturbation=Phenylbutazone,-1.0253203952273884e-05
T5c,STATE,NK,perturbation=Pomalidomide,0.03488858771156916
T5c,STATE,NK,perturbation=FK 866,-0.004083948843160904
T5c,STATE,NK,perturbation=Perhexiline,0.07861210238055755
T5c,STATE,NK,perturbation=BMS-536924,0.012777868478163888
T5c,STATE,NK,perturbation=Penfluridol,-0.06579370332006175
T5c,STATE,NK,perturbation=Sunitinib,0.049198748012671344
T5c,STATE,NK,perturbation=I-BET151,0.10253357780599968
T5c,STATE,NK,perturbation=K-02288,0.009891537872418529
T5c,STATE,NK,perturbation=Dovitinib,0.07401332198715141
T5c,STATE,NK,perturbation=Chlorpheniramine,-0.0363848884224361
T5c,STATE,NK,perturbation=UNII-BXU45ZH6LI,0.14872187325213954
T5c,STATE,NK,perturbation=IKK Inhibitor VII,0.020776368026674742
T5c,STATE,NK,perturbation=Quizartinib,0.04816209983151897
T5c,STATE,NK,perturbation=Tivozanib,-0.01981500936788524
T5c,STATE,NK,perturbation=Foretinib,0.06773837054954193
T5c,STATE,NK,perturbation=BMS-777607,0.00961817106954235
T5c,STATE,NK,perturbation=AVL-292,0.11129606487986028
T5c,STATE,NK,perturbation=Scriptaid,0.20996010276487712
T5c,STATE,NK,perturbation=RVX-208,0.059190133884007685
T5c,STATE,NK,perturbation=Amiodarone,0.004562385532988459
T5c,STATE,NK,perturbation=RN-486,-0.008439169462947716
T5c,STATE,NK,perturbation=Tamatinib,0.059155934243369915
T5c,STATE,NK,perturbation=GW843682X,0.02880113739724651
T5c,STATE,NK,perturbation=Porcn Inhibitor III,-0.03383005302616823
T5c,STATE,NK,perturbation=Navitoclax,0.02758169969491037
T5c,STATE,NK,perturbation=BAY 61-3606,0.12102015628523957
T5c,STATE,NK,perturbation=Ketoconazole,-0.03509148149692203
T5c,STATE,NK,perturbation=Isoniazid,-0.03702579875297935
T5c,STATE,NK,perturbation=PD-0325901,-0.002904683192447438
T5c,STATE,NK,perturbation=TIE2 Kinase Inhibitor,-0.013348390722478143
T5c,STATE,NK,perturbation=CGP 60474,0.15084085353078155
T5c,STATE,NK,perturbation=BMS-387032,0.21316831737660608
T5c,STATE,NK,perturbation=TL_HRAS26,0.03375648690848761
T5c,STATE,NK,perturbation=Methotrexate,-0.023837486966717704
T5c,STATE,NK,perturbation=LY2090314,0.12608519153099518
T5c,STATE,NK,perturbation=Alvocidib,0.12105950987530391
T5c,STATE,NK,perturbation=IMD-0354,0.17591630562456503
T5c,STATE,NK,perturbation=MK-5108,-0.02573706580419079
T5c,STATE,NK,perturbation=Ixabepilone,-0.010832790786801431
T5c,STATE,NK,perturbation=IN1451,0.1744597275414542
T5c,STATE,NK,perturbation=Proscillaridin A;Proscillaridin-A,0.09535231180164676
T5c,STATE,NK,perturbation=Palbociclib,-0.00028841064724065496
T5c,STATE,NK,perturbation=Vardenafil,0.027081651238645393
T5c,STATE,NK,perturbation=Disulfiram,0.05564380623534503
T5c,STATE,NK,perturbation=Canertinib,0.013649463532615974
T5c,STATE,NK,perturbation=Lapatinib,0.012796629403160911
T5c,STATE,NK,perturbation=Linagliptin,-0.03782546783924693
T5c,STATE,NK,perturbation=Raloxifene,0.005169272336398576
T5c,STATE,NK,perturbation=Vorinostat,0.1285194479905068
T5c,STATE,NK,perturbation=Trametinib,-0.046018916450221346
T5c,STATE,NK,perturbation=Dasatinib,0.05144460195384396
T5c,STATE,NK,perturbation=Flutamide,-0.039768005063028654
T5c,STATE,NK,perturbation=Idelalisib,-0.026244257157973756
T5c,STATE,NK,perturbation=Riociguat,-0.009586378801037387
T5c,STATE,NK,perturbation=Azacitidine,0.0367994504935553
T5c,STATE,NK,perturbation=TGX 221,-0.014303086845352718
T5c,STATE,NK,perturbation=CGM-097,0.03638720091769022
T5c,STATE,NK,perturbation=Clemastine,-0.020971606828550666
T5c,STATE,NK,perturbation=Imatinib,-0.010958711156479407
T5c,STATE,NK,perturbation=Tipifarnib,0.026149332543175387
T5c,STATE,NK,perturbation=RG7090,-0.015135866030459274
T5c,STATE,NK,perturbation=CHIR-99021,-0.014462090736690162
T5c,STATE,NK,perturbation=TR-14035,-0.0009641114849572979
T5c,STATE,NK,perturbation=Pitavastatin Calcium,0.0422107044748426
T5c,STATE,NK,perturbation=SLx-2119,0.13451193893348093
T5c,STATE,NK,perturbation=YK 4-279,-0.0367576050938034
T5c,STATE,NK,perturbation=SCH-58261,-0.04303827178794476
T5c,STATE,NK,perturbation=BX 912,0.003251316490749501
T5c,STATE,NK,perturbation=GLPG0634,0.014756227105694488
T5c,STATE,NK,perturbation=Defactinib,0.00359797263921802
T5c,STATE,NK,perturbation=Nilotinib,0.037686667682697406
T5c,STATE,NK,perturbation=ABT737,-0.0180519238164894
T5c,STATE,NK,perturbation=Nefazodone,-0.01979310653482473
T5c,STATE,NK,perturbation=Buspirone,0.047807009093136656
T5c,STATE,NK,perturbation=Colforsin,0.011056456807723785
T5c,STATE,NK,perturbation=Doxorubicin,0.08110511157351354
T5c,STATE,NK,perturbation=Mubritinib (TAK 165),0.11237322172810162
T5c,STATE,NK,perturbation=BI-D1870,-0.030167900422382328
T5c,STATE,NK,perturbation=AT 7867,0.07422056035760505
T5c,STATE,NK,perturbation=PRT-062607,0.03426251522387699
T5c,STATE,NK,perturbation=STK219801,0.02171302050175921
T5c,STATE,NK,perturbation=Midostaurin,0.06280181876481343
T5c,STATE,NK,perturbation=PF-03814735,0.04416147951261748
T5c,STATE,NK,perturbation=Vanoxerine,-0.010549764411984928
T5c,STATE,NK,perturbation=AZD3514,-0.015646180585706354
T5c,STATE,NK,perturbation=OSI-930,0.007479509480266195
T5c,STATE,NK,perturbation=AZ628,0.021680480962330804
T5c,STATE,NK,perturbation=TPCA-1,0.09896950952746955
T5c,STATE,NK,perturbation=CEP-37440,0.08670232351600231
T5c,STATE,NK,perturbation=Tivantinib,0.04669834842217092
T5c,STATE,NK,perturbation=AZD4547,-0.018360615832342348
T5c,STATE,NK,perturbation=SB525334,-0.07700737033590922
T5c,STATE,NK,perturbation=HMN-214,-0.01847762877245261
T5c,STATE,NK,perturbation=GO-6976,-0.024632557028161736
T5c,STATE,NK,perturbation=AZD-8330,0.007952658314739567
T5c,STATE,NK,perturbation=MGCD-265,0.009325114507241765
T5c,STATE,NK,perturbation=GSK256066,0.1671892425997377
T5c,STATE,NK,perturbation=Tosedostat,0.11725799955857313
T5c,STATE,NK,perturbation=Prednisolone,0.15462371506195752
T5c,STATE,NK,perturbation=HYDROXYUREA,-0.03720254084473259
T5c,STATE,NK,perturbation=Decitabine,0.021961531098397075
T5c,STATE,NK,perturbation=CC-401,0.04010377792396587
T5c,STATE,NK,perturbation=Saracatinib,0.052115785107504746
T5c,STATE,NK,perturbation=Masitinib,0.0016052216413496238
T5c,STATE,NK,perturbation=GSK-1070916,0.004754761719853115
T5c,STATE,NK,perturbation=R428,0.04077480745645347
T5c,STATE,NK,perturbation=Colchicine,0.0016976362137692967
T5c,STATE,NK,perturbation=Tacalcitol,0.05608834408348877
T5c,STATE,NK,perturbation=LDN 193189,0.005883697048073896
T5c,STATE,NK,perturbation=Resminostat,0.173865496939785
T5c,STATE,NK,perturbation=RG7112,0.06681779434855264
T5c,STATE,NK,perturbation=Ricolinostat,0.05450128035248526
T5c,STATE,NK,perturbation=Oxybenzone,0.016642740784311078
T5c,STATE,NK,perturbation=ABT-199 (GDC-0199),-0.0420596255297877
T5c,STATE,NK,perturbation=Selumetinib,-0.05569859436775411
T5c,STATE,NK,perturbation=Cabozantinib,-0.03158794714981045
T5c,STATE,NK,perturbation=Crizotinib,0.02142064909546335
T5c,STATE,NK,perturbation=Lamivudine,-0.003190249877596422
T5c,STATE,NK,perturbation=Ceritinib,-0.02979951465168792
T5c,STATE,NK,perturbation=Bosutinib,0.07454742340439281
T5c,STATE,NK,perturbation=Vandetanib,-0.017291777062522422
T5c,STATE,NK,perturbation=Mometasone Furoate,0.19666973703831772
T5c,STATE,NK,perturbation=Clotrimazole,-0.07179614094730792
T5c,STATE,T_cells,perturbation=Atorvastatin,0.059600254604566846
T5c,STATE,T_cells,perturbation=5-(9-Isopropyl-8-methyl-2-morpholino-9H-purin-6-yl)pyrimidin-2-amine,-0.07515900679228424
T5c,STATE,T_cells,perturbation=Topotecan,0.08044469397305527
T5c,STATE,T_cells,perturbation=BMS-265246,0.10148848465970156
T5c,STATE,T_cells,perturbation=AMD-070 (hydrochloride),0.02958001454653431
T5c,STATE,T_cells,perturbation=AT13387,-0.014456171207966962
T5c,STATE,T_cells,perturbation=Desloratadine,0.024774409406414444
T5c,STATE,T_cells,perturbation=Ganetespib (STA-9090),-0.012967168489075092
T5c,STATE,T_cells,perturbation=O-Demethylated Adapalene,0.0606991990170417
T5c,STATE,T_cells,perturbation=BAY 87-2243,-0.05793978529900045
T5c,STATE,T_cells,perturbation=Ruxolitinib,0.0011121774539765165
T5c,STATE,T_cells,perturbation=Sgc-cbp30,0.031201483660392892
T5c,STATE,T_cells,perturbation=PF-04691502,-0.01730929212492084
T5c,STATE,T_cells,perturbation=Dactolisib,-0.016520137181449065
T5c,STATE,T_cells,perturbation=Alogliptin,-0.008403018057629861
T5c,STATE,T_cells,perturbation=Clomipramine,0.0077907294764707575
T5c,STATE,T_cells,perturbation=Protriptyline,0.03775123057461298
T5c,STATE,T_cells,perturbation=Phenylbutazone,-0.003554194569428628
T5c,STATE,T_cells,perturbation=Pomalidomide,-0.0033797660797365244
T5c,STATE,T_cells,perturbation=FK 866,0.1525838357384012
T5c,STATE,T_cells,perturbation=Perhexiline,0.06909313186443436
T5c,STATE,T_cells,perturbation=BMS-536924,-0.05667531118266112
T5c,STATE,T_cells,perturbation=Penfluridol,0.058150902634937614
T5c,STATE,T_cells,perturbation=Sunitinib,0.17986201959962253
T5c,STATE,T_cells,perturbation=I-BET151,0.04305946450656564
T5c,STATE,T_cells,perturbation=K-02288,0.008151290455109957
T5c,STATE,T_cells,perturbation=Dovitinib,-0.06071822583935996
T5c,STATE,T_cells,perturbation=Chlorpheniramine,0.06483626101610403
T5c,STATE,T_cells,perturbation=UNII-BXU45ZH6LI,0.051606656445049366
T5c,STATE,T_cells,perturbation=IKK Inhibitor VII,-0.023464938656080486
T5c,STATE,T_cells,perturbation=Quizartinib,0.035947696250523874
T5c,STATE,T_cells,perturbation=Tivozanib,0.029215926161363467
T5c,STATE,T_cells,perturbation=Foretinib,0.023659543924549695
T5c,STATE,T_cells,perturbation=BMS-777607,-0.015196357574056346
T5c,STATE,T_cells,perturbation=AVL-292,0.05060910448463797
T5c,STATE,T_cells,perturbation=Scriptaid,-0.04260434339013584
T5c,STATE,T_cells,perturbation=RVX-208,0.004773573537489851
T5c,STATE,T_cells,perturbation=Amiodarone,0.040539002535117406
T5c,STATE,T_cells,perturbation=RN-486,-0.010337917997355516
T5c,STATE,T_cells,perturbation=Tamatinib,0.01264402401569085
T5c,STATE,T_cells,perturbation=GW843682X,-0.06592062081274006
T5c,STATE,T_cells,perturbation=Porcn Inhibitor III,0.10639833429116818
T5c,STATE,T_cells,perturbation=Navitoclax,-0.035220756097569896
T5c,STATE,T_cells,perturbation=BAY 61-3606,0.10820956688596543
T5c,STATE,T_cells,perturbation=Ketoconazole,0.13395841850358878
T5c,STATE,T_cells,perturbation=Isoniazid,-0.05566479881700403
T5c,STATE,T_cells,perturbation=PD-0325901,-0.047521867222642795
T5c,STATE,T_cells,perturbation=TIE2 Kinase Inhibitor,0.028114720857466614
T5c,STATE,T_cells,perturbation=CGP 60474,0.23582973412736558
T5c,STATE,T_cells,perturbation=BMS-387032,0.19724901291127095
T5c,STATE,T_cells,perturbation=TL_HRAS26,0.0009683595843820829
T5c,STATE,T_cells,perturbation=Methotrexate,0.09561182032505429
T5c,STATE,T_cells,perturbation=LY2090314,0.01016764244336566
T5c,STATE,T_cells,perturbation=Alvocidib,0.26735516168062856
T5c,STATE,T_cells,perturbation=IMD-0354,-0.019880833813985622
T5c,STATE,T_cells,perturbation=MK-5108,0.04100589688345064
T5c,STATE,T_cells,perturbation=Ixabepilone,-0.011948247792060374
T5c,STATE,T_cells,perturbation=IN1451,0.1598306215503169
T5c,STATE,T_cells,perturbation=Proscillaridin A;Proscillaridin-A,0.14558176349086804
T5c,STATE,T_cells,perturbation=Palbociclib,0.044922338887455435
T5c,STATE,T_cells,perturbation=Vardenafil,0.04089439369707751
T5c,STATE,T_cells,perturbation=Disulfiram,-0.028202624622721505
T5c,STATE,T_cells,perturbation=Canertinib,0.05226430998432206
T5c,STATE,T_cells,perturbation=Lapatinib,0.044620934047917886
T5c,STATE,T_cells,perturbation=Linagliptin,0.09531870001600419
T5c,STATE,T_cells,perturbation=Raloxifene,0.13043053701196416
T5c,STATE,T_cells,perturbation=Vorinostat,-0.09820126368154714
T5c,STATE,T_cells,perturbation=Trametinib,0.07478728905854219
T5c,STATE,T_cells,perturbation=Dasatinib,0.02135318257429652
T5c,STATE,T_cells,perturbation=Flutamide,-0.03155184185012008
T5c,STATE,T_cells,perturbation=Idelalisib,-0.016949812666460964
T5c,STATE,T_cells,perturbation=Riociguat,0.051865412155176656
T5c,STATE,T_cells,perturbation=Azacitidine,0.07954944617954435
T5c,STATE,T_cells,perturbation=TGX 221,0.04981905684535923
T5c,STATE,T_cells,perturbation=CGM-097,0.1396538929589416
T5c,STATE,T_cells,perturbation=Clemastine,0.0004782778167222804
T5c,STATE,T_cells,perturbation=Imatinib,-0.018403433501224205
T5c,STATE,T_cells,perturbation=Tipifarnib,0.06589781015654064
T5c,STATE,T_cells,perturbation=RG7090,0.14996440270840042
T5c,STATE,T_cells,perturbation=CHIR-99021,0.06989690998049464
T5c,STATE,T_cells,perturbation=TR-14035,0.059447078883710584
T5c,STATE,T_cells,perturbation=Pitavastatin Calcium,0.20967336980808923
T5c,STATE,T_cells,perturbation=SLx-2119,0.025409449788790887
T5c,STATE,T_cells,perturbation=YK 4-279,0.2584007023058385
T5c,STATE,T_cells,perturbation=SCH-58261,0.07428683108337
T5c,STATE,T_cells,perturbation=BX 912,-0.01685615827955759
T5c,STATE,T_cells,perturbation=GLPG0634,0.07101229132579392
T5c,STATE,T_cells,perturbation=Defactinib,0.08296783806405698
T5c,STATE,T_cells,perturbation=Nilotinib,0.024892122564271698
T5c,STATE,T_cells,perturbation=ABT737,0.021469877690642226
T5c,STATE,T_cells,perturbation=Nefazodone,0.06857535681076207
T5c,STATE,T_cells,perturbation=Buspirone,0.12386471329354497
T5c,STATE,T_cells,perturbation=Colforsin,0.0956264556898719
T5c,STATE,T_cells,perturbation=Doxorubicin,0.09345504469765549
T5c,STATE,T_cells,perturbation=Mubritinib (TAK 165),0.10250684187926397
T5c,STATE,T_cells,perturbation=BI-D1870,0.14713806562877657
T5c,STATE,T_cells,perturbation=AT 7867,0.08598415932637857
T5c,STATE,T_cells,perturbation=PRT-062607,0.020773817414512896
T5c,STATE,T_cells,perturbation=STK219801,0.09163201972622272
T5c,STATE,T_cells,perturbation=Midostaurin,0.029136080343299613
T5c,STATE,T_cells,perturbation=PF-03814735,0.07775220687437351
T5c,STATE,T_cells,perturbation=Vanoxerine,0.06120681792302358
T5c,STATE,T_cells,perturbation=AZD3514,0.10068704305762213
T5c,STATE,T_cells,perturbation=OSI-930,0.0766863210614859
T5c,STATE,T_cells,perturbation=AZ628,0.06287491546495433
T5c,STATE,T_cells,perturbation=TPCA-1,0.05042982125119246
T5c,STATE,T_cells,perturbation=CEP-37440,0.06308021028234997
T5c,STATE,T_cells,perturbation=Tivantinib,-0.012913310769073906
T5c,STATE,T_cells,perturbation=AZD4547,0.10837713177496922
T5c,STATE,T_cells,perturbation=SB525334,0.1393951929478997
T5c,STATE,T_cells,perturbation=HMN-214,0.18208383479107929
T5c,STATE,T_cells,perturbation=GO-6976,0.12882886364541346
T5c,STATE,T_cells,perturbation=AZD-8330,0.041347242761081954
T5c,STATE,T_cells,perturbation=MGCD-265,0.08954957936459743
T5c,STATE,T_cells,perturbation=GSK256066,0.15874109791584473
T5c,STATE,T_cells,perturbation=Tosedostat,-0.012111668976838411
T5c,STATE,T_cells,perturbation=Prednisolone,0.084496286984702
T5c,STATE,T_cells,perturbation=HYDROXYUREA,0.10054197887959454
T5c,STATE,T_cells,perturbation=Decitabine,0.06704826050031083
T5c,STATE,T_cells,perturbation=CC-401,0.12793584578918044
T5c,STATE,T_cells,perturbation=Saracatinib,0.0420513647282256
T5c,STATE,T_cells,perturbation=Masitinib,-0.013034366726527876
T5c,STATE,T_cells,perturbation=GSK-1070916,0.0020504253464788407
T5c,STATE,T_cells,perturbation=R428,0.021479494867954634
T5c,STATE,T_cells,perturbation=Colchicine,0.2165342092966082
T5c,STATE,T_cells,perturbation=Tacalcitol,0.03357680816709382
T5c,STATE,T_cells,perturbation=LDN 193189,0.033091656392112735
T5c,STATE,T_cells,perturbation=Resminostat,-0.031021970824584827
T5c,STATE,T_cells,perturbation=RG7112,0.05824285323165037
T5c,STATE,T_cells,perturbation=Ricolinostat,0.035646576389888995
T5c,STATE,T_cells,perturbation=Oxybenzone,0.033164325706359354
T5c,STATE,T_cells,perturbation=ABT-199 (GDC-0199),0.012428356446432066
T5c,STATE,T_cells,perturbation=Selumetinib,0.1278530845571821
T5c,STATE,T_cells,perturbation=Cabozantinib,0.18650273256453442
T5c,STATE,T_cells,perturbation=Crizotinib,0.030924174995632315
T5c,STATE,T_cells,perturbation=Lamivudine,0.04423287482759598
T5c,STATE,T_cells,perturbation=Ceritinib,-0.022596174357438995
T5c,STATE,T_cells,perturbation=Bosutinib,0.04626080152284527
T5c,STATE,T_cells,perturbation=Vandetanib,0.051565041846658555
T5c,STATE,T_cells,perturbation=Mometasone Furoate,0.10801469495683166
T5c,STATE,T_cells,perturbation=Clotrimazole,0.1485966595035435
T5c,scGen,B,perturbation=Atorvastatin,0.0265757398581705
T5c,scGen,B,perturbation=5-(9-Isopropyl-8-methyl-2-morpholino-9H-purin-6-yl)pyrimidin-2-amine,0.38537958563679214
T5c,scGen,B,perturbation=Topotecan,0.1084778528375962
T5c,scGen,B,perturbation=BMS-265246,0.1447110478583764
T5c,scGen,B,perturbation=AMD-070 (hydrochloride),0.04524186469763249
T5c,scGen,B,perturbation=AT13387,0.5482863256839223
T5c,scGen,B,perturbation=Desloratadine,-0.053314309943720425
T5c,scGen,B,perturbation=Ganetespib (STA-9090),0.5619506621366142
T5c,scGen,B,perturbation=O-Demethylated Adapalene,-0.028123039340725915
T5c,scGen,B,perturbation=BAY 87-2243,0.21934144914170858
T5c,scGen,B,perturbation=Ruxolitinib,0.26637468944760945
T5c,scGen,B,perturbation=Sgc-cbp30,0.13791768407393298
T5c,scGen,B,perturbation=PF-04691502,0.266018305064701
T5c,scGen,B,perturbation=Dactolisib,0.4346049332589893
T5c,scGen,B,perturbation=Alogliptin,-0.06775422052916262
T5c,scGen,B,perturbation=Clomipramine,0.018012402408772245
T5c,scGen,B,perturbation=Protriptyline,-0.014087428862462115
T5c,scGen,B,perturbation=Phenylbutazone,-0.044291951724740534
T5c,scGen,B,perturbation=Pomalidomide,0.08544391674383998
T5c,scGen,B,perturbation=FK 866,0.1968386368707751
T5c,scGen,B,perturbation=Perhexiline,0.23422654374727528
T5c,scGen,B,perturbation=BMS-536924,0.24956672505940844
T5c,scGen,B,perturbation=Penfluridol,-0.0048747877246986555
T5c,scGen,B,perturbation=Sunitinib,0.03385487359241499
T5c,scGen,B,perturbation=I-BET151,0.22400717457396835
T5c,scGen,B,perturbation=K-02288,0.0027125995468898698
T5c,scGen,B,perturbation=Dovitinib,0.06628833235239591
T5c,scGen,B,perturbation=Chlorpheniramine,-0.007394478835586781
T5c,scGen,B,perturbation=UNII-BXU45ZH6LI,0.27582816037980773
T5c,scGen,B,perturbation=IKK Inhibitor VII,0.21914944835191372
T5c,scGen,B,perturbation=Quizartinib,-0.042799489496013435
T5c,scGen,B,perturbation=Tivozanib,0.018355121434115076
T5c,scGen,B,perturbation=Foretinib,0.18411687911467825
T5c,scGen,B,perturbation=BMS-777607,0.04890253107072183
T5c,scGen,B,perturbation=AVL-292,0.16117721353966627
T5c,scGen,B,perturbation=Scriptaid,0.5086121421518917
T5c,scGen,B,perturbation=RVX-208,0.02031694066450979
T5c,scGen,B,perturbation=Amiodarone,-0.06039676386245238
T5c,scGen,B,perturbation=RN-486,-0.044601467372016444
T5c,scGen,B,perturbation=Tamatinib,0.2438080727254212
T5c,scGen,B,perturbation=GW843682X,-0.003411444903065217
T5c,scGen,B,perturbation=Porcn Inhibitor III,0.060265539545722675
T5c,scGen,B,perturbation=Navitoclax,0.07315781978727567
T5c,scGen,B,perturbation=BAY 61-3606,0.22798584627915655
T5c,scGen,B,perturbation=Ketoconazole,0.38687480150945075
T5c,scGen,B,perturbation=Isoniazid,-0.0357032278706162
T5c,scGen,B,perturbation=PD-0325901,0.14934304453308647
T5c,scGen,B,perturbation=TIE2 Kinase Inhibitor,-0.08098334703373382
T5c,scGen,B,perturbation=BMS-387032,0.1921784916800562
T5c,scGen,B,perturbation=TL_HRAS26,0.014025386405175677
T5c,scGen,B,perturbation=Methotrexate,0.07939272770955226
T5c,scGen,B,perturbation=LY2090314,0.13099255257150494
T5c,scGen,B,perturbation=Alvocidib,0.0549418095291288
T5c,scGen,B,perturbation=IMD-0354,0.41467754641480736
T5c,scGen,B,perturbation=MK-5108,-0.035174795399303134
T5c,scGen,B,perturbation=Ixabepilone,-0.023979345729539327
T5c,scGen,B,perturbation=IN1451,0.7734673533440036
T5c,scGen,B,perturbation=Proscillaridin A;Proscillaridin-A,0.37557762901628483
T5c,scGen,B,perturbation=Palbociclib,0.021147012234779838
T5c,scGen,B,perturbation=Vardenafil,0.030493661141206455
T5c,scGen,B,perturbation=Disulfiram,-0.06937522339081685
T5c,scGen,B,perturbation=Canertinib,-0.0492652638590409
T5c,scGen,B,perturbation=Lapatinib,-0.039087493153232164
T5c,scGen,B,perturbation=Linagliptin,-0.06290083245021752
T5c,scGen,B,perturbation=Raloxifene,0.07365876964668927
T5c,scGen,B,perturbation=Vorinostat,0.4429433626464516
T5c,scGen,B,perturbation=Trametinib,0.18265063009538265
T5c,scGen,B,perturbation=Dasatinib,0.35683490772529747
T5c,scGen,B,perturbation=Flutamide,-0.0025559497497722795
T5c,scGen,B,perturbation=Idelalisib,0.13114786434755749
T5c,scGen,B,perturbation=Riociguat,0.008361421178182692
T5c,scGen,B,perturbation=Azacitidine,0.055093049806177324
T5c,scGen,B,perturbation=TGX 221,0.17479037324429
T5c,scGen,B,perturbation=CGM-097,0.25628686641059617
T5c,scGen,B,perturbation=Clemastine,0.10380622185767047
T5c,scGen,B,perturbation=Imatinib,-0.025332229216825583
T5c,scGen,B,perturbation=Tipifarnib,0.11135550517647654
T5c,scGen,B,perturbation=RG7090,0.12003989180732533
T5c,scGen,B,perturbation=CHIR-99021,0.018699772762026785
T5c,scGen,B,perturbation=TR-14035,0.005310435403511637
T5c,scGen,B,perturbation=Pitavastatin Calcium,0.3977863670852909
T5c,scGen,B,perturbation=SLx-2119,0.028060085278433514
T5c,scGen,B,perturbation=YK 4-279,0.11605899788798882
T5c,scGen,B,perturbation=SCH-58261,0.0008710927152470746
T5c,scGen,B,perturbation=BX 912,0.07804549208593328
T5c,scGen,B,perturbation=GLPG0634,0.1744063963895211
T5c,scGen,B,perturbation=Defactinib,0.1197110511545962
T5c,scGen,B,perturbation=Nilotinib,0.2080740227410396
T5c,scGen,B,perturbation=ABT737,0.01959066801654395
T5c,scGen,B,perturbation=Nefazodone,0.05145348644230141
T5c,scGen,B,perturbation=Buspirone,0.08643422589744058
T5c,scGen,B,perturbation=Colforsin,-0.036561584775341306
T5c,scGen,B,perturbation=Doxorubicin,0.24839574513657653
T5c,scGen,B,perturbation=Mubritinib (TAK 165),0.08970661271195858
T5c,scGen,B,perturbation=BI-D1870,0.08911664526697974
T5c,scGen,B,perturbation=AT 7867,0.1457592072483746
T5c,scGen,B,perturbation=PRT-062607,0.2417537887315868
T5c,scGen,B,perturbation=STK219801,0.022851142973503116
T5c,scGen,B,perturbation=Midostaurin,0.20835433913691803
T5c,scGen,B,perturbation=PF-03814735,0.3449424498089649
T5c,scGen,B,perturbation=Vanoxerine,0.026328838467946977
T5c,scGen,B,perturbation=AZD3514,0.03956957685447451
T5c,scGen,B,perturbation=OSI-930,-0.033598889483372814
T5c,scGen,B,perturbation=AZ628,0.2474956079532305
T5c,scGen,B,perturbation=TPCA-1,0.31672594653452696
T5c,scGen,B,perturbation=CEP-37440,0.1383449922512911
T5c,scGen,B,perturbation=Tivantinib,0.08751167524045261
T5c,scGen,B,perturbation=AZD4547,0.05090561991789633
T5c,scGen,B,perturbation=SB525334,0.14519523267018042
T5c,scGen,B,perturbation=HMN-214,0.18831328593260407
T5c,scGen,B,perturbation=GO-6976,0.21469622161501822
T5c,scGen,B,perturbation=AZD-8330,0.08173763235180545
T5c,scGen,B,perturbation=MGCD-265,0.06762341091597973
T5c,scGen,B,perturbation=GSK256066,0.16257789748982598
T5c,scGen,B,perturbation=Tosedostat,0.0016689119965055878
T5c,scGen,B,perturbation=Prednisolone,0.37018965062200726
T5c,scGen,B,perturbation=HYDROXYUREA,-0.018741231964038062
T5c,scGen,B,perturbation=Decitabine,-0.09126547446352355
T5c,scGen,B,perturbation=CC-401,0.17349995448120648
T5c,scGen,B,perturbation=Saracatinib,0.20114927970275912
T5c,scGen,B,perturbation=Masitinib,0.05000284739835563
T5c,scGen,B,perturbation=GSK-1070916,0.07577084832613169
T5c,scGen,B,perturbation=R428,0.2153842143857556
T5c,scGen,B,perturbation=Colchicine,0.2674833211580771
T5c,scGen,B,perturbation=Tacalcitol,0.09676505590576862
T5c,scGen,B,perturbation=LDN 193189,-0.06536136074787019
T5c,scGen,B,perturbation=Resminostat,0.42173414697604655
T5c,scGen,B,perturbation=RG7112,-0.003018691424495626
T5c,scGen,B,perturbation=Ricolinostat,0.05493873936034541
T5c,scGen,B,perturbation=Oxybenzone,-0.01634681899145634
T5c,scGen,B,perturbation=ABT-199 (GDC-0199),0.11892401241622245
T5c,scGen,B,perturbation=Selumetinib,0.13792584049218098
T5c,scGen,B,perturbation=Cabozantinib,0.09675411686280122
T5c,scGen,B,perturbation=Crizotinib,0.20974749961816366
T5c,scGen,B,perturbation=Lamivudine,0.08565172361860911
T5c,scGen,B,perturbation=Ceritinib,0.0424262037445519
T5c,scGen,B,perturbation=Bosutinib,0.3328917870374771
T5c,scGen,B,perturbation=Vandetanib,-0.01571258820515082
T5c,scGen,B,perturbation=Mometasone Furoate,0.47626828934130433
T5c,scGen,B,perturbation=Clotrimazole,0.04782488950903774
T5c,scGen,B,perturbation=CGP 60474,0.1724315770003041
T5c,scGen,Mono,perturbation=Atorvastatin,-0.0011042048676953463
T5c,scGen,Mono,perturbation=5-(9-Isopropyl-8-methyl-2-morpholino-9H-purin-6-yl)pyrimidin-2-amine,0.4070448550654063
T5c,scGen,Mono,perturbation=Topotecan,0.23001779665096364
T5c,scGen,Mono,perturbation=BMS-265246,0.1088596281361433
T5c,scGen,Mono,perturbation=AMD-070 (hydrochloride),0.062425200776097624
T5c,scGen,Mono,perturbation=AT13387,0.36084141809648407
T5c,scGen,Mono,perturbation=Desloratadine,0.08205190481307761
T5c,scGen,Mono,perturbation=Ganetespib (STA-9090),0.4104992771856208
T5c,scGen,Mono,perturbation=O-Demethylated Adapalene,0.1700018347264883
T5c,scGen,Mono,perturbation=BAY 87-2243,0.2016688346692896
T5c,scGen,Mono,perturbation=Ruxolitinib,0.29087257842832737
T5c,scGen,Mono,perturbation=Sgc-cbp30,0.3268511982538064
T5c,scGen,Mono,perturbation=PF-04691502,0.1808611832259114
T5c,scGen,Mono,perturbation=Dactolisib,0.4861116193168913
T5c,scGen,Mono,perturbation=Alogliptin,0.11396500955887462
T5c,scGen,Mono,perturbation=Clomipramine,0.1534354241663771
T5c,scGen,Mono,perturbation=Protriptyline,0.11509901121565555
T5c,scGen,Mono,perturbation=Phenylbutazone,0.12368276467521981
T5c,scGen,Mono,perturbation=Pomalidomide,0.03961671074243008
T5c,scGen,Mono,perturbation=FK 866,0.3202507472476373
T5c,scGen,Mono,perturbation=Perhexiline,0.22317865644237084
T5c,scGen,Mono,perturbation=BMS-536924,0.29149771103852096
T5c,scGen,Mono,perturbation=Penfluridol,0.12836137205849113
T5c,scGen,Mono,perturbation=Sunitinib,0.09312356014767456
T5c,scGen,Mono,perturbation=I-BET151,0.2964806213119326
T5c,scGen,Mono,perturbation=K-02288,0.15196903157888894
T5c,scGen,Mono,perturbation=Dovitinib,0.04730661558817357
T5c,scGen,Mono,perturbation=Chlorpheniramine,0.017536461437172628
T5c,scGen,Mono,perturbation=IKK Inhibitor VII,0.3043973487342666
T5c,scGen,Mono,perturbation=Quizartinib,0.10745434778749109
T5c,scGen,Mono,perturbation=Tivozanib,0.09511368169499408
T5c,scGen,Mono,perturbation=Foretinib,0.2570459405090495
T5c,scGen,Mono,perturbation=BMS-777607,0.2071135669648568
T5c,scGen,Mono,perturbation=AVL-292,0.18060160895307625
T5c,scGen,Mono,perturbation=Scriptaid,0.33043359972758873
T5c,scGen,Mono,perturbation=RVX-208,0.12828622368627474
T5c,scGen,Mono,perturbation=Amiodarone,0.05593200462837012
T5c,scGen,Mono,perturbation=RN-486,0.2233243798716702
T5c,scGen,Mono,perturbation=Tamatinib,0.3139485468056557
T5c,scGen,Mono,perturbation=GW843682X,0.07155387059996456
T5c,scGen,Mono,perturbation=Porcn Inhibitor III,0.1300663413685966
T5c,scGen,Mono,perturbation=Navitoclax,0.044345806209089365
T5c,scGen,Mono,perturbation=BAY 61-3606,0.29568377933415146
T5c,scGen,Mono,perturbation=Ketoconazole,0.4451998878048545
T5c,scGen,Mono,perturbation=Isoniazid,0.10630369450844887
T5c,scGen,Mono,perturbation=PD-0325901,0.08828921806823536
T5c,scGen,Mono,perturbation=TIE2 Kinase Inhibitor,0.07045719309780964
T5c,scGen,Mono,perturbation=TL_HRAS26,0.10280629524259394
T5c,scGen,Mono,perturbation=Methotrexate,0.148214049763709
T5c,scGen,Mono,perturbation=LY2090314,0.08260132939349797
T5c,scGen,Mono,perturbation=Alvocidib,-0.05909556983450337
T5c,scGen,Mono,perturbation=IMD-0354,0.275603553238635
T5c,scGen,Mono,perturbation=MK-5108,0.042136908495496776
T5c,scGen,Mono,perturbation=Ixabepilone,0.1484405225847918
T5c,scGen,Mono,perturbation=IN1451,0.6048388250604271
T5c,scGen,Mono,perturbation=Proscillaridin A;Proscillaridin-A,0.41728667945727155
T5c,scGen,Mono,perturbation=Palbociclib,0.09275215162915904
T5c,scGen,Mono,perturbation=Vardenafil,0.05615143832829262
T5c,scGen,Mono,perturbation=Disulfiram,0.04467039402029367
T5c,scGen,Mono,perturbation=Canertinib,-0.0074126720502440515
T5c,scGen,Mono,perturbation=Lapatinib,0.06800881185634207
T5c,scGen,Mono,perturbation=Linagliptin,0.07729873400595247
T5c,scGen,Mono,perturbation=Raloxifene,0.14265608606644758
T5c,scGen,Mono,perturbation=Vorinostat,0.26834881760723384
T5c,scGen,Mono,perturbation=Trametinib,0.09316404292379538
T5c,scGen,Mono,perturbation=Dasatinib,0.3902548902940417
T5c,scGen,Mono,perturbation=Flutamide,0.09632075471969676
T5c,scGen,Mono,perturbation=Idelalisib,0.08792368252155684
T5c,scGen,Mono,perturbation=Riociguat,0.1627904581892522
T5c,scGen,Mono,perturbation=Azacitidine,0.03390350272478412
T5c,scGen,Mono,perturbation=TGX 221,0.23244467685171913
T5c,scGen,Mono,perturbation=CGM-097,0.20327540241898762
T5c,scGen,Mono,perturbation=Clemastine,0.12516387280885305
T5c,scGen,Mono,perturbation=Imatinib,-0.018745910521029915
T5c,scGen,Mono,perturbation=Tipifarnib,0.14559297962530698
T5c,scGen,Mono,perturbation=RG7090,0.10891465842119148
T5c,scGen,Mono,perturbation=CHIR-99021,0.16777313627719456
T5c,scGen,Mono,perturbation=TR-14035,0.05206201036210293
T5c,scGen,Mono,perturbation=Pitavastatin Calcium,0.41131527836462656
T5c,scGen,Mono,perturbation=SLx-2119,-0.016749914663079755
T5c,scGen,Mono,perturbation=YK 4-279,0.12556586939074538
T5c,scGen,Mono,perturbation=SCH-58261,0.020369070827103077
T5c,scGen,Mono,perturbation=BX 912,0.03210365496692999
T5c,scGen,Mono,perturbation=GLPG0634,0.22804484797737526
T5c,scGen,Mono,perturbation=Defactinib,0.18667221839937218
T5c,scGen,Mono,perturbation=Nilotinib,0.27154191325987276
T5c,scGen,Mono,perturbation=ABT737,-0.002645102728603903
T5c,scGen,Mono,perturbation=Nefazodone,0.007977026371738215
T5c,scGen,Mono,perturbation=Buspirone,0.11365239495851266
T5c,scGen,Mono,perturbation=Colforsin,0.04536864691576906
T5c,scGen,Mono,perturbation=Doxorubicin,0.28401661442190185
T5c,scGen,Mono,perturbation=Mubritinib (TAK 165),0.04882001534187215
T5c,scGen,Mono,perturbation=BI-D1870,0.09405259986265777
T5c,scGen,Mono,perturbation=AT 7867,0.2177722579700601
T5c,scGen,Mono,perturbation=PRT-062607,0.29104180457416634
T5c,scGen,Mono,perturbation=STK219801,0.0973514243777649
T5c,scGen,Mono,perturbation=Midostaurin,0.19895571823641076
T5c,scGen,Mono,perturbation=PF-03814735,0.38758892873556317
T5c,scGen,Mono,perturbation=Vanoxerine,0.09687591846385138
T5c,scGen,Mono,perturbation=AZD3514,0.10779051911775041
T5c,scGen,Mono,perturbation=OSI-930,0.08601231067433264
T5c,scGen,Mono,perturbation=AZ628,0.17381816402369235
T5c,scGen,Mono,perturbation=TPCA-1,0.33555818766168016
T5c,scGen,Mono,perturbation=CEP-37440,-0.03810027058267255
T5c,scGen,Mono,perturbation=Tivantinib,0.078841397695718
T5c,scGen,Mono,perturbation=AZD4547,0.09608667873970256
T5c,scGen,Mono,perturbation=SB525334,0.21187435045138353
T5c,scGen,Mono,perturbation=HMN-214,0.2548439643800331
T5c,scGen,Mono,perturbation=GO-6976,0.21115308893147458
T5c,scGen,Mono,perturbation=AZD-8330,0.0035477842853318393
T5c,scGen,Mono,perturbation=MGCD-265,0.0794289035372936
T5c,scGen,Mono,perturbation=GSK256066,0.10138400093307033
T5c,scGen,Mono,perturbation=Tosedostat,0.1851939409402408
T5c,scGen,Mono,perturbation=Prednisolone,0.280381256330224
T5c,scGen,Mono,perturbation=HYDROXYUREA,-0.01941282477078482
T5c,scGen,Mono,perturbation=Decitabine,-0.01055954085891765
T5c,scGen,Mono,perturbation=CC-401,0.1883851187646749
T5c,scGen,Mono,perturbation=Saracatinib,0.2513200175356618
T5c,scGen,Mono,perturbation=Masitinib,0.08880111672652832
T5c,scGen,Mono,perturbation=GSK-1070916,0.003956210832286935
T5c,scGen,Mono,perturbation=R428,0.13243348929731882
T5c,scGen,Mono,perturbation=Colchicine,0.47665914631096507
T5c,scGen,Mono,perturbation=Tacalcitol,0.1596767683586866
T5c,scGen,Mono,perturbation=LDN 193189,0.01776025083406584
T5c,scGen,Mono,perturbation=Resminostat,0.22269894915128383
T5c,scGen,Mono,perturbation=RG7112,0.003730193682602689
T5c,scGen,Mono,perturbation=Ricolinostat,0.04522974452110746
T5c,scGen,Mono,perturbation=Oxybenzone,0.0754740907821834
T5c,scGen,Mono,perturbation=ABT-199 (GDC-0199),-0.027508141924871266
T5c,scGen,Mono,perturbation=Selumetinib,0.10152496744422414
T5c,scGen,Mono,perturbation=Cabozantinib,0.1713850717305182
T5c,scGen,Mono,perturbation=Crizotinib,0.23461424488347749
T5c,scGen,Mono,perturbation=Lamivudine,0.07672516102129102
T5c,scGen,Mono,perturbation=Ceritinib,0.10479509750667824
T5c,scGen,Mono,perturbation=Bosutinib,0.3570152932152035
T5c,scGen,Mono,perturbation=Vandetanib,0.10482455439749286
T5c,scGen,Mono,perturbation=Mometasone Furoate,0.340060480122447
T5c,scGen,Mono,perturbation=Clotrimazole,0.0007134141273902255
T5c,scGen,Mono,perturbation=UNII-BXU45ZH6LI,0.38931927687321033
T5c,scGen,Mono,perturbation=BMS-387032,0.16082729598387863
T5c,scGen,NK,perturbation=Atorvastatin,0.12813933257728197
T5c,scGen,NK,perturbation=5-(9-Isopropyl-8-methyl-2-morpholino-9H-purin-6-yl)pyrimidin-2-amine,0.4196296149209022
T5c,scGen,NK,perturbation=Topotecan,0.2967809533456686
T5c,scGen,NK,perturbation=BMS-265246,0.2675800467783096
T5c,scGen,NK,perturbation=AMD-070 (hydrochloride),0.11772504991604307
T5c,scGen,NK,perturbation=AT13387,0.5544722982897641
T5c,scGen,NK,perturbation=Desloratadine,0.1193260222555476
T5c,scGen,NK,perturbation=Ganetespib (STA-9090),0.5690204078131311
T5c,scGen,NK,perturbation=O-Demethylated Adapalene,0.18042436888541777
T5c,scGen,NK,perturbation=BAY 87-2243,0.3021790785439011
T5c,scGen,NK,perturbation=Ruxolitinib,0.3115186740445411
T5c,scGen,NK,perturbation=Sgc-cbp30,0.28018621883405
T5c,scGen,NK,perturbation=PF-04691502,0.3372572973923985
T5c,scGen,NK,perturbation=Dactolisib,0.46155325738967823
T5c,scGen,NK,perturbation=Alogliptin,0.15224715956139087
T5c,scGen,NK,perturbation=Clomipramine,0.15947785461040584
T5c,scGen,NK,perturbation=Protriptyline,0.10037541141574045
T5c,scGen,NK,perturbation=Phenylbutazone,0.19592286159751826
T5c,scGen,NK,perturbation=Pomalidomide,0.1972440126667788
T5c,scGen,NK,perturbation=FK 866,0.22566287107482552
T5c,scGen,NK,perturbation=Perhexiline,0.33553422063170923
T5c,scGen,NK,perturbation=BMS-536924,0.2906081575193313
T5c,scGen,NK,perturbation=Penfluridol,0.14188378749334568
T5c,scGen,NK,perturbation=Sunitinib,0.2051806093692382
T5c,scGen,NK,perturbation=I-BET151,0.14190093245361948
T5c,scGen,NK,perturbation=K-02288,0.16152042427797347
T5c,scGen,NK,perturbation=Dovitinib,0.2258416147017207
T5c,scGen,NK,perturbation=Chlorpheniramine,0.17265416757028185
T5c,scGen,NK,perturbation=UNII-BXU45ZH6LI,0.13693597602419172
T5c,scGen,NK,perturbation=IKK Inhibitor VII,0.26782333495803556
T5c,scGen,NK,perturbation=Quizartinib,0.1778794219429425
T5c,scGen,NK,perturbation=Tivozanib,0.17650040485511592
T5c,scGen,NK,perturbation=Foretinib,0.292288441547064
T5c,scGen,NK,perturbation=BMS-777607,0.17012593565734294
T5c,scGen,NK,perturbation=AVL-292,0.2992434609397655
T5c,scGen,NK,perturbation=Scriptaid,0.46996009059053173
T5c,scGen,NK,perturbation=RVX-208,0.13704629169023538
T5c,scGen,NK,perturbation=Amiodarone,0.17999156757165788
T5c,scGen,NK,perturbation=RN-486,0.15292169955926166
T5c,scGen,NK,perturbation=Tamatinib,0.391735982596533
T5c,scGen,NK,perturbation=GW843682X,0.17511342464416074
T5c,scGen,NK,perturbation=Porcn Inhibitor III,0.21861660005238426
T5c,scGen,NK,perturbation=Navitoclax,0.1257774041855525
T5c,scGen,NK,perturbation=BAY 61-3606,0.2547150064274299
T5c,scGen,NK,perturbation=Ketoconazole,0.5198923768717588
T5c,scGen,NK,perturbation=Isoniazid,0.11124520765451797
T5c,scGen,NK,perturbation=PD-0325901,0.20780594837214728
T5c,scGen,NK,perturbation=TIE2 Kinase Inhibitor,0.16094243572155573
T5c,scGen,NK,perturbation=CGP 60474,-0.1697788868006908
T5c,scGen,NK,perturbation=BMS-387032,0.22072709131859372
T5c,scGen,NK,perturbation=TL_HRAS26,0.17296584039313662
T5c,scGen,NK,perturbation=Methotrexate,0.26983647734888627
T5c,scGen,NK,perturbation=LY2090314,0.2844280441505946
T5c,scGen,NK,perturbation=Alvocidib,0.009927651192572573
T5c,scGen,NK,perturbation=IMD-0354,0.41102162160393524
T5c,scGen,NK,perturbation=MK-5108,0.18885210375302017
T5c,scGen,NK,perturbation=Ixabepilone,0.13475281784520216
T5c,scGen,NK,perturbation=IN1451,0.6144397915032241
T5c,scGen,NK,perturbation=Proscillaridin A;Proscillaridin-A,0.6962802254324659
T5c,scGen,NK,perturbation=Palbociclib,0.21897373059244427
T5c,scGen,NK,perturbation=Vardenafil,0.18911515940315013
T5c,scGen,NK,perturbation=Disulfiram,0.1782889073687881
T5c,scGen,NK,perturbation=Canertinib,0.1723742490226585
T5c,scGen,NK,perturbation=Lapatinib,0.18609507574969175
T5c,scGen,NK,perturbation=Linagliptin,0.15937930496048025
T5c,scGen,NK,perturbation=Raloxifene,0.24836698799995674
T5c,scGen,NK,perturbation=Vorinostat,0.39167524676570703
T5c,scGen,NK,perturbation=Trametinib,0.29394847463314794
T5c,scGen,NK,perturbation=Dasatinib,0.23934460118161588
T5c,scGen,NK,perturbation=Flutamide,0.15273654263104292
T5c,scGen,NK,perturbation=Idelalisib,0.25512093073706066
T5c,scGen,NK,perturbation=Riociguat,0.17654509731988993
T5c,scGen,NK,perturbation=Azacitidine,0.22630259140245812
T5c,scGen,NK,perturbation=TGX 221,0.24862693731877583
T5c,scGen,NK,perturbation=CGM-097,0.39125811119699744
T5c,scGen,NK,perturbation=Clemastine,0.19270051153773568
T5c,scGen,NK,perturbation=Imatinib,0.1718151805616944
T5c,scGen,NK,perturbation=Tipifarnib,0.23536820390184612
T5c,scGen,NK,perturbation=RG7090,0.3141126441258417
T5c,scGen,NK,perturbation=CHIR-99021,0.2221295688485944
T5c,scGen,NK,perturbation=TR-14035,0.22146896879833225
T5c,scGen,NK,perturbation=Pitavastatin Calcium,0.45096220239435797
T5c,scGen,NK,perturbation=SLx-2119,0.2568068479671329
T5c,scGen,NK,perturbation=YK 4-279,0.23814721063586303
T5c,scGen,NK,perturbation=SCH-58261,0.14444334520698546
T5c,scGen,NK,perturbation=BX 912,0.24569851870988466
T5c,scGen,NK,perturbation=GLPG0634,0.2940902166393886
T5c,scGen,NK,perturbation=Defactinib,0.1808771617374025
T5c,scGen,NK,perturbation=Nilotinib,0.29185478911662277
T5c,scGen,NK,perturbation=ABT737,0.11701545604182417
T5c,scGen,NK,perturbation=Nefazodone,0.17081925095172742
T5c,scGen,NK,perturbation=Buspirone,0.21356059028899899
T5c,scGen,NK,perturbation=Colforsin,0.22159195970883852
T5c,scGen,NK,perturbation=Doxorubicin,0.2771052670842867
T5c,scGen,NK,perturbation=Mubritinib (TAK 165),0.26979425105011046
T5c,scGen,NK,perturbation=BI-D1870,0.23643719472831687
T5c,scGen,NK,perturbation=AT 7867,0.25745977135952214
T5c,scGen,NK,perturbation=PRT-062607,0.3348074988724911
T5c,scGen,NK,perturbation=STK219801,0.18232691601533085
T5c,scGen,NK,perturbation=Midostaurin,0.2857335511877271
T5c,scGen,NK,perturbation=PF-03814735,0.3348517425829042
T5c,scGen,NK,perturbation=Vanoxerine,0.1748756373368878
T5c,scGen,NK,perturbation=AZD3514,0.16980767866936242
T5c,scGen,NK,perturbation=OSI-930,0.15295507997577776
T5c,scGen,NK,perturbation=AZ628,0.2638313633222241
T5c,scGen,NK,perturbation=TPCA-1,0.3828129125505075
T5c,scGen,NK,perturbation=CEP-37440,0.23951827733870693
T5c,scGen,NK,perturbation=Tivantinib,0.1823940330058295
T5c,scGen,NK,perturbation=AZD4547,0.13128855095516867
T5c,scGen,NK,perturbation=SB525334,0.2632551021149397
T5c,scGen,NK,perturbation=HMN-214,0.39750985806378303
T5c,scGen,NK,perturbation=GO-6976,0.30733388490641905
T5c,scGen,NK,perturbation=AZD-8330,0.30032092864784354
T5c,scGen,NK,perturbation=MGCD-265,0.24147591870070362
T5c,scGen,NK,perturbation=GSK256066,0.25940279150585166
T5c,scGen,NK,perturbation=Tosedostat,0.23779241663560557
T5c,scGen,NK,perturbation=Prednisolone,0.299596057937474
T5c,scGen,NK,perturbation=HYDROXYUREA,0.1512833484706798
T5c,scGen,NK,perturbation=Decitabine,0.2013415977149749
T5c,scGen,NK,perturbation=CC-401,0.3099730261758616
T5c,scGen,NK,perturbation=Saracatinib,0.288032212436166
T5c,scGen,NK,perturbation=Masitinib,0.1787520456448136
T5c,scGen,NK,perturbation=GSK-1070916,0.16002788165324416
T5c,scGen,NK,perturbation=R428,0.20675834063673101
T5c,scGen,NK,perturbation=Colchicine,0.27092168991976245
T5c,scGen,NK,perturbation=Tacalcitol,0.22010685793412996
T5c,scGen,NK,perturbation=LDN 193189,0.14604340101925145
T5c,scGen,NK,perturbation=Resminostat,0.4176063431997094
T5c,scGen,NK,perturbation=RG7112,0.23832901705284792
T5c,scGen,NK,perturbation=Ricolinostat,0.1889789676792897
T5c,scGen,NK,perturbation=Oxybenzone,0.18939855427169194
T5c,scGen,NK,perturbation=ABT-199 (GDC-0199),0.14638008221534243
T5c,scGen,NK,perturbation=Selumetinib,0.25077887054528625
T5c,scGen,NK,perturbation=Cabozantinib,0.22397768013046515
T5c,scGen,NK,perturbation=Crizotinib,0.28190051098550317
T5c,scGen,NK,perturbation=Lamivudine,0.1833948561556804
T5c,scGen,NK,perturbation=Ceritinib,0.18289640487321632
T5c,scGen,NK,perturbation=Bosutinib,0.3499802381780591
T5c,scGen,NK,perturbation=Vandetanib,0.13870576762915815
T5c,scGen,NK,perturbation=Mometasone Furoate,0.3559177058265543
T5c,scGen,NK,perturbation=Clotrimazole,0.15916801708001785
T5c,scGen,T_cells,perturbation=Atorvastatin,0.09923296950124628
T5c,scGen,T_cells,perturbation=5-(9-Isopropyl-8-methyl-2-morpholino-9H-purin-6-yl)pyrimidin-2-amine,0.3295978965373228
T5c,scGen,T_cells,perturbation=Topotecan,0.18727926976084974
T5c,scGen,T_cells,perturbation=BMS-265246,0.19509009517933174
T5c,scGen,T_cells,perturbation=AMD-070 (hydrochloride),0.09965382977311314
T5c,scGen,T_cells,perturbation=AT13387,0.5430353936185004
T5c,scGen,T_cells,perturbation=Desloratadine,0.15003911495336858
T5c,scGen,T_cells,perturbation=Ganetespib (STA-9090),0.5645374165203652
T5c,scGen,T_cells,perturbation=O-Demethylated Adapalene,0.1555686300186788
T5c,scGen,T_cells,perturbation=BAY 87-2243,0.23404872484004027
T5c,scGen,T_cells,perturbation=Ruxolitinib,0.274262665626183
T5c,scGen,T_cells,perturbation=Sgc-cbp30,0.12335052510815478
T5c,scGen,T_cells,perturbation=PF-04691502,0.2483236852981995
T5c,scGen,T_cells,perturbation=Dactolisib,0.4670860075833241
T5c,scGen,T_cells,perturbation=Alogliptin,0.060968451217648344
T5c,scGen,T_cells,perturbation=Clomipramine,0.1076539235027456
T5c,scGen,T_cells,perturbation=Protriptyline,0.10231819710484463
T5c,scGen,T_cells,perturbation=Phenylbutazone,0.08215646508550423
T5c,scGen,T_cells,perturbation=Pomalidomide,0.059940467597429846
T5c,scGen,T_cells,perturbation=FK 866,0.19770862610349316
T5c,scGen,T_cells,perturbation=Perhexiline,0.3194467822642369
T5c,scGen,T_cells,perturbation=BMS-536924,0.24240494884640892
T5c,scGen,T_cells,perturbation=Penfluridol,0.1183115922989303
T5c,scGen,T_cells,perturbation=Sunitinib,0.2450323173139404
T5c,scGen,T_cells,perturbation=I-BET151,0.21245050249209133
T5c,scGen,T_cells,perturbation=K-02288,0.09628731328169271
T5c,scGen,T_cells,perturbation=Dovitinib,0.0136669379784543
T5c,scGen,T_cells,perturbation=Chlorpheniramine,0.14154442450603483
T5c,scGen,T_cells,perturbation=UNII-BXU45ZH6LI,0.3727225904502345
T5c,scGen,T_cells,perturbation=IKK Inhibitor VII,0.24979443048742025
T5c,scGen,T_cells,perturbation=Quizartinib,0.08770473115110862
T5c,scGen,T_cells,perturbation=Tivozanib,0.0575122778743079
T5c,scGen,T_cells,perturbation=Foretinib,0.22645168524096754
T5c,scGen,T_cells,perturbation=BMS-777607,0.07719915302064956
T5c,scGen,T_cells,perturbation=AVL-292,0.23372393539015232
T5c,scGen,T_cells,perturbation=Scriptaid,0.5435047360478451
T5c,scGen,T_cells,perturbation=RVX-208,0.06412696287614031
T5c,scGen,T_cells,perturbation=Amiodarone,0.14080053602710052
T5c,scGen,T_cells,perturbation=RN-486,0.01826803326456756
T5c,scGen,T_cells,perturbation=Tamatinib,0.29706250667528306
T5c,scGen,T_cells,perturbation=GW843682X,0.027423491834469897
T5c,scGen,T_cells,perturbation=Porcn Inhibitor III,0.21037576160820698
T5c,scGen,T_cells,perturbation=Navitoclax,0.027118152197429947
T5c,scGen,T_cells,perturbation=BAY 61-3606,0.27161686999747076
T5c,scGen,T_cells,perturbation=Ketoconazole,0.45997586135468654
T5c,scGen,T_cells,perturbation=Isoniazid,0.022967874084369354
T5c,scGen,T_cells,perturbation=PD-0325901,0.10160584259863761
T5c,scGen,T_cells,perturbation=TIE2 Kinase Inhibitor,0.0707171660525265
T5c,scGen,T_cells,perturbation=CGP 60474,0.005869246702998272
T5c,scGen,T_cells,perturbation=BMS-387032,0.299029529092682
T5c,scGen,T_cells,perturbation=TL_HRAS26,0.08933768161782704
T5c,scGen,T_cells,perturbation=Methotrexate,0.20303120946891526
T5c,scGen,T_cells,perturbation=LY2090314,0.21842864534765272
T5c,scGen,T_cells,perturbation=Alvocidib,0.0
T5c,scGen,T_cells,perturbation=IMD-0354,0.39679720413672237
T5c,scGen,T_cells,perturbation=MK-5108,0.11777637056731122
T5c,scGen,T_cells,perturbation=Ixabepilone,0.05788160061105277
T5c,scGen,T_cells,perturbation=IN1451,0.7629248772198056
T5c,scGen,T_cells,perturbation=Proscillaridin A;Proscillaridin-A,0.6384414695171918
T5c,scGen,T_cells,perturbation=Palbociclib,0.14608489688155613
T5c,scGen,T_cells,perturbation=Vardenafil,0.13918252585085653
T5c,scGen,T_cells,perturbation=Disulfiram,0.03620702254710409
T5c,scGen,T_cells,perturbation=Canertinib,0.08338975800103303
T5c,scGen,T_cells,perturbation=Lapatinib,0.06239282044012696
T5c,scGen,T_cells,perturbation=Linagliptin,0.1682381814084167
T5c,scGen,T_cells,perturbation=Raloxifene,0.22101020939808272
T5c,scGen,T_cells,perturbation=Vorinostat,0.4538341814595691
T5c,scGen,T_cells,perturbation=Trametinib,0.17441596032186035
T5c,scGen,T_cells,perturbation=Dasatinib,0.307916866215074
T5c,scGen,T_cells,perturbation=Flutamide,0.010141466404741527
T5c,scGen,T_cells,perturbation=Idelalisib,0.10269735261942801
T5c,scGen,T_cells,perturbation=Riociguat,0.10205605186351084
T5c,scGen,T_cells,perturbation=Azacitidine,0.12606443227905148
T5c,scGen,T_cells,perturbation=TGX 221,0.22637886346301656
T5c,scGen,T_cells,perturbation=CGM-097,0.31036446251517325
T5c,scGen,T_cells,perturbation=Clemastine,0.11049923661689563
T5c,scGen,T_cells,perturbation=Imatinib,0.05634942739185658
T5c,scGen,T_cells,perturbation=Tipifarnib,0.18397890730312902
T5c,scGen,T_cells,perturbation=RG7090,0.2418772598769815
T5c,scGen,T_cells,perturbation=CHIR-99021,0.16928033522880737
T5c,scGen,T_cells,perturbation=TR-14035,0.17441826928315216
T5c,scGen,T_cells,perturbation=Pitavastatin Calcium,0.4897349664802251
T5c,scGen,T_cells,perturbation=SLx-2119,0.12182369800989075
T5c,scGen,T_cells,perturbation=YK 4-279,0.36452219370127703
T5c,scGen,T_cells,perturbation=SCH-58261,0.14392182485848617
T5c,scGen,T_cells,perturbation=BX 912,0.13142078827089418
T5c,scGen,T_cells,perturbation=GLPG0634,0.2306224493730048
T5c,scGen,T_cells,perturbation=Defactinib,0.1390564442090953
T5c,scGen,T_cells,perturbation=Nilotinib,0.2028219589500117
T5c,scGen,T_cells,perturbation=ABT737,0.03214246253061035
T5c,scGen,T_cells,perturbation=Nefazodone,0.13587703245072066
T5c,scGen,T_cells,perturbation=Buspirone,0.16560655487554432
T5c,scGen,T_cells,perturbation=Colforsin,0.1993171810019354
T5c,scGen,T_cells,perturbation=Doxorubicin,0.16299913816455286
T5c,scGen,T_cells,perturbation=Mubritinib (TAK 165),0.2429072782205353
T5c,scGen,T_cells,perturbation=BI-D1870,0.2343678070582404
T5c,scGen,T_cells,perturbation=AT 7867,0.22236095768192055
T5c,scGen,T_cells,perturbation=PRT-062607,0.26489913778113683
T5c,scGen,T_cells,perturbation=STK219801,0.1632818617145263
T5c,scGen,T_cells,perturbation=Midostaurin,0.22995073153855106
T5c,scGen,T_cells,perturbation=PF-03814735,0.329629051416878
T5c,scGen,T_cells,perturbation=Vanoxerine,0.11318742834568206
T5c,scGen,T_cells,perturbation=AZD3514,0.14821586022190628
T5c,scGen,T_cells,perturbation=OSI-930,0.10793880638902427
T5c,scGen,T_cells,perturbation=AZ628,0.21056418980663233
T5c,scGen,T_cells,perturbation=TPCA-1,0.3528102914451253
T5c,scGen,T_cells,perturbation=CEP-37440,0.15157928249552977
T5c,scGen,T_cells,perturbation=Tivantinib,0.12674357804418496
T5c,scGen,T_cells,perturbation=AZD4547,0.1303226091651778
T5c,scGen,T_cells,perturbation=SB525334,0.23831687367763962
T5c,scGen,T_cells,perturbation=HMN-214,0.34851536630172264
T5c,scGen,T_cells,perturbation=GO-6976,0.2682374346454233
T5c,scGen,T_cells,perturbation=AZD-8330,0.1883472354640836
T5c,scGen,T_cells,perturbation=MGCD-265,0.12816528568904292
T5c,scGen,T_cells,perturbation=GSK256066,0.2598296675608095
T5c,scGen,T_cells,perturbation=Tosedostat,0.11343193716772675
T5c,scGen,T_cells,perturbation=Prednisolone,0.2799156066099258
T5c,scGen,T_cells,perturbation=HYDROXYUREA,0.12967037229626882
T5c,scGen,T_cells,perturbation=Decitabine,0.11237575797761641
T5c,scGen,T_cells,perturbation=CC-401,0.2495931830308984
T5c,scGen,T_cells,perturbation=Saracatinib,0.22954775256795906
T5c,scGen,T_cells,perturbation=Masitinib,0.07171440115749705
T5c,scGen,T_cells,perturbation=GSK-1070916,0.07130625501389377
T5c,scGen,T_cells,perturbation=R428,0.13629085669310678
T5c,scGen,T_cells,perturbation=Colchicine,0.330658175135649
T5c,scGen,T_cells,perturbation=Tacalcitol,0.1662691240191778
T5c,scGen,T_cells,perturbation=LDN 193189,0.05441141408021898
T5c,scGen,T_cells,perturbation=Resminostat,0.4340528325006954
T5c,scGen,T_cells,perturbation=RG7112,0.15034314641226296
T5c,scGen,T_cells,perturbation=Ricolinostat,0.12809894267600447
T5c,scGen,T_cells,perturbation=Oxybenzone,0.12990965251180134
T5c,scGen,T_cells,perturbation=ABT-199 (GDC-0199),0.08145223532344431
T5c,scGen,T_cells,perturbation=Selumetinib,0.19334148012647334
T5c,scGen,T_cells,perturbation=Cabozantinib,0.2364161579639807
T5c,scGen,T_cells,perturbation=Crizotinib,0.23257566038704564
T5c,scGen,T_cells,perturbation=Lamivudine,0.1335209541440434
T5c,scGen,T_cells,perturbation=Ceritinib,0.06158210720201418
T5c,scGen,T_cells,perturbation=Bosutinib,0.3045842580176138
T5c,scGen,T_cells,perturbation=Vandetanib,0.10607294648607304
T5c,scGen,T_cells,perturbation=Mometasone Furoate,0.4256077881948748
T5c,scGen,T_cells,perturbation=Clotrimazole,0.1696270525377321
T5c,scPRAM,B,perturbation=Atorvastatin,0.11937598288490642
T5c,scPRAM,B,perturbation=5-(9-Isopropyl-8-methyl-2-morpholino-9H-purin-6-yl)pyrimidin-2-amine,0.31865066122831603
T5c,scPRAM,B,perturbation=Topotecan,0.24943716476665637
T5c,scPRAM,B,perturbation=BMS-265246,0.28205160072995356
T5c,scPRAM,B,perturbation=AMD-070 (hydrochloride),0.1415430549861492
T5c,scPRAM,B,perturbation=AT13387,0.4993323193314355
T5c,scPRAM,B,perturbation=Desloratadine,0.04955546815961846
T5c,scPRAM,B,perturbation=Ganetespib (STA-9090),0.5277915854265466
T5c,scPRAM,B,perturbation=O-Demethylated Adapalene,0.0779895773504886
T5c,scPRAM,B,perturbation=BAY 87-2243,0.22136878672498436
T5c,scPRAM,B,perturbation=Ruxolitinib,0.20651823963660923
T5c,scPRAM,B,perturbation=Sgc-cbp30,0.22422716830769868
T5c,scPRAM,B,perturbation=PF-04691502,0.1972787231272868
T5c,scPRAM,B,perturbation=Dactolisib,0.2654393569476446
T5c,scPRAM,B,perturbation=Alogliptin,0.035449965935016016
T5c,scPRAM,B,perturbation=Clomipramine,0.10183212819688864
T5c,scPRAM,B,perturbation=Protriptyline,0.08410521241225952
T5c,scPRAM,B,perturbation=Phenylbutazone,0.07918919964385694
T5c,scPRAM,B,perturbation=Pomalidomide,0.22917632849477676
T5c,scPRAM,B,perturbation=FK 866,0.2717075203067039
T5c,scPRAM,B,perturbation=Perhexiline,0.2472760235145262
T5c,scPRAM,B,perturbation=BMS-536924,0.19602042594213143
T5c,scPRAM,B,perturbation=Penfluridol,0.11682961633816907
T5c,scPRAM,B,perturbation=Sunitinib,0.07175921120599531
T5c,scPRAM,B,perturbation=I-BET151,0.3254083982861106
T5c,scPRAM,B,perturbation=K-02288,0.13099972557971662
T5c,scPRAM,B,perturbation=Dovitinib,0.155174599149979
T5c,scPRAM,B,perturbation=Chlorpheniramine,0.09687057418056198
T5c,scPRAM,B,perturbation=UNII-BXU45ZH6LI,0.3482475439438356
T5c,scPRAM,B,perturbation=IKK Inhibitor VII,0.1519690237937394
T5c,scPRAM,B,perturbation=Quizartinib,0.0940847930470922
T5c,scPRAM,B,perturbation=Tivozanib,0.08583440854663783
T5c,scPRAM,B,perturbation=Foretinib,0.13863407923077892
T5c,scPRAM,B,perturbation=BMS-777607,0.10982890843959026
T5c,scPRAM,B,perturbation=AVL-292,0.15964782931875618
T5c,scPRAM,B,perturbation=Scriptaid,0.19075373854923075
T5c,scPRAM,B,perturbation=RVX-208,0.06369706365866029
T5c,scPRAM,B,perturbation=Amiodarone,0.058734910354603154
T5c,scPRAM,B,perturbation=RN-486,0.11212593624745348
T5c,scPRAM,B,perturbation=Tamatinib,0.19806288391554785
T5c,scPRAM,B,perturbation=GW843682X,0.11811948252047333
T5c,scPRAM,B,perturbation=Porcn Inhibitor III,0.16344993652509002
T5c,scPRAM,B,perturbation=Navitoclax,0.11869453733323554
T5c,scPRAM,B,perturbation=BAY 61-3606,0.23716798676447184
T5c,scPRAM,B,perturbation=Ketoconazole,0.4976380841121302
T5c,scPRAM,B,perturbation=Isoniazid,0.037350455127738734
T5c,scPRAM,B,perturbation=PD-0325901,0.191551934227292
T5c,scPRAM,B,perturbation=TIE2 Kinase Inhibitor,0.01525501419834795
T5c,scPRAM,B,perturbation=BMS-387032,0.20259266072158777
T5c,scPRAM,B,perturbation=TL_HRAS26,0.1403680159318777
T5c,scPRAM,B,perturbation=Methotrexate,0.2750032924889281
T5c,scPRAM,B,perturbation=LY2090314,0.29346674116695254
T5c,scPRAM,B,perturbation=Alvocidib,0.05020225523823994
T5c,scPRAM,B,perturbation=IMD-0354,0.35585117453698495
T5c,scPRAM,B,perturbation=MK-5108,0.08859848076776448
T5c,scPRAM,B,perturbation=Ixabepilone,0.07935007192444292
T5c,scPRAM,B,perturbation=IN1451,0.6825977923370755
T5c,scPRAM,B,perturbation=Proscillaridin A;Proscillaridin-A,0.44878210564726284
T5c,scPRAM,B,perturbation=Palbociclib,0.06871174560131514
T5c,scPRAM,B,perturbation=Vardenafil,0.04280484462668755
T5c,scPRAM,B,perturbation=Disulfiram,0.09036281221197506
T5c,scPRAM,B,perturbation=Canertinib,0.1216544823173344
T5c,scPRAM,B,perturbation=Lapatinib,0.1401341736854281
T5c,scPRAM,B,perturbation=Linagliptin,0.04617910300240095
T5c,scPRAM,B,perturbation=Raloxifene,0.28426776442257234
T5c,scPRAM,B,perturbation=Vorinostat,0.16127103682484256
T5c,scPRAM,B,perturbation=Trametinib,0.24754988036995274
T5c,scPRAM,B,perturbation=Dasatinib,0.2743637282598769
T5c,scPRAM,B,perturbation=Flutamide,0.11131477908519816
T5c,scPRAM,B,perturbation=Idelalisib,0.1478858456843146
T5c,scPRAM,B,perturbation=Riociguat,0.11881154362941108
T5c,scPRAM,B,perturbation=Azacitidine,0.14575874313257128
T5c,scPRAM,B,perturbation=TGX 221,0.1499629365941384
T5c,scPRAM,B,perturbation=CGM-097,0.4923491122847574
T5c,scPRAM,B,perturbation=Clemastine,0.18257853407540808
T5c,scPRAM,B,perturbation=Imatinib,0.13799030897803294
T5c,scPRAM,B,perturbation=Tipifarnib,0.19488878904854517
T5c,scPRAM,B,perturbation=RG7090,0.14909521094061848
T5c,scPRAM,B,perturbation=CHIR-99021,0.12716001245160216
T5c,scPRAM,B,perturbation=TR-14035,0.07450286758886081
T5c,scPRAM,B,perturbation=Pitavastatin Calcium,0.4069824609149252
T5c,scPRAM,B,perturbation=SLx-2119,0.13415960603091143
T5c,scPRAM,B,perturbation=YK 4-279,0.16496161021311975
T5c,scPRAM,B,perturbation=SCH-58261,0.15640360867488323
T5c,scPRAM,B,perturbation=BX 912,0.17155752517998268
T5c,scPRAM,B,perturbation=GLPG0634,0.2096204450269293
T5c,scPRAM,B,perturbation=Defactinib,0.14996082758117274
T5c,scPRAM,B,perturbation=Nilotinib,0.23481319089985594
T5c,scPRAM,B,perturbation=ABT737,0.06668389377065656
T5c,scPRAM,B,perturbation=Nefazodone,0.19934064634747992
T5c,scPRAM,B,perturbation=Buspirone,0.17080490775720877
T5c,scPRAM,B,perturbation=Colforsin,0.08278719325415639
T5c,scPRAM,B,perturbation=Doxorubicin,0.14378209363043154
T5c,scPRAM,B,perturbation=Mubritinib (TAK 165),0.14667339601035723
T5c,scPRAM,B,perturbation=BI-D1870,0.1714339248526633
T5c,scPRAM,B,perturbation=AT 7867,0.24908949615254067
T5c,scPRAM,B,perturbation=PRT-062607,0.24565018520635015
T5c,scPRAM,B,perturbation=STK219801,0.12507463042981462
T5c,scPRAM,B,perturbation=Midostaurin,0.23892689547512028
T5c,scPRAM,B,perturbation=PF-03814735,0.25252559524711576
T5c,scPRAM,B,perturbation=Vanoxerine,0.14799199535622048
T5c,scPRAM,B,perturbation=AZD3514,0.14146122619740992
T5c,scPRAM,B,perturbation=OSI-930,0.10015015575878432
T5c,scPRAM,B,perturbation=AZ628,0.24704145853209347
T5c,scPRAM,B,perturbation=TPCA-1,0.26918123143832584
T5c,scPRAM,B,perturbation=CEP-37440,0.2697872033344766
T5c,scPRAM,B,perturbation=Tivantinib,0.13594842843318297
T5c,scPRAM,B,perturbation=AZD4547,0.16646692615151956
T5c,scPRAM,B,perturbation=SB525334,0.3352554922028872
T5c,scPRAM,B,perturbation=HMN-214,0.16978635026449296
T5c,scPRAM,B,perturbation=GO-6976,0.2533276966991213
T5c,scPRAM,B,perturbation=AZD-8330,0.1852088337175622
T5c,scPRAM,B,perturbation=MGCD-265,0.2021712579694135
T5c,scPRAM,B,perturbation=GSK256066,0.205920510077261
T5c,scPRAM,B,perturbation=Tosedostat,0.12249230926385983
T5c,scPRAM,B,perturbation=Prednisolone,0.38561120203273214
T5c,scPRAM,B,perturbation=HYDROXYUREA,0.1032726689144683
T5c,scPRAM,B,perturbation=Decitabine,0.11265446929804242
T5c,scPRAM,B,perturbation=CC-401,0.22170393207322392
T5c,scPRAM,B,perturbation=Saracatinib,0.20371571248472903
T5c,scPRAM,B,perturbation=Masitinib,0.04928722592825038
T5c,scPRAM,B,perturbation=GSK-1070916,0.09908871849646178
T5c,scPRAM,B,perturbation=R428,0.2699115097188851
T5c,scPRAM,B,perturbation=Colchicine,0.32770695472087696
T5c,scPRAM,B,perturbation=Tacalcitol,0.16107459591379214
T5c,scPRAM,B,perturbation=LDN 193189,0.07353948663730932
T5c,scPRAM,B,perturbation=Resminostat,0.14919642126398416
T5c,scPRAM,B,perturbation=RG7112,0.15460227957451936
T5c,scPRAM,B,perturbation=Ricolinostat,0.10261485915667048
T5c,scPRAM,B,perturbation=Oxybenzone,0.11849582618010387
T5c,scPRAM,B,perturbation=ABT-199 (GDC-0199),0.22889897317118113
T5c,scPRAM,B,perturbation=Selumetinib,0.10317788356203937
T5c,scPRAM,B,perturbation=Cabozantinib,0.32620254428744777
T5c,scPRAM,B,perturbation=Crizotinib,0.2286737627082205
T5c,scPRAM,B,perturbation=Lamivudine,0.16959356608974493
T5c,scPRAM,B,perturbation=Ceritinib,0.12038670924410401
T5c,scPRAM,B,perturbation=Bosutinib,0.3094833857306532
T5c,scPRAM,B,perturbation=Vandetanib,0.09585238412301349
T5c,scPRAM,B,perturbation=Mometasone Furoate,0.33531118921668385
T5c,scPRAM,B,perturbation=Clotrimazole,0.12742116497962633
T5c,scPRAM,B,perturbation=CGP 60474,0.2310567953351278
T5c,scPRAM,Mono,perturbation=Atorvastatin,0.17062402391238116
T5c,scPRAM,Mono,perturbation=5-(9-Isopropyl-8-methyl-2-morpholino-9H-purin-6-yl)pyrimidin-2-amine,0.3976492048183871
T5c,scPRAM,Mono,perturbation=Topotecan,0.12830125934556158
T5c,scPRAM,Mono,perturbation=BMS-265246,0.004799556414942628
T5c,scPRAM,Mono,perturbation=AMD-070 (hydrochloride),-0.03506099977587225
T5c,scPRAM,Mono,perturbation=AT13387,0.3599001019482405
T5c,scPRAM,Mono,perturbation=Desloratadine,0.12043285312912302
T5c,scPRAM,Mono,perturbation=Ganetespib (STA-9090),0.4770024640037576
T5c,scPRAM,Mono,perturbation=O-Demethylated Adapalene,0.1038067034106673
T5c,scPRAM,Mono,perturbation=BAY 87-2243,0.2992735791932329
T5c,scPRAM,Mono,perturbation=Ruxolitinib,0.23843503172797625
T5c,scPRAM,Mono,perturbation=Sgc-cbp30,0.22611905811222713
T5c,scPRAM,Mono,perturbation=PF-04691502,0.16327398826932527
T5c,scPRAM,Mono,perturbation=Dactolisib,0.4674025307757489
T5c,scPRAM,Mono,perturbation=Alogliptin,0.007866661443565275
T5c,scPRAM,Mono,perturbation=Clomipramine,0.17288072496027299
T5c,scPRAM,Mono,perturbation=Protriptyline,0.05401247067973865
T5c,scPRAM,Mono,perturbation=Phenylbutazone,0.1725956843851898
T5c,scPRAM,Mono,perturbation=Pomalidomide,-0.02425298589534404
T5c,scPRAM,Mono,perturbation=FK 866,0.2526438697153951
T5c,scPRAM,Mono,perturbation=Perhexiline,0.1142375034577855
T5c,scPRAM,Mono,perturbation=BMS-536924,0.14223981121634358
T5c,scPRAM,Mono,perturbation=Penfluridol,0.1111034295806741
T5c,scPRAM,Mono,perturbation=Sunitinib,-0.011290245615283833
T5c,scPRAM,Mono,perturbation=I-BET151,0.33739124379071683
T5c,scPRAM,Mono,perturbation=K-02288,0.12609075809903927
T5c,scPRAM,Mono,perturbation=Dovitinib,-0.03804602048439872
T5c,scPRAM,Mono,perturbation=Chlorpheniramine,-0.13372082763598994
T5c,scPRAM,Mono,perturbation=IKK Inhibitor VII,0.18761572320296122
T5c,scPRAM,Mono,perturbation=Quizartinib,0.17581110031570032
T5c,scPRAM,Mono,perturbation=Tivozanib,-0.003702184811087632
T5c,scPRAM,Mono,perturbation=Foretinib,0.2670737386081894
T5c,scPRAM,Mono,perturbation=BMS-777607,0.12889991544885707
T5c,scPRAM,Mono,perturbation=AVL-292,0.12969174743183287
T5c,scPRAM,Mono,perturbation=Scriptaid,0.38039528970775127
T5c,scPRAM,Mono,perturbation=RVX-208,0.15649337840247549
T5c,scPRAM,Mono,perturbation=Amiodarone,0.028098726507465137
T5c,scPRAM,Mono,perturbation=RN-486,0.23029383835189898
T5c,scPRAM,Mono,perturbation=Tamatinib,0.28103616018022776
T5c,scPRAM,Mono,perturbation=GW843682X,0.012423202661437871
T5c,scPRAM,Mono,perturbation=Porcn Inhibitor III,0.04148732969665381
T5c,scPRAM,Mono,perturbation=Navitoclax,0.06459088346277768
T5c,scPRAM,Mono,perturbation=BAY 61-3606,0.3146298882662798
T5c,scPRAM,Mono,perturbation=Ketoconazole,0.16588763487026117
T5c,scPRAM,Mono,perturbation=Isoniazid,-0.012337512886343579
T5c,scPRAM,Mono,perturbation=PD-0325901,0.025609634001706072
T5c,scPRAM,Mono,perturbation=TIE2 Kinase Inhibitor,0.1595709996519726
T5c,scPRAM,Mono,perturbation=TL_HRAS26,-0.010442607696952053
T5c,scPRAM,Mono,perturbation=Methotrexate,0.03653784320442612
T5c,scPRAM,Mono,perturbation=LY2090314,0.14209696255805482
T5c,scPRAM,Mono,perturbation=Alvocidib,-0.10424391420629105
T5c,scPRAM,Mono,perturbation=IMD-0354,0.2026174639805657
T5c,scPRAM,Mono,perturbation=MK-5108,0.11488308945249733
T5c,scPRAM,Mono,perturbation=Ixabepilone,0.19640371627030911
T5c,scPRAM,Mono,perturbation=IN1451,0.36717897685848006
T5c,scPRAM,Mono,perturbation=Proscillaridin A;Proscillaridin-A,0.4262453928577207
T5c,scPRAM,Mono,perturbation=Palbociclib,0.0408152111363169
T5c,scPRAM,Mono,perturbation=Vardenafil,-0.04168425025915512
T5c,scPRAM,Mono,perturbation=Disulfiram,-0.05816630738444007
T5c,scPRAM,Mono,perturbation=Canertinib,-0.002838169887161961
T5c,scPRAM,Mono,perturbation=Lapatinib,0.020589308224230725
T5c,scPRAM,Mono,perturbation=Linagliptin,0.06605751342683874
T5c,scPRAM,Mono,perturbation=Raloxifene,0.04332908043769823
T5c,scPRAM,Mono,perturbation=Vorinostat,0.3137953803201369
T5c,scPRAM,Mono,perturbation=Trametinib,-0.026423750968954326
T5c,scPRAM,Mono,perturbation=Dasatinib,0.3685391780793381
T5c,scPRAM,Mono,perturbation=Flutamide,-0.006412906888664869
T5c,scPRAM,Mono,perturbation=Idelalisib,0.0017305862747254096
T5c,scPRAM,Mono,perturbation=Riociguat,0.04324890655560533
T5c,scPRAM,Mono,perturbation=Azacitidine,0.09645365087205283
T5c,scPRAM,Mono,perturbation=TGX 221,0.164418345085749
T5c,scPRAM,Mono,perturbation=CGM-097,-0.006996440316801796
T5c,scPRAM,Mono,perturbation=Clemastine,0.20198422743902533
T5c,scPRAM,Mono,perturbation=Imatinib,-0.14212040860822484
T5c,scPRAM,Mono,perturbation=Tipifarnib,0.09289405444808195
T5c,scPRAM,Mono,perturbation=RG7090,0.0154939295755809
T5c,scPRAM,Mono,perturbation=CHIR-99021,0.003627128369527975
T5c,scPRAM,Mono,perturbation=TR-14035,-0.07722564693721432
T5c,scPRAM,Mono,perturbation=Pitavastatin Calcium,0.17380490145158406
T5c,scPRAM,Mono,perturbation=SLx-2119,0.06353867112619874
T5c,scPRAM,Mono,perturbation=YK 4-279,-0.07290148879950292
T5c,scPRAM,Mono,perturbation=SCH-58261,-0.0010729493150695216
T5c,scPRAM,Mono,perturbation=BX 912,-0.06586552054704897
T5c,scPRAM,Mono,perturbation=GLPG0634,0.18876816826599552
T5c,scPRAM,Mono,perturbation=Defactinib,0.1019601441161281
T5c,scPRAM,Mono,perturbation=Nilotinib,0.14038641309483735
T5c,scPRAM,Mono,perturbation=ABT737,0.08621880106436872
T5c,scPRAM,Mono,perturbation=Nefazodone,-0.08804434064789438
T5c,scPRAM,Mono,perturbation=Buspirone,0.06995697951322302
T5c,scPRAM,Mono,perturbation=Colforsin,0.14850165665322262
T5c,scPRAM,Mono,perturbation=Doxorubicin,0.34172685499782524
T5c,scPRAM,Mono,perturbation=Mubritinib (TAK 165),0.05453132627224236
T5c,scPRAM,Mono,perturbation=BI-D1870,-0.15847378073748622
T5c,scPRAM,Mono,perturbation=AT 7867,0.15952858946246948
T5c,scPRAM,Mono,perturbation=PRT-062607,0.21587388410778055
T5c,scPRAM,Mono,perturbation=STK219801,0.17203517406766788
T5c,scPRAM,Mono,perturbation=Midostaurin,0.15014847934276818
T5c,scPRAM,Mono,perturbation=PF-03814735,0.3385432405185891
T5c,scPRAM,Mono,perturbation=Vanoxerine,0.1257897212683799
T5c,scPRAM,Mono,perturbation=AZD3514,0.008489414396548791
T5c,scPRAM,Mono,perturbation=OSI-930,0.05998284176922642
T5c,scPRAM,Mono,perturbation=AZ628,0.11749312857576483
T5c,scPRAM,Mono,perturbation=TPCA-1,0.26037855071818133
T5c,scPRAM,Mono,perturbation=CEP-37440,-0.09285978404229264
T5c,scPRAM,Mono,perturbation=Tivantinib,0.07666662295742852
T5c,scPRAM,Mono,perturbation=AZD4547,-0.02454013181489912
T5c,scPRAM,Mono,perturbation=SB525334,0.025418340278478016
T5c,scPRAM,Mono,perturbation=HMN-214,0.00969858649059294
T5c,scPRAM,Mono,perturbation=GO-6976,-0.026847354062323737
T5c,scPRAM,Mono,perturbation=AZD-8330,-0.12299072401937847
T5c,scPRAM,Mono,perturbation=MGCD-265,0.19651219896033634
T5c,scPRAM,Mono,perturbation=GSK256066,0.09348498005909892
T5c,scPRAM,Mono,perturbation=Tosedostat,0.20602264609632104
T5c,scPRAM,Mono,perturbation=Prednisolone,0.14151471925338205
T5c,scPRAM,Mono,perturbation=HYDROXYUREA,0.08494097063141688
T5c,scPRAM,Mono,perturbation=Decitabine,0.1369064312075693
T5c,scPRAM,Mono,perturbation=CC-401,0.22804110231810473
T5c,scPRAM,Mono,perturbation=Saracatinib,0.32253720247422524
T5c,scPRAM,Mono,perturbation=Masitinib,0.17842803275358413
T5c,scPRAM,Mono,perturbation=GSK-1070916,-0.05496956242746568
T5c,scPRAM,Mono,perturbation=R428,0.1701354860664656
T5c,scPRAM,Mono,perturbation=Colchicine,0.45904785723386704
T5c,scPRAM,Mono,perturbation=Tacalcitol,0.14737674366635373
T5c,scPRAM,Mono,perturbation=LDN 193189,-0.014467598711759455
T5c,scPRAM,Mono,perturbation=Resminostat,0.23205213056792276
T5c,scPRAM,Mono,perturbation=RG7112,0.0014438022193160767
T5c,scPRAM,Mono,perturbation=Ricolinostat,0.05693566500862801
T5c,scPRAM,Mono,perturbation=Oxybenzone,-0.03930827268877139
T5c,scPRAM,Mono,perturbation=ABT-199 (GDC-0199),-0.042432682418574265
T5c,scPRAM,Mono,perturbation=Selumetinib,0.20826486728551932
T5c,scPRAM,Mono,perturbation=Cabozantinib,-0.0017222050988330365
T5c,scPRAM,Mono,perturbation=Crizotinib,0.2298763464955964
T5c,scPRAM,Mono,perturbation=Lamivudine,0.15262256906875885
T5c,scPRAM,Mono,perturbation=Ceritinib,0.10638687100498383
T5c,scPRAM,Mono,perturbation=Bosutinib,0.30545005742951514
T5c,scPRAM,Mono,perturbation=Vandetanib,0.021175512362029608
T5c,scPRAM,Mono,perturbation=Mometasone Furoate,0.40739972251678636
T5c,scPRAM,Mono,perturbation=Clotrimazole,0.10920987313038003
T5c,scPRAM,Mono,perturbation=UNII-BXU45ZH6LI,0.34387512479732696
T5c,scPRAM,Mono,perturbation=BMS-387032,0.1997942611395977
T5c,scPRAM,NK,perturbation=Atorvastatin,0.1349289328992098
T5c,scPRAM,NK,perturbation=5-(9-Isopropyl-8-methyl-2-morpholino-9H-purin-6-yl)pyrimidin-2-amine,0.37720338167568845
T5c,scPRAM,NK,perturbation=Topotecan,0.284860773681298
T5c,scPRAM,NK,perturbation=BMS-265246,0.3295376558761636
T5c,scPRAM,NK,perturbation=AMD-070 (hydrochloride),0.12172886774168526
T5c,scPRAM,NK,perturbation=AT13387,0.4920725218772788
T5c,scPRAM,NK,perturbation=Desloratadine,0.1364138181037277
T5c,scPRAM,NK,perturbation=Ganetespib (STA-9090),0.47226719221161195
T5c,scPRAM,NK,perturbation=O-Demethylated Adapalene,0.1422135146914491
T5c,scPRAM,NK,perturbation=BAY 87-2243,0.335052053391052
T5c,scPRAM,NK,perturbation=Ruxolitinib,0.24610046540572755
T5c,scPRAM,NK,perturbation=Sgc-cbp30,0.24332086874296152
T5c,scPRAM,NK,perturbation=PF-04691502,0.3013280194136706
T5c,scPRAM,NK,perturbation=Dactolisib,0.44727982125034527
T5c,scPRAM,NK,perturbation=Alogliptin,0.11892684403912715
T5c,scPRAM,NK,perturbation=Clomipramine,0.037449778079889195
T5c,scPRAM,NK,perturbation=Protriptyline,0.18328521772291892
T5c,scPRAM,NK,perturbation=Phenylbutazone,0.12606664086644367
T5c,scPRAM,NK,perturbation=Pomalidomide,0.21962365829582464
T5c,scPRAM,NK,perturbation=FK 866,0.1797974569615213
T5c,scPRAM,NK,perturbation=Perhexiline,0.20412680698451305
T5c,scPRAM,NK,perturbation=BMS-536924,0.21717307151113813
T5c,scPRAM,NK,perturbation=Penfluridol,0.05039242452224437
T5c,scPRAM,NK,perturbation=Sunitinib,0.20606238144204
T5c,scPRAM,NK,perturbation=I-BET151,0.369646270022757
T5c,scPRAM,NK,perturbation=K-02288,0.13419270817452936
T5c,scPRAM,NK,perturbation=Dovitinib,0.21962317508709644
T5c,scPRAM,NK,perturbation=Chlorpheniramine,0.17054077105074794
T5c,scPRAM,NK,perturbation=UNII-BXU45ZH6LI,0.12559722719499683
T5c,scPRAM,NK,perturbation=IKK Inhibitor VII,0.20573047183150142
T5c,scPRAM,NK,perturbation=Quizartinib,0.13407807408973837
T5c,scPRAM,NK,perturbation=Tivozanib,0.11891473076758335
T5c,scPRAM,NK,perturbation=Foretinib,0.26117216749903593
T5c,scPRAM,NK,perturbation=BMS-777607,0.13942854707550176
T5c,scPRAM,NK,perturbation=AVL-292,0.16856481000804605
T5c,scPRAM,NK,perturbation=Scriptaid,0.4759833488086921
T5c,scPRAM,NK,perturbation=RVX-208,0.12432143804783816
T5c,scPRAM,NK,perturbation=Amiodarone,0.12130535003086364
T5c,scPRAM,NK,perturbation=RN-486,0.1748099616191339
T5c,scPRAM,NK,perturbation=Tamatinib,0.33390274401487624
T5c,scPRAM,NK,perturbation=GW843682X,0.13018821018436919
T5c,scPRAM,NK,perturbation=Porcn Inhibitor III,0.19621405434386613
T5c,scPRAM,NK,perturbation=Navitoclax,0.0659765892119767
T5c,scPRAM,NK,perturbation=BAY 61-3606,0.338302594420068
T5c,scPRAM,NK,perturbation=Ketoconazole,0.3649667702986961
T5c,scPRAM,NK,perturbation=Isoniazid,0.058205364429340524
T5c,scPRAM,NK,perturbation=PD-0325901,0.18241065358263875
T5c,scPRAM,NK,perturbation=TIE2 Kinase Inhibitor,0.09734850793980726
T5c,scPRAM,NK,perturbation=CGP 60474,0.02986478618019903
T5c,scPRAM,NK,perturbation=BMS-387032,0.2860424644864928
T5c,scPRAM,NK,perturbation=TL_HRAS26,0.19849742056415248
T5c,scPRAM,NK,perturbation=Methotrexate,0.334970276974806
T5c,scPRAM,NK,perturbation=LY2090314,0.46672498275419333
T5c,scPRAM,NK,perturbation=Alvocidib,0.09991336618102986
T5c,scPRAM,NK,perturbation=IMD-0354,0.40806148153665783
T5c,scPRAM,NK,perturbation=MK-5108,0.19463169731191463
T5c,scPRAM,NK,perturbation=Ixabepilone,0.17311475107459273
T5c,scPRAM,NK,perturbation=IN1451,0.5658701723012414
T5c,scPRAM,NK,perturbation=Proscillaridin A;Proscillaridin-A,0.6115046985582802
T5c,scPRAM,NK,perturbation=Palbociclib,0.16103447483595323
T5c,scPRAM,NK,perturbation=Vardenafil,0.16627329250018086
T5c,scPRAM,NK,perturbation=Disulfiram,0.1641654526517503
T5c,scPRAM,NK,perturbation=Canertinib,0.15647068405941866
T5c,scPRAM,NK,perturbation=Lapatinib,0.24051675767556555
T5c,scPRAM,NK,perturbation=Linagliptin,0.1643724506793069
T5c,scPRAM,NK,perturbation=Raloxifene,0.16789399274333838
T5c,scPRAM,NK,perturbation=Vorinostat,0.324829844553378
T5c,scPRAM,NK,perturbation=Trametinib,0.09865579915713037
T5c,scPRAM,NK,perturbation=Dasatinib,0.14835355895699856
T5c,scPRAM,NK,perturbation=Flutamide,0.1494922943249142
T5c,scPRAM,NK,perturbation=Idelalisib,0.21177926613647194
T5c,scPRAM,NK,perturbation=Riociguat,0.2048812597351819
T5c,scPRAM,NK,perturbation=Azacitidine,0.21423629522961177
T5c,scPRAM,NK,perturbation=TGX 221,0.25624866330227447
T5c,scPRAM,NK,perturbation=CGM-097,0.3634647274818381
T5c,scPRAM,NK,perturbation=Clemastine,0.08544595176307009
T5c,scPRAM,NK,perturbation=Imatinib,0.15943728995058967
T5c,scPRAM,NK,perturbation=Tipifarnib,0.17579464881504397
T5c,scPRAM,NK,perturbation=RG7090,0.20861444186787956
T5c,scPRAM,NK,perturbation=CHIR-99021,0.21230709034859044
T5c,scPRAM,NK,perturbation=TR-14035,0.2178695150722216
T5c,scPRAM,NK,perturbation=Pitavastatin Calcium,0.44431521630210236
T5c,scPRAM,NK,perturbation=SLx-2119,0.16696770788077764
T5c,scPRAM,NK,perturbation=YK 4-279,0.2621102264572483
T5c,scPRAM,NK,perturbation=SCH-58261,0.08288728926592888
T5c,scPRAM,NK,perturbation=BX 912,0.19988142869554443
T5c,scPRAM,NK,perturbation=GLPG0634,0.2903306618817834
T5c,scPRAM,NK,perturbation=Defactinib,0.06178757699547942
T5c,scPRAM,NK,perturbation=Nilotinib,0.26996483937283244
T5c,scPRAM,NK,perturbation=ABT737,0.0998817190458219
T5c,scPRAM,NK,perturbation=Nefazodone,0.20143575688758175
T5c,scPRAM,NK,perturbation=Buspirone,0.1929789175282847
T5c,scPRAM,NK,perturbation=Colforsin,0.23015918383810297
T5c,scPRAM,NK,perturbation=Doxorubicin,0.32520772775860896
T5c,scPRAM,NK,perturbation=Mubritinib (TAK 165),0.35148609743600545
T5c,scPRAM,NK,perturbation=BI-D1870,0.2118064951750811
T5c,scPRAM,NK,perturbation=AT 7867,0.18065481661528737
T5c,scPRAM,NK,perturbation=PRT-062607,0.2885083249656364
T5c,scPRAM,NK,perturbation=STK219801,0.18813326524922008
T5c,scPRAM,NK,perturbation=Midostaurin,0.14601035099453863
T5c,scPRAM,NK,perturbation=PF-03814735,0.1904101695021577
T5c,scPRAM,NK,perturbation=Vanoxerine,0.07242295165557469
T5c,scPRAM,NK,perturbation=AZD3514,0.18959531869842924
T5c,scPRAM,NK,perturbation=OSI-930,0.1223584115980742
T5c,scPRAM,NK,perturbation=AZ628,0.2836595885653364
T5c,scPRAM,NK,perturbation=TPCA-1,0.35822198961009477
T5c,scPRAM,NK,perturbation=CEP-37440,0.19026001758140923
T5c,scPRAM,NK,perturbation=Tivantinib,0.12470993634595685
T5c,scPRAM,NK,perturbation=AZD4547,0.15274361626031713
T5c,scPRAM,NK,perturbation=SB525334,0.3529727191918405
T5c,scPRAM,NK,perturbation=HMN-214,0.24218236260339432
T5c,scPRAM,NK,perturbation=GO-6976,0.19188739509744016
T5c,scPRAM,NK,perturbation=AZD-8330,0.3310532317304578
T5c,scPRAM,NK,perturbation=MGCD-265,0.1611001169303745
T5c,scPRAM,NK,perturbation=GSK256066,0.24150576438046387
T5c,scPRAM,NK,perturbation=Tosedostat,0.18431792029612182
T5c,scPRAM,NK,perturbation=Prednisolone,0.39098798075871183
T5c,scPRAM,NK,perturbation=HYDROXYUREA,0.11800340423400896
T5c,scPRAM,NK,perturbation=Decitabine,0.14451166479409194
T5c,scPRAM,NK,perturbation=CC-401,0.2532007858303647
T5c,scPRAM,NK,perturbation=Saracatinib,0.20402035613221206
T5c,scPRAM,NK,perturbation=Masitinib,0.0739338094851487
T5c,scPRAM,NK,perturbation=GSK-1070916,0.09955975444836916
T5c,scPRAM,NK,perturbation=R428,0.2509385965307346
T5c,scPRAM,NK,perturbation=Colchicine,0.1944781811438728
T5c,scPRAM,NK,perturbation=Tacalcitol,0.19253909516784537
T5c,scPRAM,NK,perturbation=LDN 193189,0.12408504901992579
T5c,scPRAM,NK,perturbation=Resminostat,0.37603547658373393
T5c,scPRAM,NK,perturbation=RG7112,0.23389754550515185
T5c,scPRAM,NK,perturbation=Ricolinostat,0.1122919516905875
T5c,scPRAM,NK,perturbation=Oxybenzone,0.1782650563523777
T5c,scPRAM,NK,perturbation=ABT-199 (GDC-0199),0.1421493666108229
T5c,scPRAM,NK,perturbation=Selumetinib,0.22691685293496952
T5c,scPRAM,NK,perturbation=Cabozantinib,0.23648701444441703
T5c,scPRAM,NK,perturbation=Crizotinib,0.25222247567422335
T5c,scPRAM,NK,perturbation=Lamivudine,0.09109181756834922
T5c,scPRAM,NK,perturbation=Ceritinib,0.10829518588673528
T5c,scPRAM,NK,perturbation=Bosutinib,0.2789113759094588
T5c,scPRAM,NK,perturbation=Vandetanib,0.1368995979383006
T5c,scPRAM,NK,perturbation=Mometasone Furoate,0.44787122618967795
T5c,scPRAM,NK,perturbation=Clotrimazole,0.2124712004558368
T5c,scPRAM,T_cells,perturbation=Atorvastatin,0.1870530123891665
T5c,scPRAM,T_cells,perturbation=5-(9-Isopropyl-8-methyl-2-morpholino-9H-purin-6-yl)pyrimidin-2-amine,0.2868566800089023
T5c,scPRAM,T_cells,perturbation=Topotecan,0.2754676279806276
T5c,scPRAM,T_cells,perturbation=BMS-265246,0.2240242956769139
T5c,scPRAM,T_cells,perturbation=AMD-070 (hydrochloride),0.04326464501103838
T5c,scPRAM,T_cells,perturbation=AT13387,0.4033188186565179
T5c,scPRAM,T_cells,perturbation=Desloratadine,0.12789728033588227
T5c,scPRAM,T_cells,perturbation=Ganetespib (STA-9090),0.48248335002582676
T5c,scPRAM,T_cells,perturbation=O-Demethylated Adapalene,0.21255858725013244
T5c,scPRAM,T_cells,perturbation=BAY 87-2243,0.15791488767107573
T5c,scPRAM,T_cells,perturbation=Ruxolitinib,0.2453775244582852
T5c,scPRAM,T_cells,perturbation=Sgc-cbp30,0.14144212147388407
T5c,scPRAM,T_cells,perturbation=PF-04691502,0.18477102032254908
T5c,scPRAM,T_cells,perturbation=Dactolisib,0.3315127429774045
T5c,scPRAM,T_cells,perturbation=Alogliptin,0.10429430309052337
T5c,scPRAM,T_cells,perturbation=Clomipramine,0.19424018573366578
T5c,scPRAM,T_cells,perturbation=Protriptyline,0.17505053653454178
T5c,scPRAM,T_cells,perturbation=Phenylbutazone,0.14602638314290148
T5c,scPRAM,T_cells,perturbation=Pomalidomide,0.1300220212122568
T5c,scPRAM,T_cells,perturbation=FK 866,0.17287322985659068
T5c,scPRAM,T_cells,perturbation=Perhexiline,0.2678681601121279
T5c,scPRAM,T_cells,perturbation=BMS-536924,0.2103880955112772
T5c,scPRAM,T_cells,perturbation=Penfluridol,0.1689623508286207
T5c,scPRAM,T_cells,perturbation=Sunitinib,0.202203449921697
T5c,scPRAM,T_cells,perturbation=I-BET151,0.268696322674023
T5c,scPRAM,T_cells,perturbation=K-02288,0.1394123681372799
T5c,scPRAM,T_cells,perturbation=Dovitinib,0.1000088774770609
T5c,scPRAM,T_cells,perturbation=Chlorpheniramine,0.1346497650910875
T5c,scPRAM,T_cells,perturbation=UNII-BXU45ZH6LI,0.34231336742959695
T5c,scPRAM,T_cells,perturbation=IKK Inhibitor VII,0.22502663686048585
T5c,scPRAM,T_cells,perturbation=Quizartinib,0.17656056528365485
T5c,scPRAM,T_cells,perturbation=Tivozanib,0.16088051728587086
T5c,scPRAM,T_cells,perturbation=Foretinib,0.19705929040018214
T5c,scPRAM,T_cells,perturbation=BMS-777607,0.12882183069091582
T5c,scPRAM,T_cells,perturbation=AVL-292,0.2238009490226181
T5c,scPRAM,T_cells,perturbation=Scriptaid,0.17693545273718264
T5c,scPRAM,T_cells,perturbation=RVX-208,0.13601638612187117
T5c,scPRAM,T_cells,perturbation=Amiodarone,0.1607846780734499
T5c,scPRAM,T_cells,perturbation=RN-486,0.11811155919826112
T5c,scPRAM,T_cells,perturbation=Tamatinib,0.2708876130815864
T5c,scPRAM,T_cells,perturbation=GW843682X,0.08954276006596658
T5c,scPRAM,T_cells,perturbation=Porcn Inhibitor III,0.35028648726459627
T5c,scPRAM,T_cells,perturbation=Navitoclax,0.0711754563220926
T5c,scPRAM,T_cells,perturbation=BAY 61-3606,0.2737604781174113
T5c,scPRAM,T_cells,perturbation=Ketoconazole,0.40198433754650786
T5c,scPRAM,T_cells,perturbation=Isoniazid,0.06070031206721615
T5c,scPRAM,T_cells,perturbation=PD-0325901,0.051861885319474166
T5c,scPRAM,T_cells,perturbation=TIE2 Kinase Inhibitor,0.14942877734751617
T5c,scPRAM,T_cells,perturbation=CGP 60474,-0.06081877343044455
T5c,scPRAM,T_cells,perturbation=BMS-387032,0.20911239690974953
T5c,scPRAM,T_cells,perturbation=TL_HRAS26,0.15802766108858304
T5c,scPRAM,T_cells,perturbation=Methotrexate,0.16525447751367064
T5c,scPRAM,T_cells,perturbation=LY2090314,0.25762470007520977
T5c,scPRAM,T_cells,perturbation=Alvocidib,0.17721742800278553
T5c,scPRAM,T_cells,perturbation=IMD-0354,0.2572453345704391
T5c,scPRAM,T_cells,perturbation=MK-5108,0.1805232194887698
T5c,scPRAM,T_cells,perturbation=Ixabepilone,0.08671673427958534
T5c,scPRAM,T_cells,perturbation=IN1451,0.6975602050489941
T5c,scPRAM,T_cells,perturbation=Proscillaridin A;Proscillaridin-A,0.623234026902384
T5c,scPRAM,T_cells,perturbation=Palbociclib,0.11404437419183444
T5c,scPRAM,T_cells,perturbation=Vardenafil,0.10693859678504443
T5c,scPRAM,T_cells,perturbation=Disulfiram,0.11291773674918458
T5c,scPRAM,T_cells,perturbation=Canertinib,0.17510291945402187
T5c,scPRAM,T_cells,perturbation=Lapatinib,0.10662105561159586
T5c,scPRAM,T_cells,perturbation=Linagliptin,0.255245593160954
T5c,scPRAM,T_cells,perturbation=Raloxifene,0.3542467495256529
T5c,scPRAM,T_cells,perturbation=Vorinostat,0.04411087529680205
T5c,scPRAM,T_cells,perturbation=Trametinib,0.16731589718785755
T5c,scPRAM,T_cells,perturbation=Dasatinib,0.23861319550570348
T5c,scPRAM,T_cells,perturbation=Flutamide,0.13956771838064924
T5c,scPRAM,T_cells,perturbation=Idelalisib,0.1693412911323661
T5c,scPRAM,T_cells,perturbation=Riociguat,0.1752692193483036
T5c,scPRAM,T_cells,perturbation=Azacitidine,0.17056676217547026
T5c,scPRAM,T_cells,perturbation=TGX 221,0.12200621486785478
T5c,scPRAM,T_cells,perturbation=CGM-097,0.45611575842715035
T5c,scPRAM,T_cells,perturbation=Clemastine,0.1154139764761569
T5c,scPRAM,T_cells,perturbation=Imatinib,0.09314170776133432
T5c,scPRAM,T_cells,perturbation=Tipifarnib,0.10239705309057251
T5c,scPRAM,T_cells,perturbation=RG7090,0.3375887896588526
T5c,scPRAM,T_cells,perturbation=CHIR-99021,0.28594729320736
T5c,scPRAM,T_cells,perturbation=TR-14035,0.19139888854241743
T5c,scPRAM,T_cells,perturbation=Pitavastatin Calcium,0.5656640557920903
T5c,scPRAM,T_cells,perturbation=SLx-2119,0.08858843480771784
T5c,scPRAM,T_cells,perturbation=YK 4-279,0.4225596861978635
T5c,scPRAM,T_cells,perturbation=SCH-58261,0.22162036455350612
T5c,scPRAM,T_cells,perturbation=BX 912,0.06357213982324546
T5c,scPRAM,T_cells,perturbation=GLPG0634,0.2589772301862953
T5c,scPRAM,T_cells,perturbation=Defactinib,0.10561073334255244
T5c,scPRAM,T_cells,perturbation=Nilotinib,0.19449649423560073
T5c,scPRAM,T_cells,perturbation=ABT737,0.10375320610311574
T5c,scPRAM,T_cells,perturbation=Nefazodone,0.15467058087966573
T5c,scPRAM,T_cells,perturbation=Buspirone,0.21040674657402225
T5c,scPRAM,T_cells,perturbation=Colforsin,0.19139189226392797
T5c,scPRAM,T_cells,perturbation=Doxorubicin,0.18728363300582523
T5c,scPRAM,T_cells,perturbation=Mubritinib (TAK 165),0.1832732385646591
T5c,scPRAM,T_cells,perturbation=BI-D1870,0.23229631989970354
T5c,scPRAM,T_cells,perturbation=AT 7867,0.1558434822285863
T5c,scPRAM,T_cells,perturbation=PRT-062607,0.2483953942485736
T5c,scPRAM,T_cells,perturbation=STK219801,0.23417376043265506
T5c,scPRAM,T_cells,perturbation=Midostaurin,0.2391508122350959
T5c,scPRAM,T_cells,perturbation=PF-03814735,0.22619389700180806
T5c,scPRAM,T_cells,perturbation=Vanoxerine,0.13128939237009146
T5c,scPRAM,T_cells,perturbation=AZD3514,0.1970924692790453
T5c,scPRAM,T_cells,perturbation=OSI-930,0.14666922427619464
T5c,scPRAM,T_cells,perturbation=AZ628,0.3009668595797458
T5c,scPRAM,T_cells,perturbation=TPCA-1,0.27827571064624584
T5c,scPRAM,T_cells,perturbation=CEP-37440,0.1887106823988259
T5c,scPRAM,T_cells,perturbation=Tivantinib,0.18413841265910552
T5c,scPRAM,T_cells,perturbation=AZD4547,0.2282898155350065
T5c,scPRAM,T_cells,perturbation=SB525334,0.36654284040163615
T5c,scPRAM,T_cells,perturbation=HMN-214,0.3915126784463153
T5c,scPRAM,T_cells,perturbation=GO-6976,0.29866297364697186
T5c,scPRAM,T_cells,perturbation=AZD-8330,0.23656730707372964
T5c,scPRAM,T_cells,perturbation=MGCD-265,0.12577614421981698
T5c,scPRAM,T_cells,perturbation=GSK256066,0.354684908152953
T5c,scPRAM,T_cells,perturbation=Tosedostat,0.12698618591655148
T5c,scPRAM,T_cells,perturbation=Prednisolone,0.2732165514313726
T5c,scPRAM,T_cells,perturbation=HYDROXYUREA,0.1015733072253198
T5c,scPRAM,T_cells,perturbation=Decitabine,0.1440147329483615
T5c,scPRAM,T_cells,perturbation=CC-401,0.25245892422175
T5c,scPRAM,T_cells,perturbation=Saracatinib,0.17468415714828087
T5c,scPRAM,T_cells,perturbation=Masitinib,0.14253181376929475
T5c,scPRAM,T_cells,perturbation=GSK-1070916,0.05039714454379552
T5c,scPRAM,T_cells,perturbation=R428,0.12922921572552784
T5c,scPRAM,T_cells,perturbation=Colchicine,0.4289373689561607
T5c,scPRAM,T_cells,perturbation=Tacalcitol,0.10238914743050048
T5c,scPRAM,T_cells,perturbation=LDN 193189,0.10911479012066337
T5c,scPRAM,T_cells,perturbation=Resminostat,0.1324439732132433
T5c,scPRAM,T_cells,perturbation=RG7112,0.15989233457926186
T5c,scPRAM,T_cells,perturbation=Ricolinostat,0.1274233383921267
T5c,scPRAM,T_cells,perturbation=Oxybenzone,0.24043894223977044
T5c,scPRAM,T_cells,perturbation=ABT-199 (GDC-0199),0.15438935841593893
T5c,scPRAM,T_cells,perturbation=Selumetinib,0.26039908462246475
T5c,scPRAM,T_cells,perturbation=Cabozantinib,0.36121638376278703
T5c,scPRAM,T_cells,perturbation=Crizotinib,0.18923299755960818
T5c,scPRAM,T_cells,perturbation=Lamivudine,0.11448894363269843
T5c,scPRAM,T_cells,perturbation=Ceritinib,0.07039593979494754
T5c,scPRAM,T_cells,perturbation=Bosutinib,0.24136024835428768
T5c,scPRAM,T_cells,perturbation=Vandetanib,0.09613701111279355
T5c,scPRAM,T_cells,perturbation=Mometasone Furoate,0.2813733748967531
T5c,scPRAM,T_cells,perturbation=Clotrimazole,0.15170154210124595
