task,scope,gene_mask,method,program,model,status,n_task_units,expected_task_units,n_comparison_units,comparison_units,n_estimable,all_selected_units_estimable,correlation,correlation_unit_min,correlation_unit_max,mean_rmse,mean_mae,status_counts,selection_scope
T3,full_census_strata,all_measured_original_members,mean_expression_delta,IL2_STAT5,AttentionPert,native,5,5,2,chen;schmidt,2,True,-0.17355520937249147,-0.49226776204414951,0.14515734329916657,0.057354111861852283,0.048582677727010193,"{""estimable"": 2}",common observed-defined units; identical for every candidate
T3,full_census_strata,all_measured_original_members,mean_expression_delta,IL2_STAT5,Biolord,native,5,5,2,chen;schmidt,2,True,-0.47982340913793509,-0.76152449550001666,-0.19812232277585357,0.037964478698478098,0.026403938682559538,"{""estimable"": 2}",common observed-defined units; identical for every candidate
T3,full_census_strata,all_measured_original_members,mean_expression_delta,IL2_STAT5,CellFlow,native,5,5,2,chen;schmidt,1,False,,,,,,"{""estimable"": 1, ""explicit_declined_strata_on_full_support"": 1}",common observed-defined units; identical for every candidate
T3,full_census_strata,all_measured_original_members,mean_expression_delta,IL2_STAT5,GEARS,native,5,5,2,chen;schmidt,2,True,0.11528892448794274,0.05718669527091378,0.17339115370497171,0.043413499083208087,0.036249774526056308,"{""estimable"": 2}",common observed-defined units; identical for every candidate
T3,full_census_strata,all_measured_original_members,mean_expression_delta,IL2_STAT5,PertAdapt,native,5,5,2,chen;schmidt,2,True,-0.070350165435535655,-0.40336655914392278,0.26266622827285147,0.20089617767316231,0.19716750991996684,"{""estimable"": 2}",common observed-defined units; identical for every candidate
T3,full_census_strata,all_measured_original_members,mean_expression_delta,IL2_STAT5,PerturbNet,native,5,5,2,chen;schmidt,1,False,,,,,,"{""estimable"": 1, ""explicit_declined_strata_on_full_support"": 1}",common observed-defined units; identical for every candidate
T3,full_census_strata,all_measured_original_members,mean_expression_delta,IL2_STAT5,STATE,native,5,5,2,chen;schmidt,1,False,,,,,,"{""estimable"": 1, ""explicit_declined_strata_on_full_support"": 1}",common observed-defined units; identical for every candidate
T3,full_census_strata,all_measured_original_members,mean_expression_delta,IL2_STAT5,cell-mean,floor,5,5,2,chen;schmidt,1,False,,,,0.027344150943454076,0.018971003884515506,"{""estimable"": 1, ""numerically_constant_predicted_profile"": 1}",common observed-defined units; identical for every candidate
T3,full_census_strata,all_measured_original_members,mean_expression_delta,IL2_STAT5,linear-PCA,floor,5,5,2,chen;schmidt,1,False,,,,0.030609407333935537,0.022481707411879187,"{""estimable"": 1, ""numerically_constant_predicted_profile"": 1}",common observed-defined units; identical for every candidate
T3,full_census_strata,all_measured_original_members,mean_expression_delta,IL2_STAT5,linear-shift-KOemb,diagnostic,5,5,2,chen;schmidt,1,False,,,,,,"{""estimable"": 1, ""explicit_declined_strata_on_full_support"": 1}",common observed-defined units; identical for every candidate
T3,full_census_strata,all_measured_original_members,mean_expression_delta,IL2_STAT5,scFoundation,native,5,5,2,chen;schmidt,1,False,,,,,,"{""estimable"": 1, ""explicit_declined_strata_on_full_support"": 1}",common observed-defined units; identical for every candidate
T3,full_census_strata,all_measured_original_members,mean_expression_delta,IL2_STAT5,scGPT,native,5,5,2,chen;schmidt,2,True,0.0065297902189307422,-0.14611238205776364,0.15917196249562512,0.037844227842711062,0.025332841572580273,"{""estimable"": 2}",common observed-defined units; identical for every candidate
T3,full_census_strata,all_measured_original_members,mean_expression_delta,TCR_activation,AttentionPert,native,5,5,2,chen;schmidt,2,True,0.24167119616602811,0.20510353817605315,0.27823885415600308,0.04371923065993473,0.038810363064998042,"{""estimable"": 2}",common observed-defined units; identical for every candidate
T3,full_census_strata,all_measured_original_members,mean_expression_delta,TCR_activation,Biolord,native,5,5,2,chen;schmidt,2,True,0.3738369993129641,-0.096707134973253575,0.84438113359918177,0.038989892142255775,0.033633336211953843,"{""estimable"": 2}",common observed-defined units; identical for every candidate
T3,full_census_strata,all_measured_original_members,mean_expression_delta,TCR_activation,CellFlow,native,5,5,2,chen;schmidt,1,False,,,,,,"{""estimable"": 1, ""explicit_declined_strata_on_full_support"": 1}",common observed-defined units; identical for every candidate
T3,full_census_strata,all_measured_original_members,mean_expression_delta,TCR_activation,GEARS,native,5,5,2,chen;schmidt,2,True,0.38272546813412361,0.16500834447958815,0.60044259178865911,0.04449006602469726,0.034471270181829966,"{""estimable"": 2}",common observed-defined units; identical for every candidate
T3,full_census_strata,all_measured_original_members,mean_expression_delta,TCR_activation,PertAdapt,native,5,5,2,chen;schmidt,2,True,0.25555135805532003,0.135781173256042,0.37532154285459801,0.20532068463340092,0.19600839512570514,"{""estimable"": 2}",common observed-defined units; identical for every candidate
T3,full_census_strata,all_measured_original_members,mean_expression_delta,TCR_activation,PerturbNet,native,5,5,2,chen;schmidt,1,False,,,,,,"{""estimable"": 1, ""explicit_declined_strata_on_full_support"": 1}",common observed-defined units; identical for every candidate
T3,full_census_strata,all_measured_original_members,mean_expression_delta,TCR_activation,STATE,native,5,5,2,chen;schmidt,1,False,,,,,,"{""estimable"": 1, ""explicit_declined_strata_on_full_support"": 1}",common observed-defined units; identical for every candidate
T3,full_census_strata,all_measured_original_members,mean_expression_delta,TCR_activation,cell-mean,floor,5,5,2,chen;schmidt,1,False,,,,0.042372016217649501,0.036399403971339027,"{""estimable"": 1, ""numerically_constant_predicted_profile"": 1}",common observed-defined units; identical for every candidate
T3,full_census_strata,all_measured_original_members,mean_expression_delta,TCR_activation,linear-PCA,floor,5,5,2,chen;schmidt,1,False,,,,0.044830094731530767,0.039782172776561563,"{""estimable"": 1, ""numerically_constant_predicted_profile"": 1}",common observed-defined units; identical for every candidate
T3,full_census_strata,all_measured_original_members,mean_expression_delta,TCR_activation,linear-shift-KOemb,diagnostic,5,5,2,chen;schmidt,1,False,,,,,,"{""estimable"": 1, ""explicit_declined_strata_on_full_support"": 1}",common observed-defined units; identical for every candidate
T3,full_census_strata,all_measured_original_members,mean_expression_delta,TCR_activation,scFoundation,native,5,5,2,chen;schmidt,1,False,,,,,,"{""estimable"": 1, ""explicit_declined_strata_on_full_support"": 1}",common observed-defined units; identical for every candidate
T3,full_census_strata,all_measured_original_members,mean_expression_delta,TCR_activation,scGPT,native,5,5,2,chen;schmidt,2,True,-0.024943051501597452,-0.37096823312725535,0.32108213012406045,0.062726676830419867,0.051165517886716215,"{""estimable"": 2}",common observed-defined units; identical for every candidate
T3,full_census_strata,all_measured_original_members,mean_expression_delta,Treg_exhaustion,AttentionPert,native,5,5,2,chen;schmidt,2,True,0.17067502803811926,0.039271370725003543,0.302078685351235,0.09565954794757027,0.071805441379547114,"{""estimable"": 2}",common observed-defined units; identical for every candidate
T3,full_census_strata,all_measured_original_members,mean_expression_delta,Treg_exhaustion,Biolord,native,5,5,2,chen;schmidt,2,True,0.29515747566972134,-0.10572971616073604,0.69604466750017868,0.088272049059883131,0.057266352597683194,"{""estimable"": 2}",common observed-defined units; identical for every candidate
T3,full_census_strata,all_measured_original_members,mean_expression_delta,Treg_exhaustion,CellFlow,native,5,5,2,chen;schmidt,1,False,,,,,,"{""estimable"": 1, ""explicit_declined_strata_on_full_support"": 1}",common observed-defined units; identical for every candidate
T3,full_census_strata,all_measured_original_members,mean_expression_delta,Treg_exhaustion,GEARS,native,5,5,2,chen;schmidt,2,True,0.3663609879734373,0.35158620505302596,0.38113577089384859,0.095073815778428911,0.063250210561922621,"{""estimable"": 2}",common observed-defined units; identical for every candidate
T3,full_census_strata,all_measured_original_members,mean_expression_delta,Treg_exhaustion,PertAdapt,native,5,5,2,chen;schmidt,2,True,0.20808904119391608,0.097590190443965302,0.31858789194386683,0.19522529463280647,0.17363657267793775,"{""estimable"": 2}",common observed-defined units; identical for every candidate
T3,full_census_strata,all_measured_original_members,mean_expression_delta,Treg_exhaustion,PerturbNet,native,5,5,2,chen;schmidt,1,False,,,,,,"{""estimable"": 1, ""explicit_declined_strata_on_full_support"": 1}",common observed-defined units; identical for every candidate
T3,full_census_strata,all_measured_original_members,mean_expression_delta,Treg_exhaustion,STATE,native,5,5,2,chen;schmidt,1,False,,,,,,"{""estimable"": 1, ""explicit_declined_strata_on_full_support"": 1}",common observed-defined units; identical for every candidate
T3,full_census_strata,all_measured_original_members,mean_expression_delta,Treg_exhaustion,cell-mean,floor,5,5,2,chen;schmidt,1,False,,,,0.09315919346463139,0.062727289150158572,"{""estimable"": 1, ""numerically_constant_predicted_profile"": 1}",common observed-defined units; identical for every candidate
T3,full_census_strata,all_measured_original_members,mean_expression_delta,Treg_exhaustion,linear-PCA,floor,5,5,2,chen;schmidt,1,False,,,,0.094361236555306038,0.064082331943606574,"{""estimable"": 1, ""numerically_constant_predicted_profile"": 1}",common observed-defined units; identical for every candidate
T3,full_census_strata,all_measured_original_members,mean_expression_delta,Treg_exhaustion,linear-shift-KOemb,diagnostic,5,5,2,chen;schmidt,1,False,,,,,,"{""estimable"": 1, ""explicit_declined_strata_on_full_support"": 1}",common observed-defined units; identical for every candidate
T3,full_census_strata,all_measured_original_members,mean_expression_delta,Treg_exhaustion,scFoundation,native,5,5,2,chen;schmidt,1,False,,,,,,"{""estimable"": 1, ""explicit_declined_strata_on_full_support"": 1}",common observed-defined units; identical for every candidate
T3,full_census_strata,all_measured_original_members,mean_expression_delta,Treg_exhaustion,scGPT,native,5,5,2,chen;schmidt,2,True,0.26871683704794419,0.036038341833776508,0.50139533226211186,0.10468525790252892,0.078114708110926648,"{""estimable"": 2}",common observed-defined units; identical for every candidate
T3,full_census_strata,all_measured_original_members,mean_expression_delta,effector_cytokine,AttentionPert,native,5,5,2,chen;schmidt,2,True,0.22896666944426333,-0.058976767580528444,0.51691010646905511,0.050957777950882285,0.042635424262178798,"{""estimable"": 2}",common observed-defined units; identical for every candidate
T3,full_census_strata,all_measured_original_members,mean_expression_delta,effector_cytokine,Biolord,native,5,5,2,chen;schmidt,2,True,0.29802588202519709,-0.030286994550671097,0.62633875860106525,0.066723903781017183,0.052480925810301587,"{""estimable"": 2}",common observed-defined units; identical for every candidate
T3,full_census_strata,all_measured_original_members,mean_expression_delta,effector_cytokine,CellFlow,native,5,5,2,chen;schmidt,1,False,,,,,,"{""estimable"": 1, ""explicit_declined_strata_on_full_support"": 1}",common observed-defined units; identical for every candidate
T3,full_census_strata,all_measured_original_members,mean_expression_delta,effector_cytokine,GEARS,native,5,5,2,chen;schmidt,2,True,0.11975814232561485,-0.16193623781876004,0.40145252246998975,0.057768627017383806,0.044435887812592445,"{""estimable"": 2}",common observed-defined units; identical for every candidate
T3,full_census_strata,all_measured_original_members,mean_expression_delta,effector_cytokine,PertAdapt,native,5,5,2,chen;schmidt,2,True,0.49938204039788414,0.14130879177551955,0.8574552890202487,0.26551187603874693,0.25657540778407739,"{""estimable"": 2}",common observed-defined units; identical for every candidate
T3,full_census_strata,all_measured_original_members,mean_expression_delta,effector_cytokine,PerturbNet,native,5,5,2,chen;schmidt,1,False,,,,,,"{""estimable"": 1, ""explicit_declined_strata_on_full_support"": 1}",common observed-defined units; identical for every candidate
T3,full_census_strata,all_measured_original_members,mean_expression_delta,effector_cytokine,STATE,native,5,5,2,chen;schmidt,1,False,,,,,,"{""estimable"": 1, ""explicit_declined_strata_on_full_support"": 1}",common observed-defined units; identical for every candidate
T3,full_census_strata,all_measured_original_members,mean_expression_delta,effector_cytokine,cell-mean,floor,5,5,2,chen;schmidt,1,False,,,,0.064224278758825942,0.049906573910266164,"{""estimable"": 1, ""numerically_constant_predicted_profile"": 1}",common observed-defined units; identical for every candidate
T3,full_census_strata,all_measured_original_members,mean_expression_delta,effector_cytokine,linear-PCA,floor,5,5,2,chen;schmidt,1,False,,,,0.061664243386649206,0.04803145018273166,"{""estimable"": 1, ""numerically_constant_predicted_profile"": 1}",common observed-defined units; identical for every candidate
T3,full_census_strata,all_measured_original_members,mean_expression_delta,effector_cytokine,linear-shift-KOemb,diagnostic,5,5,2,chen;schmidt,1,False,,,,,,"{""estimable"": 1, ""explicit_declined_strata_on_full_support"": 1}",common observed-defined units; identical for every candidate
T3,full_census_strata,all_measured_original_members,mean_expression_delta,effector_cytokine,scFoundation,native,5,5,2,chen;schmidt,1,False,,,,,,"{""estimable"": 1, ""explicit_declined_strata_on_full_support"": 1}",common observed-defined units; identical for every candidate
T3,full_census_strata,all_measured_original_members,mean_expression_delta,effector_cytokine,scGPT,native,5,5,2,chen;schmidt,2,True,0.21292571042566105,0.15958101276425243,0.26627040808706964,0.069850038555424002,0.050088941860234451,"{""estimable"": 2}",common observed-defined units; identical for every candidate
T3,full_census_strata,all_measured_original_members,mean_expression_delta,proliferation,AttentionPert,native,5,5,2,chen;schmidt,2,True,0.40959871024760336,0.21549542500110164,0.60370199549410508,0.058244044702014233,0.046455796470954304,"{""estimable"": 2}",common observed-defined units; identical for every candidate
T3,full_census_strata,all_measured_original_members,mean_expression_delta,proliferation,Biolord,native,5,5,2,chen;schmidt,2,True,0.12590993773207415,-0.1602519001359774,0.4120717756001257,0.0855925337640875,0.071130378695116153,"{""estimable"": 2}",common observed-defined units; identical for every candidate
T3,full_census_strata,all_measured_original_members,mean_expression_delta,proliferation,CellFlow,native,5,5,2,chen;schmidt,1,False,,,,,,"{""estimable"": 1, ""explicit_declined_strata_on_full_support"": 1}",common observed-defined units; identical for every candidate
T3,full_census_strata,all_measured_original_members,mean_expression_delta,proliferation,GEARS,native,5,5,2,chen;schmidt,2,True,0.27938597950516109,0.19710842940638468,0.36166352960393744,0.057395657503839091,0.048424974296774184,"{""estimable"": 2}",common observed-defined units; identical for every candidate
T3,full_census_strata,all_measured_original_members,mean_expression_delta,proliferation,PertAdapt,native,5,5,2,chen;schmidt,2,True,0.11975181369383561,-0.05679243478726604,0.29629606217493726,0.12172501051434026,0.11164380129249322,"{""estimable"": 2}",common observed-defined units; identical for every candidate
T3,full_census_strata,all_measured_original_members,mean_expression_delta,proliferation,PerturbNet,native,5,5,2,chen;schmidt,1,False,,,,,,"{""estimable"": 1, ""explicit_declined_strata_on_full_support"": 1}",common observed-defined units; identical for every candidate
T3,full_census_strata,all_measured_original_members,mean_expression_delta,proliferation,STATE,native,5,5,2,chen;schmidt,1,False,,,,,,"{""estimable"": 1, ""explicit_declined_strata_on_full_support"": 1}",common observed-defined units; identical for every candidate
T3,full_census_strata,all_measured_original_members,mean_expression_delta,proliferation,cell-mean,floor,5,5,2,chen;schmidt,1,False,,,,0.066262272795970301,0.055233432937945637,"{""estimable"": 1, ""numerically_constant_predicted_profile"": 1}",common observed-defined units; identical for every candidate
T3,full_census_strata,all_measured_original_members,mean_expression_delta,proliferation,linear-PCA,floor,5,5,2,chen;schmidt,1,False,,,,0.067381591763088028,0.056191643008163997,"{""estimable"": 1, ""numerically_constant_predicted_profile"": 1}",common observed-defined units; identical for every candidate
T3,full_census_strata,all_measured_original_members,mean_expression_delta,proliferation,linear-shift-KOemb,diagnostic,5,5,2,chen;schmidt,1,False,,,,,,"{""estimable"": 1, ""explicit_declined_strata_on_full_support"": 1}",common observed-defined units; identical for every candidate
T3,full_census_strata,all_measured_original_members,mean_expression_delta,proliferation,scFoundation,native,5,5,2,chen;schmidt,1,False,,,,,,"{""estimable"": 1, ""explicit_declined_strata_on_full_support"": 1}",common observed-defined units; identical for every candidate
T3,full_census_strata,all_measured_original_members,mean_expression_delta,proliferation,scGPT,native,5,5,2,chen;schmidt,2,True,-0.13700548138610746,-0.37006290243915985,0.096051939666944947,0.10155748967909356,0.085478710347697856,"{""estimable"": 2}",common observed-defined units; identical for every candidate
T3,full_census_strata,all_measured_original_members,rank_top5_mean_profile,IL2_STAT5,AttentionPert,native,5,5,1,chen,1,True,-0.13533291930893412,-0.13533291930893412,-0.13533291930893412,0.0051719407569514597,0.0044444444444444462,"{""estimable"": 1}",common observed-defined units; identical for every candidate
T3,full_census_strata,all_measured_original_members,rank_top5_mean_profile,IL2_STAT5,Biolord,native,5,5,1,chen,1,True,0.058693116204234369,0.058693116204234369,0.058693116204234369,0.0024343224778007365,0.0017777777777777768,"{""estimable"": 1}",common observed-defined units; identical for every candidate
T3,full_census_strata,all_measured_original_members,rank_top5_mean_profile,IL2_STAT5,CellFlow,native,5,5,1,chen,0,False,,,,,,"{""explicit_declined_strata_on_full_support"": 1}",common observed-defined units; identical for every candidate
T3,full_census_strata,all_measured_original_members,rank_top5_mean_profile,IL2_STAT5,GEARS,native,5,5,1,chen,1,True,0.28656798755207064,0.28656798755207064,0.28656798755207064,0.0034426518632954808,0.0027407407407407398,"{""estimable"": 1}",common observed-defined units; identical for every candidate
T3,full_census_strata,all_measured_original_members,rank_top5_mean_profile,IL2_STAT5,PertAdapt,native,5,5,1,chen,1,True,-0.27275459940658481,-0.27275459940658481,-0.27275459940658481,0.012391089324599577,0.01122222222222222,"{""estimable"": 1}",common observed-defined units; identical for every candidate
T3,full_census_strata,all_measured_original_members,rank_top5_mean_profile,IL2_STAT5,PerturbNet,native,5,5,1,chen,0,False,,,,,,"{""explicit_declined_strata_on_full_support"": 1}",common observed-defined units; identical for every candidate
T3,full_census_strata,all_measured_original_members,rank_top5_mean_profile,IL2_STAT5,STATE,native,5,5,1,chen,0,False,,,,,,"{""explicit_declined_strata_on_full_support"": 1}",common observed-defined units; identical for every candidate
T3,full_census_strata,all_measured_original_members,rank_top5_mean_profile,IL2_STAT5,cell-mean,floor,5,5,1,chen,0,False,,,,0.0024173583514193646,0.0017777777777777768,"{""constant_predicted_score"": 1}",common observed-defined units; identical for every candidate
T3,full_census_strata,all_measured_original_members,rank_top5_mean_profile,IL2_STAT5,linear-PCA,floor,5,5,1,chen,0,False,,,,0.0024173583514193646,0.0017777777777777768,"{""constant_predicted_score"": 1}",common observed-defined units; identical for every candidate
T3,full_census_strata,all_measured_original_members,rank_top5_mean_profile,IL2_STAT5,linear-shift-KOemb,diagnostic,5,5,1,chen,0,False,,,,,,"{""explicit_declined_strata_on_full_support"": 1}",common observed-defined units; identical for every candidate
T3,full_census_strata,all_measured_original_members,rank_top5_mean_profile,IL2_STAT5,scFoundation,native,5,5,1,chen,0,False,,,,,,"{""explicit_declined_strata_on_full_support"": 1}",common observed-defined units; identical for every candidate
T3,full_census_strata,all_measured_original_members,rank_top5_mean_profile,IL2_STAT5,scGPT,native,5,5,1,chen,0,False,,,,0.0024173583514193646,0.0017777777777777768,"{""constant_predicted_score"": 1}",common observed-defined units; identical for every candidate
T3,full_census_strata,all_measured_original_members,rank_top5_mean_profile,TCR_activation,AttentionPert,native,5,5,1,chen,1,True,-0.10651116907575384,-0.10651116907575384,-0.10651116907575384,0.0085080450913074136,0.0072962962962962973,"{""estimable"": 1}",common observed-defined units; identical for every candidate
T3,full_census_strata,all_measured_original_members,rank_top5_mean_profile,TCR_activation,Biolord,native,5,5,1,chen,1,True,0.13659040664458688,0.13659040664458688,0.13659040664458688,0.00498970132789166,0.0042592592592592604,"{""estimable"": 1}",common observed-defined units; identical for every candidate
T3,full_census_strata,all_measured_original_members,rank_top5_mean_profile,TCR_activation,CellFlow,native,5,5,1,chen,0,False,,,,,,"{""explicit_declined_strata_on_full_support"": 1}",common observed-defined units; identical for every candidate
T3,full_census_strata,all_measured_original_members,rank_top5_mean_profile,TCR_activation,GEARS,native,5,5,1,chen,1,True,0.37358026698340813,0.37358026698340813,0.37358026698340813,0.0049566017829323237,0.0038148148148148147,"{""estimable"": 1}",common observed-defined units; identical for every candidate
T3,full_census_strata,all_measured_original_members,rank_top5_mean_profile,TCR_activation,PertAdapt,native,5,5,1,chen,1,True,-0.11187178586876857,-0.11187178586876857,-0.11187178586876857,0.0099463581853994829,0.0086666666666666645,"{""estimable"": 1}",common observed-defined units; identical for every candidate
T3,full_census_strata,all_measured_original_members,rank_top5_mean_profile,TCR_activation,PerturbNet,native,5,5,1,chen,0,False,,,,,,"{""explicit_declined_strata_on_full_support"": 1}",common observed-defined units; identical for every candidate
T3,full_census_strata,all_measured_original_members,rank_top5_mean_profile,TCR_activation,STATE,native,5,5,1,chen,0,False,,,,,,"{""explicit_declined_strata_on_full_support"": 1}",common observed-defined units; identical for every candidate
T3,full_census_strata,all_measured_original_members,rank_top5_mean_profile,TCR_activation,cell-mean,floor,5,5,1,chen,0,False,,,,0.0044813284332604966,0.003407407407407408,"{""constant_predicted_score"": 1}",common observed-defined units; identical for every candidate
T3,full_census_strata,all_measured_original_members,rank_top5_mean_profile,TCR_activation,linear-PCA,floor,5,5,1,chen,0,False,,,,0.0060109639196054354,0.0048888888888888879,"{""constant_predicted_score"": 1}",common observed-defined units; identical for every candidate
T3,full_census_strata,all_measured_original_members,rank_top5_mean_profile,TCR_activation,linear-shift-KOemb,diagnostic,5,5,1,chen,0,False,,,,,,"{""explicit_declined_strata_on_full_support"": 1}",common observed-defined units; identical for every candidate
T3,full_census_strata,all_measured_original_members,rank_top5_mean_profile,TCR_activation,scFoundation,native,5,5,1,chen,0,False,,,,,,"{""explicit_declined_strata_on_full_support"": 1}",common observed-defined units; identical for every candidate
T3,full_census_strata,all_measured_original_members,rank_top5_mean_profile,TCR_activation,scGPT,native,5,5,1,chen,1,True,0.088662145354049191,0.088662145354049191,0.088662145354049191,0.0044536940786836779,0.0036296296296296289,"{""estimable"": 1}",common observed-defined units; identical for every candidate
T3,full_census_strata,all_measured_original_members,rank_top5_mean_profile,Treg_exhaustion,AttentionPert,native,5,5,1,chen,1,True,-0.062243443026498056,-0.062243443026498056,-0.062243443026498056,0.034042457151164773,0.031000000000000014,"{""estimable"": 1}",common observed-defined units; identical for every candidate
T3,full_census_strata,all_measured_original_members,rank_top5_mean_profile,Treg_exhaustion,Biolord,native,5,5,1,chen,1,True,-0.080096393620097794,-0.080096393620097794,-0.080096393620097794,0.015643600040343087,0.011944444444444445,"{""estimable"": 1}",common observed-defined units; identical for every candidate
T3,full_census_strata,all_measured_original_members,rank_top5_mean_profile,Treg_exhaustion,CellFlow,native,5,5,1,chen,0,False,,,,,,"{""explicit_declined_strata_on_full_support"": 1}",common observed-defined units; identical for every candidate
T3,full_census_strata,all_measured_original_members,rank_top5_mean_profile,Treg_exhaustion,GEARS,native,5,5,1,chen,1,True,0.1048905023749455,0.1048905023749455,0.1048905023749455,0.017517187327075422,0.014111111111111111,"{""estimable"": 1}",common observed-defined units; identical for every candidate
T3,full_census_strata,all_measured_original_members,rank_top5_mean_profile,Treg_exhaustion,PertAdapt,native,5,5,1,chen,1,True,0.035859131354263739,0.035859131354263739,0.035859131354263739,0.051697123639450115,0.048555555555555553,"{""estimable"": 1}",common observed-defined units; identical for every candidate
T3,full_census_strata,all_measured_original_members,rank_top5_mean_profile,Treg_exhaustion,PerturbNet,native,5,5,1,chen,0,False,,,,,,"{""explicit_declined_strata_on_full_support"": 1}",common observed-defined units; identical for every candidate
T3,full_census_strata,all_measured_original_members,rank_top5_mean_profile,Treg_exhaustion,STATE,native,5,5,1,chen,0,False,,,,,,"{""explicit_declined_strata_on_full_support"": 1}",common observed-defined units; identical for every candidate
T3,full_census_strata,all_measured_original_members,rank_top5_mean_profile,Treg_exhaustion,cell-mean,floor,5,5,1,chen,0,False,,,,0.014213973302248637,0.011333333333333336,"{""constant_predicted_score"": 1}",common observed-defined units; identical for every candidate
T3,full_census_strata,all_measured_original_members,rank_top5_mean_profile,Treg_exhaustion,linear-PCA,floor,5,5,1,chen,0,False,,,,0.015575384187640203,0.012111111111111112,"{""constant_predicted_score"": 1}",common observed-defined units; identical for every candidate
T3,full_census_strata,all_measured_original_members,rank_top5_mean_profile,Treg_exhaustion,linear-shift-KOemb,diagnostic,5,5,1,chen,0,False,,,,,,"{""explicit_declined_strata_on_full_support"": 1}",common observed-defined units; identical for every candidate
T3,full_census_strata,all_measured_original_members,rank_top5_mean_profile,Treg_exhaustion,scFoundation,native,5,5,1,chen,0,False,,,,,,"{""explicit_declined_strata_on_full_support"": 1}",common observed-defined units; identical for every candidate
T3,full_census_strata,all_measured_original_members,rank_top5_mean_profile,Treg_exhaustion,scGPT,native,5,5,1,chen,1,True,0.39199150583186743,0.39199150583186743,0.39199150583186743,0.016115899671511433,0.012166666666666666,"{""estimable"": 1}",common observed-defined units; identical for every candidate
T3,full_census_strata,all_measured_original_members,rank_top5_mean_profile,effector_cytokine,AttentionPert,native,5,5,0,,0,False,,,,,,{},common observed-defined units; identical for every candidate
T3,full_census_strata,all_measured_original_members,rank_top5_mean_profile,effector_cytokine,Biolord,native,5,5,0,,0,False,,,,,,{},common observed-defined units; identical for every candidate
T3,full_census_strata,all_measured_original_members,rank_top5_mean_profile,effector_cytokine,CellFlow,native,5,5,0,,0,False,,,,,,{},common observed-defined units; identical for every candidate
T3,full_census_strata,all_measured_original_members,rank_top5_mean_profile,effector_cytokine,GEARS,native,5,5,0,,0,False,,,,,,{},common observed-defined units; identical for every candidate
T3,full_census_strata,all_measured_original_members,rank_top5_mean_profile,effector_cytokine,PertAdapt,native,5,5,0,,0,False,,,,,,{},common observed-defined units; identical for every candidate
T3,full_census_strata,all_measured_original_members,rank_top5_mean_profile,effector_cytokine,PerturbNet,native,5,5,0,,0,False,,,,,,{},common observed-defined units; identical for every candidate
T3,full_census_strata,all_measured_original_members,rank_top5_mean_profile,effector_cytokine,STATE,native,5,5,0,,0,False,,,,,,{},common observed-defined units; identical for every candidate
T3,full_census_strata,all_measured_original_members,rank_top5_mean_profile,effector_cytokine,cell-mean,floor,5,5,0,,0,False,,,,,,{},common observed-defined units; identical for every candidate
T3,full_census_strata,all_measured_original_members,rank_top5_mean_profile,effector_cytokine,linear-PCA,floor,5,5,0,,0,False,,,,,,{},common observed-defined units; identical for every candidate
T3,full_census_strata,all_measured_original_members,rank_top5_mean_profile,effector_cytokine,linear-shift-KOemb,diagnostic,5,5,0,,0,False,,,,,,{},common observed-defined units; identical for every candidate
T3,full_census_strata,all_measured_original_members,rank_top5_mean_profile,effector_cytokine,scFoundation,native,5,5,0,,0,False,,,,,,{},common observed-defined units; identical for every candidate
T3,full_census_strata,all_measured_original_members,rank_top5_mean_profile,effector_cytokine,scGPT,native,5,5,0,,0,False,,,,,,{},common observed-defined units; identical for every candidate
T3,full_census_strata,all_measured_original_members,rank_top5_mean_profile,proliferation,AttentionPert,native,5,5,0,,0,False,,,,,,{},common observed-defined units; identical for every candidate
T3,full_census_strata,all_measured_original_members,rank_top5_mean_profile,proliferation,Biolord,native,5,5,0,,0,False,,,,,,{},common observed-defined units; identical for every candidate
T3,full_census_strata,all_measured_original_members,rank_top5_mean_profile,proliferation,CellFlow,native,5,5,0,,0,False,,,,,,{},common observed-defined units; identical for every candidate
T3,full_census_strata,all_measured_original_members,rank_top5_mean_profile,proliferation,GEARS,native,5,5,0,,0,False,,,,,,{},common observed-defined units; identical for every candidate
T3,full_census_strata,all_measured_original_members,rank_top5_mean_profile,proliferation,PertAdapt,native,5,5,0,,0,False,,,,,,{},common observed-defined units; identical for every candidate
T3,full_census_strata,all_measured_original_members,rank_top5_mean_profile,proliferation,PerturbNet,native,5,5,0,,0,False,,,,,,{},common observed-defined units; identical for every candidate
T3,full_census_strata,all_measured_original_members,rank_top5_mean_profile,proliferation,STATE,native,5,5,0,,0,False,,,,,,{},common observed-defined units; identical for every candidate
T3,full_census_strata,all_measured_original_members,rank_top5_mean_profile,proliferation,cell-mean,floor,5,5,0,,0,False,,,,,,{},common observed-defined units; identical for every candidate
T3,full_census_strata,all_measured_original_members,rank_top5_mean_profile,proliferation,linear-PCA,floor,5,5,0,,0,False,,,,,,{},common observed-defined units; identical for every candidate
T3,full_census_strata,all_measured_original_members,rank_top5_mean_profile,proliferation,linear-shift-KOemb,diagnostic,5,5,0,,0,False,,,,,,{},common observed-defined units; identical for every candidate
T3,full_census_strata,all_measured_original_members,rank_top5_mean_profile,proliferation,scFoundation,native,5,5,0,,0,False,,,,,,{},common observed-defined units; identical for every candidate
T3,full_census_strata,all_measured_original_members,rank_top5_mean_profile,proliferation,scGPT,native,5,5,0,,0,False,,,,,,{},common observed-defined units; identical for every candidate
T3,full_census_strata,benchmark_mask,mean_expression_delta,IL2_STAT5,AttentionPert,native,5,5,2,chen;schmidt,2,True,-0.17355520937249147,-0.49226776204414951,0.14515734329916657,0.057354111861852283,0.048582677727010193,"{""estimable"": 2}",common observed-defined units; identical for every candidate
T3,full_census_strata,benchmark_mask,mean_expression_delta,IL2_STAT5,Biolord,native,5,5,2,chen;schmidt,2,True,-0.47982340913793509,-0.76152449550001666,-0.19812232277585357,0.037964478698478098,0.026403938682559538,"{""estimable"": 2}",common observed-defined units; identical for every candidate
T3,full_census_strata,benchmark_mask,mean_expression_delta,IL2_STAT5,CellFlow,native,5,5,2,chen;schmidt,1,False,,,,,,"{""estimable"": 1, ""explicit_declined_strata_on_full_support"": 1}",common observed-defined units; identical for every candidate
T3,full_census_strata,benchmark_mask,mean_expression_delta,IL2_STAT5,GEARS,native,5,5,2,chen;schmidt,2,True,0.11528892448794274,0.05718669527091378,0.17339115370497171,0.043413499083208087,0.036249774526056308,"{""estimable"": 2}",common observed-defined units; identical for every candidate
T3,full_census_strata,benchmark_mask,mean_expression_delta,IL2_STAT5,PertAdapt,native,5,5,2,chen;schmidt,2,True,-0.070350165435535655,-0.40336655914392278,0.26266622827285147,0.20089617767316231,0.19716750991996684,"{""estimable"": 2}",common observed-defined units; identical for every candidate
T3,full_census_strata,benchmark_mask,mean_expression_delta,IL2_STAT5,PerturbNet,native,5,5,2,chen;schmidt,1,False,,,,,,"{""estimable"": 1, ""explicit_declined_strata_on_full_support"": 1}",common observed-defined units; identical for every candidate
T3,full_census_strata,benchmark_mask,mean_expression_delta,IL2_STAT5,STATE,native,5,5,2,chen;schmidt,1,False,,,,,,"{""estimable"": 1, ""explicit_declined_strata_on_full_support"": 1}",common observed-defined units; identical for every candidate
T3,full_census_strata,benchmark_mask,mean_expression_delta,IL2_STAT5,cell-mean,floor,5,5,2,chen;schmidt,1,False,,,,0.027344150943454076,0.018971003884515506,"{""estimable"": 1, ""numerically_constant_predicted_profile"": 1}",common observed-defined units; identical for every candidate
T3,full_census_strata,benchmark_mask,mean_expression_delta,IL2_STAT5,linear-PCA,floor,5,5,2,chen;schmidt,1,False,,,,0.030609407333935537,0.022481707411879187,"{""estimable"": 1, ""numerically_constant_predicted_profile"": 1}",common observed-defined units; identical for every candidate
T3,full_census_strata,benchmark_mask,mean_expression_delta,IL2_STAT5,linear-shift-KOemb,diagnostic,5,5,2,chen;schmidt,1,False,,,,,,"{""estimable"": 1, ""explicit_declined_strata_on_full_support"": 1}",common observed-defined units; identical for every candidate
T3,full_census_strata,benchmark_mask,mean_expression_delta,IL2_STAT5,scFoundation,native,5,5,2,chen;schmidt,1,False,,,,,,"{""estimable"": 1, ""explicit_declined_strata_on_full_support"": 1}",common observed-defined units; identical for every candidate
T3,full_census_strata,benchmark_mask,mean_expression_delta,IL2_STAT5,scGPT,native,5,5,2,chen;schmidt,2,True,0.0065297902189307422,-0.14611238205776364,0.15917196249562512,0.037844227842711062,0.025332841572580273,"{""estimable"": 2}",common observed-defined units; identical for every candidate
T3,full_census_strata,benchmark_mask,mean_expression_delta,TCR_activation,AttentionPert,native,5,5,2,chen;schmidt,2,True,0.24167119616602811,0.20510353817605315,0.27823885415600308,0.04371923065993473,0.038810363064998042,"{""estimable"": 2}",common observed-defined units; identical for every candidate
T3,full_census_strata,benchmark_mask,mean_expression_delta,TCR_activation,Biolord,native,5,5,2,chen;schmidt,2,True,0.3738369993129641,-0.096707134973253575,0.84438113359918177,0.038989892142255775,0.033633336211953843,"{""estimable"": 2}",common observed-defined units; identical for every candidate
T3,full_census_strata,benchmark_mask,mean_expression_delta,TCR_activation,CellFlow,native,5,5,2,chen;schmidt,1,False,,,,,,"{""estimable"": 1, ""explicit_declined_strata_on_full_support"": 1}",common observed-defined units; identical for every candidate
T3,full_census_strata,benchmark_mask,mean_expression_delta,TCR_activation,GEARS,native,5,5,2,chen;schmidt,2,True,0.38272546813412361,0.16500834447958815,0.60044259178865911,0.04449006602469726,0.034471270181829966,"{""estimable"": 2}",common observed-defined units; identical for every candidate
T3,full_census_strata,benchmark_mask,mean_expression_delta,TCR_activation,PertAdapt,native,5,5,2,chen;schmidt,2,True,0.25555135805532003,0.135781173256042,0.37532154285459801,0.20532068463340092,0.19600839512570514,"{""estimable"": 2}",common observed-defined units; identical for every candidate
T3,full_census_strata,benchmark_mask,mean_expression_delta,TCR_activation,PerturbNet,native,5,5,2,chen;schmidt,1,False,,,,,,"{""estimable"": 1, ""explicit_declined_strata_on_full_support"": 1}",common observed-defined units; identical for every candidate
T3,full_census_strata,benchmark_mask,mean_expression_delta,TCR_activation,STATE,native,5,5,2,chen;schmidt,1,False,,,,,,"{""estimable"": 1, ""explicit_declined_strata_on_full_support"": 1}",common observed-defined units; identical for every candidate
T3,full_census_strata,benchmark_mask,mean_expression_delta,TCR_activation,cell-mean,floor,5,5,2,chen;schmidt,1,False,,,,0.042372016217649501,0.036399403971339027,"{""estimable"": 1, ""numerically_constant_predicted_profile"": 1}",common observed-defined units; identical for every candidate
T3,full_census_strata,benchmark_mask,mean_expression_delta,TCR_activation,linear-PCA,floor,5,5,2,chen;schmidt,1,False,,,,0.044830094731530767,0.039782172776561563,"{""estimable"": 1, ""numerically_constant_predicted_profile"": 1}",common observed-defined units; identical for every candidate
T3,full_census_strata,benchmark_mask,mean_expression_delta,TCR_activation,linear-shift-KOemb,diagnostic,5,5,2,chen;schmidt,1,False,,,,,,"{""estimable"": 1, ""explicit_declined_strata_on_full_support"": 1}",common observed-defined units; identical for every candidate
T3,full_census_strata,benchmark_mask,mean_expression_delta,TCR_activation,scFoundation,native,5,5,2,chen;schmidt,1,False,,,,,,"{""estimable"": 1, ""explicit_declined_strata_on_full_support"": 1}",common observed-defined units; identical for every candidate
T3,full_census_strata,benchmark_mask,mean_expression_delta,TCR_activation,scGPT,native,5,5,2,chen;schmidt,2,True,-0.024943051501597452,-0.37096823312725535,0.32108213012406045,0.062726676830419867,0.051165517886716215,"{""estimable"": 2}",common observed-defined units; identical for every candidate
T3,full_census_strata,benchmark_mask,mean_expression_delta,Treg_exhaustion,AttentionPert,native,5,5,2,chen;schmidt,2,True,0.17067502803811926,0.039271370725003543,0.302078685351235,0.09565954794757027,0.071805441379547114,"{""estimable"": 2}",common observed-defined units; identical for every candidate
T3,full_census_strata,benchmark_mask,mean_expression_delta,Treg_exhaustion,Biolord,native,5,5,2,chen;schmidt,2,True,0.29515747566972134,-0.10572971616073604,0.69604466750017868,0.088272049059883131,0.057266352597683194,"{""estimable"": 2}",common observed-defined units; identical for every candidate
T3,full_census_strata,benchmark_mask,mean_expression_delta,Treg_exhaustion,CellFlow,native,5,5,2,chen;schmidt,1,False,,,,,,"{""estimable"": 1, ""explicit_declined_strata_on_full_support"": 1}",common observed-defined units; identical for every candidate
T3,full_census_strata,benchmark_mask,mean_expression_delta,Treg_exhaustion,GEARS,native,5,5,2,chen;schmidt,2,True,0.3663609879734373,0.35158620505302596,0.38113577089384859,0.095073815778428911,0.063250210561922621,"{""estimable"": 2}",common observed-defined units; identical for every candidate
T3,full_census_strata,benchmark_mask,mean_expression_delta,Treg_exhaustion,PertAdapt,native,5,5,2,chen;schmidt,2,True,0.20808904119391608,0.097590190443965302,0.31858789194386683,0.19522529463280647,0.17363657267793775,"{""estimable"": 2}",common observed-defined units; identical for every candidate
T3,full_census_strata,benchmark_mask,mean_expression_delta,Treg_exhaustion,PerturbNet,native,5,5,2,chen;schmidt,1,False,,,,,,"{""estimable"": 1, ""explicit_declined_strata_on_full_support"": 1}",common observed-defined units; identical for every candidate
T3,full_census_strata,benchmark_mask,mean_expression_delta,Treg_exhaustion,STATE,native,5,5,2,chen;schmidt,1,False,,,,,,"{""estimable"": 1, ""explicit_declined_strata_on_full_support"": 1}",common observed-defined units; identical for every candidate
T3,full_census_strata,benchmark_mask,mean_expression_delta,Treg_exhaustion,cell-mean,floor,5,5,2,chen;schmidt,1,False,,,,0.09315919346463139,0.062727289150158572,"{""estimable"": 1, ""numerically_constant_predicted_profile"": 1}",common observed-defined units; identical for every candidate
T3,full_census_strata,benchmark_mask,mean_expression_delta,Treg_exhaustion,linear-PCA,floor,5,5,2,chen;schmidt,1,False,,,,0.094361236555306038,0.064082331943606574,"{""estimable"": 1, ""numerically_constant_predicted_profile"": 1}",common observed-defined units; identical for every candidate
T3,full_census_strata,benchmark_mask,mean_expression_delta,Treg_exhaustion,linear-shift-KOemb,diagnostic,5,5,2,chen;schmidt,1,False,,,,,,"{""estimable"": 1, ""explicit_declined_strata_on_full_support"": 1}",common observed-defined units; identical for every candidate
T3,full_census_strata,benchmark_mask,mean_expression_delta,Treg_exhaustion,scFoundation,native,5,5,2,chen;schmidt,1,False,,,,,,"{""estimable"": 1, ""explicit_declined_strata_on_full_support"": 1}",common observed-defined units; identical for every candidate
T3,full_census_strata,benchmark_mask,mean_expression_delta,Treg_exhaustion,scGPT,native,5,5,2,chen;schmidt,2,True,0.26871683704794419,0.036038341833776508,0.50139533226211186,0.10468525790252892,0.078114708110926648,"{""estimable"": 2}",common observed-defined units; identical for every candidate
T3,full_census_strata,benchmark_mask,mean_expression_delta,effector_cytokine,AttentionPert,native,5,5,2,chen;schmidt,2,True,0.22896666944426333,-0.058976767580528444,0.51691010646905511,0.050957777950882285,0.042635424262178798,"{""estimable"": 2}",common observed-defined units; identical for every candidate
T3,full_census_strata,benchmark_mask,mean_expression_delta,effector_cytokine,Biolord,native,5,5,2,chen;schmidt,2,True,0.29802588202519709,-0.030286994550671097,0.62633875860106525,0.066723903781017183,0.052480925810301587,"{""estimable"": 2}",common observed-defined units; identical for every candidate
T3,full_census_strata,benchmark_mask,mean_expression_delta,effector_cytokine,CellFlow,native,5,5,2,chen;schmidt,1,False,,,,,,"{""estimable"": 1, ""explicit_declined_strata_on_full_support"": 1}",common observed-defined units; identical for every candidate
T3,full_census_strata,benchmark_mask,mean_expression_delta,effector_cytokine,GEARS,native,5,5,2,chen;schmidt,2,True,0.11975814232561485,-0.16193623781876004,0.40145252246998975,0.057768627017383806,0.044435887812592445,"{""estimable"": 2}",common observed-defined units; identical for every candidate
T3,full_census_strata,benchmark_mask,mean_expression_delta,effector_cytokine,PertAdapt,native,5,5,2,chen;schmidt,2,True,0.49938204039788414,0.14130879177551955,0.8574552890202487,0.26551187603874693,0.25657540778407739,"{""estimable"": 2}",common observed-defined units; identical for every candidate
T3,full_census_strata,benchmark_mask,mean_expression_delta,effector_cytokine,PerturbNet,native,5,5,2,chen;schmidt,1,False,,,,,,"{""estimable"": 1, ""explicit_declined_strata_on_full_support"": 1}",common observed-defined units; identical for every candidate
T3,full_census_strata,benchmark_mask,mean_expression_delta,effector_cytokine,STATE,native,5,5,2,chen;schmidt,1,False,,,,,,"{""estimable"": 1, ""explicit_declined_strata_on_full_support"": 1}",common observed-defined units; identical for every candidate
T3,full_census_strata,benchmark_mask,mean_expression_delta,effector_cytokine,cell-mean,floor,5,5,2,chen;schmidt,1,False,,,,0.064224278758825942,0.049906573910266164,"{""estimable"": 1, ""numerically_constant_predicted_profile"": 1}",common observed-defined units; identical for every candidate
T3,full_census_strata,benchmark_mask,mean_expression_delta,effector_cytokine,linear-PCA,floor,5,5,2,chen;schmidt,1,False,,,,0.061664243386649206,0.04803145018273166,"{""estimable"": 1, ""numerically_constant_predicted_profile"": 1}",common observed-defined units; identical for every candidate
T3,full_census_strata,benchmark_mask,mean_expression_delta,effector_cytokine,linear-shift-KOemb,diagnostic,5,5,2,chen;schmidt,1,False,,,,,,"{""estimable"": 1, ""explicit_declined_strata_on_full_support"": 1}",common observed-defined units; identical for every candidate
T3,full_census_strata,benchmark_mask,mean_expression_delta,effector_cytokine,scFoundation,native,5,5,2,chen;schmidt,1,False,,,,,,"{""estimable"": 1, ""explicit_declined_strata_on_full_support"": 1}",common observed-defined units; identical for every candidate
T3,full_census_strata,benchmark_mask,mean_expression_delta,effector_cytokine,scGPT,native,5,5,2,chen;schmidt,2,True,0.21292571042566105,0.15958101276425243,0.26627040808706964,0.069850038555424002,0.050088941860234451,"{""estimable"": 2}",common observed-defined units; identical for every candidate
T3,full_census_strata,benchmark_mask,mean_expression_delta,proliferation,AttentionPert,native,5,5,2,chen;schmidt,2,True,0.40959871024760336,0.21549542500110164,0.60370199549410508,0.058244044702014233,0.046455796470954304,"{""estimable"": 2}",common observed-defined units; identical for every candidate
T3,full_census_strata,benchmark_mask,mean_expression_delta,proliferation,Biolord,native,5,5,2,chen;schmidt,2,True,0.12590993773207415,-0.1602519001359774,0.4120717756001257,0.0855925337640875,0.071130378695116153,"{""estimable"": 2}",common observed-defined units; identical for every candidate
T3,full_census_strata,benchmark_mask,mean_expression_delta,proliferation,CellFlow,native,5,5,2,chen;schmidt,1,False,,,,,,"{""estimable"": 1, ""explicit_declined_strata_on_full_support"": 1}",common observed-defined units; identical for every candidate
T3,full_census_strata,benchmark_mask,mean_expression_delta,proliferation,GEARS,native,5,5,2,chen;schmidt,2,True,0.27938597950516109,0.19710842940638468,0.36166352960393744,0.057395657503839091,0.048424974296774184,"{""estimable"": 2}",common observed-defined units; identical for every candidate
T3,full_census_strata,benchmark_mask,mean_expression_delta,proliferation,PertAdapt,native,5,5,2,chen;schmidt,2,True,0.11975181369383561,-0.05679243478726604,0.29629606217493726,0.12172501051434026,0.11164380129249322,"{""estimable"": 2}",common observed-defined units; identical for every candidate
T3,full_census_strata,benchmark_mask,mean_expression_delta,proliferation,PerturbNet,native,5,5,2,chen;schmidt,1,False,,,,,,"{""estimable"": 1, ""explicit_declined_strata_on_full_support"": 1}",common observed-defined units; identical for every candidate
T3,full_census_strata,benchmark_mask,mean_expression_delta,proliferation,STATE,native,5,5,2,chen;schmidt,1,False,,,,,,"{""estimable"": 1, ""explicit_declined_strata_on_full_support"": 1}",common observed-defined units; identical for every candidate
T3,full_census_strata,benchmark_mask,mean_expression_delta,proliferation,cell-mean,floor,5,5,2,chen;schmidt,1,False,,,,0.066262272795970301,0.055233432937945637,"{""estimable"": 1, ""numerically_constant_predicted_profile"": 1}",common observed-defined units; identical for every candidate
T3,full_census_strata,benchmark_mask,mean_expression_delta,proliferation,linear-PCA,floor,5,5,2,chen;schmidt,1,False,,,,0.067381591763088028,0.056191643008163997,"{""estimable"": 1, ""numerically_constant_predicted_profile"": 1}",common observed-defined units; identical for every candidate
T3,full_census_strata,benchmark_mask,mean_expression_delta,proliferation,linear-shift-KOemb,diagnostic,5,5,2,chen;schmidt,1,False,,,,,,"{""estimable"": 1, ""explicit_declined_strata_on_full_support"": 1}",common observed-defined units; identical for every candidate
T3,full_census_strata,benchmark_mask,mean_expression_delta,proliferation,scFoundation,native,5,5,2,chen;schmidt,1,False,,,,,,"{""estimable"": 1, ""explicit_declined_strata_on_full_support"": 1}",common observed-defined units; identical for every candidate
T3,full_census_strata,benchmark_mask,mean_expression_delta,proliferation,scGPT,native,5,5,2,chen;schmidt,2,True,-0.13700548138610746,-0.37006290243915985,0.096051939666944947,0.10155748967909356,0.085478710347697856,"{""estimable"": 2}",common observed-defined units; identical for every candidate
T3,full_census_strata,benchmark_mask,rank_top5_mean_profile,IL2_STAT5,AttentionPert,native,5,5,1,chen,1,True,-0.13533291930893376,-0.13533291930893376,-0.13533291930893376,0.005387438288491103,0.0046296296296296285,"{""estimable"": 1}",common observed-defined units; identical for every candidate
T3,full_census_strata,benchmark_mask,rank_top5_mean_profile,IL2_STAT5,Biolord,native,5,5,1,chen,1,True,0.058693116204234466,0.058693116204234466,0.058693116204234466,0.002535752581042436,0.0018518518518518532,"{""estimable"": 1}",common observed-defined units; identical for every candidate
T3,full_census_strata,benchmark_mask,rank_top5_mean_profile,IL2_STAT5,CellFlow,native,5,5,1,chen,0,False,,,,,,"{""explicit_declined_strata_on_full_support"": 1}",common observed-defined units; identical for every candidate
T3,full_census_strata,benchmark_mask,rank_top5_mean_profile,IL2_STAT5,GEARS,native,5,5,1,chen,1,True,0.28656798755207086,0.28656798755207086,0.28656798755207086,0.0035860956909327933,0.0028549382716049382,"{""estimable"": 1}",common observed-defined units; identical for every candidate
T3,full_census_strata,benchmark_mask,rank_top5_mean_profile,IL2_STAT5,PertAdapt,native,5,5,1,chen,1,True,-0.25882134801364703,-0.25882134801364703,-0.25882134801364703,0.012103995271470439,0.010995370370370372,"{""estimable"": 1}",common observed-defined units; identical for every candidate
T3,full_census_strata,benchmark_mask,rank_top5_mean_profile,IL2_STAT5,PerturbNet,native,5,5,1,chen,0,False,,,,,,"{""explicit_declined_strata_on_full_support"": 1}",common observed-defined units; identical for every candidate
T3,full_census_strata,benchmark_mask,rank_top5_mean_profile,IL2_STAT5,STATE,native,5,5,1,chen,0,False,,,,,,"{""explicit_declined_strata_on_full_support"": 1}",common observed-defined units; identical for every candidate
T3,full_census_strata,benchmark_mask,rank_top5_mean_profile,IL2_STAT5,cell-mean,floor,5,5,1,chen,0,False,,,,0.0025180816160618397,0.0018518518518518532,"{""constant_predicted_score"": 1}",common observed-defined units; identical for every candidate
T3,full_census_strata,benchmark_mask,rank_top5_mean_profile,IL2_STAT5,linear-PCA,floor,5,5,1,chen,0,False,,,,0.0025180816160618397,0.0018518518518518532,"{""constant_predicted_score"": 1}",common observed-defined units; identical for every candidate
T3,full_census_strata,benchmark_mask,rank_top5_mean_profile,IL2_STAT5,linear-shift-KOemb,diagnostic,5,5,1,chen,0,False,,,,,,"{""explicit_declined_strata_on_full_support"": 1}",common observed-defined units; identical for every candidate
T3,full_census_strata,benchmark_mask,rank_top5_mean_profile,IL2_STAT5,scFoundation,native,5,5,1,chen,0,False,,,,,,"{""explicit_declined_strata_on_full_support"": 1}",common observed-defined units; identical for every candidate
T3,full_census_strata,benchmark_mask,rank_top5_mean_profile,IL2_STAT5,scGPT,native,5,5,1,chen,0,False,,,,0.0025180816160618397,0.0018518518518518532,"{""constant_predicted_score"": 1}",common observed-defined units; identical for every candidate
T3,full_census_strata,benchmark_mask,rank_top5_mean_profile,TCR_activation,AttentionPert,native,5,5,1,chen,1,True,-0.095489925065725262,-0.095489925065725262,-0.095489925065725262,0.008927805914665226,0.0076003086419753072,"{""estimable"": 1}",common observed-defined units; identical for every candidate
T3,full_census_strata,benchmark_mask,rank_top5_mean_profile,TCR_activation,Biolord,native,5,5,1,chen,1,True,0.072520770438542423,0.072520770438542423,0.072520770438542423,0.0050582808757898496,0.004128086419753086,"{""estimable"": 1}",common observed-defined units; identical for every candidate
T3,full_census_strata,benchmark_mask,rank_top5_mean_profile,TCR_activation,CellFlow,native,5,5,1,chen,0,False,,,,,,"{""explicit_declined_strata_on_full_support"": 1}",common observed-defined units; identical for every candidate
T3,full_census_strata,benchmark_mask,rank_top5_mean_profile,TCR_activation,GEARS,native,5,5,1,chen,1,True,0.36130438519856084,0.36130438519856084,0.36130438519856084,0.0052531507953288053,0.0041666666666666683,"{""estimable"": 1}",common observed-defined units; identical for every candidate
T3,full_census_strata,benchmark_mask,rank_top5_mean_profile,TCR_activation,PertAdapt,native,5,5,1,chen,1,True,-0.15965593529038158,-0.15965593529038158,-0.15965593529038158,0.0093265303199949537,0.0082561728395061772,"{""estimable"": 1}",common observed-defined units; identical for every candidate
T3,full_census_strata,benchmark_mask,rank_top5_mean_profile,TCR_activation,PerturbNet,native,5,5,1,chen,0,False,,,,,,"{""explicit_declined_strata_on_full_support"": 1}",common observed-defined units; identical for every candidate
T3,full_census_strata,benchmark_mask,rank_top5_mean_profile,TCR_activation,STATE,native,5,5,1,chen,0,False,,,,,,"{""explicit_declined_strata_on_full_support"": 1}",common observed-defined units; identical for every candidate
T3,full_census_strata,benchmark_mask,rank_top5_mean_profile,TCR_activation,cell-mean,floor,5,5,1,chen,0,False,,,,0.0046296296296296302,0.003472222222222222,"{""constant_predicted_score"": 1}",common observed-defined units; identical for every candidate
T3,full_census_strata,benchmark_mask,rank_top5_mean_profile,TCR_activation,linear-PCA,floor,5,5,1,chen,0,False,,,,0.0067089707158284459,0.0055555555555555558,"{""constant_predicted_score"": 1}",common observed-defined units; identical for every candidate
T3,full_census_strata,benchmark_mask,rank_top5_mean_profile,TCR_activation,linear-shift-KOemb,diagnostic,5,5,1,chen,0,False,,,,,,"{""explicit_declined_strata_on_full_support"": 1}",common observed-defined units; identical for every candidate
T3,full_census_strata,benchmark_mask,rank_top5_mean_profile,TCR_activation,scFoundation,native,5,5,1,chen,0,False,,,,,,"{""explicit_declined_strata_on_full_support"": 1}",common observed-defined units; identical for every candidate
T3,full_census_strata,benchmark_mask,rank_top5_mean_profile,TCR_activation,scGPT,native,5,5,1,chen,1,True,0.23634547971047601,0.23634547971047601,0.23634547971047601,0.0045024982903997405,0.0035493827160493828,"{""estimable"": 1}",common observed-defined units; identical for every candidate
T3,full_census_strata,benchmark_mask,rank_top5_mean_profile,Treg_exhaustion,AttentionPert,native,5,5,1,chen,1,True,-0.094873223147682206,-0.094873223147682206,-0.094873223147682206,0.035455225923232948,0.032291666666666656,"{""estimable"": 1}",common observed-defined units; identical for every candidate
T3,full_census_strata,benchmark_mask,rank_top5_mean_profile,Treg_exhaustion,Biolord,native,5,5,1,chen,1,True,-0.0034142692572086074,-0.0034142692572086074,-0.0034142692572086074,0.015576700038998572,0.011863425925925923,"{""estimable"": 1}",common observed-defined units; identical for every candidate
T3,full_census_strata,benchmark_mask,rank_top5_mean_profile,Treg_exhaustion,CellFlow,native,5,5,1,chen,0,False,,,,,,"{""explicit_declined_strata_on_full_support"": 1}",common observed-defined units; identical for every candidate
T3,full_census_strata,benchmark_mask,rank_top5_mean_profile,Treg_exhaustion,GEARS,native,5,5,1,chen,1,True,0.12824377412061697,0.12824377412061697,0.12824377412061697,0.017596780081557052,0.014004629629629627,"{""estimable"": 1}",common observed-defined units; identical for every candidate
T3,full_census_strata,benchmark_mask,rank_top5_mean_profile,Treg_exhaustion,PertAdapt,native,5,5,1,chen,1,True,0.049045809549861437,0.049045809549861437,0.049045809549861437,0.050177315479040217,0.046875000000000021,"{""estimable"": 1}",common observed-defined units; identical for every candidate
T3,full_census_strata,benchmark_mask,rank_top5_mean_profile,Treg_exhaustion,PerturbNet,native,5,5,1,chen,0,False,,,,,,"{""explicit_declined_strata_on_full_support"": 1}",common observed-defined units; identical for every candidate
T3,full_census_strata,benchmark_mask,rank_top5_mean_profile,Treg_exhaustion,STATE,native,5,5,1,chen,0,False,,,,,,"{""explicit_declined_strata_on_full_support"": 1}",common observed-defined units; identical for every candidate
T3,full_census_strata,benchmark_mask,rank_top5_mean_profile,Treg_exhaustion,cell-mean,floor,5,5,1,chen,0,False,,,,0.014182373736234662,0.011342592592592593,"{""constant_predicted_score"": 1}",common observed-defined units; identical for every candidate
T3,full_census_strata,benchmark_mask,rank_top5_mean_profile,Treg_exhaustion,linear-PCA,floor,5,5,1,chen,0,False,,,,0.015579924694873933,0.01215277777777778,"{""constant_predicted_score"": 1}",common observed-defined units; identical for every candidate
T3,full_census_strata,benchmark_mask,rank_top5_mean_profile,Treg_exhaustion,linear-shift-KOemb,diagnostic,5,5,1,chen,0,False,,,,,,"{""explicit_declined_strata_on_full_support"": 1}",common observed-defined units; identical for every candidate
T3,full_census_strata,benchmark_mask,rank_top5_mean_profile,Treg_exhaustion,scFoundation,native,5,5,1,chen,0,False,,,,,,"{""explicit_declined_strata_on_full_support"": 1}",common observed-defined units; identical for every candidate
T3,full_census_strata,benchmark_mask,rank_top5_mean_profile,Treg_exhaustion,scGPT,native,5,5,1,chen,1,True,0.37790719372306841,0.37790719372306841,0.37790719372306841,0.016208869877501059,0.012210648148148146,"{""estimable"": 1}",common observed-defined units; identical for every candidate
T3,full_census_strata,benchmark_mask,rank_top5_mean_profile,effector_cytokine,AttentionPert,native,5,5,0,,0,False,,,,,,{},common observed-defined units; identical for every candidate
T3,full_census_strata,benchmark_mask,rank_top5_mean_profile,effector_cytokine,Biolord,native,5,5,0,,0,False,,,,,,{},common observed-defined units; identical for every candidate
T3,full_census_strata,benchmark_mask,rank_top5_mean_profile,effector_cytokine,CellFlow,native,5,5,0,,0,False,,,,,,{},common observed-defined units; identical for every candidate
T3,full_census_strata,benchmark_mask,rank_top5_mean_profile,effector_cytokine,GEARS,native,5,5,0,,0,False,,,,,,{},common observed-defined units; identical for every candidate
T3,full_census_strata,benchmark_mask,rank_top5_mean_profile,effector_cytokine,PertAdapt,native,5,5,0,,0,False,,,,,,{},common observed-defined units; identical for every candidate
T3,full_census_strata,benchmark_mask,rank_top5_mean_profile,effector_cytokine,PerturbNet,native,5,5,0,,0,False,,,,,,{},common observed-defined units; identical for every candidate
T3,full_census_strata,benchmark_mask,rank_top5_mean_profile,effector_cytokine,STATE,native,5,5,0,,0,False,,,,,,{},common observed-defined units; identical for every candidate
T3,full_census_strata,benchmark_mask,rank_top5_mean_profile,effector_cytokine,cell-mean,floor,5,5,0,,0,False,,,,,,{},common observed-defined units; identical for every candidate
T3,full_census_strata,benchmark_mask,rank_top5_mean_profile,effector_cytokine,linear-PCA,floor,5,5,0,,0,False,,,,,,{},common observed-defined units; identical for every candidate
T3,full_census_strata,benchmark_mask,rank_top5_mean_profile,effector_cytokine,linear-shift-KOemb,diagnostic,5,5,0,,0,False,,,,,,{},common observed-defined units; identical for every candidate
T3,full_census_strata,benchmark_mask,rank_top5_mean_profile,effector_cytokine,scFoundation,native,5,5,0,,0,False,,,,,,{},common observed-defined units; identical for every candidate
T3,full_census_strata,benchmark_mask,rank_top5_mean_profile,effector_cytokine,scGPT,native,5,5,0,,0,False,,,,,,{},common observed-defined units; identical for every candidate
T3,full_census_strata,benchmark_mask,rank_top5_mean_profile,proliferation,AttentionPert,native,5,5,0,,0,False,,,,,,{},common observed-defined units; identical for every candidate
T3,full_census_strata,benchmark_mask,rank_top5_mean_profile,proliferation,Biolord,native,5,5,0,,0,False,,,,,,{},common observed-defined units; identical for every candidate
T3,full_census_strata,benchmark_mask,rank_top5_mean_profile,proliferation,CellFlow,native,5,5,0,,0,False,,,,,,{},common observed-defined units; identical for every candidate
T3,full_census_strata,benchmark_mask,rank_top5_mean_profile,proliferation,GEARS,native,5,5,0,,0,False,,,,,,{},common observed-defined units; identical for every candidate
T3,full_census_strata,benchmark_mask,rank_top5_mean_profile,proliferation,PertAdapt,native,5,5,0,,0,False,,,,,,{},common observed-defined units; identical for every candidate
T3,full_census_strata,benchmark_mask,rank_top5_mean_profile,proliferation,PerturbNet,native,5,5,0,,0,False,,,,,,{},common observed-defined units; identical for every candidate
T3,full_census_strata,benchmark_mask,rank_top5_mean_profile,proliferation,STATE,native,5,5,0,,0,False,,,,,,{},common observed-defined units; identical for every candidate
T3,full_census_strata,benchmark_mask,rank_top5_mean_profile,proliferation,cell-mean,floor,5,5,0,,0,False,,,,,,{},common observed-defined units; identical for every candidate
T3,full_census_strata,benchmark_mask,rank_top5_mean_profile,proliferation,linear-PCA,floor,5,5,0,,0,False,,,,,,{},common observed-defined units; identical for every candidate
T3,full_census_strata,benchmark_mask,rank_top5_mean_profile,proliferation,linear-shift-KOemb,diagnostic,5,5,0,,0,False,,,,,,{},common observed-defined units; identical for every candidate
T3,full_census_strata,benchmark_mask,rank_top5_mean_profile,proliferation,scFoundation,native,5,5,0,,0,False,,,,,,{},common observed-defined units; identical for every candidate
T3,full_census_strata,benchmark_mask,rank_top5_mean_profile,proliferation,scGPT,native,5,5,0,,0,False,,,,,,{},common observed-defined units; identical for every candidate
T3,shared_supported_strata,all_measured_original_members,mean_expression_delta,IL2_STAT5,AttentionPert,native,5,5,2,chen;schmidt,2,True,-0.20954617048935165,-0.49226776204414951,0.073175421065446222,0.057548379079499223,0.048977943273610713,"{""estimable"": 2}",common observed-defined units; identical for every candidate
T3,shared_supported_strata,all_measured_original_members,mean_expression_delta,IL2_STAT5,Biolord,native,5,5,2,chen;schmidt,2,True,-0.48824832744685043,-0.76152449550001666,-0.21497215939368422,0.037971624443163376,0.026141646523857753,"{""estimable"": 2}",common observed-defined units; identical for every candidate
T3,shared_supported_strata,all_measured_original_members,mean_expression_delta,IL2_STAT5,CellFlow,native,5,5,2,chen;schmidt,2,True,0.060604163293088584,-0.12869953020429614,0.24990785679047331,0.035447401505204319,0.027231525828498131,"{""estimable"": 2}",common observed-defined units; identical for every candidate
T3,shared_supported_strata,all_measured_original_members,mean_expression_delta,IL2_STAT5,GEARS,native,5,5,2,chen;schmidt,2,True,0.078518474099443417,0.05718669527091378,0.09985025292797306,0.044032959385057566,0.03688908279840751,"{""estimable"": 2}",common observed-defined units; identical for every candidate
T3,shared_supported_strata,all_measured_original_members,mean_expression_delta,IL2_STAT5,PertAdapt,native,5,5,2,chen;schmidt,2,True,-0.095949720745297493,-0.40336655914392278,0.21146711765332779,0.20193787418382317,0.19822397245855258,"{""estimable"": 2}",common observed-defined units; identical for every candidate
T3,shared_supported_strata,all_measured_original_members,mean_expression_delta,IL2_STAT5,PerturbNet,native,5,5,2,chen;schmidt,2,True,0.44969985168662485,0.43048785930920941,0.4689118440640403,0.034847757260684842,0.029829002324598709,"{""estimable"": 2}",common observed-defined units; identical for every candidate
T3,shared_supported_strata,all_measured_original_members,mean_expression_delta,IL2_STAT5,STATE,native,5,5,2,chen;schmidt,2,True,-0.1342499561436668,-0.19589342590894415,-0.072606486378389457,0.032586032838134771,0.022911674280487411,"{""estimable"": 2}",common observed-defined units; identical for every candidate
T3,shared_supported_strata,all_measured_original_members,mean_expression_delta,IL2_STAT5,cell-mean,floor,5,5,2,chen;schmidt,1,False,,,,0.027369741547893532,0.018966521026540548,"{""estimable"": 1, ""numerically_constant_predicted_profile"": 1}",common observed-defined units; identical for every candidate
T3,shared_supported_strata,all_measured_original_members,mean_expression_delta,IL2_STAT5,linear-PCA,floor,5,5,2,chen;schmidt,1,False,,,,0.030530497062379397,0.022357546276366571,"{""estimable"": 1, ""numerically_constant_predicted_profile"": 1}",common observed-defined units; identical for every candidate
T3,shared_supported_strata,all_measured_original_members,mean_expression_delta,IL2_STAT5,linear-shift-KOemb,diagnostic,5,5,2,chen;schmidt,2,True,-0.018571967148662855,-0.15041588738527978,0.11327195308795407,0.02735256804884649,0.019085770580804465,"{""estimable"": 2}",common observed-defined units; identical for every candidate
T3,shared_supported_strata,all_measured_original_members,mean_expression_delta,IL2_STAT5,scFoundation,native,5,5,2,chen;schmidt,2,True,0.01340148292478581,-0.063537675022648496,0.090340640872220115,0.12689971376169756,0.12299244503784677,"{""estimable"": 2}",common observed-defined units; identical for every candidate
T3,shared_supported_strata,all_measured_original_members,mean_expression_delta,IL2_STAT5,scGPT,native,5,5,2,chen;schmidt,2,True,-0.023037287017113994,-0.14611238205776364,0.10003780802353565,0.038053524720085836,0.025453558528506955,"{""estimable"": 2}",common observed-defined units; identical for every candidate
T3,shared_supported_strata,all_measured_original_members,mean_expression_delta,TCR_activation,AttentionPert,native,5,5,2,chen;schmidt,2,True,0.20194262345843222,0.1256463927608614,0.27823885415600308,0.043996955982690288,0.03892940568843356,"{""estimable"": 2}",common observed-defined units; identical for every candidate
T3,shared_supported_strata,all_measured_original_members,mean_expression_delta,TCR_activation,Biolord,native,5,5,2,chen;schmidt,2,True,0.37113550068984047,-0.10211013221950087,0.84438113359918177,0.039003448827004059,0.033343950228471045,"{""estimable"": 2}",common observed-defined units; identical for every candidate
T3,shared_supported_strata,all_measured_original_members,mean_expression_delta,TCR_activation,CellFlow,native,5,5,2,chen;schmidt,2,True,-0.2760715775885077,-0.51818344728132126,-0.033959707895694108,0.071243846189437549,0.066266346140285565,"{""estimable"": 2}",common observed-defined units; identical for every candidate
T3,shared_supported_strata,all_measured_original_members,mean_expression_delta,TCR_activation,GEARS,native,5,5,2,chen;schmidt,2,True,0.38369748097598488,0.16695237016331063,0.60044259178865911,0.045016995343164556,0.034907473664049678,"{""estimable"": 2}",common observed-defined units; identical for every candidate
T3,shared_supported_strata,all_measured_original_members,mean_expression_delta,TCR_activation,PertAdapt,native,5,5,2,chen;schmidt,2,True,0.22970555237698162,0.135781173256042,0.32362993149792124,0.20690322350245738,0.19769522268817857,"{""estimable"": 2}",common observed-defined units; identical for every candidate
T3,shared_supported_strata,all_measured_original_members,mean_expression_delta,TCR_activation,PerturbNet,native,5,5,2,chen;schmidt,2,True,0.64063388774232322,0.52251235843249433,0.7587554170521521,0.04721044760056807,0.040756396305413896,"{""estimable"": 2}",common observed-defined units; identical for every candidate
T3,shared_supported_strata,all_measured_original_members,mean_expression_delta,TCR_activation,STATE,native,5,5,2,chen;schmidt,2,True,0.32739796108319236,-0.13444580221182414,0.78924172437820883,0.041759162325040171,0.032752310050140052,"{""estimable"": 2}",common observed-defined units; identical for every candidate
T3,shared_supported_strata,all_measured_original_members,mean_expression_delta,TCR_activation,cell-mean,floor,5,5,2,chen;schmidt,1,False,,,,0.042432934083594956,0.036202450510090342,"{""estimable"": 1, ""numerically_constant_predicted_profile"": 1}",common observed-defined units; identical for every candidate
T3,shared_supported_strata,all_measured_original_members,mean_expression_delta,TCR_activation,linear-PCA,floor,5,5,2,chen;schmidt,1,False,,,,0.04476044584843196,0.039486887429494286,"{""estimable"": 1, ""numerically_constant_predicted_profile"": 1}",common observed-defined units; identical for every candidate
T3,shared_supported_strata,all_measured_original_members,mean_expression_delta,TCR_activation,linear-shift-KOemb,diagnostic,5,5,2,chen;schmidt,2,True,-0.0016750174288278422,-0.10875606366155108,0.10540602880389539,0.042522512438648741,0.036267368371506986,"{""estimable"": 2}",common observed-defined units; identical for every candidate
T3,shared_supported_strata,all_measured_original_members,mean_expression_delta,TCR_activation,scFoundation,native,5,5,2,chen;schmidt,2,True,0.42224390491352609,0.069098041822928821,0.7753897680041234,0.12938658914862688,0.1223971182431178,"{""estimable"": 2}",common observed-defined units; identical for every candidate
T3,shared_supported_strata,all_measured_original_members,mean_expression_delta,TCR_activation,scGPT,native,5,5,2,chen;schmidt,2,True,-0.044901962969966153,-0.37096823312725535,0.28116430718732305,0.062982708341806998,0.051311155973875047,"{""estimable"": 2}",common observed-defined units; identical for every candidate
T3,shared_supported_strata,all_measured_original_members,mean_expression_delta,Treg_exhaustion,AttentionPert,native,5,5,2,chen;schmidt,2,True,0.14834802402451217,0.039271370725003543,0.2574246773240208,0.096286601124330004,0.072474613693761236,"{""estimable"": 2}",common observed-defined units; identical for every candidate
T3,shared_supported_strata,all_measured_original_members,mean_expression_delta,Treg_exhaustion,Biolord,native,5,5,2,chen;schmidt,2,True,0.29473250607534046,-0.10657965534949775,0.69604466750017868,0.088776275853182721,0.057659114387405404,"{""estimable"": 2}",common observed-defined units; identical for every candidate
T3,shared_supported_strata,all_measured_original_members,mean_expression_delta,Treg_exhaustion,CellFlow,native,5,5,2,chen;schmidt,2,True,-0.098471345657122011,-0.29153268457162002,0.094589993257375979,0.13034139789540661,0.099397832268234704,"{""estimable"": 2}",common observed-defined units; identical for every candidate
T3,shared_supported_strata,all_measured_original_members,mean_expression_delta,Treg_exhaustion,GEARS,native,5,5,2,chen;schmidt,2,True,0.36397068005310684,0.34680558921236504,0.38113577089384859,0.095370953913486115,0.063444323509248265,"{""estimable"": 2}",common observed-defined units; identical for every candidate
T3,shared_supported_strata,all_measured_original_members,mean_expression_delta,Treg_exhaustion,PertAdapt,native,5,5,2,chen;schmidt,2,True,0.19992031313711495,0.097590190443965302,0.30225043583026462,0.19551518655853053,0.1736763161352492,"{""estimable"": 2}",common observed-defined units; identical for every candidate
T3,shared_supported_strata,all_measured_original_members,mean_expression_delta,Treg_exhaustion,PerturbNet,native,5,5,2,chen;schmidt,2,True,0.38869067002553848,0.25637811568808672,0.52100322436299029,0.099312016783591181,0.062431095664042854,"{""estimable"": 2}",common observed-defined units; identical for every candidate
T3,shared_supported_strata,all_measured_original_members,mean_expression_delta,Treg_exhaustion,STATE,native,5,5,2,chen;schmidt,2,True,0.27902382433584333,-0.13063556146600055,0.68868321013768719,0.087711510967344766,0.056840022510111443,"{""estimable"": 2}",common observed-defined units; identical for every candidate
T3,shared_supported_strata,all_measured_original_members,mean_expression_delta,Treg_exhaustion,cell-mean,floor,5,5,2,chen;schmidt,1,False,,,,0.093605520568834019,0.063082306933255852,"{""estimable"": 1, ""numerically_constant_predicted_profile"": 1}",common observed-defined units; identical for every candidate
T3,shared_supported_strata,all_measured_original_members,mean_expression_delta,Treg_exhaustion,linear-PCA,floor,5,5,2,chen;schmidt,1,False,,,,0.094836860514925916,0.06449011451773333,"{""estimable"": 1, ""numerically_constant_predicted_profile"": 1}",common observed-defined units; identical for every candidate
T3,shared_supported_strata,all_measured_original_members,mean_expression_delta,Treg_exhaustion,linear-shift-KOemb,diagnostic,5,5,2,chen;schmidt,2,True,0.17110565433211158,0.089181621464914484,0.25302968719930868,0.093480278987668974,0.062891335950957403,"{""estimable"": 2}",common observed-defined units; identical for every candidate
T3,shared_supported_strata,all_measured_original_members,mean_expression_delta,Treg_exhaustion,scFoundation,native,5,5,2,chen;schmidt,2,True,0.18740374895578416,0.12651397038808593,0.24829352752348238,0.14020195310288874,0.13424470372879105,"{""estimable"": 2}",common observed-defined units; identical for every candidate
T3,shared_supported_strata,all_measured_original_members,mean_expression_delta,Treg_exhaustion,scGPT,native,5,5,2,chen;schmidt,2,True,0.27039198473641712,0.036038341833776508,0.50474562763905773,0.10525436212076357,0.078603076845460057,"{""estimable"": 2}",common observed-defined units; identical for every candidate
T3,shared_supported_strata,all_measured_original_members,mean_expression_delta,effector_cytokine,AttentionPert,native,5,5,2,chen;schmidt,2,True,0.23842431496645858,-0.040061476536137973,0.51691010646905511,0.051298740980802497,0.042642040653696291,"{""estimable"": 2}",common observed-defined units; identical for every candidate
T3,shared_supported_strata,all_measured_original_members,mean_expression_delta,effector_cytokine,Biolord,native,5,5,2,chen;schmidt,2,True,0.27336752388551611,-0.079603710830032995,0.62633875860106525,0.066997451662255028,0.052621400947115884,"{""estimable"": 2}",common observed-defined units; identical for every candidate
T3,shared_supported_strata,all_measured_original_members,mean_expression_delta,effector_cytokine,CellFlow,native,5,5,2,chen;schmidt,2,True,-0.051535119655432921,-0.42410244626306315,0.32103220695219731,0.054458720748060192,0.045164477432432473,"{""estimable"": 2}",common observed-defined units; identical for every candidate
T3,shared_supported_strata,all_measured_original_members,mean_expression_delta,effector_cytokine,GEARS,native,5,5,2,chen;schmidt,2,True,0.10569516466433508,-0.19006219314131959,0.40145252246998975,0.058422238059338369,0.044717069509532789,"{""estimable"": 2}",common observed-defined units; identical for every candidate
T3,shared_supported_strata,all_measured_original_members,mean_expression_delta,effector_cytokine,PertAdapt,native,5,5,2,chen;schmidt,2,True,0.47716633595263824,0.096877382885027744,0.8574552890202487,0.26699958727635698,0.25804060303591309,"{""estimable"": 2}",common observed-defined units; identical for every candidate
T3,shared_supported_strata,all_measured_original_members,mean_expression_delta,effector_cytokine,PerturbNet,native,5,5,2,chen;schmidt,2,True,0.31341524049621738,0.24822051166302531,0.37860996932940943,0.075010286102547952,0.060197431769064336,"{""estimable"": 2}",common observed-defined units; identical for every candidate
T3,shared_supported_strata,all_measured_original_members,mean_expression_delta,effector_cytokine,STATE,native,5,5,2,chen;schmidt,2,True,-0.19998305819102524,-0.30950562491945055,-0.090460491462599907,0.070077197574830538,0.055477782573905732,"{""estimable"": 2}",common observed-defined units; identical for every candidate
T3,shared_supported_strata,all_measured_original_members,mean_expression_delta,effector_cytokine,cell-mean,floor,5,5,2,chen;schmidt,1,False,,,,0.064336550071877274,0.049803105752087302,"{""estimable"": 1, ""numerically_constant_predicted_profile"": 1}",common observed-defined units; identical for every candidate
T3,shared_supported_strata,all_measured_original_members,mean_expression_delta,effector_cytokine,linear-PCA,floor,5,5,2,chen;schmidt,1,False,,,,0.061771359700298914,0.047925438492918609,"{""estimable"": 1, ""numerically_constant_predicted_profile"": 1}",common observed-defined units; identical for every candidate
T3,shared_supported_strata,all_measured_original_members,mean_expression_delta,effector_cytokine,linear-shift-KOemb,diagnostic,5,5,2,chen;schmidt,2,True,-0.031638591839368513,-0.31426155627061703,0.25098437259188,0.064401424201519925,0.050045253972586974,"{""estimable"": 2}",common observed-defined units; identical for every candidate
T3,shared_supported_strata,all_measured_original_members,mean_expression_delta,effector_cytokine,scFoundation,native,5,5,2,chen;schmidt,2,True,0.37911676020716778,0.1984321632653783,0.55980135714895729,0.3702103365141089,0.36658887548628383,"{""estimable"": 2}",common observed-defined units; identical for every candidate
T3,shared_supported_strata,all_measured_original_members,mean_expression_delta,effector_cytokine,scGPT,native,5,5,2,chen;schmidt,2,True,0.25558792023062304,0.24490543237417642,0.26627040808706964,0.069428697194906852,0.049416306810502811,"{""estimable"": 2}",common observed-defined units; identical for every candidate
T3,shared_supported_strata,all_measured_original_members,mean_expression_delta,proliferation,AttentionPert,native,5,5,2,chen;schmidt,2,True,0.45462938662924013,0.30555677776437523,0.60370199549410508,0.05891627824184982,0.047314932860591741,"{""estimable"": 2}",common observed-defined units; identical for every candidate
T3,shared_supported_strata,all_measured_original_members,mean_expression_delta,proliferation,Biolord,native,5,5,2,chen;schmidt,2,True,0.1487215908137253,-0.11462859397267512,0.4120717756001257,0.085989254131226711,0.071425696958112656,"{""estimable"": 2}",common observed-defined units; identical for every candidate
T3,shared_supported_strata,all_measured_original_members,mean_expression_delta,proliferation,CellFlow,native,5,5,2,chen;schmidt,2,True,0.039218801100941725,-0.041791225485615799,0.12022882768749925,0.055115873756124506,0.045873505260460273,"{""estimable"": 2}",common observed-defined units; identical for every candidate
T3,shared_supported_strata,all_measured_original_members,mean_expression_delta,proliferation,GEARS,native,5,5,2,chen;schmidt,2,True,0.24142918511619343,0.1211948406284494,0.36166352960393744,0.057926110061639002,0.048899092179323943,"{""estimable"": 2}",common observed-defined units; identical for every candidate
T3,shared_supported_strata,all_measured_original_members,mean_expression_delta,proliferation,PertAdapt,native,5,5,2,chen;schmidt,2,True,0.16725571942162537,0.038215376668313497,0.29629606217493726,0.1227853332570346,0.1127944596397577,"{""estimable"": 2}",common observed-defined units; identical for every candidate
T3,shared_supported_strata,all_measured_original_members,mean_expression_delta,proliferation,PerturbNet,native,5,5,2,chen;schmidt,2,True,0.39887390012657453,0.12640660541810014,0.67134119483504895,0.052526695764615473,0.036767158706588719,"{""estimable"": 2}",common observed-defined units; identical for every candidate
T3,shared_supported_strata,all_measured_original_members,mean_expression_delta,proliferation,STATE,native,5,5,2,chen;schmidt,2,True,-0.046755007383300164,-0.18176390687033853,0.088253892103738199,0.087508734083956832,0.074139519338372845,"{""estimable"": 2}",common observed-defined units; identical for every candidate
T3,shared_supported_strata,all_measured_original_members,mean_expression_delta,proliferation,cell-mean,floor,5,5,2,chen;schmidt,1,False,,,,0.065908575187813859,0.05504094642246999,"{""estimable"": 1, ""numerically_constant_predicted_profile"": 1}",common observed-defined units; identical for every candidate
T3,shared_supported_strata,all_measured_original_members,mean_expression_delta,proliferation,linear-PCA,floor,5,5,2,chen;schmidt,1,False,,,,0.066913685940835799,0.05602110591692426,"{""estimable"": 1, ""numerically_constant_predicted_profile"": 1}",common observed-defined units; identical for every candidate
T3,shared_supported_strata,all_measured_original_members,mean_expression_delta,proliferation,linear-shift-KOemb,diagnostic,5,5,2,chen;schmidt,2,True,0.20166321279073976,0.065301993789212587,0.33802443179226693,0.066528455944359355,0.055804405997078574,"{""estimable"": 2}",common observed-defined units; identical for every candidate
T3,shared_supported_strata,all_measured_original_members,mean_expression_delta,proliferation,scFoundation,native,5,5,2,chen;schmidt,2,True,0.31472605992886404,0.15984220926898066,0.46960991058874746,0.25538536123376254,0.25136473729082992,"{""estimable"": 2}",common observed-defined units; identical for every candidate
T3,shared_supported_strata,all_measured_original_members,mean_expression_delta,proliferation,scGPT,native,5,5,2,chen;schmidt,2,True,-0.11840830096573335,-0.37006290243915985,0.13324630050769315,0.10134622795824108,0.085290040737067266,"{""estimable"": 2}",common observed-defined units; identical for every candidate
T3,shared_supported_strata,all_measured_original_members,rank_top5_mean_profile,IL2_STAT5,AttentionPert,native,5,5,1,chen,1,True,-0.17802596583169764,-0.17802596583169764,-0.17802596583169764,0.0053926739920596434,0.0046913580246913597,"{""estimable"": 1}",common observed-defined units; identical for every candidate
T3,shared_supported_strata,all_measured_original_members,rank_top5_mean_profile,IL2_STAT5,Biolord,native,5,5,1,chen,1,True,0.10965646299831391,0.10965646299831391,0.10965646299831391,0.0024097804069065577,0.001687242798353908,"{""estimable"": 1}",common observed-defined units; identical for every candidate
T3,shared_supported_strata,all_measured_original_members,rank_top5_mean_profile,IL2_STAT5,CellFlow,native,5,5,1,chen,1,True,-0.046194181169995484,-0.046194181169995484,-0.046194181169995484,0.003971779738801336,0.0035802469135802462,"{""estimable"": 1}",common observed-defined units; identical for every candidate
T3,shared_supported_strata,all_measured_original_members,rank_top5_mean_profile,IL2_STAT5,GEARS,native,5,5,1,chen,1,True,0.36819370881660851,0.36819370881660851,0.36819370881660851,0.0031426968052735431,0.0025514403292181058,"{""estimable"": 1}",common observed-defined units; identical for every candidate
T3,shared_supported_strata,all_measured_original_members,rank_top5_mean_profile,IL2_STAT5,PertAdapt,native,5,5,1,chen,1,True,-0.17006039952083282,-0.17006039952083282,-0.17006039952083282,0.01157469134156466,0.010452674897119337,"{""estimable"": 1}",common observed-defined units; identical for every candidate
T3,shared_supported_strata,all_measured_original_members,rank_top5_mean_profile,IL2_STAT5,PerturbNet,native,5,5,1,chen,1,True,0.1863886013961383,0.1863886013961383,0.1863886013961383,0.0023326473614433542,0.0017695473251028793,"{""estimable"": 1}",common observed-defined units; identical for every candidate
T3,shared_supported_strata,all_measured_original_members,rank_top5_mean_profile,IL2_STAT5,STATE,native,5,5,1,chen,1,True,0.055253633592015801,0.055253633592015801,0.055253633592015801,0.0046357983593873046,0.0035390946502057616,"{""estimable"": 1}",common observed-defined units; identical for every candidate
T3,shared_supported_strata,all_measured_original_members,rank_top5_mean_profile,IL2_STAT5,cell-mean,floor,5,5,1,chen,0,False,,,,0.0023907304606218603,0.001687242798353908,"{""constant_predicted_score"": 1}",common observed-defined units; identical for every candidate
T3,shared_supported_strata,all_measured_original_members,rank_top5_mean_profile,IL2_STAT5,linear-PCA,floor,5,5,1,chen,0,False,,,,0.0023907304606218603,0.001687242798353908,"{""constant_predicted_score"": 1}",common observed-defined units; identical for every candidate
T3,shared_supported_strata,all_measured_original_members,rank_top5_mean_profile,IL2_STAT5,linear-shift-KOemb,diagnostic,5,5,1,chen,0,False,,,,0.0023907304606218603,0.001687242798353908,"{""constant_predicted_score"": 1}",common observed-defined units; identical for every candidate
T3,shared_supported_strata,all_measured_original_members,rank_top5_mean_profile,IL2_STAT5,scFoundation,native,5,5,1,chen,1,True,0.32175706264503817,0.32175706264503817,0.32175706264503817,0.0029005778085112897,0.0023868312757201636,"{""estimable"": 1}",common observed-defined units; identical for every candidate
T3,shared_supported_strata,all_measured_original_members,rank_top5_mean_profile,IL2_STAT5,scGPT,native,5,5,1,chen,0,False,,,,0.0023907304606218603,0.001687242798353908,"{""constant_predicted_score"": 1}",common observed-defined units; identical for every candidate
T3,shared_supported_strata,all_measured_original_members,rank_top5_mean_profile,TCR_activation,AttentionPert,native,5,5,1,chen,1,True,-0.16522116787591892,-0.16522116787591892,-0.16522116787591892,0.0086490271052528378,0.0075720164609053512,"{""estimable"": 1}",common observed-defined units; identical for every candidate
T3,shared_supported_strata,all_measured_original_members,rank_top5_mean_profile,TCR_activation,Biolord,native,5,5,1,chen,1,True,0.1536411712073307,0.1536411712073307,0.1536411712073307,0.004810064133031644,0.0041152263374485618,"{""estimable"": 1}",common observed-defined units; identical for every candidate
T3,shared_supported_strata,all_measured_original_members,rank_top5_mean_profile,TCR_activation,CellFlow,native,5,5,1,chen,1,True,-0.19032917346377015,-0.19032917346377015,-0.19032917346377015,0.0078712780885407813,0.0067901234567901243,"{""estimable"": 1}",common observed-defined units; identical for every candidate
T3,shared_supported_strata,all_measured_original_members,rank_top5_mean_profile,TCR_activation,GEARS,native,5,5,1,chen,1,True,0.31735046327620864,0.31735046327620864,0.31735046327620864,0.0051630922632904886,0.003991769547325102,"{""estimable"": 1}",common observed-defined units; identical for every candidate
T3,shared_supported_strata,all_measured_original_members,rank_top5_mean_profile,TCR_activation,PertAdapt,native,5,5,1,chen,1,True,-0.10854535488855664,-0.10854535488855664,-0.10854535488855664,0.0094885197642181202,0.0082716049382716029,"{""estimable"": 1}",common observed-defined units; identical for every candidate
T3,shared_supported_strata,all_measured_original_members,rank_top5_mean_profile,TCR_activation,PerturbNet,native,5,5,1,chen,1,True,0.11644665830010643,0.11644665830010643,0.11644665830010643,0.0045310492107413754,0.0038271604938271606,"{""estimable"": 1}",common observed-defined units; identical for every candidate
T3,shared_supported_strata,all_measured_original_members,rank_top5_mean_profile,TCR_activation,STATE,native,5,5,1,chen,1,True,-0.21640424299178715,-0.21640424299178715,-0.21640424299178715,0.006802457932817735,0.0052674897119341577,"{""estimable"": 1}",common observed-defined units; identical for every candidate
T3,shared_supported_strata,all_measured_original_members,rank_top5_mean_profile,TCR_activation,cell-mean,floor,5,5,1,chen,0,False,,,,0.0043613633907791842,0.0032921810699588472,"{""constant_predicted_score"": 1}",common observed-defined units; identical for every candidate
T3,shared_supported_strata,all_measured_original_members,rank_top5_mean_profile,TCR_activation,linear-PCA,floor,5,5,1,chen,0,False,,,,0.0059682133161836131,0.0048148148148148126,"{""constant_predicted_score"": 1}",common observed-defined units; identical for every candidate
T3,shared_supported_strata,all_measured_original_members,rank_top5_mean_profile,TCR_activation,linear-shift-KOemb,diagnostic,5,5,1,chen,0,False,,,,0.0043613633907791842,0.0032921810699588472,"{""constant_predicted_score"": 1}",common observed-defined units; identical for every candidate
T3,shared_supported_strata,all_measured_original_members,rank_top5_mean_profile,TCR_activation,scFoundation,native,5,5,1,chen,1,True,0.25868057098038288,0.25868057098038288,0.25868057098038288,0.0065699430595802808,0.0054320987654320977,"{""estimable"": 1}",common observed-defined units; identical for every candidate
T3,shared_supported_strata,all_measured_original_members,rank_top5_mean_profile,TCR_activation,scGPT,native,5,5,1,chen,1,True,0.15354129575398587,0.15354129575398587,0.15354129575398587,0.0042552315900281686,0.0034567901234567899,"{""estimable"": 1}",common observed-defined units; identical for every candidate
T3,shared_supported_strata,all_measured_original_members,rank_top5_mean_profile,Treg_exhaustion,AttentionPert,native,5,5,1,chen,1,True,-0.10372593281714532,-0.10372593281714532,-0.10372593281714532,0.034306773857509368,0.031358024691358032,"{""estimable"": 1}",common observed-defined units; identical for every candidate
T3,shared_supported_strata,all_measured_original_members,rank_top5_mean_profile,Treg_exhaustion,Biolord,native,5,5,1,chen,1,True,-0.060938123440092404,-0.060938123440092404,-0.060938123440092404,0.016228816518671588,0.012592592592592591,"{""estimable"": 1}",common observed-defined units; identical for every candidate
T3,shared_supported_strata,all_measured_original_members,rank_top5_mean_profile,Treg_exhaustion,CellFlow,native,5,5,1,chen,1,True,-0.041827242307970691,-0.041827242307970691,-0.041827242307970691,0.026600999393336343,0.023086419753086434,"{""estimable"": 1}",common observed-defined units; identical for every candidate
T3,shared_supported_strata,all_measured_original_members,rank_top5_mean_profile,Treg_exhaustion,GEARS,native,5,5,1,chen,1,True,0.089058969766070126,0.089058969766070126,0.089058969766070126,0.018361370256477952,0.015246913580246912,"{""estimable"": 1}",common observed-defined units; identical for every candidate
T3,shared_supported_strata,all_measured_original_members,rank_top5_mean_profile,Treg_exhaustion,PertAdapt,native,5,5,1,chen,1,True,0.045787508911052037,0.045787508911052037,0.045787508911052037,0.050356751971665149,0.04703703703703703,"{""estimable"": 1}",common observed-defined units; identical for every candidate
T3,shared_supported_strata,all_measured_original_members,rank_top5_mean_profile,Treg_exhaustion,PerturbNet,native,5,5,1,chen,1,True,0.025937802293797455,0.025937802293797455,0.025937802293797455,0.017216247470187351,0.014506172839506169,"{""estimable"": 1}",common observed-defined units; identical for every candidate
T3,shared_supported_strata,all_measured_original_members,rank_top5_mean_profile,Treg_exhaustion,STATE,native,5,5,1,chen,1,True,0.18665003169098995,0.18665003169098995,0.18665003169098995,0.020035975873865165,0.015679012345679009,"{""estimable"": 1}",common observed-defined units; identical for every candidate
T3,shared_supported_strata,all_measured_original_members,rank_top5_mean_profile,Treg_exhaustion,cell-mean,floor,5,5,1,chen,0,False,,,,0.01484487690654154,0.012098765432098766,"{""constant_predicted_score"": 1}",common observed-defined units; identical for every candidate
T3,shared_supported_strata,all_measured_original_members,rank_top5_mean_profile,Treg_exhaustion,linear-PCA,floor,5,5,1,chen,0,False,,,,0.016130256823286636,0.012654320987654321,"{""constant_predicted_score"": 1}",common observed-defined units; identical for every candidate
T3,shared_supported_strata,all_measured_original_members,rank_top5_mean_profile,Treg_exhaustion,linear-shift-KOemb,diagnostic,5,5,1,chen,1,True,0.0054458444551864346,0.0054458444551864346,0.0054458444551864346,0.014893310565098595,0.01234567901234568,"{""estimable"": 1}",common observed-defined units; identical for every candidate
T3,shared_supported_strata,all_measured_original_members,rank_top5_mean_profile,Treg_exhaustion,scFoundation,native,5,5,1,chen,1,True,0.31585974899930985,0.31585974899930985,0.31585974899930985,0.019571016615342818,0.015864197530864193,"{""estimable"": 1}",common observed-defined units; identical for every candidate
T3,shared_supported_strata,all_measured_original_members,rank_top5_mean_profile,Treg_exhaustion,scGPT,native,5,5,1,chen,1,True,0.42312608896618531,0.42312608896618531,0.42312608896618531,0.016421029375813107,0.01228395061728395,"{""estimable"": 1}",common observed-defined units; identical for every candidate
T3,shared_supported_strata,all_measured_original_members,rank_top5_mean_profile,effector_cytokine,AttentionPert,native,5,5,0,,0,False,,,,,,{},common observed-defined units; identical for every candidate
T3,shared_supported_strata,all_measured_original_members,rank_top5_mean_profile,effector_cytokine,Biolord,native,5,5,0,,0,False,,,,,,{},common observed-defined units; identical for every candidate
T3,shared_supported_strata,all_measured_original_members,rank_top5_mean_profile,effector_cytokine,CellFlow,native,5,5,0,,0,False,,,,,,{},common observed-defined units; identical for every candidate
T3,shared_supported_strata,all_measured_original_members,rank_top5_mean_profile,effector_cytokine,GEARS,native,5,5,0,,0,False,,,,,,{},common observed-defined units; identical for every candidate
T3,shared_supported_strata,all_measured_original_members,rank_top5_mean_profile,effector_cytokine,PertAdapt,native,5,5,0,,0,False,,,,,,{},common observed-defined units; identical for every candidate
T3,shared_supported_strata,all_measured_original_members,rank_top5_mean_profile,effector_cytokine,PerturbNet,native,5,5,0,,0,False,,,,,,{},common observed-defined units; identical for every candidate
T3,shared_supported_strata,all_measured_original_members,rank_top5_mean_profile,effector_cytokine,STATE,native,5,5,0,,0,False,,,,,,{},common observed-defined units; identical for every candidate
T3,shared_supported_strata,all_measured_original_members,rank_top5_mean_profile,effector_cytokine,cell-mean,floor,5,5,0,,0,False,,,,,,{},common observed-defined units; identical for every candidate
T3,shared_supported_strata,all_measured_original_members,rank_top5_mean_profile,effector_cytokine,linear-PCA,floor,5,5,0,,0,False,,,,,,{},common observed-defined units; identical for every candidate
T3,shared_supported_strata,all_measured_original_members,rank_top5_mean_profile,effector_cytokine,linear-shift-KOemb,diagnostic,5,5,0,,0,False,,,,,,{},common observed-defined units; identical for every candidate
T3,shared_supported_strata,all_measured_original_members,rank_top5_mean_profile,effector_cytokine,scFoundation,native,5,5,0,,0,False,,,,,,{},common observed-defined units; identical for every candidate
T3,shared_supported_strata,all_measured_original_members,rank_top5_mean_profile,effector_cytokine,scGPT,native,5,5,0,,0,False,,,,,,{},common observed-defined units; identical for every candidate
T3,shared_supported_strata,all_measured_original_members,rank_top5_mean_profile,proliferation,AttentionPert,native,5,5,0,,0,False,,,,,,{},common observed-defined units; identical for every candidate
T3,shared_supported_strata,all_measured_original_members,rank_top5_mean_profile,proliferation,Biolord,native,5,5,0,,0,False,,,,,,{},common observed-defined units; identical for every candidate
T3,shared_supported_strata,all_measured_original_members,rank_top5_mean_profile,proliferation,CellFlow,native,5,5,0,,0,False,,,,,,{},common observed-defined units; identical for every candidate
T3,shared_supported_strata,all_measured_original_members,rank_top5_mean_profile,proliferation,GEARS,native,5,5,0,,0,False,,,,,,{},common observed-defined units; identical for every candidate
T3,shared_supported_strata,all_measured_original_members,rank_top5_mean_profile,proliferation,PertAdapt,native,5,5,0,,0,False,,,,,,{},common observed-defined units; identical for every candidate
T3,shared_supported_strata,all_measured_original_members,rank_top5_mean_profile,proliferation,PerturbNet,native,5,5,0,,0,False,,,,,,{},common observed-defined units; identical for every candidate
T3,shared_supported_strata,all_measured_original_members,rank_top5_mean_profile,proliferation,STATE,native,5,5,0,,0,False,,,,,,{},common observed-defined units; identical for every candidate
T3,shared_supported_strata,all_measured_original_members,rank_top5_mean_profile,proliferation,cell-mean,floor,5,5,0,,0,False,,,,,,{},common observed-defined units; identical for every candidate
T3,shared_supported_strata,all_measured_original_members,rank_top5_mean_profile,proliferation,linear-PCA,floor,5,5,0,,0,False,,,,,,{},common observed-defined units; identical for every candidate
T3,shared_supported_strata,all_measured_original_members,rank_top5_mean_profile,proliferation,linear-shift-KOemb,diagnostic,5,5,0,,0,False,,,,,,{},common observed-defined units; identical for every candidate
T3,shared_supported_strata,all_measured_original_members,rank_top5_mean_profile,proliferation,scFoundation,native,5,5,0,,0,False,,,,,,{},common observed-defined units; identical for every candidate
T3,shared_supported_strata,all_measured_original_members,rank_top5_mean_profile,proliferation,scGPT,native,5,5,0,,0,False,,,,,,{},common observed-defined units; identical for every candidate
T3,shared_supported_strata,benchmark_mask,mean_expression_delta,IL2_STAT5,AttentionPert,native,5,5,2,chen;schmidt,2,True,-0.20954617048935165,-0.49226776204414951,0.073175421065446222,0.057548379079499223,0.048977943273610713,"{""estimable"": 2}",common observed-defined units; identical for every candidate
T3,shared_supported_strata,benchmark_mask,mean_expression_delta,IL2_STAT5,Biolord,native,5,5,2,chen;schmidt,2,True,-0.48824832744685043,-0.76152449550001666,-0.21497215939368422,0.037971624443163376,0.026141646523857753,"{""estimable"": 2}",common observed-defined units; identical for every candidate
T3,shared_supported_strata,benchmark_mask,mean_expression_delta,IL2_STAT5,CellFlow,native,5,5,2,chen;schmidt,2,True,0.060604163293088584,-0.12869953020429614,0.24990785679047331,0.035447401505204319,0.027231525828498131,"{""estimable"": 2}",common observed-defined units; identical for every candidate
T3,shared_supported_strata,benchmark_mask,mean_expression_delta,IL2_STAT5,GEARS,native,5,5,2,chen;schmidt,2,True,0.078518474099443417,0.05718669527091378,0.09985025292797306,0.044032959385057566,0.03688908279840751,"{""estimable"": 2}",common observed-defined units; identical for every candidate
T3,shared_supported_strata,benchmark_mask,mean_expression_delta,IL2_STAT5,PertAdapt,native,5,5,2,chen;schmidt,2,True,-0.095949720745297493,-0.40336655914392278,0.21146711765332779,0.20193787418382317,0.19822397245855258,"{""estimable"": 2}",common observed-defined units; identical for every candidate
T3,shared_supported_strata,benchmark_mask,mean_expression_delta,IL2_STAT5,PerturbNet,native,5,5,2,chen;schmidt,2,True,0.44969985168662485,0.43048785930920941,0.4689118440640403,0.034847757260684842,0.029829002324598709,"{""estimable"": 2}",common observed-defined units; identical for every candidate
T3,shared_supported_strata,benchmark_mask,mean_expression_delta,IL2_STAT5,STATE,native,5,5,2,chen;schmidt,2,True,-0.1342499561436668,-0.19589342590894415,-0.072606486378389457,0.032586032838134771,0.022911674280487411,"{""estimable"": 2}",common observed-defined units; identical for every candidate
T3,shared_supported_strata,benchmark_mask,mean_expression_delta,IL2_STAT5,cell-mean,floor,5,5,2,chen;schmidt,1,False,,,,0.027369741547893532,0.018966521026540548,"{""estimable"": 1, ""numerically_constant_predicted_profile"": 1}",common observed-defined units; identical for every candidate
T3,shared_supported_strata,benchmark_mask,mean_expression_delta,IL2_STAT5,linear-PCA,floor,5,5,2,chen;schmidt,1,False,,,,0.030530497062379397,0.022357546276366571,"{""estimable"": 1, ""numerically_constant_predicted_profile"": 1}",common observed-defined units; identical for every candidate
T3,shared_supported_strata,benchmark_mask,mean_expression_delta,IL2_STAT5,linear-shift-KOemb,diagnostic,5,5,2,chen;schmidt,2,True,-0.018571967148662855,-0.15041588738527978,0.11327195308795407,0.02735256804884649,0.019085770580804465,"{""estimable"": 2}",common observed-defined units; identical for every candidate
T3,shared_supported_strata,benchmark_mask,mean_expression_delta,IL2_STAT5,scFoundation,native,5,5,2,chen;schmidt,2,True,0.01340148292478581,-0.063537675022648496,0.090340640872220115,0.12689971376169756,0.12299244503784677,"{""estimable"": 2}",common observed-defined units; identical for every candidate
T3,shared_supported_strata,benchmark_mask,mean_expression_delta,IL2_STAT5,scGPT,native,5,5,2,chen;schmidt,2,True,-0.023037287017113994,-0.14611238205776364,0.10003780802353565,0.038053524720085836,0.025453558528506955,"{""estimable"": 2}",common observed-defined units; identical for every candidate
T3,shared_supported_strata,benchmark_mask,mean_expression_delta,TCR_activation,AttentionPert,native,5,5,2,chen;schmidt,2,True,0.20194262345843222,0.1256463927608614,0.27823885415600308,0.043996955982690288,0.03892940568843356,"{""estimable"": 2}",common observed-defined units; identical for every candidate
T3,shared_supported_strata,benchmark_mask,mean_expression_delta,TCR_activation,Biolord,native,5,5,2,chen;schmidt,2,True,0.37113550068984047,-0.10211013221950087,0.84438113359918177,0.039003448827004059,0.033343950228471045,"{""estimable"": 2}",common observed-defined units; identical for every candidate
T3,shared_supported_strata,benchmark_mask,mean_expression_delta,TCR_activation,CellFlow,native,5,5,2,chen;schmidt,2,True,-0.2760715775885077,-0.51818344728132126,-0.033959707895694108,0.071243846189437549,0.066266346140285565,"{""estimable"": 2}",common observed-defined units; identical for every candidate
T3,shared_supported_strata,benchmark_mask,mean_expression_delta,TCR_activation,GEARS,native,5,5,2,chen;schmidt,2,True,0.38369748097598488,0.16695237016331063,0.60044259178865911,0.045016995343164556,0.034907473664049678,"{""estimable"": 2}",common observed-defined units; identical for every candidate
T3,shared_supported_strata,benchmark_mask,mean_expression_delta,TCR_activation,PertAdapt,native,5,5,2,chen;schmidt,2,True,0.22970555237698162,0.135781173256042,0.32362993149792124,0.20690322350245738,0.19769522268817857,"{""estimable"": 2}",common observed-defined units; identical for every candidate
T3,shared_supported_strata,benchmark_mask,mean_expression_delta,TCR_activation,PerturbNet,native,5,5,2,chen;schmidt,2,True,0.64063388774232322,0.52251235843249433,0.7587554170521521,0.04721044760056807,0.040756396305413896,"{""estimable"": 2}",common observed-defined units; identical for every candidate
T3,shared_supported_strata,benchmark_mask,mean_expression_delta,TCR_activation,STATE,native,5,5,2,chen;schmidt,2,True,0.32739796108319236,-0.13444580221182414,0.78924172437820883,0.041759162325040171,0.032752310050140052,"{""estimable"": 2}",common observed-defined units; identical for every candidate
T3,shared_supported_strata,benchmark_mask,mean_expression_delta,TCR_activation,cell-mean,floor,5,5,2,chen;schmidt,1,False,,,,0.042432934083594956,0.036202450510090342,"{""estimable"": 1, ""numerically_constant_predicted_profile"": 1}",common observed-defined units; identical for every candidate
T3,shared_supported_strata,benchmark_mask,mean_expression_delta,TCR_activation,linear-PCA,floor,5,5,2,chen;schmidt,1,False,,,,0.04476044584843196,0.039486887429494286,"{""estimable"": 1, ""numerically_constant_predicted_profile"": 1}",common observed-defined units; identical for every candidate
T3,shared_supported_strata,benchmark_mask,mean_expression_delta,TCR_activation,linear-shift-KOemb,diagnostic,5,5,2,chen;schmidt,2,True,-0.0016750174288278422,-0.10875606366155108,0.10540602880389539,0.042522512438648741,0.036267368371506986,"{""estimable"": 2}",common observed-defined units; identical for every candidate
T3,shared_supported_strata,benchmark_mask,mean_expression_delta,TCR_activation,scFoundation,native,5,5,2,chen;schmidt,2,True,0.42224390491352609,0.069098041822928821,0.7753897680041234,0.12938658914862688,0.1223971182431178,"{""estimable"": 2}",common observed-defined units; identical for every candidate
T3,shared_supported_strata,benchmark_mask,mean_expression_delta,TCR_activation,scGPT,native,5,5,2,chen;schmidt,2,True,-0.044901962969966153,-0.37096823312725535,0.28116430718732305,0.062982708341806998,0.051311155973875047,"{""estimable"": 2}",common observed-defined units; identical for every candidate
T3,shared_supported_strata,benchmark_mask,mean_expression_delta,Treg_exhaustion,AttentionPert,native,5,5,2,chen;schmidt,2,True,0.14834802402451217,0.039271370725003543,0.2574246773240208,0.096286601124330004,0.072474613693761236,"{""estimable"": 2}",common observed-defined units; identical for every candidate
T3,shared_supported_strata,benchmark_mask,mean_expression_delta,Treg_exhaustion,Biolord,native,5,5,2,chen;schmidt,2,True,0.29473250607534046,-0.10657965534949775,0.69604466750017868,0.088776275853182721,0.057659114387405404,"{""estimable"": 2}",common observed-defined units; identical for every candidate
T3,shared_supported_strata,benchmark_mask,mean_expression_delta,Treg_exhaustion,CellFlow,native,5,5,2,chen;schmidt,2,True,-0.098471345657122011,-0.29153268457162002,0.094589993257375979,0.13034139789540661,0.099397832268234704,"{""estimable"": 2}",common observed-defined units; identical for every candidate
T3,shared_supported_strata,benchmark_mask,mean_expression_delta,Treg_exhaustion,GEARS,native,5,5,2,chen;schmidt,2,True,0.36397068005310684,0.34680558921236504,0.38113577089384859,0.095370953913486115,0.063444323509248265,"{""estimable"": 2}",common observed-defined units; identical for every candidate
T3,shared_supported_strata,benchmark_mask,mean_expression_delta,Treg_exhaustion,PertAdapt,native,5,5,2,chen;schmidt,2,True,0.19992031313711495,0.097590190443965302,0.30225043583026462,0.19551518655853053,0.1736763161352492,"{""estimable"": 2}",common observed-defined units; identical for every candidate
T3,shared_supported_strata,benchmark_mask,mean_expression_delta,Treg_exhaustion,PerturbNet,native,5,5,2,chen;schmidt,2,True,0.38869067002553848,0.25637811568808672,0.52100322436299029,0.099312016783591181,0.062431095664042854,"{""estimable"": 2}",common observed-defined units; identical for every candidate
T3,shared_supported_strata,benchmark_mask,mean_expression_delta,Treg_exhaustion,STATE,native,5,5,2,chen;schmidt,2,True,0.27902382433584333,-0.13063556146600055,0.68868321013768719,0.087711510967344766,0.056840022510111443,"{""estimable"": 2}",common observed-defined units; identical for every candidate
T3,shared_supported_strata,benchmark_mask,mean_expression_delta,Treg_exhaustion,cell-mean,floor,5,5,2,chen;schmidt,1,False,,,,0.093605520568834019,0.063082306933255852,"{""estimable"": 1, ""numerically_constant_predicted_profile"": 1}",common observed-defined units; identical for every candidate
T3,shared_supported_strata,benchmark_mask,mean_expression_delta,Treg_exhaustion,linear-PCA,floor,5,5,2,chen;schmidt,1,False,,,,0.094836860514925916,0.06449011451773333,"{""estimable"": 1, ""numerically_constant_predicted_profile"": 1}",common observed-defined units; identical for every candidate
T3,shared_supported_strata,benchmark_mask,mean_expression_delta,Treg_exhaustion,linear-shift-KOemb,diagnostic,5,5,2,chen;schmidt,2,True,0.17110565433211158,0.089181621464914484,0.25302968719930868,0.093480278987668974,0.062891335950957403,"{""estimable"": 2}",common observed-defined units; identical for every candidate
T3,shared_supported_strata,benchmark_mask,mean_expression_delta,Treg_exhaustion,scFoundation,native,5,5,2,chen;schmidt,2,True,0.18740374895578416,0.12651397038808593,0.24829352752348238,0.14020195310288874,0.13424470372879105,"{""estimable"": 2}",common observed-defined units; identical for every candidate
T3,shared_supported_strata,benchmark_mask,mean_expression_delta,Treg_exhaustion,scGPT,native,5,5,2,chen;schmidt,2,True,0.27039198473641712,0.036038341833776508,0.50474562763905773,0.10525436212076357,0.078603076845460057,"{""estimable"": 2}",common observed-defined units; identical for every candidate
T3,shared_supported_strata,benchmark_mask,mean_expression_delta,effector_cytokine,AttentionPert,native,5,5,2,chen;schmidt,2,True,0.23842431496645858,-0.040061476536137973,0.51691010646905511,0.051298740980802497,0.042642040653696291,"{""estimable"": 2}",common observed-defined units; identical for every candidate
T3,shared_supported_strata,benchmark_mask,mean_expression_delta,effector_cytokine,Biolord,native,5,5,2,chen;schmidt,2,True,0.27336752388551611,-0.079603710830032995,0.62633875860106525,0.066997451662255028,0.052621400947115884,"{""estimable"": 2}",common observed-defined units; identical for every candidate
T3,shared_supported_strata,benchmark_mask,mean_expression_delta,effector_cytokine,CellFlow,native,5,5,2,chen;schmidt,2,True,-0.051535119655432921,-0.42410244626306315,0.32103220695219731,0.054458720748060192,0.045164477432432473,"{""estimable"": 2}",common observed-defined units; identical for every candidate
T3,shared_supported_strata,benchmark_mask,mean_expression_delta,effector_cytokine,GEARS,native,5,5,2,chen;schmidt,2,True,0.10569516466433508,-0.19006219314131959,0.40145252246998975,0.058422238059338369,0.044717069509532789,"{""estimable"": 2}",common observed-defined units; identical for every candidate
T3,shared_supported_strata,benchmark_mask,mean_expression_delta,effector_cytokine,PertAdapt,native,5,5,2,chen;schmidt,2,True,0.47716633595263824,0.096877382885027744,0.8574552890202487,0.26699958727635698,0.25804060303591309,"{""estimable"": 2}",common observed-defined units; identical for every candidate
T3,shared_supported_strata,benchmark_mask,mean_expression_delta,effector_cytokine,PerturbNet,native,5,5,2,chen;schmidt,2,True,0.31341524049621738,0.24822051166302531,0.37860996932940943,0.075010286102547952,0.060197431769064336,"{""estimable"": 2}",common observed-defined units; identical for every candidate
T3,shared_supported_strata,benchmark_mask,mean_expression_delta,effector_cytokine,STATE,native,5,5,2,chen;schmidt,2,True,-0.19998305819102524,-0.30950562491945055,-0.090460491462599907,0.070077197574830538,0.055477782573905732,"{""estimable"": 2}",common observed-defined units; identical for every candidate
T3,shared_supported_strata,benchmark_mask,mean_expression_delta,effector_cytokine,cell-mean,floor,5,5,2,chen;schmidt,1,False,,,,0.064336550071877274,0.049803105752087302,"{""estimable"": 1, ""numerically_constant_predicted_profile"": 1}",common observed-defined units; identical for every candidate
T3,shared_supported_strata,benchmark_mask,mean_expression_delta,effector_cytokine,linear-PCA,floor,5,5,2,chen;schmidt,1,False,,,,0.061771359700298914,0.047925438492918609,"{""estimable"": 1, ""numerically_constant_predicted_profile"": 1}",common observed-defined units; identical for every candidate
T3,shared_supported_strata,benchmark_mask,mean_expression_delta,effector_cytokine,linear-shift-KOemb,diagnostic,5,5,2,chen;schmidt,2,True,-0.031638591839368513,-0.31426155627061703,0.25098437259188,0.064401424201519925,0.050045253972586974,"{""estimable"": 2}",common observed-defined units; identical for every candidate
T3,shared_supported_strata,benchmark_mask,mean_expression_delta,effector_cytokine,scFoundation,native,5,5,2,chen;schmidt,2,True,0.37911676020716778,0.1984321632653783,0.55980135714895729,0.3702103365141089,0.36658887548628383,"{""estimable"": 2}",common observed-defined units; identical for every candidate
T3,shared_supported_strata,benchmark_mask,mean_expression_delta,effector_cytokine,scGPT,native,5,5,2,chen;schmidt,2,True,0.25558792023062304,0.24490543237417642,0.26627040808706964,0.069428697194906852,0.049416306810502811,"{""estimable"": 2}",common observed-defined units; identical for every candidate
T3,shared_supported_strata,benchmark_mask,mean_expression_delta,proliferation,AttentionPert,native,5,5,2,chen;schmidt,2,True,0.45462938662924013,0.30555677776437523,0.60370199549410508,0.05891627824184982,0.047314932860591741,"{""estimable"": 2}",common observed-defined units; identical for every candidate
T3,shared_supported_strata,benchmark_mask,mean_expression_delta,proliferation,Biolord,native,5,5,2,chen;schmidt,2,True,0.1487215908137253,-0.11462859397267512,0.4120717756001257,0.085989254131226711,0.071425696958112656,"{""estimable"": 2}",common observed-defined units; identical for every candidate
T3,shared_supported_strata,benchmark_mask,mean_expression_delta,proliferation,CellFlow,native,5,5,2,chen;schmidt,2,True,0.039218801100941725,-0.041791225485615799,0.12022882768749925,0.055115873756124506,0.045873505260460273,"{""estimable"": 2}",common observed-defined units; identical for every candidate
T3,shared_supported_strata,benchmark_mask,mean_expression_delta,proliferation,GEARS,native,5,5,2,chen;schmidt,2,True,0.24142918511619343,0.1211948406284494,0.36166352960393744,0.057926110061639002,0.048899092179323943,"{""estimable"": 2}",common observed-defined units; identical for every candidate
T3,shared_supported_strata,benchmark_mask,mean_expression_delta,proliferation,PertAdapt,native,5,5,2,chen;schmidt,2,True,0.16725571942162537,0.038215376668313497,0.29629606217493726,0.1227853332570346,0.1127944596397577,"{""estimable"": 2}",common observed-defined units; identical for every candidate
T3,shared_supported_strata,benchmark_mask,mean_expression_delta,proliferation,PerturbNet,native,5,5,2,chen;schmidt,2,True,0.39887390012657453,0.12640660541810014,0.67134119483504895,0.052526695764615473,0.036767158706588719,"{""estimable"": 2}",common observed-defined units; identical for every candidate
T3,shared_supported_strata,benchmark_mask,mean_expression_delta,proliferation,STATE,native,5,5,2,chen;schmidt,2,True,-0.046755007383300164,-0.18176390687033853,0.088253892103738199,0.087508734083956832,0.074139519338372845,"{""estimable"": 2}",common observed-defined units; identical for every candidate
T3,shared_supported_strata,benchmark_mask,mean_expression_delta,proliferation,cell-mean,floor,5,5,2,chen;schmidt,1,False,,,,0.065908575187813859,0.05504094642246999,"{""estimable"": 1, ""numerically_constant_predicted_profile"": 1}",common observed-defined units; identical for every candidate
T3,shared_supported_strata,benchmark_mask,mean_expression_delta,proliferation,linear-PCA,floor,5,5,2,chen;schmidt,1,False,,,,0.066913685940835799,0.05602110591692426,"{""estimable"": 1, ""numerically_constant_predicted_profile"": 1}",common observed-defined units; identical for every candidate
T3,shared_supported_strata,benchmark_mask,mean_expression_delta,proliferation,linear-shift-KOemb,diagnostic,5,5,2,chen;schmidt,2,True,0.20166321279073976,0.065301993789212587,0.33802443179226693,0.066528455944359355,0.055804405997078574,"{""estimable"": 2}",common observed-defined units; identical for every candidate
T3,shared_supported_strata,benchmark_mask,mean_expression_delta,proliferation,scFoundation,native,5,5,2,chen;schmidt,2,True,0.31472605992886404,0.15984220926898066,0.46960991058874746,0.25538536123376254,0.25136473729082992,"{""estimable"": 2}",common observed-defined units; identical for every candidate
T3,shared_supported_strata,benchmark_mask,mean_expression_delta,proliferation,scGPT,native,5,5,2,chen;schmidt,2,True,-0.11840830096573335,-0.37006290243915985,0.13324630050769315,0.10134622795824108,0.085290040737067266,"{""estimable"": 2}",common observed-defined units; identical for every candidate
T3,shared_supported_strata,benchmark_mask,rank_top5_mean_profile,IL2_STAT5,AttentionPert,native,5,5,1,chen,1,True,-0.17802596583169722,-0.17802596583169722,-0.17802596583169722,0.005617368741728794,0.0048868312757201649,"{""estimable"": 1}",common observed-defined units; identical for every candidate
T3,shared_supported_strata,benchmark_mask,rank_top5_mean_profile,IL2_STAT5,Biolord,native,5,5,1,chen,1,True,0.10965646299831396,0.10965646299831396,0.10965646299831396,0.0025101879238610004,0.0017575445816186573,"{""estimable"": 1}",common observed-defined units; identical for every candidate
T3,shared_supported_strata,benchmark_mask,rank_top5_mean_profile,IL2_STAT5,CellFlow,native,5,5,1,chen,1,True,-0.04619418116999565,-0.04619418116999565,-0.04619418116999565,0.0041372705612513919,0.0037294238683127571,"{""estimable"": 1}",common observed-defined units; identical for every candidate
T3,shared_supported_strata,benchmark_mask,rank_top5_mean_profile,IL2_STAT5,GEARS,native,5,5,1,chen,1,True,0.36819370881660884,0.36819370881660884,0.36819370881660884,0.0032736425054932751,0.0026577503429355276,"{""estimable"": 1}",common observed-defined units; identical for every candidate
T3,shared_supported_strata,benchmark_mask,rank_top5_mean_profile,IL2_STAT5,PertAdapt,native,5,5,1,chen,1,True,-0.16209342254145445,-0.16209342254145445,-0.16209342254145445,0.011302980858569284,0.010245198902606311,"{""estimable"": 1}",common observed-defined units; identical for every candidate
T3,shared_supported_strata,benchmark_mask,rank_top5_mean_profile,IL2_STAT5,PerturbNet,native,5,5,1,chen,1,True,0.18638860139613869,0.18638860139613869,0.18638860139613869,0.002429841001503496,0.0018432784636488353,"{""estimable"": 1}",common observed-defined units; identical for every candidate
T3,shared_supported_strata,benchmark_mask,rank_top5_mean_profile,IL2_STAT5,STATE,native,5,5,1,chen,1,True,0.055253633592015829,0.055253633592015829,0.055253633592015829,0.0048289566243617755,0.003686556927297668,"{""estimable"": 1}",common observed-defined units; identical for every candidate
T3,shared_supported_strata,benchmark_mask,rank_top5_mean_profile,IL2_STAT5,cell-mean,floor,5,5,1,chen,0,False,,,,0.0024903442298144403,0.0017575445816186573,"{""constant_predicted_score"": 1}",common observed-defined units; identical for every candidate
T3,shared_supported_strata,benchmark_mask,rank_top5_mean_profile,IL2_STAT5,linear-PCA,floor,5,5,1,chen,0,False,,,,0.0024903442298144403,0.0017575445816186573,"{""constant_predicted_score"": 1}",common observed-defined units; identical for every candidate
T3,shared_supported_strata,benchmark_mask,rank_top5_mean_profile,IL2_STAT5,linear-shift-KOemb,diagnostic,5,5,1,chen,0,False,,,,0.0024903442298144403,0.0017575445816186573,"{""constant_predicted_score"": 1}",common observed-defined units; identical for every candidate
T3,shared_supported_strata,benchmark_mask,rank_top5_mean_profile,IL2_STAT5,scFoundation,native,5,5,1,chen,1,True,0.027011930883044762,0.027011930883044762,0.027011930883044762,0.0024501747535053565,0.0016718106995884784,"{""estimable"": 1}",common observed-defined units; identical for every candidate
T3,shared_supported_strata,benchmark_mask,rank_top5_mean_profile,IL2_STAT5,scGPT,native,5,5,1,chen,0,False,,,,0.0024903442298144403,0.0017575445816186573,"{""constant_predicted_score"": 1}",common observed-defined units; identical for every candidate
T3,shared_supported_strata,benchmark_mask,rank_top5_mean_profile,TCR_activation,AttentionPert,native,5,5,1,chen,1,True,-0.18277856880905588,-0.18277856880905588,-0.18277856880905588,0.0091893364634515664,0.0079732510288065845,"{""estimable"": 1}",common observed-defined units; identical for every candidate
T3,shared_supported_strata,benchmark_mask,rank_top5_mean_profile,TCR_activation,Biolord,native,5,5,1,chen,1,True,0.084091300924565612,0.084091300924565612,0.084091300924565612,0.0049003495070107112,0.0040294924554183801,"{""estimable"": 1}",common observed-defined units; identical for every candidate
T3,shared_supported_strata,benchmark_mask,rank_top5_mean_profile,TCR_activation,CellFlow,native,5,5,1,chen,1,True,-0.1512401247957971,-0.1512401247957971,-0.1512401247957971,0.0088004691928629739,0.0076731824417009594,"{""estimable"": 1}",common observed-defined units; identical for every candidate
T3,shared_supported_strata,benchmark_mask,rank_top5_mean_profile,TCR_activation,GEARS,native,5,5,1,chen,1,True,0.30402008173008627,0.30402008173008627,0.30402008173008627,0.0054968390620273953,0.0044152949245541851,"{""estimable"": 1}",common observed-defined units; identical for every candidate
T3,shared_supported_strata,benchmark_mask,rank_top5_mean_profile,TCR_activation,PertAdapt,native,5,5,1,chen,1,True,-0.14669583930874727,-0.14669583930874727,-0.14669583930874727,0.0088706606795167387,0.0078875171467764089,"{""estimable"": 1}",common observed-defined units; identical for every candidate
T3,shared_supported_strata,benchmark_mask,rank_top5_mean_profile,TCR_activation,PerturbNet,native,5,5,1,chen,1,True,0.18330316245625342,0.18330316245625342,0.18330316245625342,0.0045973670091871092,0.0036865569272976685,"{""estimable"": 1}",common observed-defined units; identical for every candidate
T3,shared_supported_strata,benchmark_mask,rank_top5_mean_profile,TCR_activation,STATE,native,5,5,1,chen,1,True,-0.1469431787194333,-0.1469431787194333,-0.1469431787194333,0.0067891004186293787,0.0052726337448559682,"{""estimable"": 1}",common observed-defined units; identical for every candidate
T3,shared_supported_strata,benchmark_mask,rank_top5_mean_profile,TCR_activation,cell-mean,floor,5,5,1,chen,0,False,,,,0.0045376231389859436,0.0033864883401920434,"{""constant_predicted_score"": 1}",common observed-defined units; identical for every candidate
T3,shared_supported_strata,benchmark_mask,rank_top5_mean_profile,TCR_activation,linear-PCA,floor,5,5,1,chen,0,False,,,,0.0067524617247042597,0.0055298353909465038,"{""constant_predicted_score"": 1}",common observed-defined units; identical for every candidate
T3,shared_supported_strata,benchmark_mask,rank_top5_mean_profile,TCR_activation,linear-shift-KOemb,diagnostic,5,5,1,chen,0,False,,,,0.0045376231389859436,0.0033864883401920434,"{""constant_predicted_score"": 1}",common observed-defined units; identical for every candidate
T3,shared_supported_strata,benchmark_mask,rank_top5_mean_profile,TCR_activation,scFoundation,native,5,5,1,chen,1,True,0.17583447436711799,0.17583447436711799,0.17583447436711799,0.0049356587094638617,0.0040723593964334713,"{""estimable"": 1}",common observed-defined units; identical for every candidate
T3,shared_supported_strata,benchmark_mask,rank_top5_mean_profile,TCR_activation,scGPT,native,5,5,1,chen,1,True,0.3221061955710785,0.3221061955710785,0.3221061955710785,0.0043363465278002484,0.0033864883401920434,"{""estimable"": 1}",common observed-defined units; identical for every candidate
T3,shared_supported_strata,benchmark_mask,rank_top5_mean_profile,Treg_exhaustion,AttentionPert,native,5,5,1,chen,1,True,-0.14550859861665191,-0.14550859861665191,-0.14550859861665191,0.035729974630632245,0.032664609053497939,"{""estimable"": 1}",common observed-defined units; identical for every candidate
T3,shared_supported_strata,benchmark_mask,rank_top5_mean_profile,Treg_exhaustion,Biolord,native,5,5,1,chen,1,True,0.019054627949734042,0.019054627949734042,0.019054627949734042,0.016134663322782773,0.012474279835390943,"{""estimable"": 1}",common observed-defined units; identical for every candidate
T3,shared_supported_strata,benchmark_mask,rank_top5_mean_profile,Treg_exhaustion,CellFlow,native,5,5,1,chen,1,True,-0.036375633282197832,-0.036375633282197832,-0.036375633282197832,0.026122986885418163,0.022826646090534978,"{""estimable"": 1}",common observed-defined units; identical for every candidate
T3,shared_supported_strata,benchmark_mask,rank_top5_mean_profile,Treg_exhaustion,GEARS,native,5,5,1,chen,1,True,0.11572386032455305,0.11572386032455305,0.11572386032455305,0.01842787422232715,0.015046296296296292,"{""estimable"": 1}",common observed-defined units; identical for every candidate
T3,shared_supported_strata,benchmark_mask,rank_top5_mean_profile,Treg_exhaustion,PertAdapt,native,5,5,1,chen,1,True,0.062826690305552949,0.062826690305552949,0.062826690305552949,0.048739542275783213,0.045267489711934165,"{""estimable"": 1}",common observed-defined units; identical for every candidate
T3,shared_supported_strata,benchmark_mask,rank_top5_mean_profile,Treg_exhaustion,PerturbNet,native,5,5,1,chen,1,True,0.024563446141673204,0.024563446141673204,0.024563446141673204,0.017049675766963236,0.014274691358024691,"{""estimable"": 1}",common observed-defined units; identical for every candidate
T3,shared_supported_strata,benchmark_mask,rank_top5_mean_profile,Treg_exhaustion,STATE,native,5,5,1,chen,1,True,0.18499452876659542,0.18499452876659542,0.18499452876659542,0.02024911741572169,0.015882201646090534,"{""estimable"": 1}",common observed-defined units; identical for every candidate
T3,shared_supported_strata,benchmark_mask,rank_top5_mean_profile,Treg_exhaustion,cell-mean,floor,5,5,1,chen,0,False,,,,0.014799435014519007,0.012088477366255143,"{""constant_predicted_score"": 1}",common observed-defined units; identical for every candidate
T3,shared_supported_strata,benchmark_mask,rank_top5_mean_profile,Treg_exhaustion,linear-PCA,floor,5,5,1,chen,0,False,,,,0.016110429290596136,0.012667181069958851,"{""constant_predicted_score"": 1}",common observed-defined units; identical for every candidate
T3,shared_supported_strata,benchmark_mask,rank_top5_mean_profile,Treg_exhaustion,linear-shift-KOemb,diagnostic,5,5,1,chen,1,True,0.014965927812366445,0.014965927812366445,0.014965927812366445,0.014889676308181263,0.012217078189300413,"{""estimable"": 1}",common observed-defined units; identical for every candidate
T3,shared_supported_strata,benchmark_mask,rank_top5_mean_profile,Treg_exhaustion,scFoundation,native,5,5,1,chen,1,True,0.051500188916499517,0.051500188916499517,0.051500188916499517,0.028973739746170658,0.02494855967078189,"{""estimable"": 1}",common observed-defined units; identical for every candidate
T3,shared_supported_strata,benchmark_mask,rank_top5_mean_profile,Treg_exhaustion,scGPT,native,5,5,1,chen,1,True,0.41047744177148088,0.41047744177148088,0.41047744177148088,0.016473584727375049,0.012281378600823043,"{""estimable"": 1}",common observed-defined units; identical for every candidate
T3,shared_supported_strata,benchmark_mask,rank_top5_mean_profile,effector_cytokine,AttentionPert,native,5,5,0,,0,False,,,,,,{},common observed-defined units; identical for every candidate
T3,shared_supported_strata,benchmark_mask,rank_top5_mean_profile,effector_cytokine,Biolord,native,5,5,0,,0,False,,,,,,{},common observed-defined units; identical for every candidate
T3,shared_supported_strata,benchmark_mask,rank_top5_mean_profile,effector_cytokine,CellFlow,native,5,5,0,,0,False,,,,,,{},common observed-defined units; identical for every candidate
T3,shared_supported_strata,benchmark_mask,rank_top5_mean_profile,effector_cytokine,GEARS,native,5,5,0,,0,False,,,,,,{},common observed-defined units; identical for every candidate
T3,shared_supported_strata,benchmark_mask,rank_top5_mean_profile,effector_cytokine,PertAdapt,native,5,5,0,,0,False,,,,,,{},common observed-defined units; identical for every candidate
T3,shared_supported_strata,benchmark_mask,rank_top5_mean_profile,effector_cytokine,PerturbNet,native,5,5,0,,0,False,,,,,,{},common observed-defined units; identical for every candidate
T3,shared_supported_strata,benchmark_mask,rank_top5_mean_profile,effector_cytokine,STATE,native,5,5,0,,0,False,,,,,,{},common observed-defined units; identical for every candidate
T3,shared_supported_strata,benchmark_mask,rank_top5_mean_profile,effector_cytokine,cell-mean,floor,5,5,0,,0,False,,,,,,{},common observed-defined units; identical for every candidate
T3,shared_supported_strata,benchmark_mask,rank_top5_mean_profile,effector_cytokine,linear-PCA,floor,5,5,0,,0,False,,,,,,{},common observed-defined units; identical for every candidate
T3,shared_supported_strata,benchmark_mask,rank_top5_mean_profile,effector_cytokine,linear-shift-KOemb,diagnostic,5,5,0,,0,False,,,,,,{},common observed-defined units; identical for every candidate
T3,shared_supported_strata,benchmark_mask,rank_top5_mean_profile,effector_cytokine,scFoundation,native,5,5,0,,0,False,,,,,,{},common observed-defined units; identical for every candidate
T3,shared_supported_strata,benchmark_mask,rank_top5_mean_profile,effector_cytokine,scGPT,native,5,5,0,,0,False,,,,,,{},common observed-defined units; identical for every candidate
T3,shared_supported_strata,benchmark_mask,rank_top5_mean_profile,proliferation,AttentionPert,native,5,5,0,,0,False,,,,,,{},common observed-defined units; identical for every candidate
T3,shared_supported_strata,benchmark_mask,rank_top5_mean_profile,proliferation,Biolord,native,5,5,0,,0,False,,,,,,{},common observed-defined units; identical for every candidate
T3,shared_supported_strata,benchmark_mask,rank_top5_mean_profile,proliferation,CellFlow,native,5,5,0,,0,False,,,,,,{},common observed-defined units; identical for every candidate
T3,shared_supported_strata,benchmark_mask,rank_top5_mean_profile,proliferation,GEARS,native,5,5,0,,0,False,,,,,,{},common observed-defined units; identical for every candidate
T3,shared_supported_strata,benchmark_mask,rank_top5_mean_profile,proliferation,PertAdapt,native,5,5,0,,0,False,,,,,,{},common observed-defined units; identical for every candidate
T3,shared_supported_strata,benchmark_mask,rank_top5_mean_profile,proliferation,PerturbNet,native,5,5,0,,0,False,,,,,,{},common observed-defined units; identical for every candidate
T3,shared_supported_strata,benchmark_mask,rank_top5_mean_profile,proliferation,STATE,native,5,5,0,,0,False,,,,,,{},common observed-defined units; identical for every candidate
T3,shared_supported_strata,benchmark_mask,rank_top5_mean_profile,proliferation,cell-mean,floor,5,5,0,,0,False,,,,,,{},common observed-defined units; identical for every candidate
T3,shared_supported_strata,benchmark_mask,rank_top5_mean_profile,proliferation,linear-PCA,floor,5,5,0,,0,False,,,,,,{},common observed-defined units; identical for every candidate
T3,shared_supported_strata,benchmark_mask,rank_top5_mean_profile,proliferation,linear-shift-KOemb,diagnostic,5,5,0,,0,False,,,,,,{},common observed-defined units; identical for every candidate
T3,shared_supported_strata,benchmark_mask,rank_top5_mean_profile,proliferation,scFoundation,native,5,5,0,,0,False,,,,,,{},common observed-defined units; identical for every candidate
T3,shared_supported_strata,benchmark_mask,rank_top5_mean_profile,proliferation,scGPT,native,5,5,0,,0,False,,,,,,{},common observed-defined units; identical for every candidate
T5c,full_census_strata,all_measured_original_members,mean_expression_delta,effector_lymphocyte,CPA,native,4,4,4,B;Mono;NK;T_cells,4,True,0.070881934748731015,-0.050144489371772377,0.25307877542553742,0.48613696925297484,0.48039094051221587,"{""estimable"": 4}",common observed-defined units; identical for every candidate
T5c,full_census_strata,all_measured_original_members,mean_expression_delta,effector_lymphocyte,CellFlow,native,4,4,4,B;Mono;NK;T_cells,4,True,0.25934459614144073,0.063915992872460123,0.40186039275621127,0.47790478486979804,0.47157510303352157,"{""estimable"": 4}",common observed-defined units; identical for every candidate
T5c,full_census_strata,all_measured_original_members,mean_expression_delta,effector_lymphocyte,CellOT,native,4,4,4,B;Mono;NK;T_cells,3,False,,,,,,"{""estimable"": 3, ""explicit_declined_strata_on_full_support"": 1}",common observed-defined units; identical for every candidate
T5c,full_census_strata,all_measured_original_members,mean_expression_delta,effector_lymphocyte,FP-ridge,diagnostic,4,4,4,B;Mono;NK;T_cells,4,True,0.15495731903839172,-0.18897069688417359,0.46831359365116526,0.11859865772318824,0.076452788806430805,"{""estimable"": 4}",common observed-defined units; identical for every candidate
T5c,full_census_strata,all_measured_original_members,mean_expression_delta,effector_lymphocyte,PRnet,native,4,4,4,B;Mono;NK;T_cells,4,True,0.40252844719946551,0.23389780751332012,0.70630593451311952,0.75605073217562047,0.75100111499830591,"{""estimable"": 4}",common observed-defined units; identical for every candidate
T5c,full_census_strata,all_measured_original_members,mean_expression_delta,effector_lymphocyte,PerturbNet,native,4,4,4,B;Mono;NK;T_cells,0,False,,,,,,"{""explicit_declined_strata_on_full_support"": 4}",common observed-defined units; identical for every candidate
T5c,full_census_strata,all_measured_original_members,mean_expression_delta,effector_lymphocyte,STATE,native,4,4,4,B;Mono;NK;T_cells,4,True,-0.062748147952622707,-0.31633043388881249,0.15649516921859394,0.79062217421293468,0.78531588959541887,"{""estimable"": 4}",common observed-defined units; identical for every candidate
T5c,full_census_strata,all_measured_original_members,mean_expression_delta,effector_lymphocyte,cell-mean,floor,4,4,4,B;Mono;NK;T_cells,0,False,,,,0.87354812297206574,0.86866786417807407,"{""numerically_constant_predicted_profile"": 4}",common observed-defined units; identical for every candidate
T5c,full_census_strata,all_measured_original_members,mean_expression_delta,effector_lymphocyte,linear-PCA,floor,4,4,4,B;Mono;NK;T_cells,0,False,,,,0.090385008101437694,0.066121446781944135,"{""numerically_constant_predicted_profile"": 4}",common observed-defined units; identical for every candidate
T5c,full_census_strata,all_measured_original_members,mean_expression_delta,effector_lymphocyte,scFoundation,adapted,4,4,4,B;Mono;NK;T_cells,4,True,0.24943833353339295,-0.31273756006810005,0.73756623752345596,0.080799274635826923,0.048671071687250947,"{""estimable"": 4}",common observed-defined units; identical for every candidate
T5c,full_census_strata,all_measured_original_members,mean_expression_delta,effector_lymphocyte,scGPT,adapted,4,4,4,B;Mono;NK;T_cells,4,True,0.33141141048817702,0.0061582548094580086,0.66767188861877891,0.081047475344546677,0.055365518369414932,"{""estimable"": 4}",common observed-defined units; identical for every candidate
T5c,full_census_strata,all_measured_original_members,mean_expression_delta,effector_lymphocyte,scGen,native,4,4,4,B;Mono;NK;T_cells,3,False,,,,,,"{""estimable"": 3, ""explicit_declined_strata_on_full_support"": 1}",common observed-defined units; identical for every candidate
T5c,full_census_strata,all_measured_original_members,mean_expression_delta,effector_lymphocyte,scPRAM,native,4,4,4,B;Mono;NK;T_cells,4,True,0.23564825493975144,0.016478235527931016,0.49343222312820184,0.38798308811327681,0.31762839709724855,"{""estimable"": 4}",common observed-defined units; identical for every candidate
T5c,full_census_strata,all_measured_original_members,mean_expression_delta,inflammatory_NFkB,CPA,native,4,4,4,B;Mono;NK;T_cells,4,True,0.056125237121093831,-0.017306134831898815,0.15444115015761531,0.15883097994641987,0.13068569962908255,"{""estimable"": 4}",common observed-defined units; identical for every candidate
T5c,full_census_strata,all_measured_original_members,mean_expression_delta,inflammatory_NFkB,CellFlow,native,4,4,4,B;Mono;NK;T_cells,4,True,0.32052507864860325,-0.12402738044408954,0.52767694874224469,0.16871849707365277,0.14261226363344959,"{""estimable"": 4}",common observed-defined units; identical for every candidate
T5c,full_census_strata,all_measured_original_members,mean_expression_delta,inflammatory_NFkB,CellOT,native,4,4,4,B;Mono;NK;T_cells,3,False,,,,,,"{""estimable"": 3, ""explicit_declined_strata_on_full_support"": 1}",common observed-defined units; identical for every candidate
T5c,full_census_strata,all_measured_original_members,mean_expression_delta,inflammatory_NFkB,FP-ridge,diagnostic,4,4,4,B;Mono;NK;T_cells,4,True,0.52680929660227616,0.15880874979090179,0.65683460807666771,0.099298630392202436,0.065198843189938141,"{""estimable"": 4}",common observed-defined units; identical for every candidate
T5c,full_census_strata,all_measured_original_members,mean_expression_delta,inflammatory_NFkB,PRnet,native,4,4,4,B;Mono;NK;T_cells,4,True,0.40883839679648631,0.11139739853570406,0.54144077227078791,0.30313368012476744,0.28253988543666064,"{""estimable"": 4}",common observed-defined units; identical for every candidate
T5c,full_census_strata,all_measured_original_members,mean_expression_delta,inflammatory_NFkB,PerturbNet,native,4,4,4,B;Mono;NK;T_cells,0,False,,,,,,"{""explicit_declined_strata_on_full_support"": 4}",common observed-defined units; identical for every candidate
T5c,full_census_strata,all_measured_original_members,mean_expression_delta,inflammatory_NFkB,STATE,native,4,4,4,B;Mono;NK;T_cells,4,True,0.08657937771332895,-0.060056551734134218,0.35917033940064402,0.25513375335360999,0.22573044453167265,"{""estimable"": 4}",common observed-defined units; identical for every candidate
T5c,full_census_strata,all_measured_original_members,mean_expression_delta,inflammatory_NFkB,cell-mean,floor,4,4,4,B;Mono;NK;T_cells,0,False,,,,0.36236669999776416,0.35191082416573005,"{""numerically_constant_predicted_profile"": 4}",common observed-defined units; identical for every candidate
T5c,full_census_strata,all_measured_original_members,mean_expression_delta,inflammatory_NFkB,linear-PCA,floor,4,4,4,B;Mono;NK;T_cells,0,False,,,,0.10421075209158834,0.065817272508152141,"{""numerically_constant_predicted_profile"": 4}",common observed-defined units; identical for every candidate
T5c,full_census_strata,all_measured_original_members,mean_expression_delta,inflammatory_NFkB,scFoundation,adapted,4,4,4,B;Mono;NK;T_cells,4,True,0.41006830545050621,-0.074820763624221701,0.60185815882696869,0.093693100524266382,0.062158887638659011,"{""estimable"": 4}",common observed-defined units; identical for every candidate
T5c,full_census_strata,all_measured_original_members,mean_expression_delta,inflammatory_NFkB,scGPT,adapted,4,4,4,B;Mono;NK;T_cells,4,True,0.54671108043605154,0.31411511071415699,0.67674551718204479,0.096224422747621038,0.067506154030191265,"{""estimable"": 4}",common observed-defined units; identical for every candidate
T5c,full_census_strata,all_measured_original_members,mean_expression_delta,inflammatory_NFkB,scGen,native,4,4,4,B;Mono;NK;T_cells,3,False,,,,,,"{""estimable"": 3, ""explicit_declined_strata_on_full_support"": 1}",common observed-defined units; identical for every candidate
T5c,full_census_strata,all_measured_original_members,mean_expression_delta,inflammatory_NFkB,scPRAM,native,4,4,4,B;Mono;NK;T_cells,4,True,0.34264979116100852,0.13376906558563595,0.59962324139857837,0.2102330750646613,0.17061725016742169,"{""estimable"": 4}",common observed-defined units; identical for every candidate
T5c,full_census_strata,all_measured_original_members,mean_expression_delta,type_I_IFN,CPA,native,4,4,4,B;Mono;NK;T_cells,4,True,0.15506161679008082,0.067896912834341239,0.23257509842393345,0.2924810159750581,0.23704123813362399,"{""estimable"": 4}",common observed-defined units; identical for every candidate
T5c,full_census_strata,all_measured_original_members,mean_expression_delta,type_I_IFN,CellFlow,native,4,4,4,B;Mono;NK;T_cells,4,True,0.78290494585368364,0.65995181633183064,0.8731718183529672,0.25413899139175733,0.21890087745643827,"{""estimable"": 4}",common observed-defined units; identical for every candidate
T5c,full_census_strata,all_measured_original_members,mean_expression_delta,type_I_IFN,CellOT,native,4,4,4,B;Mono;NK;T_cells,3,False,,,,,,"{""estimable"": 3, ""explicit_declined_strata_on_full_support"": 1}",common observed-defined units; identical for every candidate
T5c,full_census_strata,all_measured_original_members,mean_expression_delta,type_I_IFN,FP-ridge,diagnostic,4,4,4,B;Mono;NK;T_cells,4,True,0.88059496921300606,0.76805562667883776,0.9336410493676337,0.13931160321776448,0.10851057702178044,"{""estimable"": 4}",common observed-defined units; identical for every candidate
T5c,full_census_strata,all_measured_original_members,mean_expression_delta,type_I_IFN,PRnet,native,4,4,4,B;Mono;NK;T_cells,4,True,0.79580791440837517,0.69683623406467798,0.86899375956430769,0.27104235403990773,0.23552289972757351,"{""estimable"": 4}",common observed-defined units; identical for every candidate
T5c,full_census_strata,all_measured_original_members,mean_expression_delta,type_I_IFN,PerturbNet,native,4,4,4,B;Mono;NK;T_cells,0,False,,,,,,"{""explicit_declined_strata_on_full_support"": 4}",common observed-defined units; identical for every candidate
T5c,full_census_strata,all_measured_original_members,mean_expression_delta,type_I_IFN,STATE,native,4,4,4,B;Mono;NK;T_cells,4,True,0.21177878510951165,0.10224284562645997,0.37735160742175139,0.30664791817617876,0.25013585605689936,"{""estimable"": 4}",common observed-defined units; identical for every candidate
T5c,full_census_strata,all_measured_original_members,mean_expression_delta,type_I_IFN,cell-mean,floor,4,4,4,B;Mono;NK;T_cells,0,False,,,,0.28199569274942177,0.23144625730761154,"{""numerically_constant_predicted_profile"": 4}",common observed-defined units; identical for every candidate
T5c,full_census_strata,all_measured_original_members,mean_expression_delta,type_I_IFN,linear-PCA,floor,4,4,4,B;Mono;NK;T_cells,0,False,,,,0.25412535677372522,0.19986113618676432,"{""numerically_constant_predicted_profile"": 4}",common observed-defined units; identical for every candidate
T5c,full_census_strata,all_measured_original_members,mean_expression_delta,type_I_IFN,scFoundation,adapted,4,4,4,B;Mono;NK;T_cells,4,True,0.67517133311792421,0.16178892706375586,0.9217529243222663,0.18652950975923005,0.14743288311944938,"{""estimable"": 4}",common observed-defined units; identical for every candidate
T5c,full_census_strata,all_measured_original_members,mean_expression_delta,type_I_IFN,scGPT,adapted,4,4,4,B;Mono;NK;T_cells,4,True,0.90424512755994402,0.81102889487618157,0.94116466019067202,0.136754312806732,0.10827718102749882,"{""estimable"": 4}",common observed-defined units; identical for every candidate
T5c,full_census_strata,all_measured_original_members,mean_expression_delta,type_I_IFN,scGen,native,4,4,4,B;Mono;NK;T_cells,3,False,,,,,,"{""estimable"": 3, ""explicit_declined_strata_on_full_support"": 1}",common observed-defined units; identical for every candidate
T5c,full_census_strata,all_measured_original_members,mean_expression_delta,type_I_IFN,scPRAM,native,4,4,4,B;Mono;NK;T_cells,4,True,0.72812162431564509,0.59139254460819168,0.8077200700839885,0.24004350043752282,0.19825234641657766,"{""estimable"": 4}",common observed-defined units; identical for every candidate
T5c,full_census_strata,all_measured_original_members,rank_top5_mean_profile,effector_lymphocyte,CPA,native,4,4,2,Mono;NK,1,False,,,,0.19766977036369282,0.19152277332596482,"{""constant_predicted_score"": 1, ""estimable"": 1}",common observed-defined units; identical for every candidate
T5c,full_census_strata,all_measured_original_members,rank_top5_mean_profile,effector_lymphocyte,CellFlow,native,4,4,2,Mono;NK,1,False,,,,0.14753512782316108,0.14144218016026525,"{""constant_predicted_score"": 1, ""estimable"": 1}",common observed-defined units; identical for every candidate
T5c,full_census_strata,all_measured_original_members,rank_top5_mean_profile,effector_lymphocyte,CellOT,native,4,4,2,Mono;NK,1,False,,,,0.06563914430000066,0.049005042829510924,"{""constant_predicted_score"": 1, ""estimable"": 1}",common observed-defined units; identical for every candidate
T5c,full_census_strata,all_measured_original_members,rank_top5_mean_profile,effector_lymphocyte,FP-ridge,diagnostic,4,4,2,Mono;NK,1,False,,,,0.038147712612915226,0.017744565717969979,"{""constant_predicted_score"": 1, ""estimable"": 1}",common observed-defined units; identical for every candidate
T5c,full_census_strata,all_measured_original_members,rank_top5_mean_profile,effector_lymphocyte,PRnet,native,4,4,2,Mono;NK,1,False,,,,0.37034811903393033,0.36461635350465138,"{""constant_predicted_score"": 1, ""estimable"": 1}",common observed-defined units; identical for every candidate
T5c,full_census_strata,all_measured_original_members,rank_top5_mean_profile,effector_lymphocyte,PerturbNet,native,4,4,2,Mono;NK,0,False,,,,,,"{""explicit_declined_strata_on_full_support"": 2}",common observed-defined units; identical for every candidate
T5c,full_census_strata,all_measured_original_members,rank_top5_mean_profile,effector_lymphocyte,STATE,native,4,4,2,Mono;NK,0,False,,,,0.35375116928557993,0.34887609376439166,"{""constant_predicted_score"": 2}",common observed-defined units; identical for every candidate
T5c,full_census_strata,all_measured_original_members,rank_top5_mean_profile,effector_lymphocyte,cell-mean,floor,4,4,2,Mono;NK,0,False,,,,0.35375116928557993,0.34887609376439166,"{""constant_predicted_score"": 2}",common observed-defined units; identical for every candidate
T5c,full_census_strata,all_measured_original_members,rank_top5_mean_profile,effector_lymphocyte,linear-PCA,floor,4,4,2,Mono;NK,0,False,,,,0.038828462900954291,0.017535023487151146,"{""constant_predicted_score"": 2}",common observed-defined units; identical for every candidate
T5c,full_census_strata,all_measured_original_members,rank_top5_mean_profile,effector_lymphocyte,scFoundation,adapted,4,4,2,Mono;NK,1,False,,,,0.035274245076155689,0.017067583126093768,"{""constant_predicted_score"": 1, ""estimable"": 1}",common observed-defined units; identical for every candidate
T5c,full_census_strata,all_measured_original_members,rank_top5_mean_profile,effector_lymphocyte,scGPT,adapted,4,4,2,Mono;NK,1,False,,,,0.033406361907965018,0.019230703693469652,"{""constant_predicted_score"": 1, ""estimable"": 1}",common observed-defined units; identical for every candidate
T5c,full_census_strata,all_measured_original_members,rank_top5_mean_profile,effector_lymphocyte,scGen,native,4,4,2,Mono;NK,1,False,,,,0.085206290638055709,0.07502696417058119,"{""constant_predicted_score"": 1, ""estimable"": 1}",common observed-defined units; identical for every candidate
T5c,full_census_strata,all_measured_original_members,rank_top5_mean_profile,effector_lymphocyte,scPRAM,native,4,4,2,Mono;NK,2,True,0.23381384160364177,-0.03447466882084247,0.50210235202812603,0.10978593890692875,0.078499815787049843,"{""estimable"": 2}",common observed-defined units; identical for every candidate
T5c,full_census_strata,all_measured_original_members,rank_top5_mean_profile,inflammatory_NFkB,CPA,native,4,4,3,B;Mono;NK,0,False,,,,0.022295663559096946,0.0058487238867178069,"{""constant_predicted_score"": 3}",common observed-defined units; identical for every candidate
T5c,full_census_strata,all_measured_original_members,rank_top5_mean_profile,inflammatory_NFkB,CellFlow,native,4,4,3,B;Mono;NK,0,False,,,,0.022295663559096946,0.0058487238867178069,"{""constant_predicted_score"": 3}",common observed-defined units; identical for every candidate
T5c,full_census_strata,all_measured_original_members,rank_top5_mean_profile,inflammatory_NFkB,CellOT,native,4,4,3,B;Mono;NK,2,False,,,,0.019929744242162456,0.0058296183721715652,"{""constant_predicted_score"": 1, ""estimable"": 2}",common observed-defined units; identical for every candidate
T5c,full_census_strata,all_measured_original_members,rank_top5_mean_profile,inflammatory_NFkB,FP-ridge,diagnostic,4,4,3,B;Mono;NK,2,False,,,,0.020115006526954044,0.0057048294495102994,"{""constant_predicted_score"": 1, ""estimable"": 2}",common observed-defined units; identical for every candidate
T5c,full_census_strata,all_measured_original_members,rank_top5_mean_profile,inflammatory_NFkB,PRnet,native,4,4,3,B;Mono;NK,0,False,,,,0.022295663559096946,0.0058487238867178069,"{""constant_predicted_score"": 3}",common observed-defined units; identical for every candidate
T5c,full_census_strata,all_measured_original_members,rank_top5_mean_profile,inflammatory_NFkB,PerturbNet,native,4,4,3,B;Mono;NK,0,False,,,,,,"{""explicit_declined_strata_on_full_support"": 3}",common observed-defined units; identical for every candidate
T5c,full_census_strata,all_measured_original_members,rank_top5_mean_profile,inflammatory_NFkB,STATE,native,4,4,3,B;Mono;NK,0,False,,,,0.022295663559096946,0.0058487238867178069,"{""constant_predicted_score"": 3}",common observed-defined units; identical for every candidate
T5c,full_census_strata,all_measured_original_members,rank_top5_mean_profile,inflammatory_NFkB,cell-mean,floor,4,4,3,B;Mono;NK,0,False,,,,0.022295663559096946,0.0058487238867178069,"{""constant_predicted_score"": 3}",common observed-defined units; identical for every candidate
T5c,full_census_strata,all_measured_original_members,rank_top5_mean_profile,inflammatory_NFkB,linear-PCA,floor,4,4,3,B;Mono;NK,0,False,,,,0.022295663559096946,0.0058487238867178069,"{""constant_predicted_score"": 3}",common observed-defined units; identical for every candidate
T5c,full_census_strata,all_measured_original_members,rank_top5_mean_profile,inflammatory_NFkB,scFoundation,adapted,4,4,3,B;Mono;NK,1,False,,,,0.020718670116434731,0.0058351184445409364,"{""constant_predicted_score"": 2, ""estimable"": 1}",common observed-defined units; identical for every candidate
T5c,full_census_strata,all_measured_original_members,rank_top5_mean_profile,inflammatory_NFkB,scGPT,adapted,4,4,3,B;Mono;NK,3,True,0.23037512086375911,-0.012398255237970141,0.53160855537808727,0.020370165017433901,0.0065293819655521798,"{""estimable"": 3}",common observed-defined units; identical for every candidate
T5c,full_census_strata,all_measured_original_members,rank_top5_mean_profile,inflammatory_NFkB,scGen,native,4,4,3,B;Mono;NK,1,False,,,,0.022535108821909192,0.0059567954841511063,"{""constant_predicted_score"": 2, ""estimable"": 1}",common observed-defined units; identical for every candidate
T5c,full_census_strata,all_measured_original_members,rank_top5_mean_profile,inflammatory_NFkB,scPRAM,native,4,4,3,B;Mono;NK,3,True,0.2047033671240778,-0.012874314744314193,0.60721524817345429,0.022152679550248505,0.0064051478747527389,"{""estimable"": 3}",common observed-defined units; identical for every candidate
T5c,full_census_strata,all_measured_original_members,rank_top5_mean_profile,type_I_IFN,CPA,native,4,4,4,B;Mono;NK;T_cells,2,False,,,,0.047096629384101182,0.032342521529888542,"{""constant_predicted_score"": 2, ""estimable"": 2}",common observed-defined units; identical for every candidate
T5c,full_census_strata,all_measured_original_members,rank_top5_mean_profile,type_I_IFN,CellFlow,native,4,4,4,B;Mono;NK;T_cells,4,True,0.6505917239894905,0.50959915079160445,0.74965668683102948,0.037137095880249604,0.024808232016210741,"{""estimable"": 4}",common observed-defined units; identical for every candidate
T5c,full_census_strata,all_measured_original_members,rank_top5_mean_profile,type_I_IFN,CellOT,native,4,4,4,B;Mono;NK;T_cells,3,False,,,,,,"{""estimable"": 3, ""explicit_declined_strata_on_full_support"": 1}",common observed-defined units; identical for every candidate
T5c,full_census_strata,all_measured_original_members,rank_top5_mean_profile,type_I_IFN,FP-ridge,diagnostic,4,4,4,B;Mono;NK;T_cells,4,True,0.80992828821695184,0.64956848355271735,0.89660715400891644,0.025030392711961724,0.013782877406281662,"{""estimable"": 4}",common observed-defined units; identical for every candidate
T5c,full_census_strata,all_measured_original_members,rank_top5_mean_profile,type_I_IFN,PRnet,native,4,4,4,B;Mono;NK;T_cells,4,True,0.51059457297921385,0.37724291880266392,0.6538937651583836,0.065733477369226634,0.041285321681864232,"{""estimable"": 4}",common observed-defined units; identical for every candidate
T5c,full_census_strata,all_measured_original_members,rank_top5_mean_profile,type_I_IFN,PerturbNet,native,4,4,4,B;Mono;NK;T_cells,0,False,,,,,,"{""explicit_declined_strata_on_full_support"": 4}",common observed-defined units; identical for every candidate
T5c,full_census_strata,all_measured_original_members,rank_top5_mean_profile,type_I_IFN,STATE,native,4,4,4,B;Mono;NK;T_cells,3,False,,,,0.051671892495613783,0.040122023809523809,"{""constant_predicted_score"": 1, ""estimable"": 3}",common observed-defined units; identical for every candidate
T5c,full_census_strata,all_measured_original_members,rank_top5_mean_profile,type_I_IFN,cell-mean,floor,4,4,4,B;Mono;NK;T_cells,0,False,,,,0.044916399572846363,0.028699670719351564,"{""constant_predicted_score"": 4}",common observed-defined units; identical for every candidate
T5c,full_census_strata,all_measured_original_members,rank_top5_mean_profile,type_I_IFN,linear-PCA,floor,4,4,4,B;Mono;NK;T_cells,0,False,,,,0.037812811183440931,0.020034295845997977,"{""constant_predicted_score"": 4}",common observed-defined units; identical for every candidate
T5c,full_census_strata,all_measured_original_members,rank_top5_mean_profile,type_I_IFN,scFoundation,adapted,4,4,4,B;Mono;NK;T_cells,4,True,0.57204051655545485,0.20661607150277844,0.83739255870183238,0.032557534383200491,0.016914292046605876,"{""estimable"": 4}",common observed-defined units; identical for every candidate
T5c,full_census_strata,all_measured_original_members,rank_top5_mean_profile,type_I_IFN,scGPT,adapted,4,4,4,B;Mono;NK;T_cells,4,True,0.82923111828128127,0.62525073342376847,0.93071506169999174,0.026249350420767235,0.015038278875379941,"{""estimable"": 4}",common observed-defined units; identical for every candidate
T5c,full_census_strata,all_measured_original_members,rank_top5_mean_profile,type_I_IFN,scGen,native,4,4,4,B;Mono;NK;T_cells,3,False,,,,,,"{""estimable"": 3, ""explicit_declined_strata_on_full_support"": 1}",common observed-defined units; identical for every candidate
T5c,full_census_strata,all_measured_original_members,rank_top5_mean_profile,type_I_IFN,scPRAM,native,4,4,4,B;Mono;NK;T_cells,4,True,0.53092800322825107,0.27614175605888047,0.6895974015209132,0.055912382213013145,0.033460758611955424,"{""estimable"": 4}",common observed-defined units; identical for every candidate
T5c,full_census_strata,benchmark_mask,mean_expression_delta,effector_lymphocyte,CPA,native,4,4,4,B;Mono;NK;T_cells,4,True,0.070881934748731015,-0.050144489371772377,0.25307877542553742,0.48613696925297484,0.48039094051221587,"{""estimable"": 4}",common observed-defined units; identical for every candidate
T5c,full_census_strata,benchmark_mask,mean_expression_delta,effector_lymphocyte,CellFlow,native,4,4,4,B;Mono;NK;T_cells,4,True,0.25934459614144073,0.063915992872460123,0.40186039275621127,0.47790478486979804,0.47157510303352157,"{""estimable"": 4}",common observed-defined units; identical for every candidate
T5c,full_census_strata,benchmark_mask,mean_expression_delta,effector_lymphocyte,CellOT,native,4,4,4,B;Mono;NK;T_cells,3,False,,,,,,"{""estimable"": 3, ""explicit_declined_strata_on_full_support"": 1}",common observed-defined units; identical for every candidate
T5c,full_census_strata,benchmark_mask,mean_expression_delta,effector_lymphocyte,FP-ridge,diagnostic,4,4,4,B;Mono;NK;T_cells,4,True,0.15495731903839172,-0.18897069688417359,0.46831359365116526,0.11859865772318824,0.076452788806430805,"{""estimable"": 4}",common observed-defined units; identical for every candidate
T5c,full_census_strata,benchmark_mask,mean_expression_delta,effector_lymphocyte,PRnet,native,4,4,4,B;Mono;NK;T_cells,4,True,0.40252844719946551,0.23389780751332012,0.70630593451311952,0.75605073217562047,0.75100111499830591,"{""estimable"": 4}",common observed-defined units; identical for every candidate
T5c,full_census_strata,benchmark_mask,mean_expression_delta,effector_lymphocyte,PerturbNet,native,4,4,4,B;Mono;NK;T_cells,0,False,,,,,,"{""explicit_declined_strata_on_full_support"": 4}",common observed-defined units; identical for every candidate
T5c,full_census_strata,benchmark_mask,mean_expression_delta,effector_lymphocyte,STATE,native,4,4,4,B;Mono;NK;T_cells,4,True,-0.062748147952622707,-0.31633043388881249,0.15649516921859394,0.79062217421293468,0.78531588959541887,"{""estimable"": 4}",common observed-defined units; identical for every candidate
T5c,full_census_strata,benchmark_mask,mean_expression_delta,effector_lymphocyte,cell-mean,floor,4,4,4,B;Mono;NK;T_cells,0,False,,,,0.87354812297206574,0.86866786417807407,"{""numerically_constant_predicted_profile"": 4}",common observed-defined units; identical for every candidate
T5c,full_census_strata,benchmark_mask,mean_expression_delta,effector_lymphocyte,linear-PCA,floor,4,4,4,B;Mono;NK;T_cells,0,False,,,,0.090385008101437694,0.066121446781944135,"{""numerically_constant_predicted_profile"": 4}",common observed-defined units; identical for every candidate
T5c,full_census_strata,benchmark_mask,mean_expression_delta,effector_lymphocyte,scFoundation,adapted,4,4,4,B;Mono;NK;T_cells,4,True,0.24943833353339295,-0.31273756006810005,0.73756623752345596,0.080799274635826923,0.048671071687250947,"{""estimable"": 4}",common observed-defined units; identical for every candidate
T5c,full_census_strata,benchmark_mask,mean_expression_delta,effector_lymphocyte,scGPT,adapted,4,4,4,B;Mono;NK;T_cells,4,True,0.33141141048817702,0.0061582548094580086,0.66767188861877891,0.081047475344546677,0.055365518369414932,"{""estimable"": 4}",common observed-defined units; identical for every candidate
T5c,full_census_strata,benchmark_mask,mean_expression_delta,effector_lymphocyte,scGen,native,4,4,4,B;Mono;NK;T_cells,3,False,,,,,,"{""estimable"": 3, ""explicit_declined_strata_on_full_support"": 1}",common observed-defined units; identical for every candidate
T5c,full_census_strata,benchmark_mask,mean_expression_delta,effector_lymphocyte,scPRAM,native,4,4,4,B;Mono;NK;T_cells,4,True,0.23564825493975144,0.016478235527931016,0.49343222312820184,0.38798308811327681,0.31762839709724855,"{""estimable"": 4}",common observed-defined units; identical for every candidate
T5c,full_census_strata,benchmark_mask,mean_expression_delta,inflammatory_NFkB,CPA,native,4,4,4,B;Mono;NK;T_cells,4,True,0.056125237121093831,-0.017306134831898815,0.15444115015761531,0.15883097994641987,0.13068569962908255,"{""estimable"": 4}",common observed-defined units; identical for every candidate
T5c,full_census_strata,benchmark_mask,mean_expression_delta,inflammatory_NFkB,CellFlow,native,4,4,4,B;Mono;NK;T_cells,4,True,0.32052507864860325,-0.12402738044408954,0.52767694874224469,0.16871849707365277,0.14261226363344959,"{""estimable"": 4}",common observed-defined units; identical for every candidate
T5c,full_census_strata,benchmark_mask,mean_expression_delta,inflammatory_NFkB,CellOT,native,4,4,4,B;Mono;NK;T_cells,3,False,,,,,,"{""estimable"": 3, ""explicit_declined_strata_on_full_support"": 1}",common observed-defined units; identical for every candidate
T5c,full_census_strata,benchmark_mask,mean_expression_delta,inflammatory_NFkB,FP-ridge,diagnostic,4,4,4,B;Mono;NK;T_cells,4,True,0.52680929660227616,0.15880874979090179,0.65683460807666771,0.099298630392202436,0.065198843189938141,"{""estimable"": 4}",common observed-defined units; identical for every candidate
T5c,full_census_strata,benchmark_mask,mean_expression_delta,inflammatory_NFkB,PRnet,native,4,4,4,B;Mono;NK;T_cells,4,True,0.40883839679648631,0.11139739853570406,0.54144077227078791,0.30313368012476744,0.28253988543666064,"{""estimable"": 4}",common observed-defined units; identical for every candidate
T5c,full_census_strata,benchmark_mask,mean_expression_delta,inflammatory_NFkB,PerturbNet,native,4,4,4,B;Mono;NK;T_cells,0,False,,,,,,"{""explicit_declined_strata_on_full_support"": 4}",common observed-defined units; identical for every candidate
T5c,full_census_strata,benchmark_mask,mean_expression_delta,inflammatory_NFkB,STATE,native,4,4,4,B;Mono;NK;T_cells,4,True,0.08657937771332895,-0.060056551734134218,0.35917033940064402,0.25513375335360999,0.22573044453167265,"{""estimable"": 4}",common observed-defined units; identical for every candidate
T5c,full_census_strata,benchmark_mask,mean_expression_delta,inflammatory_NFkB,cell-mean,floor,4,4,4,B;Mono;NK;T_cells,0,False,,,,0.36236669999776416,0.35191082416573005,"{""numerically_constant_predicted_profile"": 4}",common observed-defined units; identical for every candidate
T5c,full_census_strata,benchmark_mask,mean_expression_delta,inflammatory_NFkB,linear-PCA,floor,4,4,4,B;Mono;NK;T_cells,0,False,,,,0.10421075209158834,0.065817272508152141,"{""numerically_constant_predicted_profile"": 4}",common observed-defined units; identical for every candidate
T5c,full_census_strata,benchmark_mask,mean_expression_delta,inflammatory_NFkB,scFoundation,adapted,4,4,4,B;Mono;NK;T_cells,4,True,0.41006830545050621,-0.074820763624221701,0.60185815882696869,0.093693100524266382,0.062158887638659011,"{""estimable"": 4}",common observed-defined units; identical for every candidate
T5c,full_census_strata,benchmark_mask,mean_expression_delta,inflammatory_NFkB,scGPT,adapted,4,4,4,B;Mono;NK;T_cells,4,True,0.54671108043605154,0.31411511071415699,0.67674551718204479,0.096224422747621038,0.067506154030191265,"{""estimable"": 4}",common observed-defined units; identical for every candidate
T5c,full_census_strata,benchmark_mask,mean_expression_delta,inflammatory_NFkB,scGen,native,4,4,4,B;Mono;NK;T_cells,3,False,,,,,,"{""estimable"": 3, ""explicit_declined_strata_on_full_support"": 1}",common observed-defined units; identical for every candidate
T5c,full_census_strata,benchmark_mask,mean_expression_delta,inflammatory_NFkB,scPRAM,native,4,4,4,B;Mono;NK;T_cells,4,True,0.34264979116100852,0.13376906558563595,0.59962324139857837,0.2102330750646613,0.17061725016742169,"{""estimable"": 4}",common observed-defined units; identical for every candidate
T5c,full_census_strata,benchmark_mask,mean_expression_delta,type_I_IFN,CPA,native,4,4,4,B;Mono;NK;T_cells,4,True,0.15506161679008082,0.067896912834341239,0.23257509842393345,0.2924810159750581,0.23704123813362399,"{""estimable"": 4}",common observed-defined units; identical for every candidate
T5c,full_census_strata,benchmark_mask,mean_expression_delta,type_I_IFN,CellFlow,native,4,4,4,B;Mono;NK;T_cells,4,True,0.78290494585368364,0.65995181633183064,0.8731718183529672,0.25413899139175733,0.21890087745643827,"{""estimable"": 4}",common observed-defined units; identical for every candidate
T5c,full_census_strata,benchmark_mask,mean_expression_delta,type_I_IFN,CellOT,native,4,4,4,B;Mono;NK;T_cells,3,False,,,,,,"{""estimable"": 3, ""explicit_declined_strata_on_full_support"": 1}",common observed-defined units; identical for every candidate
T5c,full_census_strata,benchmark_mask,mean_expression_delta,type_I_IFN,FP-ridge,diagnostic,4,4,4,B;Mono;NK;T_cells,4,True,0.88059496921300606,0.76805562667883776,0.9336410493676337,0.13931160321776448,0.10851057702178044,"{""estimable"": 4}",common observed-defined units; identical for every candidate
T5c,full_census_strata,benchmark_mask,mean_expression_delta,type_I_IFN,PRnet,native,4,4,4,B;Mono;NK;T_cells,4,True,0.79580791440837517,0.69683623406467798,0.86899375956430769,0.27104235403990773,0.23552289972757351,"{""estimable"": 4}",common observed-defined units; identical for every candidate
T5c,full_census_strata,benchmark_mask,mean_expression_delta,type_I_IFN,PerturbNet,native,4,4,4,B;Mono;NK;T_cells,0,False,,,,,,"{""explicit_declined_strata_on_full_support"": 4}",common observed-defined units; identical for every candidate
T5c,full_census_strata,benchmark_mask,mean_expression_delta,type_I_IFN,STATE,native,4,4,4,B;Mono;NK;T_cells,4,True,0.21177878510951165,0.10224284562645997,0.37735160742175139,0.30664791817617876,0.25013585605689936,"{""estimable"": 4}",common observed-defined units; identical for every candidate
T5c,full_census_strata,benchmark_mask,mean_expression_delta,type_I_IFN,cell-mean,floor,4,4,4,B;Mono;NK;T_cells,0,False,,,,0.28199569274942177,0.23144625730761154,"{""numerically_constant_predicted_profile"": 4}",common observed-defined units; identical for every candidate
T5c,full_census_strata,benchmark_mask,mean_expression_delta,type_I_IFN,linear-PCA,floor,4,4,4,B;Mono;NK;T_cells,0,False,,,,0.25412535677372522,0.19986113618676432,"{""numerically_constant_predicted_profile"": 4}",common observed-defined units; identical for every candidate
T5c,full_census_strata,benchmark_mask,mean_expression_delta,type_I_IFN,scFoundation,adapted,4,4,4,B;Mono;NK;T_cells,4,True,0.67517133311792421,0.16178892706375586,0.9217529243222663,0.18652950975923005,0.14743288311944938,"{""estimable"": 4}",common observed-defined units; identical for every candidate
T5c,full_census_strata,benchmark_mask,mean_expression_delta,type_I_IFN,scGPT,adapted,4,4,4,B;Mono;NK;T_cells,4,True,0.90424512755994402,0.81102889487618157,0.94116466019067202,0.136754312806732,0.10827718102749882,"{""estimable"": 4}",common observed-defined units; identical for every candidate
T5c,full_census_strata,benchmark_mask,mean_expression_delta,type_I_IFN,scGen,native,4,4,4,B;Mono;NK;T_cells,3,False,,,,,,"{""estimable"": 3, ""explicit_declined_strata_on_full_support"": 1}",common observed-defined units; identical for every candidate
T5c,full_census_strata,benchmark_mask,mean_expression_delta,type_I_IFN,scPRAM,native,4,4,4,B;Mono;NK;T_cells,4,True,0.72812162431564509,0.59139254460819168,0.8077200700839885,0.24004350043752282,0.19825234641657766,"{""estimable"": 4}",common observed-defined units; identical for every candidate
T5c,full_census_strata,benchmark_mask,rank_top5_mean_profile,effector_lymphocyte,CPA,native,4,4,2,Mono;NK,1,False,,,,0.19766977036369282,0.19152277332596482,"{""constant_predicted_score"": 1, ""estimable"": 1}",common observed-defined units; identical for every candidate
T5c,full_census_strata,benchmark_mask,rank_top5_mean_profile,effector_lymphocyte,CellFlow,native,4,4,2,Mono;NK,1,False,,,,0.14753512782316108,0.14144218016026525,"{""constant_predicted_score"": 1, ""estimable"": 1}",common observed-defined units; identical for every candidate
T5c,full_census_strata,benchmark_mask,rank_top5_mean_profile,effector_lymphocyte,CellOT,native,4,4,2,Mono;NK,1,False,,,,0.06563914430000066,0.049005042829510924,"{""constant_predicted_score"": 1, ""estimable"": 1}",common observed-defined units; identical for every candidate
T5c,full_census_strata,benchmark_mask,rank_top5_mean_profile,effector_lymphocyte,FP-ridge,diagnostic,4,4,2,Mono;NK,1,False,,,,0.038147712612915226,0.017744565717969979,"{""constant_predicted_score"": 1, ""estimable"": 1}",common observed-defined units; identical for every candidate
T5c,full_census_strata,benchmark_mask,rank_top5_mean_profile,effector_lymphocyte,PRnet,native,4,4,2,Mono;NK,1,False,,,,0.37034811903393033,0.36461635350465138,"{""constant_predicted_score"": 1, ""estimable"": 1}",common observed-defined units; identical for every candidate
T5c,full_census_strata,benchmark_mask,rank_top5_mean_profile,effector_lymphocyte,PerturbNet,native,4,4,2,Mono;NK,0,False,,,,,,"{""explicit_declined_strata_on_full_support"": 2}",common observed-defined units; identical for every candidate
T5c,full_census_strata,benchmark_mask,rank_top5_mean_profile,effector_lymphocyte,STATE,native,4,4,2,Mono;NK,0,False,,,,0.35375116928557993,0.34887609376439166,"{""constant_predicted_score"": 2}",common observed-defined units; identical for every candidate
T5c,full_census_strata,benchmark_mask,rank_top5_mean_profile,effector_lymphocyte,cell-mean,floor,4,4,2,Mono;NK,0,False,,,,0.35375116928557993,0.34887609376439166,"{""constant_predicted_score"": 2}",common observed-defined units; identical for every candidate
T5c,full_census_strata,benchmark_mask,rank_top5_mean_profile,effector_lymphocyte,linear-PCA,floor,4,4,2,Mono;NK,0,False,,,,0.038828462900954291,0.017535023487151146,"{""constant_predicted_score"": 2}",common observed-defined units; identical for every candidate
T5c,full_census_strata,benchmark_mask,rank_top5_mean_profile,effector_lymphocyte,scFoundation,adapted,4,4,2,Mono;NK,1,False,,,,0.035274245076155689,0.017067583126093768,"{""constant_predicted_score"": 1, ""estimable"": 1}",common observed-defined units; identical for every candidate
T5c,full_census_strata,benchmark_mask,rank_top5_mean_profile,effector_lymphocyte,scGPT,adapted,4,4,2,Mono;NK,1,False,,,,0.033406361907965018,0.019230703693469652,"{""constant_predicted_score"": 1, ""estimable"": 1}",common observed-defined units; identical for every candidate
T5c,full_census_strata,benchmark_mask,rank_top5_mean_profile,effector_lymphocyte,scGen,native,4,4,2,Mono;NK,1,False,,,,0.085206290638055709,0.07502696417058119,"{""constant_predicted_score"": 1, ""estimable"": 1}",common observed-defined units; identical for every candidate
T5c,full_census_strata,benchmark_mask,rank_top5_mean_profile,effector_lymphocyte,scPRAM,native,4,4,2,Mono;NK,2,True,0.23381384160364177,-0.03447466882084247,0.50210235202812603,0.10978593890692875,0.078499815787049843,"{""estimable"": 2}",common observed-defined units; identical for every candidate
T5c,full_census_strata,benchmark_mask,rank_top5_mean_profile,inflammatory_NFkB,CPA,native,4,4,3,B;Mono;NK,0,False,,,,0.022295663559096946,0.0058487238867178069,"{""constant_predicted_score"": 3}",common observed-defined units; identical for every candidate
T5c,full_census_strata,benchmark_mask,rank_top5_mean_profile,inflammatory_NFkB,CellFlow,native,4,4,3,B;Mono;NK,0,False,,,,0.022295663559096946,0.0058487238867178069,"{""constant_predicted_score"": 3}",common observed-defined units; identical for every candidate
T5c,full_census_strata,benchmark_mask,rank_top5_mean_profile,inflammatory_NFkB,CellOT,native,4,4,3,B;Mono;NK,2,False,,,,0.019929744242162456,0.0058296183721715652,"{""constant_predicted_score"": 1, ""estimable"": 2}",common observed-defined units; identical for every candidate
T5c,full_census_strata,benchmark_mask,rank_top5_mean_profile,inflammatory_NFkB,FP-ridge,diagnostic,4,4,3,B;Mono;NK,2,False,,,,0.020115006526954044,0.0057048294495102994,"{""constant_predicted_score"": 1, ""estimable"": 2}",common observed-defined units; identical for every candidate
T5c,full_census_strata,benchmark_mask,rank_top5_mean_profile,inflammatory_NFkB,PRnet,native,4,4,3,B;Mono;NK,0,False,,,,0.022295663559096946,0.0058487238867178069,"{""constant_predicted_score"": 3}",common observed-defined units; identical for every candidate
T5c,full_census_strata,benchmark_mask,rank_top5_mean_profile,inflammatory_NFkB,PerturbNet,native,4,4,3,B;Mono;NK,0,False,,,,,,"{""explicit_declined_strata_on_full_support"": 3}",common observed-defined units; identical for every candidate
T5c,full_census_strata,benchmark_mask,rank_top5_mean_profile,inflammatory_NFkB,STATE,native,4,4,3,B;Mono;NK,0,False,,,,0.022295663559096946,0.0058487238867178069,"{""constant_predicted_score"": 3}",common observed-defined units; identical for every candidate
T5c,full_census_strata,benchmark_mask,rank_top5_mean_profile,inflammatory_NFkB,cell-mean,floor,4,4,3,B;Mono;NK,0,False,,,,0.022295663559096946,0.0058487238867178069,"{""constant_predicted_score"": 3}",common observed-defined units; identical for every candidate
T5c,full_census_strata,benchmark_mask,rank_top5_mean_profile,inflammatory_NFkB,linear-PCA,floor,4,4,3,B;Mono;NK,0,False,,,,0.022295663559096946,0.0058487238867178069,"{""constant_predicted_score"": 3}",common observed-defined units; identical for every candidate
T5c,full_census_strata,benchmark_mask,rank_top5_mean_profile,inflammatory_NFkB,scFoundation,adapted,4,4,3,B;Mono;NK,1,False,,,,0.020718670116434731,0.0058351184445409364,"{""constant_predicted_score"": 2, ""estimable"": 1}",common observed-defined units; identical for every candidate
T5c,full_census_strata,benchmark_mask,rank_top5_mean_profile,inflammatory_NFkB,scGPT,adapted,4,4,3,B;Mono;NK,3,True,0.23037512086375911,-0.012398255237970141,0.53160855537808727,0.020370165017433901,0.0065293819655521798,"{""estimable"": 3}",common observed-defined units; identical for every candidate
T5c,full_census_strata,benchmark_mask,rank_top5_mean_profile,inflammatory_NFkB,scGen,native,4,4,3,B;Mono;NK,1,False,,,,0.022535108821909192,0.0059567954841511063,"{""constant_predicted_score"": 2, ""estimable"": 1}",common observed-defined units; identical for every candidate
T5c,full_census_strata,benchmark_mask,rank_top5_mean_profile,inflammatory_NFkB,scPRAM,native,4,4,3,B;Mono;NK,3,True,0.2047033671240778,-0.012874314744314193,0.60721524817345429,0.022152679550248505,0.0064051478747527389,"{""estimable"": 3}",common observed-defined units; identical for every candidate
T5c,full_census_strata,benchmark_mask,rank_top5_mean_profile,type_I_IFN,CPA,native,4,4,4,B;Mono;NK;T_cells,2,False,,,,0.047096629384101182,0.032342521529888542,"{""constant_predicted_score"": 2, ""estimable"": 2}",common observed-defined units; identical for every candidate
T5c,full_census_strata,benchmark_mask,rank_top5_mean_profile,type_I_IFN,CellFlow,native,4,4,4,B;Mono;NK;T_cells,4,True,0.6505917239894905,0.50959915079160445,0.74965668683102948,0.037137095880249604,0.024808232016210741,"{""estimable"": 4}",common observed-defined units; identical for every candidate
T5c,full_census_strata,benchmark_mask,rank_top5_mean_profile,type_I_IFN,CellOT,native,4,4,4,B;Mono;NK;T_cells,3,False,,,,,,"{""estimable"": 3, ""explicit_declined_strata_on_full_support"": 1}",common observed-defined units; identical for every candidate
T5c,full_census_strata,benchmark_mask,rank_top5_mean_profile,type_I_IFN,FP-ridge,diagnostic,4,4,4,B;Mono;NK;T_cells,4,True,0.80992828821695184,0.64956848355271735,0.89660715400891644,0.025030392711961724,0.013782877406281662,"{""estimable"": 4}",common observed-defined units; identical for every candidate
T5c,full_census_strata,benchmark_mask,rank_top5_mean_profile,type_I_IFN,PRnet,native,4,4,4,B;Mono;NK;T_cells,4,True,0.51059457297921385,0.37724291880266392,0.6538937651583836,0.065733477369226634,0.041285321681864232,"{""estimable"": 4}",common observed-defined units; identical for every candidate
T5c,full_census_strata,benchmark_mask,rank_top5_mean_profile,type_I_IFN,PerturbNet,native,4,4,4,B;Mono;NK;T_cells,0,False,,,,,,"{""explicit_declined_strata_on_full_support"": 4}",common observed-defined units; identical for every candidate
T5c,full_census_strata,benchmark_mask,rank_top5_mean_profile,type_I_IFN,STATE,native,4,4,4,B;Mono;NK;T_cells,3,False,,,,0.051671892495613783,0.040122023809523809,"{""constant_predicted_score"": 1, ""estimable"": 3}",common observed-defined units; identical for every candidate
T5c,full_census_strata,benchmark_mask,rank_top5_mean_profile,type_I_IFN,cell-mean,floor,4,4,4,B;Mono;NK;T_cells,0,False,,,,0.044916399572846363,0.028699670719351564,"{""constant_predicted_score"": 4}",common observed-defined units; identical for every candidate
T5c,full_census_strata,benchmark_mask,rank_top5_mean_profile,type_I_IFN,linear-PCA,floor,4,4,4,B;Mono;NK;T_cells,0,False,,,,0.037812811183440931,0.020034295845997977,"{""constant_predicted_score"": 4}",common observed-defined units; identical for every candidate
T5c,full_census_strata,benchmark_mask,rank_top5_mean_profile,type_I_IFN,scFoundation,adapted,4,4,4,B;Mono;NK;T_cells,4,True,0.57204051655545485,0.20661607150277844,0.83739255870183238,0.032557534383200491,0.016914292046605876,"{""estimable"": 4}",common observed-defined units; identical for every candidate
T5c,full_census_strata,benchmark_mask,rank_top5_mean_profile,type_I_IFN,scGPT,adapted,4,4,4,B;Mono;NK;T_cells,4,True,0.82923111828128127,0.62525073342376847,0.93071506169999174,0.026249350420767235,0.015038278875379941,"{""estimable"": 4}",common observed-defined units; identical for every candidate
T5c,full_census_strata,benchmark_mask,rank_top5_mean_profile,type_I_IFN,scGen,native,4,4,4,B;Mono;NK;T_cells,3,False,,,,,,"{""estimable"": 3, ""explicit_declined_strata_on_full_support"": 1}",common observed-defined units; identical for every candidate
T5c,full_census_strata,benchmark_mask,rank_top5_mean_profile,type_I_IFN,scPRAM,native,4,4,4,B;Mono;NK;T_cells,4,True,0.53092800322825107,0.27614175605888047,0.6895974015209132,0.055912382213013145,0.033460758611955424,"{""estimable"": 4}",common observed-defined units; identical for every candidate
T5c,shared_supported_strata,all_measured_original_members,mean_expression_delta,effector_lymphocyte,CPA,native,4,4,4,B;Mono;NK;T_cells,4,True,0.06494906843469983,-0.049411686270331025,0.2293619966285847,0.48566672981562931,0.47994826721427342,"{""estimable"": 4}",common observed-defined units; identical for every candidate
T5c,shared_supported_strata,all_measured_original_members,mean_expression_delta,effector_lymphocyte,CellFlow,native,4,4,4,B;Mono;NK;T_cells,4,True,0.26845266028092679,0.078747574225665445,0.4072820451534151,0.47670535807649317,0.4704976574653828,"{""estimable"": 4}",common observed-defined units; identical for every candidate
T5c,shared_supported_strata,all_measured_original_members,mean_expression_delta,effector_lymphocyte,CellOT,native,4,4,4,B;Mono;NK;T_cells,4,True,0.26638596773419426,-0.020245138148650779,0.60929398717172778,0.27117820118651731,0.23484770270264166,"{""estimable"": 4}",common observed-defined units; identical for every candidate
T5c,shared_supported_strata,all_measured_original_members,mean_expression_delta,effector_lymphocyte,FP-ridge,diagnostic,4,4,4,B;Mono;NK;T_cells,4,True,0.15544610906756956,-0.1813608828516802,0.46612231128968051,0.11839863862260369,0.076075244065050396,"{""estimable"": 4}",common observed-defined units; identical for every candidate
T5c,shared_supported_strata,all_measured_original_members,mean_expression_delta,effector_lymphocyte,PRnet,native,4,4,4,B;Mono;NK;T_cells,4,True,0.40829785781501093,0.23388272566702695,0.70858842566115576,0.75480993651720063,0.74992235437501209,"{""estimable"": 4}",common observed-defined units; identical for every candidate
T5c,shared_supported_strata,all_measured_original_members,mean_expression_delta,effector_lymphocyte,PerturbNet,native,4,4,4,B;Mono;NK;T_cells,4,True,0.17133637843883498,-0.32634447679972162,0.51857715340976063,0.34519467538824361,0.30483748831517676,"{""estimable"": 4}",common observed-defined units; identical for every candidate
T5c,shared_supported_strata,all_measured_original_members,mean_expression_delta,effector_lymphocyte,STATE,native,4,4,4,B;Mono;NK;T_cells,4,True,-0.067234298643898432,-0.30989347545486079,0.12629457446893463,0.79015581627898501,0.78488520319903154,"{""estimable"": 4}",common observed-defined units; identical for every candidate
T5c,shared_supported_strata,all_measured_original_members,mean_expression_delta,effector_lymphocyte,cell-mean,floor,4,4,4,B;Mono;NK;T_cells,0,False,,,,0.87277625328375108,0.86802444772621379,"{""numerically_constant_predicted_profile"": 4}",common observed-defined units; identical for every candidate
T5c,shared_supported_strata,all_measured_original_members,mean_expression_delta,effector_lymphocyte,linear-PCA,floor,4,4,4,B;Mono;NK;T_cells,0,False,,,,0.0898317882049324,0.065695216747357121,"{""numerically_constant_predicted_profile"": 4}",common observed-defined units; identical for every candidate
T5c,shared_supported_strata,all_measured_original_members,mean_expression_delta,effector_lymphocyte,scFoundation,adapted,4,4,4,B;Mono;NK;T_cells,4,True,0.25354397701697834,-0.31497059957759538,0.73736383287501717,0.079999721465692439,0.048147520887421767,"{""estimable"": 4}",common observed-defined units; identical for every candidate
T5c,shared_supported_strata,all_measured_original_members,mean_expression_delta,effector_lymphocyte,scGPT,adapted,4,4,4,B;Mono;NK;T_cells,4,True,0.34001875419990257,0.0094927020368594864,0.67464541439334225,0.07994080672350426,0.054650516850165039,"{""estimable"": 4}",common observed-defined units; identical for every candidate
T5c,shared_supported_strata,all_measured_original_members,mean_expression_delta,effector_lymphocyte,scGen,native,4,4,4,B;Mono;NK;T_cells,4,True,0.076772000416904101,-0.092131436069160216,0.36034044854602232,0.31885167719930185,0.30177668903587584,"{""estimable"": 4}",common observed-defined units; identical for every candidate
T5c,shared_supported_strata,all_measured_original_members,mean_expression_delta,effector_lymphocyte,scPRAM,native,4,4,4,B;Mono;NK;T_cells,4,True,0.22767139498750838,0.015953124463786654,0.50356014650342806,0.38662412008120578,0.31653461669501426,"{""estimable"": 4}",common observed-defined units; identical for every candidate
T5c,shared_supported_strata,all_measured_original_members,mean_expression_delta,inflammatory_NFkB,CPA,native,4,4,4,B;Mono;NK;T_cells,4,True,0.051742469176500903,-0.015591832844005331,0.13645695780002018,0.15808254997997792,0.13017170154745961,"{""estimable"": 4}",common observed-defined units; identical for every candidate
T5c,shared_supported_strata,all_measured_original_members,mean_expression_delta,inflammatory_NFkB,CellFlow,native,4,4,4,B;Mono;NK;T_cells,4,True,0.31831997738628615,-0.16336099561390491,0.52666057630968777,0.16833792246307927,0.14223541735957082,"{""estimable"": 4}",common observed-defined units; identical for every candidate
T5c,shared_supported_strata,all_measured_original_members,mean_expression_delta,inflammatory_NFkB,CellOT,native,4,4,4,B;Mono;NK;T_cells,4,True,0.51713732047612582,0.14322012313165672,0.72012708256399283,0.16450853278184335,0.13811327437184656,"{""estimable"": 4}",common observed-defined units; identical for every candidate
T5c,shared_supported_strata,all_measured_original_members,mean_expression_delta,inflammatory_NFkB,FP-ridge,diagnostic,4,4,4,B;Mono;NK;T_cells,4,True,0.53181114999021062,0.14379453921510882,0.67536724052199926,0.098578743790624423,0.064757446955686609,"{""estimable"": 4}",common observed-defined units; identical for every candidate
T5c,shared_supported_strata,all_measured_original_members,mean_expression_delta,inflammatory_NFkB,PRnet,native,4,4,4,B;Mono;NK;T_cells,4,True,0.41270911440186625,0.10433422903917207,0.5427459916102898,0.3028402853029416,0.28221037021248169,"{""estimable"": 4}",common observed-defined units; identical for every candidate
T5c,shared_supported_strata,all_measured_original_members,mean_expression_delta,inflammatory_NFkB,PerturbNet,native,4,4,4,B;Mono;NK;T_cells,4,True,0.33549262537374513,-0.048237317832713678,0.67028984652629331,0.12448647223559389,0.092073904352396346,"{""estimable"": 4}",common observed-defined units; identical for every candidate
T5c,shared_supported_strata,all_measured_original_members,mean_expression_delta,inflammatory_NFkB,STATE,native,4,4,4,B;Mono;NK;T_cells,4,True,0.082947441000470801,-0.05200427572382034,0.35635792984970405,0.25403264204096321,0.2248981648085101,"{""estimable"": 4}",common observed-defined units; identical for every candidate
T5c,shared_supported_strata,all_measured_original_members,mean_expression_delta,inflammatory_NFkB,cell-mean,floor,4,4,4,B;Mono;NK;T_cells,0,False,,,,0.36209153652225828,0.35179723632005611,"{""numerically_constant_predicted_profile"": 4}",common observed-defined units; identical for every candidate
T5c,shared_supported_strata,all_measured_original_members,mean_expression_delta,inflammatory_NFkB,linear-PCA,floor,4,4,4,B;Mono;NK;T_cells,0,False,,,,0.10364421884768013,0.065269637519191237,"{""numerically_constant_predicted_profile"": 4}",common observed-defined units; identical for every candidate
T5c,shared_supported_strata,all_measured_original_members,mean_expression_delta,inflammatory_NFkB,scFoundation,adapted,4,4,4,B;Mono;NK;T_cells,4,True,0.41310531070764622,-0.079199672038040611,0.62012297442808917,0.093003911640502049,0.061699304113129176,"{""estimable"": 4}",common observed-defined units; identical for every candidate
T5c,shared_supported_strata,all_measured_original_members,mean_expression_delta,inflammatory_NFkB,scGPT,adapted,4,4,4,B;Mono;NK;T_cells,4,True,0.55056289355539001,0.3121421012776216,0.69589148670971757,0.09589378631089307,0.067242078700158997,"{""estimable"": 4}",common observed-defined units; identical for every candidate
T5c,shared_supported_strata,all_measured_original_members,mean_expression_delta,inflammatory_NFkB,scGen,native,4,4,4,B;Mono;NK;T_cells,4,True,0.61564097375252103,0.38704561016015732,0.77367526985793766,0.12811928187580812,0.1032096626494487,"{""estimable"": 4}",common observed-defined units; identical for every candidate
T5c,shared_supported_strata,all_measured_original_members,mean_expression_delta,inflammatory_NFkB,scPRAM,native,4,4,4,B;Mono;NK;T_cells,4,True,0.34428198931913906,0.12568551120505184,0.59747728289376756,0.21016529526195532,0.17085237558064892,"{""estimable"": 4}",common observed-defined units; identical for every candidate
T5c,shared_supported_strata,all_measured_original_members,mean_expression_delta,type_I_IFN,CPA,native,4,4,4,B;Mono;NK;T_cells,4,True,0.15296643182305003,0.062710117166726739,0.22916003584823241,0.29259644877688223,0.23713862331043117,"{""estimable"": 4}",common observed-defined units; identical for every candidate
T5c,shared_supported_strata,all_measured_original_members,mean_expression_delta,type_I_IFN,CellFlow,native,4,4,4,B;Mono;NK;T_cells,4,True,0.78415943944069255,0.65913823600654076,0.87383078180039198,0.25377430091402164,0.21842207725178897,"{""estimable"": 4}",common observed-defined units; identical for every candidate
T5c,shared_supported_strata,all_measured_original_members,mean_expression_delta,type_I_IFN,CellOT,native,4,4,4,B;Mono;NK;T_cells,4,True,0.85059737221515708,0.69400341998426329,0.91909962913625698,0.19142480108630394,0.14915714104028832,"{""estimable"": 4}",common observed-defined units; identical for every candidate
T5c,shared_supported_strata,all_measured_original_members,mean_expression_delta,type_I_IFN,FP-ridge,diagnostic,4,4,4,B;Mono;NK;T_cells,4,True,0.88045417147149152,0.76804030417334268,0.93290947354486442,0.1393285775283275,0.10856635301214711,"{""estimable"": 4}",common observed-defined units; identical for every candidate
T5c,shared_supported_strata,all_measured_original_members,mean_expression_delta,type_I_IFN,PRnet,native,4,4,4,B;Mono;NK;T_cells,4,True,0.80255460663418843,0.69613735859029158,0.86850873820738517,0.27056404801594192,0.23536745968182576,"{""estimable"": 4}",common observed-defined units; identical for every candidate
T5c,shared_supported_strata,all_measured_original_members,mean_expression_delta,type_I_IFN,PerturbNet,native,4,4,4,B;Mono;NK;T_cells,4,True,0.81282027021434855,0.53997146428472065,0.93262360153612844,0.15612173492339293,0.11942703149260116,"{""estimable"": 4}",common observed-defined units; identical for every candidate
T5c,shared_supported_strata,all_measured_original_members,mean_expression_delta,type_I_IFN,STATE,native,4,4,4,B;Mono;NK;T_cells,4,True,0.2166570165279853,0.099043223882292336,0.37444479862333979,0.30634839864127317,0.24993975217395087,"{""estimable"": 4}",common observed-defined units; identical for every candidate
T5c,shared_supported_strata,all_measured_original_members,mean_expression_delta,type_I_IFN,cell-mean,floor,4,4,4,B;Mono;NK;T_cells,0,False,,,,0.28173837674899693,0.23128773032189937,"{""numerically_constant_predicted_profile"": 4}",common observed-defined units; identical for every candidate
T5c,shared_supported_strata,all_measured_original_members,mean_expression_delta,type_I_IFN,linear-PCA,floor,4,4,4,B;Mono;NK;T_cells,0,False,,,,0.25423227843757423,0.20010978895852896,"{""numerically_constant_predicted_profile"": 4}",common observed-defined units; identical for every candidate
T5c,shared_supported_strata,all_measured_original_members,mean_expression_delta,type_I_IFN,scFoundation,adapted,4,4,4,B;Mono;NK;T_cells,4,True,0.67586339478454283,0.16142403017197482,0.92467158701115937,0.1860955963950921,0.14712432339042572,"{""estimable"": 4}",common observed-defined units; identical for every candidate
T5c,shared_supported_strata,all_measured_original_members,mean_expression_delta,type_I_IFN,scGPT,adapted,4,4,4,B;Mono;NK;T_cells,4,True,0.90606817915326232,0.81088392602604209,0.94146774439743874,0.13566497384470322,0.10776342972097985,"{""estimable"": 4}",common observed-defined units; identical for every candidate
T5c,shared_supported_strata,all_measured_original_members,mean_expression_delta,type_I_IFN,scGen,native,4,4,4,B;Mono;NK;T_cells,4,True,0.88155472300694204,0.76484923017043671,0.92823182905023127,0.15105957273107279,0.12270205822246504,"{""estimable"": 4}",common observed-defined units; identical for every candidate
T5c,shared_supported_strata,all_measured_original_members,mean_expression_delta,type_I_IFN,scPRAM,native,4,4,4,B;Mono;NK;T_cells,4,True,0.72739727533602794,0.59240148838655871,0.80417298209077082,0.24052669122389764,0.19860675675829181,"{""estimable"": 4}",common observed-defined units; identical for every candidate
T5c,shared_supported_strata,all_measured_original_members,rank_top5_mean_profile,effector_lymphocyte,CPA,native,4,4,2,Mono;NK,1,False,,,,0.19755581996034546,0.1913843314958423,"{""constant_predicted_score"": 1, ""estimable"": 1}",common observed-defined units; identical for every candidate
T5c,shared_supported_strata,all_measured_original_members,rank_top5_mean_profile,effector_lymphocyte,CellFlow,native,4,4,2,Mono;NK,1,False,,,,0.1472438248772493,0.14115705876856954,"{""constant_predicted_score"": 1, ""estimable"": 1}",common observed-defined units; identical for every candidate
T5c,shared_supported_strata,all_measured_original_members,rank_top5_mean_profile,effector_lymphocyte,CellOT,native,4,4,2,Mono;NK,1,False,,,,0.065652520672988629,0.048913552275063076,"{""constant_predicted_score"": 1, ""estimable"": 1}",common observed-defined units; identical for every candidate
T5c,shared_supported_strata,all_measured_original_members,rank_top5_mean_profile,effector_lymphocyte,FP-ridge,diagnostic,4,4,2,Mono;NK,1,False,,,,0.038249426536267964,0.017741474352985145,"{""constant_predicted_score"": 1, ""estimable"": 1}",common observed-defined units; identical for every candidate
T5c,shared_supported_strata,all_measured_original_members,rank_top5_mean_profile,effector_lymphocyte,PRnet,native,4,4,2,Mono;NK,1,False,,,,0.37027698461164849,0.36458198635896477,"{""constant_predicted_score"": 1, ""estimable"": 1}",common observed-defined units; identical for every candidate
T5c,shared_supported_strata,all_measured_original_members,rank_top5_mean_profile,effector_lymphocyte,PerturbNet,native,4,4,2,Mono;NK,1,False,,,,0.10017364169727275,0.083640825002335772,"{""constant_predicted_score"": 1, ""estimable"": 1}",common observed-defined units; identical for every candidate
T5c,shared_supported_strata,all_measured_original_members,rank_top5_mean_profile,effector_lymphocyte,STATE,native,4,4,2,Mono;NK,0,False,,,,0.35362044059705605,0.34872848733999812,"{""constant_predicted_score"": 2}",common observed-defined units; identical for every candidate
T5c,shared_supported_strata,all_measured_original_members,rank_top5_mean_profile,effector_lymphocyte,cell-mean,floor,4,4,2,Mono;NK,0,False,,,,0.35362044059705605,0.34872848733999812,"{""constant_predicted_score"": 2}",common observed-defined units; identical for every candidate
T5c,shared_supported_strata,all_measured_original_members,rank_top5_mean_profile,effector_lymphocyte,linear-PCA,floor,4,4,2,Mono;NK,0,False,,,,0.038955846224685661,0.017585630197140985,"{""constant_predicted_score"": 2}",common observed-defined units; identical for every candidate
T5c,shared_supported_strata,all_measured_original_members,rank_top5_mean_profile,effector_lymphocyte,scFoundation,adapted,4,4,2,Mono;NK,1,False,,,,0.035326479187106435,0.017007708119218912,"{""constant_predicted_score"": 1, ""estimable"": 1}",common observed-defined units; identical for every candidate
T5c,shared_supported_strata,all_measured_original_members,rank_top5_mean_profile,effector_lymphocyte,scGPT,adapted,4,4,2,Mono;NK,1,False,,,,0.033413416862900523,0.019150565262076053,"{""constant_predicted_score"": 1, ""estimable"": 1}",common observed-defined units; identical for every candidate
T5c,shared_supported_strata,all_measured_original_members,rank_top5_mean_profile,effector_lymphocyte,scGen,native,4,4,2,Mono;NK,1,False,,,,0.084596088895411842,0.074533682145192931,"{""constant_predicted_score"": 1, ""estimable"": 1}",common observed-defined units; identical for every candidate
T5c,shared_supported_strata,all_measured_original_members,rank_top5_mean_profile,effector_lymphocyte,scPRAM,native,4,4,2,Mono;NK,2,True,0.24184516820334739,-0.034731676321090851,0.51842201272778565,0.10820823954240653,0.077443847519387085,"{""estimable"": 2}",common observed-defined units; identical for every candidate
T5c,shared_supported_strata,all_measured_original_members,rank_top5_mean_profile,inflammatory_NFkB,CPA,native,4,4,3,B;Mono;NK,0,False,,,,0.022375515345810518,0.00589074046884941,"{""constant_predicted_score"": 3}",common observed-defined units; identical for every candidate
T5c,shared_supported_strata,all_measured_original_members,rank_top5_mean_profile,inflammatory_NFkB,CellFlow,native,4,4,3,B;Mono;NK,0,False,,,,0.022375515345810518,0.00589074046884941,"{""constant_predicted_score"": 3}",common observed-defined units; identical for every candidate
T5c,shared_supported_strata,all_measured_original_members,rank_top5_mean_profile,inflammatory_NFkB,CellOT,native,4,4,3,B;Mono;NK,2,False,,,,0.020001120462378126,0.0058715068761317482,"{""constant_predicted_score"": 1, ""estimable"": 2}",common observed-defined units; identical for every candidate
T5c,shared_supported_strata,all_measured_original_members,rank_top5_mean_profile,inflammatory_NFkB,FP-ridge,diagnostic,4,4,3,B;Mono;NK,2,False,,,,0.020187020448564259,0.0057458033573141477,"{""constant_predicted_score"": 1, ""estimable"": 2}",common observed-defined units; identical for every candidate
T5c,shared_supported_strata,all_measured_original_members,rank_top5_mean_profile,inflammatory_NFkB,PRnet,native,4,4,3,B;Mono;NK,0,False,,,,0.022375515345810518,0.00589074046884941,"{""constant_predicted_score"": 3}",common observed-defined units; identical for every candidate
T5c,shared_supported_strata,all_measured_original_members,rank_top5_mean_profile,inflammatory_NFkB,PerturbNet,native,4,4,3,B;Mono;NK,0,False,,,,0.022375515345810518,0.00589074046884941,"{""constant_predicted_score"": 3}",common observed-defined units; identical for every candidate
T5c,shared_supported_strata,all_measured_original_members,rank_top5_mean_profile,inflammatory_NFkB,STATE,native,4,4,3,B;Mono;NK,0,False,,,,0.022375515345810518,0.00589074046884941,"{""constant_predicted_score"": 3}",common observed-defined units; identical for every candidate
T5c,shared_supported_strata,all_measured_original_members,rank_top5_mean_profile,inflammatory_NFkB,cell-mean,floor,4,4,3,B;Mono;NK,0,False,,,,0.022375515345810518,0.00589074046884941,"{""constant_predicted_score"": 3}",common observed-defined units; identical for every candidate
T5c,shared_supported_strata,all_measured_original_members,rank_top5_mean_profile,inflammatory_NFkB,linear-PCA,floor,4,4,3,B;Mono;NK,0,False,,,,0.022375515345810518,0.00589074046884941,"{""constant_predicted_score"": 3}",common observed-defined units; identical for every candidate
T5c,shared_supported_strata,all_measured_original_members,rank_top5_mean_profile,inflammatory_NFkB,scFoundation,adapted,4,4,3,B;Mono;NK,1,False,,,,0.020792859430916421,0.0058770371457935698,"{""constant_predicted_score"": 2, ""estimable"": 1}",common observed-defined units; identical for every candidate
T5c,shared_supported_strata,all_measured_original_members,rank_top5_mean_profile,inflammatory_NFkB,scGPT,adapted,4,4,3,B;Mono;NK,3,True,0.2301801984275943,-0.01248809260861003,0.53126380078565194,0.02044308683582587,0.006576273674937602,"{""estimable"": 3}",common observed-defined units; identical for every candidate
T5c,shared_supported_strata,all_measured_original_members,rank_top5_mean_profile,inflammatory_NFkB,scGen,native,4,4,3,B;Mono;NK,1,False,,,,0.022615814248630892,0.0059995840062643758,"{""constant_predicted_score"": 2, ""estimable"": 1}",common observed-defined units; identical for every candidate
T5c,shared_supported_strata,all_measured_original_members,rank_top5_mean_profile,inflammatory_NFkB,scPRAM,native,4,4,3,B;Mono;NK,3,True,0.21177435388133484,-0.012967679648191843,0.60716520192450807,0.022154463429277699,0.0063244017031272937,"{""estimable"": 3}",common observed-defined units; identical for every candidate
T5c,shared_supported_strata,all_measured_original_members,rank_top5_mean_profile,type_I_IFN,CPA,native,4,4,4,B;Mono;NK;T_cells,2,False,,,,0.047142683445638996,0.032317722250770807,"{""constant_predicted_score"": 2, ""estimable"": 2}",common observed-defined units; identical for every candidate
T5c,shared_supported_strata,all_measured_original_members,rank_top5_mean_profile,type_I_IFN,CellFlow,native,4,4,4,B;Mono;NK;T_cells,4,True,0.65057388311449937,0.50868913053164688,0.75094489075865434,0.037175878138637625,0.024792760791366913,"{""estimable"": 4}",common observed-defined units; identical for every candidate
T5c,shared_supported_strata,all_measured_original_members,rank_top5_mean_profile,type_I_IFN,CellOT,native,4,4,4,B;Mono;NK;T_cells,4,True,0.62260144059263944,0.27020266719836389,0.76087677151790489,0.056254678424712802,0.035092593782117161,"{""estimable"": 4}",common observed-defined units; identical for every candidate
T5c,shared_supported_strata,all_measured_original_members,rank_top5_mean_profile,type_I_IFN,FP-ridge,diagnostic,4,4,4,B;Mono;NK;T_cells,4,True,0.81017884438607868,0.64980931844235434,0.89758570892642398,0.025061611083623574,0.013759217625899283,"{""estimable"": 4}",common observed-defined units; identical for every candidate
T5c,shared_supported_strata,all_measured_original_members,rank_top5_mean_profile,type_I_IFN,PRnet,native,4,4,4,B;Mono;NK;T_cells,4,True,0.51416329340070788,0.37664754316219773,0.66514432396404388,0.065366302553974756,0.040887153134635146,"{""estimable"": 4}",common observed-defined units; identical for every candidate
T5c,shared_supported_strata,all_measured_original_members,rank_top5_mean_profile,type_I_IFN,PerturbNet,native,4,4,4,B;Mono;NK;T_cells,4,True,0.54369576302954392,0.26571958739093815,0.73584740228978363,0.038245020403735758,0.025746383607399795,"{""estimable"": 4}",common observed-defined units; identical for every candidate
T5c,shared_supported_strata,all_measured_original_members,rank_top5_mean_profile,type_I_IFN,STATE,native,4,4,4,B;Mono;NK;T_cells,3,False,,,,0.051738700373637023,0.040184468139773888,"{""constant_predicted_score"": 1, ""estimable"": 3}",common observed-defined units; identical for every candidate
T5c,shared_supported_strata,all_measured_original_members,rank_top5_mean_profile,type_I_IFN,cell-mean,floor,4,4,4,B;Mono;NK;T_cells,0,False,,,,0.044948128707499133,0.02864056397738951,"{""constant_predicted_score"": 4}",common observed-defined units; identical for every candidate
T5c,shared_supported_strata,all_measured_original_members,rank_top5_mean_profile,type_I_IFN,linear-PCA,floor,4,4,4,B;Mono;NK;T_cells,0,False,,,,0.037870943226237977,0.019989690390544705,"{""constant_predicted_score"": 4}",common observed-defined units; identical for every candidate
T5c,shared_supported_strata,all_measured_original_members,rank_top5_mean_profile,type_I_IFN,scFoundation,adapted,4,4,4,B;Mono;NK;T_cells,4,True,0.57192894664789229,0.2063652352336395,0.83725286387302889,0.032614467063093393,0.016912236639260024,"{""estimable"": 4}",common observed-defined units; identical for every candidate
T5c,shared_supported_strata,all_measured_original_members,rank_top5_mean_profile,type_I_IFN,scGPT,adapted,4,4,4,B;Mono;NK;T_cells,4,True,0.82980330509972244,0.62593230998020799,0.93167011836575653,0.026278007646464391,0.015047289311408018,"{""estimable"": 4}",common observed-defined units; identical for every candidate
T5c,shared_supported_strata,all_measured_original_members,rank_top5_mean_profile,type_I_IFN,scGen,native,4,4,4,B;Mono;NK;T_cells,4,True,0.71038166769062316,0.54015114035560163,0.80486412237803362,0.04300743537789898,0.031036202466598148,"{""estimable"": 4}",common observed-defined units; identical for every candidate
T5c,shared_supported_strata,all_measured_original_members,rank_top5_mean_profile,type_I_IFN,scPRAM,native,4,4,4,B;Mono;NK;T_cells,4,True,0.53102069487381054,0.27386712166315852,0.69126988913669107,0.056152066435503932,0.033668409558067831,"{""estimable"": 4}",common observed-defined units; identical for every candidate
T5c,shared_supported_strata,benchmark_mask,mean_expression_delta,effector_lymphocyte,CPA,native,4,4,4,B;Mono;NK;T_cells,4,True,0.06494906843469983,-0.049411686270331025,0.2293619966285847,0.48566672981562931,0.47994826721427342,"{""estimable"": 4}",common observed-defined units; identical for every candidate
T5c,shared_supported_strata,benchmark_mask,mean_expression_delta,effector_lymphocyte,CellFlow,native,4,4,4,B;Mono;NK;T_cells,4,True,0.26845266028092679,0.078747574225665445,0.4072820451534151,0.47670535807649317,0.4704976574653828,"{""estimable"": 4}",common observed-defined units; identical for every candidate
T5c,shared_supported_strata,benchmark_mask,mean_expression_delta,effector_lymphocyte,CellOT,native,4,4,4,B;Mono;NK;T_cells,4,True,0.26638596773419426,-0.020245138148650779,0.60929398717172778,0.27117820118651731,0.23484770270264166,"{""estimable"": 4}",common observed-defined units; identical for every candidate
T5c,shared_supported_strata,benchmark_mask,mean_expression_delta,effector_lymphocyte,FP-ridge,diagnostic,4,4,4,B;Mono;NK;T_cells,4,True,0.15544610906756956,-0.1813608828516802,0.46612231128968051,0.11839863862260369,0.076075244065050396,"{""estimable"": 4}",common observed-defined units; identical for every candidate
T5c,shared_supported_strata,benchmark_mask,mean_expression_delta,effector_lymphocyte,PRnet,native,4,4,4,B;Mono;NK;T_cells,4,True,0.40829785781501093,0.23388272566702695,0.70858842566115576,0.75480993651720063,0.74992235437501209,"{""estimable"": 4}",common observed-defined units; identical for every candidate
T5c,shared_supported_strata,benchmark_mask,mean_expression_delta,effector_lymphocyte,PerturbNet,native,4,4,4,B;Mono;NK;T_cells,4,True,0.17133637843883498,-0.32634447679972162,0.51857715340976063,0.34519467538824361,0.30483748831517676,"{""estimable"": 4}",common observed-defined units; identical for every candidate
T5c,shared_supported_strata,benchmark_mask,mean_expression_delta,effector_lymphocyte,STATE,native,4,4,4,B;Mono;NK;T_cells,4,True,-0.067234298643898432,-0.30989347545486079,0.12629457446893463,0.79015581627898501,0.78488520319903154,"{""estimable"": 4}",common observed-defined units; identical for every candidate
T5c,shared_supported_strata,benchmark_mask,mean_expression_delta,effector_lymphocyte,cell-mean,floor,4,4,4,B;Mono;NK;T_cells,0,False,,,,0.87277625328375108,0.86802444772621379,"{""numerically_constant_predicted_profile"": 4}",common observed-defined units; identical for every candidate
T5c,shared_supported_strata,benchmark_mask,mean_expression_delta,effector_lymphocyte,linear-PCA,floor,4,4,4,B;Mono;NK;T_cells,0,False,,,,0.0898317882049324,0.065695216747357121,"{""numerically_constant_predicted_profile"": 4}",common observed-defined units; identical for every candidate
T5c,shared_supported_strata,benchmark_mask,mean_expression_delta,effector_lymphocyte,scFoundation,adapted,4,4,4,B;Mono;NK;T_cells,4,True,0.25354397701697834,-0.31497059957759538,0.73736383287501717,0.079999721465692439,0.048147520887421767,"{""estimable"": 4}",common observed-defined units; identical for every candidate
T5c,shared_supported_strata,benchmark_mask,mean_expression_delta,effector_lymphocyte,scGPT,adapted,4,4,4,B;Mono;NK;T_cells,4,True,0.34001875419990257,0.0094927020368594864,0.67464541439334225,0.07994080672350426,0.054650516850165039,"{""estimable"": 4}",common observed-defined units; identical for every candidate
T5c,shared_supported_strata,benchmark_mask,mean_expression_delta,effector_lymphocyte,scGen,native,4,4,4,B;Mono;NK;T_cells,4,True,0.076772000416904101,-0.092131436069160216,0.36034044854602232,0.31885167719930185,0.30177668903587584,"{""estimable"": 4}",common observed-defined units; identical for every candidate
T5c,shared_supported_strata,benchmark_mask,mean_expression_delta,effector_lymphocyte,scPRAM,native,4,4,4,B;Mono;NK;T_cells,4,True,0.22767139498750838,0.015953124463786654,0.50356014650342806,0.38662412008120578,0.31653461669501426,"{""estimable"": 4}",common observed-defined units; identical for every candidate
T5c,shared_supported_strata,benchmark_mask,mean_expression_delta,inflammatory_NFkB,CPA,native,4,4,4,B;Mono;NK;T_cells,4,True,0.051742469176500903,-0.015591832844005331,0.13645695780002018,0.15808254997997792,0.13017170154745961,"{""estimable"": 4}",common observed-defined units; identical for every candidate
T5c,shared_supported_strata,benchmark_mask,mean_expression_delta,inflammatory_NFkB,CellFlow,native,4,4,4,B;Mono;NK;T_cells,4,True,0.31831997738628615,-0.16336099561390491,0.52666057630968777,0.16833792246307927,0.14223541735957082,"{""estimable"": 4}",common observed-defined units; identical for every candidate
T5c,shared_supported_strata,benchmark_mask,mean_expression_delta,inflammatory_NFkB,CellOT,native,4,4,4,B;Mono;NK;T_cells,4,True,0.51713732047612582,0.14322012313165672,0.72012708256399283,0.16450853278184335,0.13811327437184656,"{""estimable"": 4}",common observed-defined units; identical for every candidate
T5c,shared_supported_strata,benchmark_mask,mean_expression_delta,inflammatory_NFkB,FP-ridge,diagnostic,4,4,4,B;Mono;NK;T_cells,4,True,0.53181114999021062,0.14379453921510882,0.67536724052199926,0.098578743790624423,0.064757446955686609,"{""estimable"": 4}",common observed-defined units; identical for every candidate
T5c,shared_supported_strata,benchmark_mask,mean_expression_delta,inflammatory_NFkB,PRnet,native,4,4,4,B;Mono;NK;T_cells,4,True,0.41270911440186625,0.10433422903917207,0.5427459916102898,0.3028402853029416,0.28221037021248169,"{""estimable"": 4}",common observed-defined units; identical for every candidate
T5c,shared_supported_strata,benchmark_mask,mean_expression_delta,inflammatory_NFkB,PerturbNet,native,4,4,4,B;Mono;NK;T_cells,4,True,0.33549262537374513,-0.048237317832713678,0.67028984652629331,0.12448647223559389,0.092073904352396346,"{""estimable"": 4}",common observed-defined units; identical for every candidate
T5c,shared_supported_strata,benchmark_mask,mean_expression_delta,inflammatory_NFkB,STATE,native,4,4,4,B;Mono;NK;T_cells,4,True,0.082947441000470801,-0.05200427572382034,0.35635792984970405,0.25403264204096321,0.2248981648085101,"{""estimable"": 4}",common observed-defined units; identical for every candidate
T5c,shared_supported_strata,benchmark_mask,mean_expression_delta,inflammatory_NFkB,cell-mean,floor,4,4,4,B;Mono;NK;T_cells,0,False,,,,0.36209153652225828,0.35179723632005611,"{""numerically_constant_predicted_profile"": 4}",common observed-defined units; identical for every candidate
T5c,shared_supported_strata,benchmark_mask,mean_expression_delta,inflammatory_NFkB,linear-PCA,floor,4,4,4,B;Mono;NK;T_cells,0,False,,,,0.10364421884768013,0.065269637519191237,"{""numerically_constant_predicted_profile"": 4}",common observed-defined units; identical for every candidate
T5c,shared_supported_strata,benchmark_mask,mean_expression_delta,inflammatory_NFkB,scFoundation,adapted,4,4,4,B;Mono;NK;T_cells,4,True,0.41310531070764622,-0.079199672038040611,0.62012297442808917,0.093003911640502049,0.061699304113129176,"{""estimable"": 4}",common observed-defined units; identical for every candidate
T5c,shared_supported_strata,benchmark_mask,mean_expression_delta,inflammatory_NFkB,scGPT,adapted,4,4,4,B;Mono;NK;T_cells,4,True,0.55056289355539001,0.3121421012776216,0.69589148670971757,0.09589378631089307,0.067242078700158997,"{""estimable"": 4}",common observed-defined units; identical for every candidate
T5c,shared_supported_strata,benchmark_mask,mean_expression_delta,inflammatory_NFkB,scGen,native,4,4,4,B;Mono;NK;T_cells,4,True,0.61564097375252103,0.38704561016015732,0.77367526985793766,0.12811928187580812,0.1032096626494487,"{""estimable"": 4}",common observed-defined units; identical for every candidate
T5c,shared_supported_strata,benchmark_mask,mean_expression_delta,inflammatory_NFkB,scPRAM,native,4,4,4,B;Mono;NK;T_cells,4,True,0.34428198931913906,0.12568551120505184,0.59747728289376756,0.21016529526195532,0.17085237558064892,"{""estimable"": 4}",common observed-defined units; identical for every candidate
T5c,shared_supported_strata,benchmark_mask,mean_expression_delta,type_I_IFN,CPA,native,4,4,4,B;Mono;NK;T_cells,4,True,0.15296643182305003,0.062710117166726739,0.22916003584823241,0.29259644877688223,0.23713862331043117,"{""estimable"": 4}",common observed-defined units; identical for every candidate
T5c,shared_supported_strata,benchmark_mask,mean_expression_delta,type_I_IFN,CellFlow,native,4,4,4,B;Mono;NK;T_cells,4,True,0.78415943944069255,0.65913823600654076,0.87383078180039198,0.25377430091402164,0.21842207725178897,"{""estimable"": 4}",common observed-defined units; identical for every candidate
T5c,shared_supported_strata,benchmark_mask,mean_expression_delta,type_I_IFN,CellOT,native,4,4,4,B;Mono;NK;T_cells,4,True,0.85059737221515708,0.69400341998426329,0.91909962913625698,0.19142480108630394,0.14915714104028832,"{""estimable"": 4}",common observed-defined units; identical for every candidate
T5c,shared_supported_strata,benchmark_mask,mean_expression_delta,type_I_IFN,FP-ridge,diagnostic,4,4,4,B;Mono;NK;T_cells,4,True,0.88045417147149152,0.76804030417334268,0.93290947354486442,0.1393285775283275,0.10856635301214711,"{""estimable"": 4}",common observed-defined units; identical for every candidate
T5c,shared_supported_strata,benchmark_mask,mean_expression_delta,type_I_IFN,PRnet,native,4,4,4,B;Mono;NK;T_cells,4,True,0.80255460663418843,0.69613735859029158,0.86850873820738517,0.27056404801594192,0.23536745968182576,"{""estimable"": 4}",common observed-defined units; identical for every candidate
T5c,shared_supported_strata,benchmark_mask,mean_expression_delta,type_I_IFN,PerturbNet,native,4,4,4,B;Mono;NK;T_cells,4,True,0.81282027021434855,0.53997146428472065,0.93262360153612844,0.15612173492339293,0.11942703149260116,"{""estimable"": 4}",common observed-defined units; identical for every candidate
T5c,shared_supported_strata,benchmark_mask,mean_expression_delta,type_I_IFN,STATE,native,4,4,4,B;Mono;NK;T_cells,4,True,0.2166570165279853,0.099043223882292336,0.37444479862333979,0.30634839864127317,0.24993975217395087,"{""estimable"": 4}",common observed-defined units; identical for every candidate
T5c,shared_supported_strata,benchmark_mask,mean_expression_delta,type_I_IFN,cell-mean,floor,4,4,4,B;Mono;NK;T_cells,0,False,,,,0.28173837674899693,0.23128773032189937,"{""numerically_constant_predicted_profile"": 4}",common observed-defined units; identical for every candidate
T5c,shared_supported_strata,benchmark_mask,mean_expression_delta,type_I_IFN,linear-PCA,floor,4,4,4,B;Mono;NK;T_cells,0,False,,,,0.25423227843757423,0.20010978895852896,"{""numerically_constant_predicted_profile"": 4}",common observed-defined units; identical for every candidate
T5c,shared_supported_strata,benchmark_mask,mean_expression_delta,type_I_IFN,scFoundation,adapted,4,4,4,B;Mono;NK;T_cells,4,True,0.67586339478454283,0.16142403017197482,0.92467158701115937,0.1860955963950921,0.14712432339042572,"{""estimable"": 4}",common observed-defined units; identical for every candidate
T5c,shared_supported_strata,benchmark_mask,mean_expression_delta,type_I_IFN,scGPT,adapted,4,4,4,B;Mono;NK;T_cells,4,True,0.90606817915326232,0.81088392602604209,0.94146774439743874,0.13566497384470322,0.10776342972097985,"{""estimable"": 4}",common observed-defined units; identical for every candidate
T5c,shared_supported_strata,benchmark_mask,mean_expression_delta,type_I_IFN,scGen,native,4,4,4,B;Mono;NK;T_cells,4,True,0.88155472300694204,0.76484923017043671,0.92823182905023127,0.15105957273107279,0.12270205822246504,"{""estimable"": 4}",common observed-defined units; identical for every candidate
T5c,shared_supported_strata,benchmark_mask,mean_expression_delta,type_I_IFN,scPRAM,native,4,4,4,B;Mono;NK;T_cells,4,True,0.72739727533602794,0.59240148838655871,0.80417298209077082,0.24052669122389764,0.19860675675829181,"{""estimable"": 4}",common observed-defined units; identical for every candidate
T5c,shared_supported_strata,benchmark_mask,rank_top5_mean_profile,effector_lymphocyte,CPA,native,4,4,2,Mono;NK,1,False,,,,0.19755581996034546,0.1913843314958423,"{""constant_predicted_score"": 1, ""estimable"": 1}",common observed-defined units; identical for every candidate
T5c,shared_supported_strata,benchmark_mask,rank_top5_mean_profile,effector_lymphocyte,CellFlow,native,4,4,2,Mono;NK,1,False,,,,0.1472438248772493,0.14115705876856954,"{""constant_predicted_score"": 1, ""estimable"": 1}",common observed-defined units; identical for every candidate
T5c,shared_supported_strata,benchmark_mask,rank_top5_mean_profile,effector_lymphocyte,CellOT,native,4,4,2,Mono;NK,1,False,,,,0.065652520672988629,0.048913552275063076,"{""constant_predicted_score"": 1, ""estimable"": 1}",common observed-defined units; identical for every candidate
T5c,shared_supported_strata,benchmark_mask,rank_top5_mean_profile,effector_lymphocyte,FP-ridge,diagnostic,4,4,2,Mono;NK,1,False,,,,0.038249426536267964,0.017741474352985145,"{""constant_predicted_score"": 1, ""estimable"": 1}",common observed-defined units; identical for every candidate
T5c,shared_supported_strata,benchmark_mask,rank_top5_mean_profile,effector_lymphocyte,PRnet,native,4,4,2,Mono;NK,1,False,,,,0.37027698461164849,0.36458198635896477,"{""constant_predicted_score"": 1, ""estimable"": 1}",common observed-defined units; identical for every candidate
T5c,shared_supported_strata,benchmark_mask,rank_top5_mean_profile,effector_lymphocyte,PerturbNet,native,4,4,2,Mono;NK,1,False,,,,0.10017364169727275,0.083640825002335772,"{""constant_predicted_score"": 1, ""estimable"": 1}",common observed-defined units; identical for every candidate
T5c,shared_supported_strata,benchmark_mask,rank_top5_mean_profile,effector_lymphocyte,STATE,native,4,4,2,Mono;NK,0,False,,,,0.35362044059705605,0.34872848733999812,"{""constant_predicted_score"": 2}",common observed-defined units; identical for every candidate
T5c,shared_supported_strata,benchmark_mask,rank_top5_mean_profile,effector_lymphocyte,cell-mean,floor,4,4,2,Mono;NK,0,False,,,,0.35362044059705605,0.34872848733999812,"{""constant_predicted_score"": 2}",common observed-defined units; identical for every candidate
T5c,shared_supported_strata,benchmark_mask,rank_top5_mean_profile,effector_lymphocyte,linear-PCA,floor,4,4,2,Mono;NK,0,False,,,,0.038955846224685661,0.017585630197140985,"{""constant_predicted_score"": 2}",common observed-defined units; identical for every candidate
T5c,shared_supported_strata,benchmark_mask,rank_top5_mean_profile,effector_lymphocyte,scFoundation,adapted,4,4,2,Mono;NK,1,False,,,,0.035326479187106435,0.017007708119218912,"{""constant_predicted_score"": 1, ""estimable"": 1}",common observed-defined units; identical for every candidate
T5c,shared_supported_strata,benchmark_mask,rank_top5_mean_profile,effector_lymphocyte,scGPT,adapted,4,4,2,Mono;NK,1,False,,,,0.033413416862900523,0.019150565262076053,"{""constant_predicted_score"": 1, ""estimable"": 1}",common observed-defined units; identical for every candidate
T5c,shared_supported_strata,benchmark_mask,rank_top5_mean_profile,effector_lymphocyte,scGen,native,4,4,2,Mono;NK,1,False,,,,0.084596088895411842,0.074533682145192931,"{""constant_predicted_score"": 1, ""estimable"": 1}",common observed-defined units; identical for every candidate
T5c,shared_supported_strata,benchmark_mask,rank_top5_mean_profile,effector_lymphocyte,scPRAM,native,4,4,2,Mono;NK,2,True,0.24184516820334739,-0.034731676321090851,0.51842201272778565,0.10820823954240653,0.077443847519387085,"{""estimable"": 2}",common observed-defined units; identical for every candidate
T5c,shared_supported_strata,benchmark_mask,rank_top5_mean_profile,inflammatory_NFkB,CPA,native,4,4,3,B;Mono;NK,0,False,,,,0.022375515345810518,0.00589074046884941,"{""constant_predicted_score"": 3}",common observed-defined units; identical for every candidate
T5c,shared_supported_strata,benchmark_mask,rank_top5_mean_profile,inflammatory_NFkB,CellFlow,native,4,4,3,B;Mono;NK,0,False,,,,0.022375515345810518,0.00589074046884941,"{""constant_predicted_score"": 3}",common observed-defined units; identical for every candidate
T5c,shared_supported_strata,benchmark_mask,rank_top5_mean_profile,inflammatory_NFkB,CellOT,native,4,4,3,B;Mono;NK,2,False,,,,0.020001120462378126,0.0058715068761317482,"{""constant_predicted_score"": 1, ""estimable"": 2}",common observed-defined units; identical for every candidate
T5c,shared_supported_strata,benchmark_mask,rank_top5_mean_profile,inflammatory_NFkB,FP-ridge,diagnostic,4,4,3,B;Mono;NK,2,False,,,,0.020187020448564259,0.0057458033573141477,"{""constant_predicted_score"": 1, ""estimable"": 2}",common observed-defined units; identical for every candidate
T5c,shared_supported_strata,benchmark_mask,rank_top5_mean_profile,inflammatory_NFkB,PRnet,native,4,4,3,B;Mono;NK,0,False,,,,0.022375515345810518,0.00589074046884941,"{""constant_predicted_score"": 3}",common observed-defined units; identical for every candidate
T5c,shared_supported_strata,benchmark_mask,rank_top5_mean_profile,inflammatory_NFkB,PerturbNet,native,4,4,3,B;Mono;NK,0,False,,,,0.022375515345810518,0.00589074046884941,"{""constant_predicted_score"": 3}",common observed-defined units; identical for every candidate
T5c,shared_supported_strata,benchmark_mask,rank_top5_mean_profile,inflammatory_NFkB,STATE,native,4,4,3,B;Mono;NK,0,False,,,,0.022375515345810518,0.00589074046884941,"{""constant_predicted_score"": 3}",common observed-defined units; identical for every candidate
T5c,shared_supported_strata,benchmark_mask,rank_top5_mean_profile,inflammatory_NFkB,cell-mean,floor,4,4,3,B;Mono;NK,0,False,,,,0.022375515345810518,0.00589074046884941,"{""constant_predicted_score"": 3}",common observed-defined units; identical for every candidate
T5c,shared_supported_strata,benchmark_mask,rank_top5_mean_profile,inflammatory_NFkB,linear-PCA,floor,4,4,3,B;Mono;NK,0,False,,,,0.022375515345810518,0.00589074046884941,"{""constant_predicted_score"": 3}",common observed-defined units; identical for every candidate
T5c,shared_supported_strata,benchmark_mask,rank_top5_mean_profile,inflammatory_NFkB,scFoundation,adapted,4,4,3,B;Mono;NK,1,False,,,,0.020792859430916421,0.0058770371457935698,"{""constant_predicted_score"": 2, ""estimable"": 1}",common observed-defined units; identical for every candidate
T5c,shared_supported_strata,benchmark_mask,rank_top5_mean_profile,inflammatory_NFkB,scGPT,adapted,4,4,3,B;Mono;NK,3,True,0.2301801984275943,-0.01248809260861003,0.53126380078565194,0.02044308683582587,0.006576273674937602,"{""estimable"": 3}",common observed-defined units; identical for every candidate
T5c,shared_supported_strata,benchmark_mask,rank_top5_mean_profile,inflammatory_NFkB,scGen,native,4,4,3,B;Mono;NK,1,False,,,,0.022615814248630892,0.0059995840062643758,"{""constant_predicted_score"": 2, ""estimable"": 1}",common observed-defined units; identical for every candidate
T5c,shared_supported_strata,benchmark_mask,rank_top5_mean_profile,inflammatory_NFkB,scPRAM,native,4,4,3,B;Mono;NK,3,True,0.21177435388133484,-0.012967679648191843,0.60716520192450807,0.022154463429277699,0.0063244017031272937,"{""estimable"": 3}",common observed-defined units; identical for every candidate
T5c,shared_supported_strata,benchmark_mask,rank_top5_mean_profile,type_I_IFN,CPA,native,4,4,4,B;Mono;NK;T_cells,2,False,,,,0.047142683445638996,0.032317722250770807,"{""constant_predicted_score"": 2, ""estimable"": 2}",common observed-defined units; identical for every candidate
T5c,shared_supported_strata,benchmark_mask,rank_top5_mean_profile,type_I_IFN,CellFlow,native,4,4,4,B;Mono;NK;T_cells,4,True,0.65057388311449937,0.50868913053164688,0.75094489075865434,0.037175878138637625,0.024792760791366913,"{""estimable"": 4}",common observed-defined units; identical for every candidate
T5c,shared_supported_strata,benchmark_mask,rank_top5_mean_profile,type_I_IFN,CellOT,native,4,4,4,B;Mono;NK;T_cells,4,True,0.62260144059263944,0.27020266719836389,0.76087677151790489,0.056254678424712802,0.035092593782117161,"{""estimable"": 4}",common observed-defined units; identical for every candidate
T5c,shared_supported_strata,benchmark_mask,rank_top5_mean_profile,type_I_IFN,FP-ridge,diagnostic,4,4,4,B;Mono;NK;T_cells,4,True,0.81017884438607868,0.64980931844235434,0.89758570892642398,0.025061611083623574,0.013759217625899283,"{""estimable"": 4}",common observed-defined units; identical for every candidate
T5c,shared_supported_strata,benchmark_mask,rank_top5_mean_profile,type_I_IFN,PRnet,native,4,4,4,B;Mono;NK;T_cells,4,True,0.51416329340070788,0.37664754316219773,0.66514432396404388,0.065366302553974756,0.040887153134635146,"{""estimable"": 4}",common observed-defined units; identical for every candidate
T5c,shared_supported_strata,benchmark_mask,rank_top5_mean_profile,type_I_IFN,PerturbNet,native,4,4,4,B;Mono;NK;T_cells,4,True,0.54369576302954392,0.26571958739093815,0.73584740228978363,0.038245020403735758,0.025746383607399795,"{""estimable"": 4}",common observed-defined units; identical for every candidate
T5c,shared_supported_strata,benchmark_mask,rank_top5_mean_profile,type_I_IFN,STATE,native,4,4,4,B;Mono;NK;T_cells,3,False,,,,0.051738700373637023,0.040184468139773888,"{""constant_predicted_score"": 1, ""estimable"": 3}",common observed-defined units; identical for every candidate
T5c,shared_supported_strata,benchmark_mask,rank_top5_mean_profile,type_I_IFN,cell-mean,floor,4,4,4,B;Mono;NK;T_cells,0,False,,,,0.044948128707499133,0.02864056397738951,"{""constant_predicted_score"": 4}",common observed-defined units; identical for every candidate
T5c,shared_supported_strata,benchmark_mask,rank_top5_mean_profile,type_I_IFN,linear-PCA,floor,4,4,4,B;Mono;NK;T_cells,0,False,,,,0.037870943226237977,0.019989690390544705,"{""constant_predicted_score"": 4}",common observed-defined units; identical for every candidate
T5c,shared_supported_strata,benchmark_mask,rank_top5_mean_profile,type_I_IFN,scFoundation,adapted,4,4,4,B;Mono;NK;T_cells,4,True,0.57192894664789229,0.2063652352336395,0.83725286387302889,0.032614467063093393,0.016912236639260024,"{""estimable"": 4}",common observed-defined units; identical for every candidate
T5c,shared_supported_strata,benchmark_mask,rank_top5_mean_profile,type_I_IFN,scGPT,adapted,4,4,4,B;Mono;NK;T_cells,4,True,0.82980330509972244,0.62593230998020799,0.93167011836575653,0.026278007646464391,0.015047289311408018,"{""estimable"": 4}",common observed-defined units; identical for every candidate
T5c,shared_supported_strata,benchmark_mask,rank_top5_mean_profile,type_I_IFN,scGen,native,4,4,4,B;Mono;NK;T_cells,4,True,0.71038166769062316,0.54015114035560163,0.80486412237803362,0.04300743537789898,0.031036202466598148,"{""estimable"": 4}",common observed-defined units; identical for every candidate
T5c,shared_supported_strata,benchmark_mask,rank_top5_mean_profile,type_I_IFN,scPRAM,native,4,4,4,B;Mono;NK;T_cells,4,True,0.53102069487381054,0.27386712166315852,0.69126988913669107,0.056152066435503932,0.033668409558067831,"{""estimable"": 4}",common observed-defined units; identical for every candidate
