factor,label,family,sign,rho,lo,hi,p,n,partial_rho,partial_p,partial_n,abs_rho
resp_overlap,response-gene overlap with train,overlap,1,0.5278965918419095,0.44432806250146056,0.6033066547640833,6.1561207836337595e-28,370,0.5933026538564357,1.486345884961149e-36,370,0.5278965918419095
effect_l2,effect size  ||Δ_obs||,effect,1,0.2717932635510581,0.15992039891806656,0.37948366554178703,1.0922992259132886e-07,370,0.4710874938739739,7.757242364644924e-22,370,0.2717932635510581
snr_raw,SNR  ||Δ|| / within-pert SD,effect,1,0.24505118868189976,0.1314697223277843,0.3544954041845289,1.8364461403424164e-06,370,0.43646297162262737,1.218510215763112e-18,370,0.24505118868189976
go_jaccard_nn,GO-Jaccard distance to nearest train gene,repr,-1,-0.06872093193385956,-0.17395137699366647,0.03618361119510376,0.18960016122734938,366,-0.16529986735280278,0.0015065796360396427,366,0.06872093193385956
n_test_cells,# treated cells (support),effect,1,0.05123988747271846,-0.06197331457535231,0.15931545844015654,0.3256420145828195,370,0.10908910131002196,0.03594631014176699,370,0.05123988747271846
go_jaccard_k5,GO-Jaccard distance (top-5 mean),repr,-1,-0.04763682774753202,-0.15400632277223686,0.05743606460336839,0.3634848726938443,366,-0.17098717357194096,0.001022701897488922,366,0.04763682774753202
coexpr_nn,co-expression distance to nearest train gene,repr,-1,-0.04042254459764521,-0.13954667133969426,0.060767683614660145,0.4400798016140189,367,0.08391917628360868,0.10849201802790968,367,0.04042254459764521
