method,mean_pd_10,mean_pd_25,mean_pd_50,beats_floor_cells,n_cells,mean_pd_all
cell-mean,0.4937316293375833,0.4307300199323275,0.468722591882882,0,15,0.46439474705093087
linear-PCA,0.2965729889131727,0.27168099376510024,0.31214330751731345,0,15,0.2934657633985288
CINEMA-OT,0.457864741384983,0.40456090411333523,0.43747151841038934,1,15,0.43329905463623586
nearest-gene-coexpr,0.26664681982958605,0.15052158432383392,0.2506211951887095,0,15,0.22259653311404312
nearest-gene-go,0.3281871675948302,0.2787703055709421,0.24921973392294644,0,15,0.28539240236290625
GEARS,0.2003624602265301,0.15821730607643797,0.1250385098728289,0,15,0.161206092058599
AttentionPert,0.21389641377941837,0.17835642927214387,0.1559337858551226,0,15,0.18272887630222825
