task,model,execution_model,role,unit,split,dataset,bundle_path,sha256
T1,Biolord,Biolord,method,B,C1_loct_B,None,predictions/C1/C1_LOCT__Biolord__C1_loct_B.npz,9b215f1fa05439a9698e45fef09801c443dab3d3833811baa4b6b204f8e052bd
T1,Biolord,Biolord,method,CD4T,C1_loct_CD4T,None,predictions/C1/C1_LOCT__Biolord__C1_loct_CD4T.npz,33eca4f842b078b76776abb27fe12c6b3b8562a866174df4c0c1607e00b17d04
T1,Biolord,Biolord,method,CD8T,C1_loct_CD8T,None,predictions/C1/C1_LOCT__Biolord__C1_loct_CD8T.npz,92a688eb5830092e79078b8b734bee56f3d41d5b5c5552b9cfa7587c99bafb8a
T1,Biolord,Biolord,method,DC,C1_loct_DC,None,predictions/C1/C1_LOCT__Biolord__C1_loct_DC.npz,91de97f7ca0ffc18fe203427d9d11e05afaeeaeda0542a19a1bd73fad36bf775
T1,Biolord,Biolord,method,Mk,C1_loct_Mk,None,predictions/C1/C1_LOCT__Biolord__C1_loct_Mk.npz,8bb5bdf199c1e4ec8c165550fa3545a1f0d136089738884a71c0c28a5d5293e6
T1,Biolord,Biolord,method,Mono_CD14,C1_loct_Mono_CD14,None,predictions/C1/C1_LOCT__Biolord__C1_loct_Mono_CD14.npz,c130a976220366887ffd4ad23c5daf76054c419db7cd468f6a33c2b323c81a63
T1,Biolord,Biolord,method,Mono_FCGR3A,C1_loct_Mono_FCGR3A,None,predictions/C1/C1_LOCT__Biolord__C1_loct_Mono_FCGR3A.npz,824554471dc249c5a661ae91f7c2ea102d7038227d7eeea09110597570d06809
T1,Biolord,Biolord,method,NK,C1_loct_NK,None,predictions/C1/C1_LOCT__Biolord__C1_loct_NK.npz,6155207ae209bd9fb87cbe4b3e3160d5e7a75408ea7c7da4693840002fb75fd6
T1,CellOT,CellOT,method,B,C1_loct_B,,predictions/C1/C1_LOCT__CellOT__C1_loct_B.npz,9d1ae51548082144538ac0466d4f0114526f48f5014de9ba31c7c54e48350536
T1,CellOT,CellOT,method,CD4T,C1_loct_CD4T,,predictions/C1/C1_LOCT__CellOT__C1_loct_CD4T.npz,bbd425c5b15f41b59093c9310f19a2295f4697a2341d1839d59be6af676a2114
T1,CellOT,CellOT,method,CD8T,C1_loct_CD8T,,predictions/C1/C1_LOCT__CellOT__C1_loct_CD8T.npz,e7bcf9e325345a1cf446648a02b04b7c59b57392ad69ca2ed7df1dca4402aa71
T1,CellOT,CellOT,method,DC,C1_loct_DC,,predictions/C1/C1_LOCT__CellOT__C1_loct_DC.npz,85b3c62c685fd58cb5aae26f7e038fc85e634db6361258085916bc7a19180200
T1,CellOT,CellOT,method,Mk,C1_loct_Mk,,predictions/C1/C1_LOCT__CellOT__C1_loct_Mk.npz,96f2cab5fcb62b9b71a7d1329abf8283c13e35dcced2a0d7d9632ee3f60b9aac
T1,CellOT,CellOT,method,Mono_CD14,C1_loct_Mono_CD14,,predictions/C1/C1_LOCT__CellOT__C1_loct_Mono_CD14.npz,a873daadc90852d98d2cf6073477afb1281f491c88b1e7b0b127c3d18fa5cc81
T1,CellOT,CellOT,method,Mono_FCGR3A,C1_loct_Mono_FCGR3A,,predictions/C1/C1_LOCT__CellOT__C1_loct_Mono_FCGR3A.npz,1132d36fbf48652cd999a685e44d59eea12961ec5c0bae80296b9f4972476b7e
T1,CellOT,CellOT,method,NK,C1_loct_NK,,predictions/C1/C1_LOCT__CellOT__C1_loct_NK.npz,d1f39fbb95d031926c999f18279cda7e783e5139c29e339e76040058ebdf625c
T1,cell-mean,cell-mean,floor,B,C1_loct_B,,predictions/C1/C1_LOCT__cell-mean__C1_loct_B.npz,1dd89d9d86fc9efdba7b41eb02315098c8480f5e8bbc52eed751e22f340a0283
T1,cell-mean,cell-mean,floor,CD4T,C1_loct_CD4T,,predictions/C1/C1_LOCT__cell-mean__C1_loct_CD4T.npz,e6302e5ba090e14502e8891aaf6d141d593d5df36df10b17d0e844aea2fd70ac
T1,cell-mean,cell-mean,floor,CD8T,C1_loct_CD8T,,predictions/C1/C1_LOCT__cell-mean__C1_loct_CD8T.npz,cd213a34f099dfc53a5b6581f16e0e206be49f113b409955c8364accb75d6a76
T1,cell-mean,cell-mean,floor,DC,C1_loct_DC,,predictions/C1/C1_LOCT__cell-mean__C1_loct_DC.npz,1595febc91f74d9ac43d67e690261308d6e1caf68c8ec4c2d74a9c7bfc975321
T1,cell-mean,cell-mean,floor,Mk,C1_loct_Mk,,predictions/C1/C1_LOCT__cell-mean__C1_loct_Mk.npz,6db878f7752e93eca89f126be78f3363ec315852debad683b7d31eb9d1cd9ab5
T1,cell-mean,cell-mean,floor,Mono_CD14,C1_loct_Mono_CD14,,predictions/C1/C1_LOCT__cell-mean__C1_loct_Mono_CD14.npz,14b03b6d3bd34f07fc256e9dcd0649deb8277c8396a17decab4918e6e843e097
T1,cell-mean,cell-mean,floor,Mono_FCGR3A,C1_loct_Mono_FCGR3A,,predictions/C1/C1_LOCT__cell-mean__C1_loct_Mono_FCGR3A.npz,35543436ba37c5b8fd052f3c3dfe4f586a51f5501d90a6cccff24c229ed6ffcb
T1,cell-mean,cell-mean,floor,NK,C1_loct_NK,,predictions/C1/C1_LOCT__cell-mean__C1_loct_NK.npz,a03a5b7da3c4c86970409903f477558aaea87f4ad9033001b2497fd33d63f491
T1,linear-PCA,linear-PCA,floor,B,C1_loct_B,,predictions/C1/C1_LOCT__linear-PCA__C1_loct_B.npz,7e058847a0837472a5589d0db88767323900ecbdcf98c081aed8832b353c6d7e
T1,linear-PCA,linear-PCA,floor,CD4T,C1_loct_CD4T,,predictions/C1/C1_LOCT__linear-PCA__C1_loct_CD4T.npz,58db321dbdceca9388b9ffdfeac9300e857d72cd027e899fe3f993b097244574
T1,linear-PCA,linear-PCA,floor,CD8T,C1_loct_CD8T,,predictions/C1/C1_LOCT__linear-PCA__C1_loct_CD8T.npz,50d9555c945a73cf5cafff05983d7a72a0067c5dee60577b7c8fc485a1cda63a
T1,linear-PCA,linear-PCA,floor,DC,C1_loct_DC,,predictions/C1/C1_LOCT__linear-PCA__C1_loct_DC.npz,9dc4440f9f29c76ac15e5be42220eab9f54e6aec35e7a606b8b00e687ea6756a
T1,linear-PCA,linear-PCA,floor,Mk,C1_loct_Mk,,predictions/C1/C1_LOCT__linear-PCA__C1_loct_Mk.npz,80b2adb85becbf05fbc947e913bbb33ff87dbb00d06059e1910955df51e1d03d
T1,linear-PCA,linear-PCA,floor,Mono_CD14,C1_loct_Mono_CD14,,predictions/C1/C1_LOCT__linear-PCA__C1_loct_Mono_CD14.npz,e19a6c00d8f1c1a4d690fb621ba27d7d83e8d298edda54bd4d6b5907a03ff53e
T1,linear-PCA,linear-PCA,floor,Mono_FCGR3A,C1_loct_Mono_FCGR3A,,predictions/C1/C1_LOCT__linear-PCA__C1_loct_Mono_FCGR3A.npz,f0f5b6aa13965789092dc26386da955faf5ac32cb6d0916ac4728a9d15864b6f
T1,linear-PCA,linear-PCA,floor,NK,C1_loct_NK,,predictions/C1/C1_LOCT__linear-PCA__C1_loct_NK.npz,d4ddd5f163f502dae1f70a350782517b708ae8705ebdac1eee795892d39d5ccd
T1,scFoundation,scFoundation,method,B,C1_loct_B,None,predictions/C1/C1_LOCT__scFoundation__C1_loct_B.npz,7fed5a27c5ce167b5c6c8d28f4b0082366b23609cd35726d19443dab5e5a1247
T1,scFoundation,scFoundation,method,CD4T,C1_loct_CD4T,None,predictions/C1/C1_LOCT__scFoundation__C1_loct_CD4T.npz,5d7d0969ec6d52fd6ae9cfde447c4d8eee863b1906e2d12c01f2fc9937016d77
T1,scFoundation,scFoundation,method,CD8T,C1_loct_CD8T,None,predictions/C1/C1_LOCT__scFoundation__C1_loct_CD8T.npz,56fc19baf6deed1c90a580d47a089253b540f4d81ecc3dd2fd1e8e08dc1e2fe5
T1,scFoundation,scFoundation,method,DC,C1_loct_DC,None,predictions/C1/C1_LOCT__scFoundation__C1_loct_DC.npz,90198391d62de01a0af5aca7b69f707a4bbb5ce7f79d6b6ab55ddd06bee0d8c3
T1,scFoundation,scFoundation,method,Mk,C1_loct_Mk,None,predictions/C1/C1_LOCT__scFoundation__C1_loct_Mk.npz,597317e0d82c3e89d45f29bb9e725ae0ed2d2cb18e0be22d392240abd9396c41
T1,scFoundation,scFoundation,method,Mono_CD14,C1_loct_Mono_CD14,None,predictions/C1/C1_LOCT__scFoundation__C1_loct_Mono_CD14.npz,34c51485760616f367862509f557522833b51d2c1a25c5e30dd6c3a37ac98414
T1,scFoundation,scFoundation,method,Mono_FCGR3A,C1_loct_Mono_FCGR3A,None,predictions/C1/C1_LOCT__scFoundation__C1_loct_Mono_FCGR3A.npz,c84072cf17be16236ab085e56da9f746635c6b303b033dae2aef66829f9150a4
T1,scFoundation,scFoundation,method,NK,C1_loct_NK,None,predictions/C1/C1_LOCT__scFoundation__C1_loct_NK.npz,52bfa0106ba34a7a441acf7eacaef70b2ef6d671145575aaec4a40bede7d66ea
T1,scGPT,scGPT,method,B,C1_loct_B,None,predictions/C1/C1_LOCT__scGPT__C1_loct_B.npz,f693370971742823f7f3beb509c56b240a975613dc904c60dcd04bb3a960db71
T1,scGPT,scGPT,method,CD4T,C1_loct_CD4T,None,predictions/C1/C1_LOCT__scGPT__C1_loct_CD4T.npz,ee11b35f004b888f47ba28082ad3b178c257a793e0b7bcb1082aa22bca07d11f
T1,scGPT,scGPT,method,CD8T,C1_loct_CD8T,None,predictions/C1/C1_LOCT__scGPT__C1_loct_CD8T.npz,67c36529428bc861a3c20850259ad2c234c34e2c1b0170c9d65257cd00ac57dc
T1,scGPT,scGPT,method,DC,C1_loct_DC,None,predictions/C1/C1_LOCT__scGPT__C1_loct_DC.npz,487b5cad8f44e03a6db2268d851774e3f1730baf9dfe2cd8774136426b5dd6e2
T1,scGPT,scGPT,method,Mk,C1_loct_Mk,None,predictions/C1/C1_LOCT__scGPT__C1_loct_Mk.npz,fce1ce6a6eeb7cdfd80c47b47df2984b5458ed9c2d2f0efa1d60cd6ab0d5342d
T1,scGPT,scGPT,method,Mono_CD14,C1_loct_Mono_CD14,None,predictions/C1/C1_LOCT__scGPT__C1_loct_Mono_CD14.npz,1fa1da889e60e515eac1e97d2d8a18dee5b29472ada8689c7cac255e148770c9
T1,scGPT,scGPT,method,Mono_FCGR3A,C1_loct_Mono_FCGR3A,None,predictions/C1/C1_LOCT__scGPT__C1_loct_Mono_FCGR3A.npz,19216d836b7e7f45e24efa5de2854080db524ca995fd15ccff7ea946ba7cf117
T1,scGPT,scGPT,method,NK,C1_loct_NK,None,predictions/C1/C1_LOCT__scGPT__C1_loct_NK.npz,fbce138b058dc2fb1c3c11ac5f82a3b38e3ba78022660a72b962d4424983d65e
T1,scGen,scGen,method,B,C1_loct_B,,predictions/C1/C1_LOCT__scGen__C1_loct_B.npz,7c5b5ac284cb12a1e29fb5f69179452881dd044543f13d3d75e073acaf114607
T1,scGen,scGen,method,CD4T,C1_loct_CD4T,,predictions/C1/C1_LOCT__scGen__C1_loct_CD4T.npz,30d7e9d195912e49c093fb47586e0504898d7e1f73fdec75bdf62a90daf80d87
T1,scGen,scGen,method,CD8T,C1_loct_CD8T,,predictions/C1/C1_LOCT__scGen__C1_loct_CD8T.npz,b63fbc81f885a44ccde3d6a7efbd5871dcfbbe70d435e53cd291f9cab8c241ad
T1,scGen,scGen,method,DC,C1_loct_DC,,predictions/C1/C1_LOCT__scGen__C1_loct_DC.npz,4a9dcb9fdd95bc50d6f65466f1fefcf5b578ada863039e4e7d258f5c9c31b5c0
T1,scGen,scGen,method,Mk,C1_loct_Mk,,predictions/C1/C1_LOCT__scGen__C1_loct_Mk.npz,b2b8e12a3833ff8a882edb8aaf2726b387155c45ed0272b8eadc4e5ab8a11798
T1,scGen,scGen,method,Mono_CD14,C1_loct_Mono_CD14,,predictions/C1/C1_LOCT__scGen__C1_loct_Mono_CD14.npz,80683a7bf0c8848d76ee8c1d277593a85d91bdca9f2e901b6fc1d84fbdf38df6
T1,scGen,scGen,method,Mono_FCGR3A,C1_loct_Mono_FCGR3A,,predictions/C1/C1_LOCT__scGen__C1_loct_Mono_FCGR3A.npz,514ff63c4023a927da42946a879c21ed4976aa72b20aaf5fb300e9eb5a3a9a97
T1,scGen,scGen,method,NK,C1_loct_NK,,predictions/C1/C1_LOCT__scGen__C1_loct_NK.npz,54b28bd66363d1b1ff2bc93a77fe8912191c7a20360ace473eb79631d04b7949
T1,CellFlow,CellFlow,method,B,C1_loct_B,None,predictions/C1_LOCT__CellFlow__C1_loct_B.npz,213f8196637cf14010b0793c2df54d1c7510bd55544881abaa544c951a7f64f7
T1,CellFlow,CellFlow,method,CD4T,C1_loct_CD4T,None,predictions/C1_LOCT__CellFlow__C1_loct_CD4T.npz,47ff1aa19744161af1b3acb2999875f37126d5f6ed6e651e07de0cce51f3feae
T1,CellFlow,CellFlow,method,CD8T,C1_loct_CD8T,None,predictions/C1_LOCT__CellFlow__C1_loct_CD8T.npz,67435fe0b313a3aaa9157b7d529ffe3e2c009a2f91f53f42e629bf00a84d0af2
T1,CellFlow,CellFlow,method,DC,C1_loct_DC,None,predictions/C1_LOCT__CellFlow__C1_loct_DC.npz,f080e4af382cab2b9711bfb0ffecfa3de9ae85a03012ab0396e0e7a9741156db
T1,CellFlow,CellFlow,method,Mk,C1_loct_Mk,None,predictions/C1_LOCT__CellFlow__C1_loct_Mk.npz,d274f380e3a94b0fc5c64ff10b489382344b5f0ee21c6bf93e5708e0d284346c
T1,CellFlow,CellFlow,method,Mono_CD14,C1_loct_Mono_CD14,None,predictions/C1_LOCT__CellFlow__C1_loct_Mono_CD14.npz,748d9ee7168e3874fd0825adcec15b2e3c3a1a075ceb009f6be5c305c78aa61f
T1,CellFlow,CellFlow,method,Mono_FCGR3A,C1_loct_Mono_FCGR3A,None,predictions/C1_LOCT__CellFlow__C1_loct_Mono_FCGR3A.npz,571d92c040d80d2a462796b2a4ec0b5e3d3ab9c134a02786951e4805173273ed
T1,CellFlow,CellFlow,method,NK,C1_loct_NK,None,predictions/C1_LOCT__CellFlow__C1_loct_NK.npz,7966ad1863ef07c7678216952922ca9b2d1fbf6d147dd49fc5cc1b180a2f9033
T1,STATE,STATE,method,B,C1_loct_B,None,predictions/C1_LOCT__STATE__C1_loct_B.npz,3e236140688c62131213d459f452720c2b5d7dea6cae0ce67df8350ded2cbbd3
T1,STATE,STATE,method,CD4T,C1_loct_CD4T,None,predictions/C1_LOCT__STATE__C1_loct_CD4T.npz,2e86b2a80aebb06f92d6fd881f45a76399b9fe9c4f5cce9efa4d18a988a1cc10
T1,STATE,STATE,method,CD8T,C1_loct_CD8T,None,predictions/C1_LOCT__STATE__C1_loct_CD8T.npz,45fea376f2ecb5b33d2e9580ada30433d3f68c99c2c160483beafaf9731f2288
T1,STATE,STATE,method,DC,C1_loct_DC,None,predictions/C1_LOCT__STATE__C1_loct_DC.npz,6bda07627201f9304b66b9d0e62ac29a6fba42700363821895137a9c9497b4eb
T1,STATE,STATE,method,Mk,C1_loct_Mk,None,predictions/C1_LOCT__STATE__C1_loct_Mk.npz,dc964f0d4eeb6396efa8b3d20ea7cb09e89ca7933940049fd222c81953f5b86f
T1,STATE,STATE,method,Mono_CD14,C1_loct_Mono_CD14,None,predictions/C1_LOCT__STATE__C1_loct_Mono_CD14.npz,fe2b8a33f33a8d84a3fd5c6d6c9cb9cb20d70b9d2051f8e3c8996ff27600ca17
T1,STATE,STATE,method,Mono_FCGR3A,C1_loct_Mono_FCGR3A,None,predictions/C1_LOCT__STATE__C1_loct_Mono_FCGR3A.npz,3bddee154d653d00dec7065c199f811a5f4a2e4c6fe83825f0917138fed1608e
T1,STATE,STATE,method,NK,C1_loct_NK,None,predictions/C1_LOCT__STATE__C1_loct_NK.npz,ba12b4aea4e9570895276e3e43f9d5da749db8da2fefb3f5e65fcfae0d76fb86
T1,scPRAM,scPRAM,method,B,C1_loct_B,None,predictions/C1_LOCT__scPRAM__C1_loct_B.npz,37f0aac6dbb513cb42c6cdb067331bb1c612a055851dc91a053f3e912aaa76e5
T1,scPRAM,scPRAM,method,CD4T,C1_loct_CD4T,None,predictions/C1_LOCT__scPRAM__C1_loct_CD4T.npz,e85efe7c8300c20d1b1f5b4c41492b21576a85862236fc039182298e87c61edd
T1,scPRAM,scPRAM,method,CD8T,C1_loct_CD8T,None,predictions/C1_LOCT__scPRAM__C1_loct_CD8T.npz,d73843a6eb331d0ea104ac35368c199867a996ee650b9ffa546aac86764b775c
T1,scPRAM,scPRAM,method,DC,C1_loct_DC,None,predictions/C1_LOCT__scPRAM__C1_loct_DC.npz,d0de3a01d56810f3eb2b1c1795a824dd9bc05a54b50d02dafd8fb0f387824aa2
T1,scPRAM,scPRAM,method,Mk,C1_loct_Mk,None,predictions/C1_LOCT__scPRAM__C1_loct_Mk.npz,a29767432b65cc1c73fff376030d05732b6c3d0b39d728395f8d743ed5238444
T1,scPRAM,scPRAM,method,Mono_CD14,C1_loct_Mono_CD14,None,predictions/C1_LOCT__scPRAM__C1_loct_Mono_CD14.npz,3436ea74eca98cf7b691b88bfa4defb5c444ab7846266943f418127ee72f3ec9
T1,scPRAM,scPRAM,method,Mono_FCGR3A,C1_loct_Mono_FCGR3A,None,predictions/C1_LOCT__scPRAM__C1_loct_Mono_FCGR3A.npz,620db8c31418f4d84d5a7c3f76f58e585b3c6b40f1578dccbb300176761ee593
T1,scPRAM,scPRAM,method,NK,C1_loct_NK,None,predictions/C1_LOCT__scPRAM__C1_loct_NK.npz,c87d8f1bbad22ccad54bfe3eecba5f907fa728fcb854882cccd2880aa5906ab3
T2,PertAdapt,PertAdapt,method,D348,C2_lodo_D348,,predictions/C2/C2_LODO__PertAdapt__C2_lodo_D348.npz,585a7a15424ddd17209ff9ab8d33466713895931c6a4edb592d515dd489b0a9a
T2,PertAdapt,PertAdapt,method,D349,C2_lodo_D349,,predictions/C2/C2_LODO__PertAdapt__C2_lodo_D349.npz,83db92aaa7b1f64cea1b5f6bb96877b5a2afcf51928618e5bd523fd0afb4b3bf
T2,PertAdapt,PertAdapt,method,D350,C2_lodo_D350,,predictions/C2/C2_LODO__PertAdapt__C2_lodo_D350.npz,329d2e3d57714ad115c019fd4c9586c79fbf9fed4ce483a791579c0e677db0c0
T2,PertAdapt,PertAdapt,method,D351,C2_lodo_D351,,predictions/C2/C2_LODO__PertAdapt__C2_lodo_D351.npz,0b58725c917be313dc3da4057e0359068c55af555616d4633f5c2e743c107b3e
T2,PertAdapt,PertAdapt,method,D352,C2_lodo_D352,,predictions/C2/C2_LODO__PertAdapt__C2_lodo_D352.npz,9ce7fa17f8f791350543c7a12e8b6f47d197109e166f6076aa4a042351c8546c
T2,PertAdapt,PertAdapt,method,D353,C2_lodo_D353,,predictions/C2/C2_LODO__PertAdapt__C2_lodo_D353.npz,b1ddde585e9429750bb78506296baa737061bd852563be2c7ace7b03fd7b890a
T2,PertAdapt,PertAdapt,method,D354,C2_lodo_D354,,predictions/C2/C2_LODO__PertAdapt__C2_lodo_D354.npz,256b444145f5c07bea63e39043bac88ca03c65e2cbcc4affe6d73679791a91ce
T2,PertAdapt,PertAdapt,method,D355,C2_lodo_D355,,predictions/C2/C2_LODO__PertAdapt__C2_lodo_D355.npz,0a39c9bd6c59d72eebc1b1dce1ed947e9ebcd96de1e12e2733974bdd78900278
T2,PertAdapt,PertAdapt,method,D356,C2_lodo_D356,,predictions/C2/C2_LODO__PertAdapt__C2_lodo_D356.npz,2b251007281f33a0514e8a95e6893f15e6e9e69359f4d69c059ebbab642bef75
T2,PertAdapt,PertAdapt,method,D357,C2_lodo_D357,,predictions/C2/C2_LODO__PertAdapt__C2_lodo_D357.npz,bf3f8099a3381be1f1eccca0b3123aca2f295d20cdde092013507f73c9b8d188
T2,PertAdapt,PertAdapt,method,D358,C2_lodo_D358,,predictions/C2/C2_LODO__PertAdapt__C2_lodo_D358.npz,97f20cc64321fc1ff009336a415661536f1b1370c00f113d952f895fcf08d12e
T2,PertAdapt,PertAdapt,method,D359,C2_lodo_D359,,predictions/C2/C2_LODO__PertAdapt__C2_lodo_D359.npz,01ef0bae5ddee7d44f18cc2d4b72b7f119b6b1908f85f2392544a66e4b0ed03a
T2,PertAdapt,PertAdapt,method,D363,C2_lodo_D363,,predictions/C2/C2_LODO__PertAdapt__C2_lodo_D363.npz,30fb302d78040fd9bbeb9d0511701a9b08e1d72e348be50a1749b61c33e404ac
T2,PertAdapt,PertAdapt,method,D364,C2_lodo_D364,,predictions/C2/C2_LODO__PertAdapt__C2_lodo_D364.npz,d2fc728ed7199373e90e7548d4679efb15663fd0fe94259024fc6247747cf45f
T2,PertAdapt,PertAdapt,method,D365,C2_lodo_D365,,predictions/C2/C2_LODO__PertAdapt__C2_lodo_D365.npz,ec72252ce88acded491f88e7c9510bbd6c1c24b270e41ac74a34dd13c5d61a44
T2,PertAdapt,PertAdapt,method,D366,C2_lodo_D366,,predictions/C2/C2_LODO__PertAdapt__C2_lodo_D366.npz,dd1db3565f52084fbeca0a9ea812619b5c6fc642cd681bcd2cef157851668994
T2,PertAdapt,PertAdapt,method,D367,C2_lodo_D367,,predictions/C2/C2_LODO__PertAdapt__C2_lodo_D367.npz,5afd2e352cbe81384de6cd53fe78d8cdee68f3e064857ab43f49d8e69d07e19d
T2,PertAdapt,PertAdapt,method,D368,C2_lodo_D368,,predictions/C2/C2_LODO__PertAdapt__C2_lodo_D368.npz,4d05247e8dd4cbf354c568cbbd7d49f3c7f6cc9bd485c252288d21cbb59db49e
T2,PertAdapt,PertAdapt,method,D369,C2_lodo_D369,,predictions/C2/C2_LODO__PertAdapt__C2_lodo_D369.npz,d84655809d630329f4d9e514aba45c88bb646fa7ed1ec9738f089c0df680dec4
T2,PertAdapt,PertAdapt,method,D370,C2_lodo_D370,,predictions/C2/C2_LODO__PertAdapt__C2_lodo_D370.npz,577de830a7cec3ea8f3fade7611cd9ce7f0592a8f3860c1bb2d27c7627d39275
T2,PertAdapt,PertAdapt,method,D371,C2_lodo_D371,,predictions/C2/C2_LODO__PertAdapt__C2_lodo_D371.npz,9c1647038b9d457ad745a6989a78aedb86f1e9d3a3ee3b7330995952006e790f
T2,PertAdapt,PertAdapt,method,D372,C2_lodo_D372,,predictions/C2/C2_LODO__PertAdapt__C2_lodo_D372.npz,ce6e90e12d889ddc7fd31f157475e4ab8cbc019acddd068045aa92e094f06419
T2,PertAdapt,PertAdapt,method,D373,C2_lodo_D373,,predictions/C2/C2_LODO__PertAdapt__C2_lodo_D373.npz,cbefc3504e4fbe8332b0720b5f202c9d5e6bfc349e6a8b2c3604d296dc7fb8f6
T2,PertAdapt,PertAdapt,method,D374,C2_lodo_D374,,predictions/C2/C2_LODO__PertAdapt__C2_lodo_D374.npz,4b888bb9d835a5a3286ac2e1a8fb63cbfd09ccd2b6a44cebab840eb2eb6bc701
T2,PertAdapt,PertAdapt,method,D378,C2_lodo_D378,,predictions/C2/C2_LODO__PertAdapt__C2_lodo_D378.npz,0e07da4a6c596b0ee0418323d857f61a146c7b318a098d3d9a868790b17d2002
T2,PertAdapt,PertAdapt,method,D379,C2_lodo_D379,,predictions/C2/C2_LODO__PertAdapt__C2_lodo_D379.npz,87b0b5e28ea7eb9c98da35cc3b55fddf8067df1290f9510677e4d5f6fe2f450f
T2,PertAdapt,PertAdapt,method,D380,C2_lodo_D380,,predictions/C2/C2_LODO__PertAdapt__C2_lodo_D380.npz,7b7d4bc8aa7ab97081c0a64d98d8c1270a33512f6e51b3c5d4d6d830d766b5f0
T2,PertAdapt,PertAdapt,method,D381,C2_lodo_D381,,predictions/C2/C2_LODO__PertAdapt__C2_lodo_D381.npz,39969c5174d727c597129b1d7ba0ec39c58567aa249f82577233f1bdc7ec7fe1
T2,PertAdapt,PertAdapt,method,D382,C2_lodo_D382,,predictions/C2/C2_LODO__PertAdapt__C2_lodo_D382.npz,6211f996af9d6813d82646a2c38d6071ed8b68b847d32df2c5481455a0354229
T2,PertAdapt,PertAdapt,method,D383,C2_lodo_D383,,predictions/C2/C2_LODO__PertAdapt__C2_lodo_D383.npz,449db15f7a0a96897fba3dc833682936aa0a28ef682037d11cbad8fab5cb1c89
T2,PertAdapt,PertAdapt,method,D387,C2_lodo_D387,,predictions/C2/C2_LODO__PertAdapt__C2_lodo_D387.npz,9b72935f562a72eb634327b917d93b6faa4b58ce214f5fe99aad977eb3671390
T2,PertAdapt,PertAdapt,method,D388,C2_lodo_D388,,predictions/C2/C2_LODO__PertAdapt__C2_lodo_D388.npz,861d8a79f845447dbd1b6a6d97200d503ef48a7f4158ae095907acd42b39c5f3
T2,PertAdapt,PertAdapt,method,D389,C2_lodo_D389,,predictions/C2/C2_LODO__PertAdapt__C2_lodo_D389.npz,d41dbb801b2f53d3a4939f812e93ff64c228363a3eb7fdf1445f55cdf4da2c94
T2,PertAdapt,PertAdapt,method,D390,C2_lodo_D390,,predictions/C2/C2_LODO__PertAdapt__C2_lodo_D390.npz,29b3d527254406f46815be89e9d72701cedac0c0161522697f42f1dab33c0820
T2,PertAdapt,PertAdapt,method,D391,C2_lodo_D391,,predictions/C2/C2_LODO__PertAdapt__C2_lodo_D391.npz,538a338f760862866944876a66603d969c52842510a45438ea6c4014661a666c
T2,PertAdapt,PertAdapt,method,D392,C2_lodo_D392,,predictions/C2/C2_LODO__PertAdapt__C2_lodo_D392.npz,8274eda061c291ec306c8932a4b2e939956c5a00a405026627db313c935740f5
T2,PertAdapt,PertAdapt,method,D393,C2_lodo_D393,,predictions/C2/C2_LODO__PertAdapt__C2_lodo_D393.npz,daf46e2038bb7966c200895663941827d266a08d6d9317b48b70cdb9876d41c9
T2,PertAdapt,PertAdapt,method,D394,C2_lodo_D394,,predictions/C2/C2_LODO__PertAdapt__C2_lodo_D394.npz,a192a4c38f9610f523a28dc2a24b5889ef0a588de531f72c073aedcbfe933b17
T2,PertAdapt,PertAdapt,method,D395,C2_lodo_D395,,predictions/C2/C2_LODO__PertAdapt__C2_lodo_D395.npz,77a64d81ac260acd464c36a337792a72214d51cdf3f0d47f796279fe2e260c22
T2,PertAdapt,PertAdapt,method,D396,C2_lodo_D396,,predictions/C2/C2_LODO__PertAdapt__C2_lodo_D396.npz,8e7de81ff6ad9ef5441770e560aabde44ea3205bd0da3d1354806daaf3683aba
T2,PertAdapt,PertAdapt,method,D397,C2_lodo_D397,,predictions/C2/C2_LODO__PertAdapt__C2_lodo_D397.npz,ff5736e1c8fff66e748874525fc599dff0f33b8b0cc27586c59b20f44202aa4d
T2,PertAdapt,PertAdapt,method,D398,C2_lodo_D398,,predictions/C2/C2_LODO__PertAdapt__C2_lodo_D398.npz,1b9ec3319f63d9ec38562f4f0ae7370c6d8fc538392b01721b332d013ee286a5
T2,PertAdapt,PertAdapt,method,D405,C2_lodo_D405,,predictions/C2/C2_LODO__PertAdapt__C2_lodo_D405.npz,266d893881a95fa20ca05424b78662ead4603c4d563408eb2ecc65ad2c21f076
T2,PertAdapt,PertAdapt,method,D406,C2_lodo_D406,,predictions/C2/C2_LODO__PertAdapt__C2_lodo_D406.npz,d93b3ba3724dbab3e9fc3f83b6767986402aa12e7a1a16dd0af6b756f4329d7a
T2,PertAdapt,PertAdapt,method,D407,C2_lodo_D407,,predictions/C2/C2_LODO__PertAdapt__C2_lodo_D407.npz,9899188911628b3183eee2b4e0451e50bbaac9669300162f9ccc7f4089340c38
T2,PertAdapt,PertAdapt,method,D408,C2_lodo_D408,,predictions/C2/C2_LODO__PertAdapt__C2_lodo_D408.npz,13b943a852ff2d451019fda11a437fcc19dfeebb4995e23fc1bd9df11176fa9e
T2,PertAdapt,PertAdapt,method,D409,C2_lodo_D409,,predictions/C2/C2_LODO__PertAdapt__C2_lodo_D409.npz,e8faede0da751f7b43923b2393a79c4d4ca4a6e880d7f67c67f519e8950ab3e7
T2,PertAdapt,PertAdapt,method,D410,C2_lodo_D410,,predictions/C2/C2_LODO__PertAdapt__C2_lodo_D410.npz,951312f02c96769e5ac8fe7d90b39514ec129fd32b84dd1f2902e7d9480b4f96
T2,PertAdapt,PertAdapt,method,D411,C2_lodo_D411,,predictions/C2/C2_LODO__PertAdapt__C2_lodo_D411.npz,a339e7652f7d71ee1d21b6fb4a2dae9352e7fccaffe8562aada258d2fbea4ff6
T2,PertAdapt,PertAdapt,method,D412,C2_lodo_D412,,predictions/C2/C2_LODO__PertAdapt__C2_lodo_D412.npz,d50ca67b52ab33525f78a65eb3669251b367a1551918edea54bed72de9391e6b
T2,PertAdapt,PertAdapt,method,D413,C2_lodo_D413,,predictions/C2/C2_LODO__PertAdapt__C2_lodo_D413.npz,f4cc8b00e0771f190bf7cbe68ec965d3508bc48843f62bf6790281c47fc46c14
T2,PertAdapt,PertAdapt,method,D414,C2_lodo_D414,,predictions/C2/C2_LODO__PertAdapt__C2_lodo_D414.npz,6641e7b1c1cd45dddbb8e4e9a3cc6ae8c27d4c823617ae7c50bac34779db59d4
T2,PertAdapt,PertAdapt,method,D415,C2_lodo_D415,,predictions/C2/C2_LODO__PertAdapt__C2_lodo_D415.npz,95bc03fd0ff1ef02fe7873892080edefa25d37b5fe38df1332e98177b262c0b9
T2,PertAdapt,PertAdapt,method,D416,C2_lodo_D416,,predictions/C2/C2_LODO__PertAdapt__C2_lodo_D416.npz,2f6bff33071a62a6383ac614589a921d6b542b6546641d9b10709439beda7dab
T2,PertAdapt,PertAdapt,method,D417,C2_lodo_D417,,predictions/C2/C2_LODO__PertAdapt__C2_lodo_D417.npz,4989bf8bd75d3ab18380e3df1e295a7d45880cc11976dedff404dea4f86f2b64
T2,PertAdapt,PertAdapt,method,D418,C2_lodo_D418,,predictions/C2/C2_LODO__PertAdapt__C2_lodo_D418.npz,f769ec55ab5b3b8aded0db7d4ec486490ad18c17c34e3c475e6ae08dbc47d662
T2,PertAdapt,PertAdapt,method,D419,C2_lodo_D419,,predictions/C2/C2_LODO__PertAdapt__C2_lodo_D419.npz,6717647691304fa1929299186764b36acb92a3b558aa317a851e8b5878ca9e0c
T2,PertAdapt,PertAdapt,method,D420,C2_lodo_D420,,predictions/C2/C2_LODO__PertAdapt__C2_lodo_D420.npz,22dd36c98092de34bf7bdce4d7ca2763823702a01cb6c6d195c766e4bb506fa4
T2,PertAdapt,PertAdapt,method,D421,C2_lodo_D421,,predictions/C2/C2_LODO__PertAdapt__C2_lodo_D421.npz,190b2a26813072eb917c9541b72b07e0cbb8b41a2173e8af85b1841b00caab29
T2,PertAdapt,PertAdapt,method,D422,C2_lodo_D422,,predictions/C2/C2_LODO__PertAdapt__C2_lodo_D422.npz,e092aec127c3ab11d137802e92cda5aec94f6552498a42cac582975a80cf3767
T2,PertAdapt,PertAdapt,method,D423,C2_lodo_D423,,predictions/C2/C2_LODO__PertAdapt__C2_lodo_D423.npz,95061ff94d62cd076c9a717469e5003439c188900627a609d8f810c3b863e3e6
T2,PertAdapt,PertAdapt,method,D424,C2_lodo_D424,,predictions/C2/C2_LODO__PertAdapt__C2_lodo_D424.npz,fa38e0e32ed612b0152faba0a9af887a75b7f95b31f768847d8ad8778f5f9b22
T2,PertAdapt,PertAdapt,method,D425,C2_lodo_D425,,predictions/C2/C2_LODO__PertAdapt__C2_lodo_D425.npz,244f35895c644977a756844b6c6217bb2c1bc9584117bbee71b09e3791f9b752
T2,PertAdapt,PertAdapt,method,D426,C2_lodo_D426,,predictions/C2/C2_LODO__PertAdapt__C2_lodo_D426.npz,b0bdbdb54455460d0add578a578e878c7c55fa783202cb15b0b72fef12e64705
T2,PertAdapt,PertAdapt,method,D427,C2_lodo_D427,,predictions/C2/C2_LODO__PertAdapt__C2_lodo_D427.npz,56eb0292e214484635d220eb06060e73d0232f10869d502e94853c7c5a2d840d
T2,PertAdapt,PertAdapt,method,D428,C2_lodo_D428,,predictions/C2/C2_LODO__PertAdapt__C2_lodo_D428.npz,6476e6c49e6284fb9053395f357c7d822676de8b56e3cce6b0f75abb3448cc4a
T2,PertAdapt,PertAdapt,method,D429,C2_lodo_D429,,predictions/C2/C2_LODO__PertAdapt__C2_lodo_D429.npz,820315beb3f396977628439031eb0449a11ee05fa9799e79000c637a450e6aa2
T2,PertAdapt,PertAdapt,method,D430,C2_lodo_D430,,predictions/C2/C2_LODO__PertAdapt__C2_lodo_D430.npz,07c5ac43b77b5083ac34d832c9f9dd91a29e25c661fc8d54fb43e90ca414b6f7
T2,PertAdapt,PertAdapt,method,D431,C2_lodo_D431,,predictions/C2/C2_LODO__PertAdapt__C2_lodo_D431.npz,04a63d78190c5a027284bedc8aa2ab5d9b4dce579177c03b598bd58cfcbdf7a4
T2,PertAdapt,PertAdapt,method,D432,C2_lodo_D432,,predictions/C2/C2_LODO__PertAdapt__C2_lodo_D432.npz,d269fff5ce3097d28e5c07ef87a53682625255f7539515f6bfa86a9484c97a6c
T2,PertAdapt,PertAdapt,method,D433,C2_lodo_D433,,predictions/C2/C2_LODO__PertAdapt__C2_lodo_D433.npz,c9b40a6709c88aab5a932eaaa8975d76ef5c38bac0f8949c238682c7bc0b8961
T2,PertAdapt,PertAdapt,method,D434,C2_lodo_D434,,predictions/C2/C2_LODO__PertAdapt__C2_lodo_D434.npz,42d72f890d76f27b95e9eb7f65fe642f4ccbab1ae5f3d4c5b03412cf9408dbbd
T2,PertAdapt,PertAdapt,method,D435,C2_lodo_D435,,predictions/C2/C2_LODO__PertAdapt__C2_lodo_D435.npz,6240e1609bb00c136e56230ca84304735ee8814c97577a0cdd9f411b0501a3c7
T2,PertAdapt,PertAdapt,method,D436,C2_lodo_D436,,predictions/C2/C2_LODO__PertAdapt__C2_lodo_D436.npz,01a5b9ccc162588b965b43179ff7df97f6d9cb3f15aa6e55315c6fc6cbc757c0
T2,PertAdapt,PertAdapt,method,D439,C2_lodo_D439,,predictions/C2/C2_LODO__PertAdapt__C2_lodo_D439.npz,f3b0c1fb874f1ed117737bee916c1c898d6fa3d79b12fbbd755942a67c7948c1
T2,PertAdapt,PertAdapt,method,D440,C2_lodo_D440,,predictions/C2/C2_LODO__PertAdapt__C2_lodo_D440.npz,a413e9526c744871023584b3d87123ea0f6a3b9b07aa9565f60d057745fcc80f
T2,PertAdapt,PertAdapt,method,D441,C2_lodo_D441,,predictions/C2/C2_LODO__PertAdapt__C2_lodo_D441.npz,0c2725601d7b27df66a5908fcd7423a013fe059fd25bd5336d0ef3adcfc64a1b
T2,PertAdapt,PertAdapt,method,D442,C2_lodo_D442,,predictions/C2/C2_LODO__PertAdapt__C2_lodo_D442.npz,17d24956e242371d8f6ec0473cbca48b04dad683f73913dc89af96d416a815c7
T2,PertAdapt,PertAdapt,method,D443,C2_lodo_D443,,predictions/C2/C2_LODO__PertAdapt__C2_lodo_D443.npz,53806c4b8e798dcd82d9381f76a04ed74e41b202732f0deacd4fb05c260c11de
T2,PertAdapt,PertAdapt,method,D445,C2_lodo_D445,,predictions/C2/C2_LODO__PertAdapt__C2_lodo_D445.npz,86e95e086cf57ae1fc310efa54084079c130de90044af7c3643098e45c2e8723
T2,PertAdapt,PertAdapt,method,D446,C2_lodo_D446,,predictions/C2/C2_LODO__PertAdapt__C2_lodo_D446.npz,80dcb4bc3f5b64b7dbb03f2dbb6656a30f02a93d3672c65dbcd9a62901c05aa6
T2,PertAdapt,PertAdapt,method,D447,C2_lodo_D447,,predictions/C2/C2_LODO__PertAdapt__C2_lodo_D447.npz,5dabe5f6e406a970f08775be27ab8c8881593be22229e87c5f04c27579df7a7e
T2,PertAdapt,PertAdapt,method,D448,C2_lodo_D448,,predictions/C2/C2_LODO__PertAdapt__C2_lodo_D448.npz,0841018b5f263abf53bbe817632d423e02fccb80ddb644fe7493373d00c15572
T2,PertAdapt,PertAdapt,method,D449,C2_lodo_D449,,predictions/C2/C2_LODO__PertAdapt__C2_lodo_D449.npz,429cc3b97420eb2ae04ee19fc734fe6bd5ded730dd7d37ad635941e61c1d9b88
T2,PertAdapt,PertAdapt,method,D450,C2_lodo_D450,,predictions/C2/C2_LODO__PertAdapt__C2_lodo_D450.npz,90cca198ea3aff1837d0a067a7d568b88d8ac77d08fd86451c4f490bd83b7ff6
T2,PertAdapt,PertAdapt,method,D451,C2_lodo_D451,,predictions/C2/C2_LODO__PertAdapt__C2_lodo_D451.npz,14c244a75df2465592da82af2e3a4301094386df657b8b11b2939ac95cc2b929
T2,PertAdapt,PertAdapt,method,D452,C2_lodo_D452,,predictions/C2/C2_LODO__PertAdapt__C2_lodo_D452.npz,133fee3b3667e41596efb4e5be0b3a5b521d7c9e2392fdf6e9d17ec60b76e71b
T2,PertAdapt,PertAdapt,method,D453,C2_lodo_D453,,predictions/C2/C2_LODO__PertAdapt__C2_lodo_D453.npz,8fa00cb48935525c8016dbb0db94ff19b90d561c265ed0b76d9be6ba011a7f3a
T2,PertAdapt,PertAdapt,method,D454,C2_lodo_D454,,predictions/C2/C2_LODO__PertAdapt__C2_lodo_D454.npz,5a16a58bcb25a73e971ed8dc7fe5ce5143549cd9c7e30f809638f60667476d85
T2,PertAdapt,PertAdapt,method,D455,C2_lodo_D455,,predictions/C2/C2_LODO__PertAdapt__C2_lodo_D455.npz,03f9b23fde01122dee2c09f5bf2adc57d257981cbcb3e390b61e0af14dc181a3
T2,PertAdapt,PertAdapt,method,D456,C2_lodo_D456,,predictions/C2/C2_LODO__PertAdapt__C2_lodo_D456.npz,5689b735d4faf698f98af70bf07d9042835399d9c6d1e9add4f76d54736e11a7
T2,PertAdapt,PertAdapt,method,D457,C2_lodo_D457,,predictions/C2/C2_LODO__PertAdapt__C2_lodo_D457.npz,845a124d64e8542993bfce415a10069f11795c01604fdb7f4de734246495e126
T2,PertAdapt,PertAdapt,method,D458,C2_lodo_D458,,predictions/C2/C2_LODO__PertAdapt__C2_lodo_D458.npz,df38d6bacb52e229699871565bc4e27878dcd1bbdf5afdf2b68893721530e88e
T2,PertAdapt,PertAdapt,method,D459,C2_lodo_D459,,predictions/C2/C2_LODO__PertAdapt__C2_lodo_D459.npz,cd8bc98869ef8b97bb36e93d0d1a2f5da6b39ae9de90aaf2faa940911ae841c1
T2,PertAdapt,PertAdapt,method,D460,C2_lodo_D460,,predictions/C2/C2_LODO__PertAdapt__C2_lodo_D460.npz,5867ef2dd691d5e6bdd22bc1a7faa1c138aac9bf392fff0cdb36f19dee794543
T2,PertAdapt,PertAdapt,method,D461,C2_lodo_D461,,predictions/C2/C2_LODO__PertAdapt__C2_lodo_D461.npz,83c73837996e869a5a86ee4268caa0b26538c9d5bf5e0d19c34e59fa58294681
T2,PertAdapt,PertAdapt,method,D462,C2_lodo_D462,,predictions/C2/C2_LODO__PertAdapt__C2_lodo_D462.npz,bd5aa79a3e889144f3d3be64610a72ecbe944c9fafc0247cfa7cd40a0ec9bd63
T2,PertAdapt,PertAdapt,method,D463,C2_lodo_D463,,predictions/C2/C2_LODO__PertAdapt__C2_lodo_D463.npz,a89d1db81b988481b2eeaf122e35bac6e8095fe75d7f718ed2dfa699010d4962
T2,PertAdapt,PertAdapt,method,D464,C2_lodo_D464,,predictions/C2/C2_LODO__PertAdapt__C2_lodo_D464.npz,99467d68f8bbdb696e98c6e3227b52905303d6ad3380e9db2bf4595574c56732
T2,PertAdapt,PertAdapt,method,D465,C2_lodo_D465,,predictions/C2/C2_LODO__PertAdapt__C2_lodo_D465.npz,0308f2e372f058c796b66fe715378c3198e8259266a0d36ff4eff6dfd0febc47
T2,PertAdapt,PertAdapt,method,D466,C2_lodo_D466,,predictions/C2/C2_LODO__PertAdapt__C2_lodo_D466.npz,eb3c505b0cd71157c648b410f31b8c0a8ab3207707716d8ecc2ef9b4b8cefe42
T2,PertAdapt,PertAdapt,method,D481,C2_lodo_D481,,predictions/C2/C2_LODO__PertAdapt__C2_lodo_D481.npz,3a04cb8bfae9ac1b985ee35853b426c1e7fc7796f0ea2df9f19d4ec119ec9093
T2,PertAdapt,PertAdapt,method,D482,C2_lodo_D482,,predictions/C2/C2_LODO__PertAdapt__C2_lodo_D482.npz,5b4279cdd6bd130f757dce50d2392d2a6fdf4b491e1b3292c8ee652541af2e48
T2,PertAdapt,PertAdapt,method,D483,C2_lodo_D483,,predictions/C2/C2_LODO__PertAdapt__C2_lodo_D483.npz,0d8c3628c47a45d0755cc03b7d6c8f8d9b35594c694be9de6a6f853223615aee
T2,PertAdapt,PertAdapt,method,D484,C2_lodo_D484,,predictions/C2/C2_LODO__PertAdapt__C2_lodo_D484.npz,8e24abfba74b4b1d02c0b8f099fa8f0344289565702b283a71dc914357ce93d6
T2,PertAdapt,PertAdapt,method,D485,C2_lodo_D485,,predictions/C2/C2_LODO__PertAdapt__C2_lodo_D485.npz,7a0bb3bc081c28dafa749fd04ade628cd88f7423ec9ebd64ffa908eb52425d77
T2,cell-mean,cell-mean,floor,D348,C2_lodo_D348,,predictions/C2/C2_LODO__cell-mean__C2_lodo_D348.npz,0411eec700ebf554aade77eae4b770777b8148553c0ef6c1d5742e536e503936
T2,cell-mean,cell-mean,floor,D349,C2_lodo_D349,,predictions/C2/C2_LODO__cell-mean__C2_lodo_D349.npz,9b32a6964296efef8dc63177719fc330fdc3a1a996bee2bfe87429f174a0b13a
T2,cell-mean,cell-mean,floor,D350,C2_lodo_D350,,predictions/C2/C2_LODO__cell-mean__C2_lodo_D350.npz,5e9d61f357e802666173aec928619d225e2110eb378964787656a8b91f6f84d7
T2,cell-mean,cell-mean,floor,D351,C2_lodo_D351,,predictions/C2/C2_LODO__cell-mean__C2_lodo_D351.npz,cc4720d085e5867ae3878eb0e5700c762f3edfaadc6314639e5502fed6bf14bf
T2,cell-mean,cell-mean,floor,D352,C2_lodo_D352,,predictions/C2/C2_LODO__cell-mean__C2_lodo_D352.npz,e722fefe026a6607286ec8b2fb9f232ee443264525310b5fb0c79b68e9192c7e
T2,cell-mean,cell-mean,floor,D353,C2_lodo_D353,,predictions/C2/C2_LODO__cell-mean__C2_lodo_D353.npz,67e48a01484c5a019dc5d96819a8f8b8f4d5577479b29b1d53b6bdd32185bd39
T2,cell-mean,cell-mean,floor,D354,C2_lodo_D354,,predictions/C2/C2_LODO__cell-mean__C2_lodo_D354.npz,36be8b762103907dfc8ef49353d8f63ab430fc8e3ef5243c452b81a428f26f19
T2,cell-mean,cell-mean,floor,D355,C2_lodo_D355,,predictions/C2/C2_LODO__cell-mean__C2_lodo_D355.npz,dbc2a338deb6123c4b00f79772d86a61a58d348c3f4dc30e027c95d8bb22ca64
T2,cell-mean,cell-mean,floor,D356,C2_lodo_D356,,predictions/C2/C2_LODO__cell-mean__C2_lodo_D356.npz,d50de7c8b82f0d18b667a9cfc3f114732cda65cd0399d11ef64efcba0ac8ed62
T2,cell-mean,cell-mean,floor,D357,C2_lodo_D357,,predictions/C2/C2_LODO__cell-mean__C2_lodo_D357.npz,869d1de148111d38f181d545579aec2895fb380aafdb034c7ab1252f60a4373c
T2,cell-mean,cell-mean,floor,D358,C2_lodo_D358,,predictions/C2/C2_LODO__cell-mean__C2_lodo_D358.npz,3fd64f70fb9e6f40b994f7950441b516d5511b40fa642626d9de20f1788059d9
T2,cell-mean,cell-mean,floor,D359,C2_lodo_D359,,predictions/C2/C2_LODO__cell-mean__C2_lodo_D359.npz,c913b42f1e1bd8f3a63797751cb479efb1f70646d0d755907ca9cc4e8561ee28
T2,cell-mean,cell-mean,floor,D363,C2_lodo_D363,,predictions/C2/C2_LODO__cell-mean__C2_lodo_D363.npz,29f4181c1e7110d569763c8fae4a7395e67b8d85502cebf02cc40701b7585c3b
T2,cell-mean,cell-mean,floor,D364,C2_lodo_D364,,predictions/C2/C2_LODO__cell-mean__C2_lodo_D364.npz,b9ed35d6d12e0f4753f0ac0549927b9ba0e60f717233ad625936a11f806af887
T2,cell-mean,cell-mean,floor,D365,C2_lodo_D365,,predictions/C2/C2_LODO__cell-mean__C2_lodo_D365.npz,1eeb03fab1a249531b04652ed341f2e4dee14f4fc667bfec479f8f6b391d841a
T2,cell-mean,cell-mean,floor,D366,C2_lodo_D366,,predictions/C2/C2_LODO__cell-mean__C2_lodo_D366.npz,bf818cf0b5211912f477f2ad82762d6a3aa90eef18006e586450717495ee28a2
T2,cell-mean,cell-mean,floor,D367,C2_lodo_D367,,predictions/C2/C2_LODO__cell-mean__C2_lodo_D367.npz,114a555595860c8f903ca95b3fc49ba4679441be713df3714ea4b13d5bf864ca
T2,cell-mean,cell-mean,floor,D368,C2_lodo_D368,,predictions/C2/C2_LODO__cell-mean__C2_lodo_D368.npz,ef5c0aac9631f467f2f9339c413416a26d5132e475793ab5aa00e8de4c39da38
T2,cell-mean,cell-mean,floor,D369,C2_lodo_D369,,predictions/C2/C2_LODO__cell-mean__C2_lodo_D369.npz,482d5c22c64fe2a8457b1f0777046148e85df4290a4ec3e7ece79901929324f2
T2,cell-mean,cell-mean,floor,D370,C2_lodo_D370,,predictions/C2/C2_LODO__cell-mean__C2_lodo_D370.npz,3b42983394e4ee818474e506d4b4edf94381b1a189e360d94f8d96e618ef569d
T2,cell-mean,cell-mean,floor,D371,C2_lodo_D371,,predictions/C2/C2_LODO__cell-mean__C2_lodo_D371.npz,54c624fe7af2edfe10bfce921e2813db3f3eddab6a403b48377dff2c4bbb76bc
T2,cell-mean,cell-mean,floor,D372,C2_lodo_D372,,predictions/C2/C2_LODO__cell-mean__C2_lodo_D372.npz,0e0ae82eaeff756cb35d2f3cc445b4ab8f5b282adfa9dde5d0d7223a7798fefb
T2,cell-mean,cell-mean,floor,D373,C2_lodo_D373,,predictions/C2/C2_LODO__cell-mean__C2_lodo_D373.npz,1d361602cc1ca8779e5ffe911ee45daa7675b778d4e01ade0ba9c8452fcae7f6
T2,cell-mean,cell-mean,floor,D374,C2_lodo_D374,,predictions/C2/C2_LODO__cell-mean__C2_lodo_D374.npz,dd24b67cc29ad7564479f751358260946cf405033505edd623163ead1e0b6227
T2,cell-mean,cell-mean,floor,D378,C2_lodo_D378,,predictions/C2/C2_LODO__cell-mean__C2_lodo_D378.npz,4127d7918b8eb576deb059a9b7f8564576b1691f384c2e890cfccac6c71177ce
T2,cell-mean,cell-mean,floor,D379,C2_lodo_D379,,predictions/C2/C2_LODO__cell-mean__C2_lodo_D379.npz,0a99138a93ca2344646a1dbed7aadee8133ea5002d8c55a476f5d88edeb9be96
T2,cell-mean,cell-mean,floor,D380,C2_lodo_D380,,predictions/C2/C2_LODO__cell-mean__C2_lodo_D380.npz,81217c6184f0af8ee57031b3eb2e58d6cca987fc2b97d402d6ecba1690da2ca4
T2,cell-mean,cell-mean,floor,D381,C2_lodo_D381,,predictions/C2/C2_LODO__cell-mean__C2_lodo_D381.npz,ad3ec3180eb075afabcec2e4ac5efd481c094c714fe3daf23c81a60a7c50fc48
T2,cell-mean,cell-mean,floor,D382,C2_lodo_D382,,predictions/C2/C2_LODO__cell-mean__C2_lodo_D382.npz,49bf3d5b05385ccd3dd9b14041f7cc4cc8f57a0e20b4dce91a13d21651ddde3a
T2,cell-mean,cell-mean,floor,D383,C2_lodo_D383,,predictions/C2/C2_LODO__cell-mean__C2_lodo_D383.npz,f57246347ec1c47b0edd3c9d3ff0cb5c2dc8c184e697e4c9c6e98ffe26f7b70e
T2,cell-mean,cell-mean,floor,D387,C2_lodo_D387,,predictions/C2/C2_LODO__cell-mean__C2_lodo_D387.npz,22c5cb338bf84df2e9226af404467e1b84132318d89b0a7943cf790e11d5f4fb
T2,cell-mean,cell-mean,floor,D388,C2_lodo_D388,,predictions/C2/C2_LODO__cell-mean__C2_lodo_D388.npz,a3a4848f4549f13b089389cc1b6b917f237fe2958cf316c5b1df73425adf148f
T2,cell-mean,cell-mean,floor,D389,C2_lodo_D389,,predictions/C2/C2_LODO__cell-mean__C2_lodo_D389.npz,c6b057af3cc2cae3c70da07cd096904a4dcafc111180adee0922801a86f3cdab
T2,cell-mean,cell-mean,floor,D390,C2_lodo_D390,,predictions/C2/C2_LODO__cell-mean__C2_lodo_D390.npz,754c6e40f4b9305dfe5c23da83a882fa82c68a0f5a0ca372220c790398ec1066
T2,cell-mean,cell-mean,floor,D391,C2_lodo_D391,,predictions/C2/C2_LODO__cell-mean__C2_lodo_D391.npz,69025a65db45d4f3602dfeb3e474fa5f746d5ba6c923b168502f72f25dfb3d84
T2,cell-mean,cell-mean,floor,D392,C2_lodo_D392,,predictions/C2/C2_LODO__cell-mean__C2_lodo_D392.npz,bf122a3fe7e3a89f1614e5a87205deac53a5ebdf7475567103b491ebf1fb78f5
T2,cell-mean,cell-mean,floor,D393,C2_lodo_D393,,predictions/C2/C2_LODO__cell-mean__C2_lodo_D393.npz,b1cd29efc1917fd53a5b9cb3359c03e5ab085ed37ced9b1f3bc4f938ae32ac91
T2,cell-mean,cell-mean,floor,D394,C2_lodo_D394,,predictions/C2/C2_LODO__cell-mean__C2_lodo_D394.npz,844193246de8c9721aa9b0275c7d125fdb688c01cdf229404dcc8fc9d947fe3f
T2,cell-mean,cell-mean,floor,D395,C2_lodo_D395,,predictions/C2/C2_LODO__cell-mean__C2_lodo_D395.npz,c2bcc695ccd9d308a49df17db280928f2663f0abb67a41070c1e10e1112c4bc3
T2,cell-mean,cell-mean,floor,D396,C2_lodo_D396,,predictions/C2/C2_LODO__cell-mean__C2_lodo_D396.npz,afb892667c641286b1020bdf3e06b705fd12104916290d43fe746baa51e4cdf1
T2,cell-mean,cell-mean,floor,D397,C2_lodo_D397,,predictions/C2/C2_LODO__cell-mean__C2_lodo_D397.npz,9fe7e4de5838203633c849982e536317f481a302c10a96e051575be87bb2c34c
T2,cell-mean,cell-mean,floor,D398,C2_lodo_D398,,predictions/C2/C2_LODO__cell-mean__C2_lodo_D398.npz,f106f838c9f71c10a93daecc400045540b24f53ee75ec73148ee74bbe7404ad5
T2,cell-mean,cell-mean,floor,D405,C2_lodo_D405,,predictions/C2/C2_LODO__cell-mean__C2_lodo_D405.npz,d9dcca9cdee2e6f6adcae394b87a3436d0799d11cc5030acefa05c4fc96507d5
T2,cell-mean,cell-mean,floor,D406,C2_lodo_D406,,predictions/C2/C2_LODO__cell-mean__C2_lodo_D406.npz,105e0e6bcc603ca9612ec987fa119d249e90268d8f1041c4e913400da410b98b
T2,cell-mean,cell-mean,floor,D407,C2_lodo_D407,,predictions/C2/C2_LODO__cell-mean__C2_lodo_D407.npz,0fa7ca1a063cfee3b6636b3fd19f36364bbf7715fb7e3a76e080072c859172b5
T2,cell-mean,cell-mean,floor,D408,C2_lodo_D408,,predictions/C2/C2_LODO__cell-mean__C2_lodo_D408.npz,42ccb487e7e433497b16a990593651c3c4537d79abdc318396e5b873a466e7d1
T2,cell-mean,cell-mean,floor,D409,C2_lodo_D409,,predictions/C2/C2_LODO__cell-mean__C2_lodo_D409.npz,9209c4f4757ff554dcc65dc8ea2070d51dfb74032e564d88b74a5a6354802cdd
T2,cell-mean,cell-mean,floor,D410,C2_lodo_D410,,predictions/C2/C2_LODO__cell-mean__C2_lodo_D410.npz,222477e02cdffa384ebbf3d087866570096bedb61d5628681fc40d2055eca127
T2,cell-mean,cell-mean,floor,D411,C2_lodo_D411,,predictions/C2/C2_LODO__cell-mean__C2_lodo_D411.npz,1012dff4e8354b1ecda9ae206483f6e4ef0d5ba8943622b7330980226f55fb56
T2,cell-mean,cell-mean,floor,D412,C2_lodo_D412,,predictions/C2/C2_LODO__cell-mean__C2_lodo_D412.npz,e976a0a7ef6cdbcfdb08c5a90e57f4c5ed017133542401de72eeeaf6aacd3ba3
T2,cell-mean,cell-mean,floor,D413,C2_lodo_D413,,predictions/C2/C2_LODO__cell-mean__C2_lodo_D413.npz,42a0e3c0c48e43a5324f8f6adeea5ca927bc34fa2e6dceec7e32db8291f9747f
T2,cell-mean,cell-mean,floor,D414,C2_lodo_D414,,predictions/C2/C2_LODO__cell-mean__C2_lodo_D414.npz,b1e9aebd35d5f578da4dfb5037cd6e85ad22d08f0f17936fe64783025da2f460
T2,cell-mean,cell-mean,floor,D415,C2_lodo_D415,,predictions/C2/C2_LODO__cell-mean__C2_lodo_D415.npz,94d4682bbdd1a28afe2bc18f8c1693112d4bd8c0b1b46247d17fa929f3b9448b
T2,cell-mean,cell-mean,floor,D416,C2_lodo_D416,,predictions/C2/C2_LODO__cell-mean__C2_lodo_D416.npz,bffdacf17f8be6cf5b79299caf9b0fc306e041c624e41b3e4acbbf48f70c9ba6
T2,cell-mean,cell-mean,floor,D417,C2_lodo_D417,,predictions/C2/C2_LODO__cell-mean__C2_lodo_D417.npz,b58ae44a17befc465b0b48d51af6435dd8a1c698c61486293c1ecf179e5cb7c9
T2,cell-mean,cell-mean,floor,D418,C2_lodo_D418,,predictions/C2/C2_LODO__cell-mean__C2_lodo_D418.npz,e81b30d35dc0dace055f7897447da043edd9ebcc4e7a55eed0e824a39c093a5c
T2,cell-mean,cell-mean,floor,D419,C2_lodo_D419,,predictions/C2/C2_LODO__cell-mean__C2_lodo_D419.npz,f4f85d00e56e536900b6f9c43cea7fff6708633d3941904823587a58ec82bcaf
T2,cell-mean,cell-mean,floor,D420,C2_lodo_D420,,predictions/C2/C2_LODO__cell-mean__C2_lodo_D420.npz,d27690e58c6318e314840d76670f458e75bbdb06c187ec0e0877a645dfe0b59e
T2,cell-mean,cell-mean,floor,D421,C2_lodo_D421,,predictions/C2/C2_LODO__cell-mean__C2_lodo_D421.npz,3e3da1e5c1eeb53ccfd5d965e92b981859652ec609a23bdaad333ae6ae1809c3
T2,cell-mean,cell-mean,floor,D422,C2_lodo_D422,,predictions/C2/C2_LODO__cell-mean__C2_lodo_D422.npz,2bbbce0393cf3fc85a43d9c57758cd59eb912f59b6886735ce02ce6e6cc75db8
T2,cell-mean,cell-mean,floor,D423,C2_lodo_D423,,predictions/C2/C2_LODO__cell-mean__C2_lodo_D423.npz,aef7f3e6dd3c151a77d642e45c3789b95ab78e1b71acb5de3651caae20e9493f
T2,cell-mean,cell-mean,floor,D424,C2_lodo_D424,,predictions/C2/C2_LODO__cell-mean__C2_lodo_D424.npz,045dcf11d02ea1add8d0749129397f57d6400a09424b48ea3e0ff3df5354ac03
T2,cell-mean,cell-mean,floor,D425,C2_lodo_D425,,predictions/C2/C2_LODO__cell-mean__C2_lodo_D425.npz,5435d0aec0dfa0f56a60240e974d3c5f6c3db64ef19ccfefdb34c71c8f2230d1
T2,cell-mean,cell-mean,floor,D426,C2_lodo_D426,,predictions/C2/C2_LODO__cell-mean__C2_lodo_D426.npz,0a09b656b91630c8320a43b964e415ec13e2c99b1d617540652505b0124d2a9d
T2,cell-mean,cell-mean,floor,D427,C2_lodo_D427,,predictions/C2/C2_LODO__cell-mean__C2_lodo_D427.npz,8a33b5598b7acf4ba2fabcf270f55164eb69eb1279ee458b043a7dbd9cea7d20
T2,cell-mean,cell-mean,floor,D428,C2_lodo_D428,,predictions/C2/C2_LODO__cell-mean__C2_lodo_D428.npz,7bf32c3ab65d3b045eff35351afa722a95ab246dce7d450fe582917294d7aaa9
T2,cell-mean,cell-mean,floor,D429,C2_lodo_D429,,predictions/C2/C2_LODO__cell-mean__C2_lodo_D429.npz,9e058415edf207e43ffbbba121caaa9cf442eb317aacc2897495fcb90c28ff83
T2,cell-mean,cell-mean,floor,D430,C2_lodo_D430,,predictions/C2/C2_LODO__cell-mean__C2_lodo_D430.npz,6987fcd8ebf4aa337c2edcddb7849a83b86f4a1d7dc44e9c5c18bcdbe8e20803
T2,cell-mean,cell-mean,floor,D431,C2_lodo_D431,,predictions/C2/C2_LODO__cell-mean__C2_lodo_D431.npz,0243f611a71d4ae8964c5a192a6c80a480109508053ae0a676af226f8ed7238c
T2,cell-mean,cell-mean,floor,D432,C2_lodo_D432,,predictions/C2/C2_LODO__cell-mean__C2_lodo_D432.npz,dece2e611dbc31dde29ae762503f62ef7fcf825d0ded240c2c75bd248c61bfd4
T2,cell-mean,cell-mean,floor,D433,C2_lodo_D433,,predictions/C2/C2_LODO__cell-mean__C2_lodo_D433.npz,03ce56467dbfbfb431c87d5c71d8aa5f6142d7e265ad45370b12d8a6013c3497
T2,cell-mean,cell-mean,floor,D434,C2_lodo_D434,,predictions/C2/C2_LODO__cell-mean__C2_lodo_D434.npz,12f4c84a4e9b4ca0bcf566207c1ea9ddee02359f9a340eaf6646c71de6dd4495
T2,cell-mean,cell-mean,floor,D435,C2_lodo_D435,,predictions/C2/C2_LODO__cell-mean__C2_lodo_D435.npz,1fa85dc07a8bd0b6d5ca03d771a938a5aa440fe215ba949d5b900a6b5859b541
T2,cell-mean,cell-mean,floor,D436,C2_lodo_D436,,predictions/C2/C2_LODO__cell-mean__C2_lodo_D436.npz,8c3cd7ec3fc1e32ef7d9eff9bd02e717c7a5b47c1bf7b3fa3340c48d9e861f9b
T2,cell-mean,cell-mean,floor,D439,C2_lodo_D439,,predictions/C2/C2_LODO__cell-mean__C2_lodo_D439.npz,2fab3cad0959c46a69210f8f1018bdba2a5f87bbb15de8aae26b4033b04edf5c
T2,cell-mean,cell-mean,floor,D440,C2_lodo_D440,,predictions/C2/C2_LODO__cell-mean__C2_lodo_D440.npz,8a8eef24ae4ede8eb5812d756fd9f52902dae02b65d0b57b11eebab2b94be210
T2,cell-mean,cell-mean,floor,D441,C2_lodo_D441,,predictions/C2/C2_LODO__cell-mean__C2_lodo_D441.npz,37cf461c48da54a04402e2961182a63420cef0cfbace41e1e94cbb509a2dab3a
T2,cell-mean,cell-mean,floor,D442,C2_lodo_D442,,predictions/C2/C2_LODO__cell-mean__C2_lodo_D442.npz,229c5087349a72590e219756612906a6e11a4bc51a879c42ad6a5e10105cef9a
T2,cell-mean,cell-mean,floor,D443,C2_lodo_D443,,predictions/C2/C2_LODO__cell-mean__C2_lodo_D443.npz,a727056be5034b8ef1e2227c3f6dc49e0f1a8e74efeddbbede42e892b2f71c40
T2,cell-mean,cell-mean,floor,D445,C2_lodo_D445,,predictions/C2/C2_LODO__cell-mean__C2_lodo_D445.npz,f6ba22446789a6485939eebea4d72ca546827d3b6ce8d6f264332ded97fed537
T2,cell-mean,cell-mean,floor,D446,C2_lodo_D446,,predictions/C2/C2_LODO__cell-mean__C2_lodo_D446.npz,14958fa2465284cfa8ee2e461fc334b2feab83feb104b896d672973c9be20b9b
T2,cell-mean,cell-mean,floor,D447,C2_lodo_D447,,predictions/C2/C2_LODO__cell-mean__C2_lodo_D447.npz,006d285869aeb4eaf7be5e61c2be7cf72d8ad8c938e696e4619aaab977946b67
T2,cell-mean,cell-mean,floor,D448,C2_lodo_D448,,predictions/C2/C2_LODO__cell-mean__C2_lodo_D448.npz,84a88bf84bff70f08d8ac1e667a95ce2d18dc6e02f0855e7e8baadac3b8d4c5a
T2,cell-mean,cell-mean,floor,D449,C2_lodo_D449,,predictions/C2/C2_LODO__cell-mean__C2_lodo_D449.npz,1140dec4b4706f127ef48017d73f3f2c18572e95c5bb084de398aa845c9ffaf3
T2,cell-mean,cell-mean,floor,D450,C2_lodo_D450,,predictions/C2/C2_LODO__cell-mean__C2_lodo_D450.npz,8d0a1369966eaf0001d1821a71c7a9a5a8552de90106419fec649bd3345ffd5c
T2,cell-mean,cell-mean,floor,D451,C2_lodo_D451,,predictions/C2/C2_LODO__cell-mean__C2_lodo_D451.npz,d157e101a7129d15ed1668cd8969bce6bddb438b0bc04659e014b0ee3f405e53
T2,cell-mean,cell-mean,floor,D452,C2_lodo_D452,,predictions/C2/C2_LODO__cell-mean__C2_lodo_D452.npz,b5349c7e1f2505ed781fa197cc170541e9184a5bc545c50bf40941b428fa87e8
T2,cell-mean,cell-mean,floor,D453,C2_lodo_D453,,predictions/C2/C2_LODO__cell-mean__C2_lodo_D453.npz,ebbf07530bff2f98f46b01a8540f90fdce8b47f9d620424b6404a24362105235
T2,cell-mean,cell-mean,floor,D454,C2_lodo_D454,,predictions/C2/C2_LODO__cell-mean__C2_lodo_D454.npz,c4dc9de41a66571c5a0531380c190ec069d694d4846cb0fb0ba2b596ac00f0a4
T2,cell-mean,cell-mean,floor,D455,C2_lodo_D455,,predictions/C2/C2_LODO__cell-mean__C2_lodo_D455.npz,771c13a69286678c992f8cde9ddd12b1c4dfa86b17f7084db32388700c704be1
T2,cell-mean,cell-mean,floor,D456,C2_lodo_D456,,predictions/C2/C2_LODO__cell-mean__C2_lodo_D456.npz,bd80cba35b3a554fa8276d5f4fb1edd7fd820984007bb1cface8a233b3a8f6e4
T2,cell-mean,cell-mean,floor,D457,C2_lodo_D457,,predictions/C2/C2_LODO__cell-mean__C2_lodo_D457.npz,a3c4853986542936a74ab5e8806465b66a01a8f70d77850e96b3f7b744a807bb
T2,cell-mean,cell-mean,floor,D458,C2_lodo_D458,,predictions/C2/C2_LODO__cell-mean__C2_lodo_D458.npz,acea9d1aa2c8304964e7b389695a64fdb25b658054421b67acc00e64b4fc0476
T2,cell-mean,cell-mean,floor,D459,C2_lodo_D459,,predictions/C2/C2_LODO__cell-mean__C2_lodo_D459.npz,1b4da870589671ac98dc1c565dba4fade4fc13d36b70418acfe92f062bbd2c41
T2,cell-mean,cell-mean,floor,D460,C2_lodo_D460,,predictions/C2/C2_LODO__cell-mean__C2_lodo_D460.npz,f9d1d88877ff4688f6bfc40f6065ec62e8d01c848495fab837a4f4fb545ff598
T2,cell-mean,cell-mean,floor,D461,C2_lodo_D461,,predictions/C2/C2_LODO__cell-mean__C2_lodo_D461.npz,e56a6f8d6fa0e3f4e0dbd80de7c7aa2923d23dd4933597e1bca0c7e12ca4c54a
T2,cell-mean,cell-mean,floor,D462,C2_lodo_D462,,predictions/C2/C2_LODO__cell-mean__C2_lodo_D462.npz,a6b8b38739e023908fa567f9f781adffa6225017be80115a4d4a15ec347088ca
T2,cell-mean,cell-mean,floor,D463,C2_lodo_D463,,predictions/C2/C2_LODO__cell-mean__C2_lodo_D463.npz,75e29a2d5776c4fa9da958edabe261b4d83b048d382542ad1b74e5dcac1e6c46
T2,cell-mean,cell-mean,floor,D464,C2_lodo_D464,,predictions/C2/C2_LODO__cell-mean__C2_lodo_D464.npz,d407b40a963984890989ca1148513a77480f83bbadbf7422b11f8b5ff297857b
T2,cell-mean,cell-mean,floor,D465,C2_lodo_D465,,predictions/C2/C2_LODO__cell-mean__C2_lodo_D465.npz,a7559c1e855b7b0507bc1f7e4403a5cf542da144717f56cadbebe85116085c94
T2,cell-mean,cell-mean,floor,D466,C2_lodo_D466,,predictions/C2/C2_LODO__cell-mean__C2_lodo_D466.npz,c5946b2915310d72f7a74e4086bc4345820982885d10b1007ec4836bf63fb663
T2,cell-mean,cell-mean,floor,D481,C2_lodo_D481,,predictions/C2/C2_LODO__cell-mean__C2_lodo_D481.npz,9113e624ad24ea2bd21ae0f78b6249e4ebc337b026fc745449f72af56aaf507b
T2,cell-mean,cell-mean,floor,D482,C2_lodo_D482,,predictions/C2/C2_LODO__cell-mean__C2_lodo_D482.npz,ee50386b8d8c4eeaca5f54e4f97fa43d199a1954f3b3045000bd175d2cd93993
T2,cell-mean,cell-mean,floor,D483,C2_lodo_D483,,predictions/C2/C2_LODO__cell-mean__C2_lodo_D483.npz,2d89bc2a853f1fae19f1b1d55a1ab7afe47208c707d99a0fd12c06d7249c675d
T2,cell-mean,cell-mean,floor,D484,C2_lodo_D484,,predictions/C2/C2_LODO__cell-mean__C2_lodo_D484.npz,baa57e53cbbafa241f62111ed220854a12c938a39a955fd7b7b1b179af7b09de
T2,cell-mean,cell-mean,floor,D485,C2_lodo_D485,,predictions/C2/C2_LODO__cell-mean__C2_lodo_D485.npz,f653dcbd0218bc3039143f1dc7794ae5f4bedfe7bc392dce8c2e849dbc554432
T2,linear-PCA,linear-PCA,floor,D348,C2_lodo_D348,,predictions/C2/C2_LODO__linear-PCA__C2_lodo_D348.npz,30a579237035fdc7a1edf2b67c3f9ee1cf6292b70838f1e19c25531531f3f6ec
T2,linear-PCA,linear-PCA,floor,D349,C2_lodo_D349,,predictions/C2/C2_LODO__linear-PCA__C2_lodo_D349.npz,277331c1805f2d2763dad2e64f890636c7fb9d25b34c5f55d89c8dbbccdf994d
T2,linear-PCA,linear-PCA,floor,D350,C2_lodo_D350,,predictions/C2/C2_LODO__linear-PCA__C2_lodo_D350.npz,11b37b2c6cac7af7662ab8923df34142adeb55e3274613fdb9b9b657e7a1c9b9
T2,linear-PCA,linear-PCA,floor,D351,C2_lodo_D351,,predictions/C2/C2_LODO__linear-PCA__C2_lodo_D351.npz,6cb6f3176c5f01c7ca7ed50c5768a487fca16260c8162472cf0a4ba431505330
T2,linear-PCA,linear-PCA,floor,D352,C2_lodo_D352,,predictions/C2/C2_LODO__linear-PCA__C2_lodo_D352.npz,71976bb64e87f7e3c48b0dd1cbef8c6afaf279600d857916a81c604ee2eefbb6
T2,linear-PCA,linear-PCA,floor,D353,C2_lodo_D353,,predictions/C2/C2_LODO__linear-PCA__C2_lodo_D353.npz,12dbf7a6f1f7db062ef49a38777ad86c5964a4bcf243cecbaa4b9c2721938d01
T2,linear-PCA,linear-PCA,floor,D354,C2_lodo_D354,,predictions/C2/C2_LODO__linear-PCA__C2_lodo_D354.npz,5a0b370d4ccbc696066b05c5ac6d12b094bcce3dbb8e0d5c10d2909c4b4a9eea
T2,linear-PCA,linear-PCA,floor,D355,C2_lodo_D355,,predictions/C2/C2_LODO__linear-PCA__C2_lodo_D355.npz,97cdd1766ba7f876448c62137afc12d064053370568d1d0bc1092fcb0dddbdb9
T2,linear-PCA,linear-PCA,floor,D356,C2_lodo_D356,,predictions/C2/C2_LODO__linear-PCA__C2_lodo_D356.npz,64403f2a2ddeb9ea1039e23ce89c08da0ab37fbd818059aea75f687b1b2b89f3
T2,linear-PCA,linear-PCA,floor,D357,C2_lodo_D357,,predictions/C2/C2_LODO__linear-PCA__C2_lodo_D357.npz,bf6713b3ad29c9cabf1ce98367d13e7a1d9c3270af8aac9b598ea0f539b4bb87
T2,linear-PCA,linear-PCA,floor,D358,C2_lodo_D358,,predictions/C2/C2_LODO__linear-PCA__C2_lodo_D358.npz,68faa165347b5f052c33e76b152b2b8c7097c25b34b76fe0cb18357fcb2ab573
T2,linear-PCA,linear-PCA,floor,D359,C2_lodo_D359,,predictions/C2/C2_LODO__linear-PCA__C2_lodo_D359.npz,f5695c2a6871993c48b0f05f3bc8ce70359dc8c27317a0996f980a4a346602bd
T2,linear-PCA,linear-PCA,floor,D363,C2_lodo_D363,,predictions/C2/C2_LODO__linear-PCA__C2_lodo_D363.npz,2a7c5cfb2a0d7e46a854ceb7cb916be042eb958ae917f3364a43e3dc83728624
T2,linear-PCA,linear-PCA,floor,D364,C2_lodo_D364,,predictions/C2/C2_LODO__linear-PCA__C2_lodo_D364.npz,5f8e4ac39bb4663e1e42c7b0d32b8eb599fb2cd6763addbeafb99b2564d24ae1
T2,linear-PCA,linear-PCA,floor,D365,C2_lodo_D365,,predictions/C2/C2_LODO__linear-PCA__C2_lodo_D365.npz,5663281717398cd4ff1bd2d6b8f5c511dc85f30235228c63f93ced2dbd91bd8e
T2,linear-PCA,linear-PCA,floor,D366,C2_lodo_D366,,predictions/C2/C2_LODO__linear-PCA__C2_lodo_D366.npz,cb146d6d7ed752cef582e6909e914aa76911623bda2292e1a6b801598bef4877
T2,linear-PCA,linear-PCA,floor,D367,C2_lodo_D367,,predictions/C2/C2_LODO__linear-PCA__C2_lodo_D367.npz,1dbd8e8bfe1efb9463644e631b9bbae517deb32fac4322d642483d0253875882
T2,linear-PCA,linear-PCA,floor,D368,C2_lodo_D368,,predictions/C2/C2_LODO__linear-PCA__C2_lodo_D368.npz,1643535a38404dd5583858ddd288b5cccff359e32042b961402d605dd74c36ff
T2,linear-PCA,linear-PCA,floor,D369,C2_lodo_D369,,predictions/C2/C2_LODO__linear-PCA__C2_lodo_D369.npz,e18edd3d74125f37458d73443f8c7a9cb342e2f3e0fa7177a22294f357a7d7a5
T2,linear-PCA,linear-PCA,floor,D370,C2_lodo_D370,,predictions/C2/C2_LODO__linear-PCA__C2_lodo_D370.npz,4701b479827aceb02ac335445b61e5722709fe7c51c5596af3b3da26477338cb
T2,linear-PCA,linear-PCA,floor,D371,C2_lodo_D371,,predictions/C2/C2_LODO__linear-PCA__C2_lodo_D371.npz,1c586b70cbae47700cd9c729159b88c9845d77911ca320623ddfc9c1cd430aee
T2,linear-PCA,linear-PCA,floor,D372,C2_lodo_D372,,predictions/C2/C2_LODO__linear-PCA__C2_lodo_D372.npz,83df696504d597526021a485c688fc833434438640433431d094cc6beddbbe2f
T2,linear-PCA,linear-PCA,floor,D373,C2_lodo_D373,,predictions/C2/C2_LODO__linear-PCA__C2_lodo_D373.npz,e71438013e8b0b531748ab12e99fbf15c507064461e779a718f0b10fa4ce490a
T2,linear-PCA,linear-PCA,floor,D374,C2_lodo_D374,,predictions/C2/C2_LODO__linear-PCA__C2_lodo_D374.npz,80fec3e9194c909f44bf6cf5f13f48ea56e9633d06407a2415aadb6179716704
T2,linear-PCA,linear-PCA,floor,D378,C2_lodo_D378,,predictions/C2/C2_LODO__linear-PCA__C2_lodo_D378.npz,d9e2729b3c4e6cbc327a2cc1c21dad262f24981af506b2e3ca48a38a968223be
T2,linear-PCA,linear-PCA,floor,D379,C2_lodo_D379,,predictions/C2/C2_LODO__linear-PCA__C2_lodo_D379.npz,bf7ebc62b02f84fedef64918c93b1b430b871d2a32ebf6f43c396c5dea79b667
T2,linear-PCA,linear-PCA,floor,D380,C2_lodo_D380,,predictions/C2/C2_LODO__linear-PCA__C2_lodo_D380.npz,c8a5d327e3dd90a08c165a1ab2413c7d64e4f1b6183adea25a7f481ccf907bbd
T2,linear-PCA,linear-PCA,floor,D381,C2_lodo_D381,,predictions/C2/C2_LODO__linear-PCA__C2_lodo_D381.npz,26c398926625415375a37a834b9b477269a56d41c085780291625978b4c58e2b
T2,linear-PCA,linear-PCA,floor,D382,C2_lodo_D382,,predictions/C2/C2_LODO__linear-PCA__C2_lodo_D382.npz,b693b5d51e8c82dbc1da192e79ff1c0149b45f97473c3d0e2e1049f82382beff
T2,linear-PCA,linear-PCA,floor,D383,C2_lodo_D383,,predictions/C2/C2_LODO__linear-PCA__C2_lodo_D383.npz,5c298c0b3286902472d9c4d34299dbc510d33bf9b52b41222e40982725cdab0f
T2,linear-PCA,linear-PCA,floor,D387,C2_lodo_D387,,predictions/C2/C2_LODO__linear-PCA__C2_lodo_D387.npz,27c72eb05bfcd32f89a85e6f04820e3e5b272022c629b58bd9257cbe27cb3078
T2,linear-PCA,linear-PCA,floor,D388,C2_lodo_D388,,predictions/C2/C2_LODO__linear-PCA__C2_lodo_D388.npz,2309faedde8b4f48b0cc931305696e53378f21373978826773c309ee9528c25f
T2,linear-PCA,linear-PCA,floor,D389,C2_lodo_D389,,predictions/C2/C2_LODO__linear-PCA__C2_lodo_D389.npz,1717fa5216ba40c9499d0d5c0bc562b9aa049a4a3f482a1fec51850a55082b0c
T2,linear-PCA,linear-PCA,floor,D390,C2_lodo_D390,,predictions/C2/C2_LODO__linear-PCA__C2_lodo_D390.npz,103bfc300d20ad631819d56cf0e00038da412b07f164414456c61345a85ded27
T2,linear-PCA,linear-PCA,floor,D391,C2_lodo_D391,,predictions/C2/C2_LODO__linear-PCA__C2_lodo_D391.npz,e6d51a362fbac3b7d830babbd7a018be76f137dd55a0abf3aca27db0fa4806e7
T2,linear-PCA,linear-PCA,floor,D392,C2_lodo_D392,,predictions/C2/C2_LODO__linear-PCA__C2_lodo_D392.npz,8d74873478078560d89d0283b56b5587f043c7f853eee1b21e7810262648d1d5
T2,linear-PCA,linear-PCA,floor,D393,C2_lodo_D393,,predictions/C2/C2_LODO__linear-PCA__C2_lodo_D393.npz,172cbb7e1cac3ce858e581a931c0af2ed8829d72bc8ed486d61aad8a213249d8
T2,linear-PCA,linear-PCA,floor,D394,C2_lodo_D394,,predictions/C2/C2_LODO__linear-PCA__C2_lodo_D394.npz,aaa46f910477c0395045c707a8d41d1b17f1f9493b4ef5d4e7f18f71158a6cbd
T2,linear-PCA,linear-PCA,floor,D395,C2_lodo_D395,,predictions/C2/C2_LODO__linear-PCA__C2_lodo_D395.npz,5cbcfce87b75a3e8fc43788252c8a3abb1160b0b0b780810f0b577a0531e3484
T2,linear-PCA,linear-PCA,floor,D396,C2_lodo_D396,,predictions/C2/C2_LODO__linear-PCA__C2_lodo_D396.npz,ba15d77aaebc7434f2b48f9f43990df6aae28196affb5f473b45b945e8a9bd98
T2,linear-PCA,linear-PCA,floor,D397,C2_lodo_D397,,predictions/C2/C2_LODO__linear-PCA__C2_lodo_D397.npz,fd0d78ea7651730571ca2b30895c00ab0ee897e91840ee215279688bb846ee2b
T2,linear-PCA,linear-PCA,floor,D398,C2_lodo_D398,,predictions/C2/C2_LODO__linear-PCA__C2_lodo_D398.npz,2bafe586d9c86f0a3abf5af5edc1de484cb46ed2761e9d52c73e66b5ed16a5ff
T2,linear-PCA,linear-PCA,floor,D405,C2_lodo_D405,,predictions/C2/C2_LODO__linear-PCA__C2_lodo_D405.npz,57945a00084f2a6a6db1321e754c711f89ad008aa0d3e51146618dbc2a877174
T2,linear-PCA,linear-PCA,floor,D406,C2_lodo_D406,,predictions/C2/C2_LODO__linear-PCA__C2_lodo_D406.npz,fa51451db24679d1fe63a5ff96a765d4135502249fcde1ae9ab50562d9ca9c01
T2,linear-PCA,linear-PCA,floor,D407,C2_lodo_D407,,predictions/C2/C2_LODO__linear-PCA__C2_lodo_D407.npz,0301294c549b2dc13e00d4c33f0ec9359891e13aaa07b64d269b0dc36352c389
T2,linear-PCA,linear-PCA,floor,D408,C2_lodo_D408,,predictions/C2/C2_LODO__linear-PCA__C2_lodo_D408.npz,00e3e11379d538ef6a7048ccf3c0c779218999bf8dcc0803d731d05a4a18b7ab
T2,linear-PCA,linear-PCA,floor,D409,C2_lodo_D409,,predictions/C2/C2_LODO__linear-PCA__C2_lodo_D409.npz,4d545564164b5dfdc90045a3c69f8682267f552c4ab37a8458016d027703e9ca
T2,linear-PCA,linear-PCA,floor,D410,C2_lodo_D410,,predictions/C2/C2_LODO__linear-PCA__C2_lodo_D410.npz,faafe42b96015e158d7b88466a5c9e8bee230c286861fe4823c4a6da4e1daaea
T2,linear-PCA,linear-PCA,floor,D411,C2_lodo_D411,,predictions/C2/C2_LODO__linear-PCA__C2_lodo_D411.npz,ef39340b03dbf9328aea4bfd922d526034c478b41fcf1d96f3e1815f8e364dd3
T2,linear-PCA,linear-PCA,floor,D412,C2_lodo_D412,,predictions/C2/C2_LODO__linear-PCA__C2_lodo_D412.npz,3c5251ea884ef624306c40ec18ec5e11fde6d07b0f56ecef4e5451e0097f9177
T2,linear-PCA,linear-PCA,floor,D413,C2_lodo_D413,,predictions/C2/C2_LODO__linear-PCA__C2_lodo_D413.npz,a16e5240d268eb42f318166c5ff5a78e0063aa8eb52e8868505b460b46c67a6c
T2,linear-PCA,linear-PCA,floor,D414,C2_lodo_D414,,predictions/C2/C2_LODO__linear-PCA__C2_lodo_D414.npz,21b6f12f993e7b829ea761ecf9675f3d1b50b8ebb0ceb0de8018376e2a13f1ec
T2,linear-PCA,linear-PCA,floor,D415,C2_lodo_D415,,predictions/C2/C2_LODO__linear-PCA__C2_lodo_D415.npz,228ee1eb07bedc8b65c59ea0273d13d87b9d7667b6ccea471769adea064d4da0
T2,linear-PCA,linear-PCA,floor,D416,C2_lodo_D416,,predictions/C2/C2_LODO__linear-PCA__C2_lodo_D416.npz,bc9100dc37ed07c06f5c34aa68e727d45085fbb7be0d1a3b95ca4102e022bd14
T2,linear-PCA,linear-PCA,floor,D417,C2_lodo_D417,,predictions/C2/C2_LODO__linear-PCA__C2_lodo_D417.npz,e7fd729ff749b7a6bf4d9fbfab307ce2d04c3248d079e205ba69c0c08aeaf371
T2,linear-PCA,linear-PCA,floor,D418,C2_lodo_D418,,predictions/C2/C2_LODO__linear-PCA__C2_lodo_D418.npz,f1e6987fd3705a9483b5e76e898af28435ce5efa5e4b086de6d0d6a21c239256
T2,linear-PCA,linear-PCA,floor,D419,C2_lodo_D419,,predictions/C2/C2_LODO__linear-PCA__C2_lodo_D419.npz,a496894e1c3db772acdef9c9274b989a61b85875c5db8044882c8cf14e40e6cb
T2,linear-PCA,linear-PCA,floor,D420,C2_lodo_D420,,predictions/C2/C2_LODO__linear-PCA__C2_lodo_D420.npz,52610c50f3c209109f3b2a3fd7f0c22f97daecd2363c91313c1000b04035d3e7
T2,linear-PCA,linear-PCA,floor,D421,C2_lodo_D421,,predictions/C2/C2_LODO__linear-PCA__C2_lodo_D421.npz,c11a26f9db1c17d9504b51486ebbadbd52f8aa06dd19cb7278a65b1c1a6851f0
T2,linear-PCA,linear-PCA,floor,D422,C2_lodo_D422,,predictions/C2/C2_LODO__linear-PCA__C2_lodo_D422.npz,d7f71d5b81e998f4dc50f622db4411be6452a5ac2bf09c7d4caa324494f25dde
T2,linear-PCA,linear-PCA,floor,D423,C2_lodo_D423,,predictions/C2/C2_LODO__linear-PCA__C2_lodo_D423.npz,3013c4020d1337971dd00ee52c05d17c3f27c6959b183d87e6744a4348a34af7
T2,linear-PCA,linear-PCA,floor,D424,C2_lodo_D424,,predictions/C2/C2_LODO__linear-PCA__C2_lodo_D424.npz,0a88c99d4266bdce3703df2792e06ba99a249aea13d391b62fca83fc6b7e2cd1
T2,linear-PCA,linear-PCA,floor,D425,C2_lodo_D425,,predictions/C2/C2_LODO__linear-PCA__C2_lodo_D425.npz,41cfc760c906134d63148eff2785716be0ae3ad1da8c3a62d63da0cdb2bd463a
T2,linear-PCA,linear-PCA,floor,D426,C2_lodo_D426,,predictions/C2/C2_LODO__linear-PCA__C2_lodo_D426.npz,5449516e814764788e61b5f8452c92c3f559fd22fef1b715fbb4e9c5cb2e3fb9
T2,linear-PCA,linear-PCA,floor,D427,C2_lodo_D427,,predictions/C2/C2_LODO__linear-PCA__C2_lodo_D427.npz,1b17c9af291c3292fdc9afccf502dbca8c7d25663a75d247e514608f86b7e8ee
T2,linear-PCA,linear-PCA,floor,D428,C2_lodo_D428,,predictions/C2/C2_LODO__linear-PCA__C2_lodo_D428.npz,45194a0df7274fac7b30cf5d27a82a5f0814ce88a15a4379fed5f04096364fe6
T2,linear-PCA,linear-PCA,floor,D429,C2_lodo_D429,,predictions/C2/C2_LODO__linear-PCA__C2_lodo_D429.npz,e87d53e5495614803cce20beed391e68a9bf018dddb7de66877aa76f3f54737f
T2,linear-PCA,linear-PCA,floor,D430,C2_lodo_D430,,predictions/C2/C2_LODO__linear-PCA__C2_lodo_D430.npz,eea913e1470c939383cf1691111081e56ab42de011fbee0b60bb54ecbc06e1c2
T2,linear-PCA,linear-PCA,floor,D431,C2_lodo_D431,,predictions/C2/C2_LODO__linear-PCA__C2_lodo_D431.npz,4085c24d90704f046041850e75219b2d28cd4fbbf4f5253ee10e0bf35f4b8b5e
T2,linear-PCA,linear-PCA,floor,D432,C2_lodo_D432,,predictions/C2/C2_LODO__linear-PCA__C2_lodo_D432.npz,54fd5f5f2eb1c171b26bc1be6119da2dae5426afd8e94ee5a89a5439556df061
T2,linear-PCA,linear-PCA,floor,D433,C2_lodo_D433,,predictions/C2/C2_LODO__linear-PCA__C2_lodo_D433.npz,f9fb4a528f96a38f3b632dd594c78a3de61480365a81b6c173187771129aa924
T2,linear-PCA,linear-PCA,floor,D434,C2_lodo_D434,,predictions/C2/C2_LODO__linear-PCA__C2_lodo_D434.npz,20339401f28194ad7a3bf6c33cd2b12190e9f29b2af0f771e589415e1dc28367
T2,linear-PCA,linear-PCA,floor,D435,C2_lodo_D435,,predictions/C2/C2_LODO__linear-PCA__C2_lodo_D435.npz,5ea0e2beea08505ad24a17eda03655a09c5dd38c1f30a09f2f57a828fbff2253
T2,linear-PCA,linear-PCA,floor,D436,C2_lodo_D436,,predictions/C2/C2_LODO__linear-PCA__C2_lodo_D436.npz,cf4d2938af2af808f53fe28a1fd5c6865af77ba050903f639f57f46d47e43d25
T2,linear-PCA,linear-PCA,floor,D439,C2_lodo_D439,,predictions/C2/C2_LODO__linear-PCA__C2_lodo_D439.npz,750f01bcccbc1a8733c0e904a6eca13754e2c663ae91963ce0812a32f4cc3439
T2,linear-PCA,linear-PCA,floor,D440,C2_lodo_D440,,predictions/C2/C2_LODO__linear-PCA__C2_lodo_D440.npz,a4cf977d898f684bb6015fb93f392610279ce6127c0591b4076cacf5a45a965e
T2,linear-PCA,linear-PCA,floor,D441,C2_lodo_D441,,predictions/C2/C2_LODO__linear-PCA__C2_lodo_D441.npz,db17bbc5dc557b630c10fb86c409949dc28f9f7855e98228af143565cb9d6c4b
T2,linear-PCA,linear-PCA,floor,D442,C2_lodo_D442,,predictions/C2/C2_LODO__linear-PCA__C2_lodo_D442.npz,14abd1bf52904eb590d745b02390ea7b2ba101d9cf0d84336b080911904bac33
T2,linear-PCA,linear-PCA,floor,D443,C2_lodo_D443,,predictions/C2/C2_LODO__linear-PCA__C2_lodo_D443.npz,cf02c5e7836cf93498420a144e3e10ff32e69ffcd05007a419fcef1836f0ffd4
T2,linear-PCA,linear-PCA,floor,D445,C2_lodo_D445,,predictions/C2/C2_LODO__linear-PCA__C2_lodo_D445.npz,ab43ad37402086afdae406e737d9e391eb79cc7e729442d18b3c5c7b9ff84085
T2,linear-PCA,linear-PCA,floor,D446,C2_lodo_D446,,predictions/C2/C2_LODO__linear-PCA__C2_lodo_D446.npz,3e3c22363fe18bbe4ea0e5dee5389baf5828fd7d8aaf2c2f0e1929f962c85976
T2,linear-PCA,linear-PCA,floor,D447,C2_lodo_D447,,predictions/C2/C2_LODO__linear-PCA__C2_lodo_D447.npz,a4d2d6bc9a3ff0194d7eb2fbdedc88788003bcbfb780fa7f605e21477aa1b6fd
T2,linear-PCA,linear-PCA,floor,D448,C2_lodo_D448,,predictions/C2/C2_LODO__linear-PCA__C2_lodo_D448.npz,eeea9fea2c05022ef03eefdf98d8f15fadd305a9cbf6989625db7a4f6bf8a4f9
T2,linear-PCA,linear-PCA,floor,D449,C2_lodo_D449,,predictions/C2/C2_LODO__linear-PCA__C2_lodo_D449.npz,633bbb6ca738d67dcaa0f43e062358058e0619906d6b5ce1a7eb0dbde0915e0c
T2,linear-PCA,linear-PCA,floor,D450,C2_lodo_D450,,predictions/C2/C2_LODO__linear-PCA__C2_lodo_D450.npz,cd2ff4a4b837408559dbe8ed47fbafdcc4b202f851f2df3365041ad8272f4060
T2,linear-PCA,linear-PCA,floor,D451,C2_lodo_D451,,predictions/C2/C2_LODO__linear-PCA__C2_lodo_D451.npz,a3005e18b6d5ff922da93301f7c95b12028bbe5253e212a61058b0caded3ffec
T2,linear-PCA,linear-PCA,floor,D452,C2_lodo_D452,,predictions/C2/C2_LODO__linear-PCA__C2_lodo_D452.npz,ca23501b8f9ba2b458ab19c7bf1bf1cf81370825f4bef152f8b33d9891b41e09
T2,linear-PCA,linear-PCA,floor,D453,C2_lodo_D453,,predictions/C2/C2_LODO__linear-PCA__C2_lodo_D453.npz,a0aa83100966242f92495f897f76487b15d61d46b38b772b16df0ce147e8028f
T2,linear-PCA,linear-PCA,floor,D454,C2_lodo_D454,,predictions/C2/C2_LODO__linear-PCA__C2_lodo_D454.npz,abf38a1e7ca6ed55b761024ee4a700c2e3df60ad78f2bd6ea84e6a2c158f7ed8
T2,linear-PCA,linear-PCA,floor,D455,C2_lodo_D455,,predictions/C2/C2_LODO__linear-PCA__C2_lodo_D455.npz,127fb161a6ed3bce172b337a3bbaf739f3369437c173fa381eb593846f26a40c
T2,linear-PCA,linear-PCA,floor,D456,C2_lodo_D456,,predictions/C2/C2_LODO__linear-PCA__C2_lodo_D456.npz,00e2d309ebda20b9166bb57a0b3465c8ffade8843ac5f75b79b5105a99e49f4a
T2,linear-PCA,linear-PCA,floor,D457,C2_lodo_D457,,predictions/C2/C2_LODO__linear-PCA__C2_lodo_D457.npz,be2cdcfd39a7c460fe0456092a4d3b85ca4f8fad035842226f173edce505429f
T2,linear-PCA,linear-PCA,floor,D458,C2_lodo_D458,,predictions/C2/C2_LODO__linear-PCA__C2_lodo_D458.npz,86c5b957bdb0dec5eca2053d90c421fd49f2594316168ce8afd631a65d16dcaf
T2,linear-PCA,linear-PCA,floor,D459,C2_lodo_D459,,predictions/C2/C2_LODO__linear-PCA__C2_lodo_D459.npz,84b8641e21a02a887bac8ca7a9446d224474da59cd03e15359e5ad0f2cb67bea
T2,linear-PCA,linear-PCA,floor,D460,C2_lodo_D460,,predictions/C2/C2_LODO__linear-PCA__C2_lodo_D460.npz,fbdc83ed50965cc0679eb5b2c334883a1e7913e219464e102a2baeab95abe73b
T2,linear-PCA,linear-PCA,floor,D461,C2_lodo_D461,,predictions/C2/C2_LODO__linear-PCA__C2_lodo_D461.npz,1f215620312b77f152552c629dcccfe0e4b08fa0dceecad29f203fae52b0d4f1
T2,linear-PCA,linear-PCA,floor,D462,C2_lodo_D462,,predictions/C2/C2_LODO__linear-PCA__C2_lodo_D462.npz,5a1f57f6aa10228f7cbc9529a0560b855f4d0cd40c499c958fc5a70193edf473
T2,linear-PCA,linear-PCA,floor,D463,C2_lodo_D463,,predictions/C2/C2_LODO__linear-PCA__C2_lodo_D463.npz,f0191e655b511653f5b87fe50b25f15ba6224f987c2ecb47d7c8a8b83db93246
T2,linear-PCA,linear-PCA,floor,D464,C2_lodo_D464,,predictions/C2/C2_LODO__linear-PCA__C2_lodo_D464.npz,38d46806a840752dd347719231c5edcab45d4d56bafac6854fcfbd02d4f1355e
T2,linear-PCA,linear-PCA,floor,D465,C2_lodo_D465,,predictions/C2/C2_LODO__linear-PCA__C2_lodo_D465.npz,110f07b59dc3b80efb453a7a5b79697a2af4a22041cac553099af72441219e3c
T2,linear-PCA,linear-PCA,floor,D466,C2_lodo_D466,,predictions/C2/C2_LODO__linear-PCA__C2_lodo_D466.npz,0b73ccee0fd2a97551963db24a23ac080029d3384ebceebfe507b338af415e7d
T2,linear-PCA,linear-PCA,floor,D481,C2_lodo_D481,,predictions/C2/C2_LODO__linear-PCA__C2_lodo_D481.npz,174449052a2eea91f36834ba19132d8db9d788bd14ac24488aa94e55c8df6a78
T2,linear-PCA,linear-PCA,floor,D482,C2_lodo_D482,,predictions/C2/C2_LODO__linear-PCA__C2_lodo_D482.npz,0604d49de5dbb8fc6a7d41ade2106c8e8fd8052af6b71c5e5e0577f42649afa9
T2,linear-PCA,linear-PCA,floor,D483,C2_lodo_D483,,predictions/C2/C2_LODO__linear-PCA__C2_lodo_D483.npz,42b2337d49d60e8cb9fe09ed73096bcde19c6e8cc5dc2c3f8759f60f27e585ac
T2,linear-PCA,linear-PCA,floor,D484,C2_lodo_D484,,predictions/C2/C2_LODO__linear-PCA__C2_lodo_D484.npz,3fc76a901f431e4d5889536ac8b8cbb7d194cf25f69f983ebb82ccebe864db97
T2,linear-PCA,linear-PCA,floor,D485,C2_lodo_D485,,predictions/C2/C2_LODO__linear-PCA__C2_lodo_D485.npz,7f4d84c8f2ee2f38f9d36a93bc24d8d5a2a2e79ec055d13a9e62051d9406edf3
T2,scGen,scGen,method,D348,C2_lodo_D348,,predictions/C2/C2_LODO__scGen__C2_lodo_D348.npz,8c17f127325eee3bd4bba90b0efe2cf7b851373a4789981d160e4cd0423e0d45
T2,scGen,scGen,method,D349,C2_lodo_D349,,predictions/C2/C2_LODO__scGen__C2_lodo_D349.npz,16d4280e1cabfdad17edabfc489279d43be48cff3c99fd45cbb1423fab01b3ed
T2,scGen,scGen,method,D350,C2_lodo_D350,,predictions/C2/C2_LODO__scGen__C2_lodo_D350.npz,9cb04b488259b1ce2a408317aea0fdf919a9b856ab2e0ffec2c9f5c9de25fad2
T2,scGen,scGen,method,D351,C2_lodo_D351,,predictions/C2/C2_LODO__scGen__C2_lodo_D351.npz,e3fea4e7a47abe219eb6d5ccf0a9741887a3c2ed4394d6ee9879b7fe90188e1e
T2,scGen,scGen,method,D352,C2_lodo_D352,,predictions/C2/C2_LODO__scGen__C2_lodo_D352.npz,eae91e6afe952d291c6d5a6f64f8ed17453960594cbb05db55448ded80003412
T2,scGen,scGen,method,D353,C2_lodo_D353,,predictions/C2/C2_LODO__scGen__C2_lodo_D353.npz,f949d09d174485fe7cb895b4276e45c18dee6420f7f67e2cb54821a0bade6877
T2,scGen,scGen,method,D354,C2_lodo_D354,,predictions/C2/C2_LODO__scGen__C2_lodo_D354.npz,e266da0bb56c10f76d5516c6d0712d4c534821a3093dd5a659b0e0abe3766e8d
T2,scGen,scGen,method,D355,C2_lodo_D355,,predictions/C2/C2_LODO__scGen__C2_lodo_D355.npz,33b9be0f9f044bb59488a7cd36111f57d395cf38dc55f9cbf713285781a19289
T2,scGen,scGen,method,D356,C2_lodo_D356,,predictions/C2/C2_LODO__scGen__C2_lodo_D356.npz,c15566154b3b6042ee729d264695a8c6b3475712570448cb77c016607a315676
T2,scGen,scGen,method,D357,C2_lodo_D357,,predictions/C2/C2_LODO__scGen__C2_lodo_D357.npz,afb1125bb5a63acfee6a74ed8cfc170f6006050cbf4a9aa7d729019640fabeb3
T2,scGen,scGen,method,D358,C2_lodo_D358,,predictions/C2/C2_LODO__scGen__C2_lodo_D358.npz,7cf48eabc3fa3fae1ad2bd869fdd3edd9cac5c0b023859734a17f36f7e92dffa
T2,scGen,scGen,method,D359,C2_lodo_D359,,predictions/C2/C2_LODO__scGen__C2_lodo_D359.npz,90391add9e377f60bff2428681a3d720b6aa3d7b985728eff8b884c41de25d0a
T2,scGen,scGen,method,D363,C2_lodo_D363,,predictions/C2/C2_LODO__scGen__C2_lodo_D363.npz,96dc5264dfaf732e75f607b03958bb7c91b09e523bab39685c52bb062bab6b7d
T2,scGen,scGen,method,D364,C2_lodo_D364,,predictions/C2/C2_LODO__scGen__C2_lodo_D364.npz,47783aa867f7572071515454036489706d1e8471670e8d4a83a355b51bd128ea
T2,scGen,scGen,method,D365,C2_lodo_D365,,predictions/C2/C2_LODO__scGen__C2_lodo_D365.npz,ff0a83e64fd16a5f48f0b1917b481b19ef65afd9961c4c23707ad9d219d83204
T2,scGen,scGen,method,D366,C2_lodo_D366,,predictions/C2/C2_LODO__scGen__C2_lodo_D366.npz,661c80e675202922845ffa76213b78fcf13a5fe871fb99e24b9fd94a487eb142
T2,scGen,scGen,method,D367,C2_lodo_D367,,predictions/C2/C2_LODO__scGen__C2_lodo_D367.npz,3771c8f331c5decc9d23a08227c0c58f576ebae710b87d563e25d55d7f83d702
T2,scGen,scGen,method,D368,C2_lodo_D368,,predictions/C2/C2_LODO__scGen__C2_lodo_D368.npz,f1e5c974cf94259c2383f787c3ad03d0d32b9e5f3905b7e21ca8a1e28061d57b
T2,scGen,scGen,method,D369,C2_lodo_D369,,predictions/C2/C2_LODO__scGen__C2_lodo_D369.npz,2755135d667be3063090011694d4619e9bab39e79d3d4ad8e04cd4b2f898ad77
T2,scGen,scGen,method,D370,C2_lodo_D370,,predictions/C2/C2_LODO__scGen__C2_lodo_D370.npz,9f4b4d8740641b36c4075c72131954fb05d665c951695234eeebcdea784e749e
T2,scGen,scGen,method,D371,C2_lodo_D371,,predictions/C2/C2_LODO__scGen__C2_lodo_D371.npz,443dbcce92d4d1db4d3a1252430992e6cff7ad197d4c1051b127993dd576afb7
T2,scGen,scGen,method,D372,C2_lodo_D372,,predictions/C2/C2_LODO__scGen__C2_lodo_D372.npz,9ecb7cc27bb4395d4f0aa0c5e439860df07d87ad0696acade3b0974ad9981294
T2,scGen,scGen,method,D373,C2_lodo_D373,,predictions/C2/C2_LODO__scGen__C2_lodo_D373.npz,4f517cc343213912ccd26ca399a350f2ca22373c977674148510b25a5d6493c3
T2,scGen,scGen,method,D374,C2_lodo_D374,,predictions/C2/C2_LODO__scGen__C2_lodo_D374.npz,a26a857e38ac8be35c24693dccd670b6833583d30cf8b85ce6777b2bd379ae2e
T2,scGen,scGen,method,D378,C2_lodo_D378,,predictions/C2/C2_LODO__scGen__C2_lodo_D378.npz,239e9c00ca08ad82f728dd948f81fbb2ded1eaf2b9117c20d90a2e9606828bff
T2,scGen,scGen,method,D379,C2_lodo_D379,,predictions/C2/C2_LODO__scGen__C2_lodo_D379.npz,fc8580411ef10b8cf1b5e222d77fd330c82f5154bdd1d81215ea2f3a453dbe1b
T2,scGen,scGen,method,D380,C2_lodo_D380,,predictions/C2/C2_LODO__scGen__C2_lodo_D380.npz,ad9f067bbe338e657ba653cd4e4f5c76957a59d9f1a0e7dc8d7a99684f694a51
T2,scGen,scGen,method,D381,C2_lodo_D381,,predictions/C2/C2_LODO__scGen__C2_lodo_D381.npz,646e502c687469fd4648069af75621839c5b107e6933d6f010ac323e03c0b8a8
T2,scGen,scGen,method,D382,C2_lodo_D382,,predictions/C2/C2_LODO__scGen__C2_lodo_D382.npz,80215d418e2fb448f6b871fbe609f1ba35508f6201a416f285672eefa7214f31
T2,scGen,scGen,method,D383,C2_lodo_D383,,predictions/C2/C2_LODO__scGen__C2_lodo_D383.npz,8f5ef60416cc620396d156e9e89e1ca5ad0be39e181185ef57f240818a53fd7b
T2,scGen,scGen,method,D387,C2_lodo_D387,,predictions/C2/C2_LODO__scGen__C2_lodo_D387.npz,163b41572c2e546f741ef6a3b477f81110aa0f59b2e36f066982472d25e98137
T2,scGen,scGen,method,D388,C2_lodo_D388,,predictions/C2/C2_LODO__scGen__C2_lodo_D388.npz,0c7e581f0f0b0e24b148b3ffeb041e78328ce77045e4c2d089b1c352166f3e73
T2,scGen,scGen,method,D389,C2_lodo_D389,,predictions/C2/C2_LODO__scGen__C2_lodo_D389.npz,2eb697684be40a78d4811bba9b4af031f2294111912573b35ca45ad10417118f
T2,scGen,scGen,method,D390,C2_lodo_D390,,predictions/C2/C2_LODO__scGen__C2_lodo_D390.npz,47f5f1ad1f6e0391af6294ddc4977bfbcac3bbd8d19af74bd188c1f42748cebd
T2,scGen,scGen,method,D391,C2_lodo_D391,,predictions/C2/C2_LODO__scGen__C2_lodo_D391.npz,da6c27c02557880b2bab4dc74989dc8d387b72bf26436b8d59d3fdc5e62ddb3a
T2,scGen,scGen,method,D392,C2_lodo_D392,,predictions/C2/C2_LODO__scGen__C2_lodo_D392.npz,f29b4b1a8f2a35273090376a07d1815a5a820facf5559482b448c15344dc3c7e
T2,scGen,scGen,method,D393,C2_lodo_D393,,predictions/C2/C2_LODO__scGen__C2_lodo_D393.npz,4ee3639e086f7643201c3231a88e5fdbb03a5bebca576995477bd126193a853f
T2,scGen,scGen,method,D394,C2_lodo_D394,,predictions/C2/C2_LODO__scGen__C2_lodo_D394.npz,09eb463c1bccc3a3f754fdab45405af9c10df9f657851b3de2b6890a7dd503fa
T2,scGen,scGen,method,D395,C2_lodo_D395,,predictions/C2/C2_LODO__scGen__C2_lodo_D395.npz,cd9db92949d758ded7e56d754dcee125e023da3cb7f1ee06b173dc4584fea72e
T2,scGen,scGen,method,D396,C2_lodo_D396,,predictions/C2/C2_LODO__scGen__C2_lodo_D396.npz,084e0bbcec2934a5c93c4ecb7bade8b80a436247dc55c4deaa02199585716c27
T2,scGen,scGen,method,D397,C2_lodo_D397,,predictions/C2/C2_LODO__scGen__C2_lodo_D397.npz,23e1f8cd698929d6dfd6bd78bb35d0bc555c403ec7ff57366beb9114a715bbc9
T2,scGen,scGen,method,D398,C2_lodo_D398,,predictions/C2/C2_LODO__scGen__C2_lodo_D398.npz,1716fdf838e53c518a399c0a35756837d8ea9142422be978811228742d3cb189
T2,scGen,scGen,method,D405,C2_lodo_D405,,predictions/C2/C2_LODO__scGen__C2_lodo_D405.npz,2095bbf9df0cb8a30b134f0b4e6f353bc254da3fdb0eb266f7ef4365f97482ea
T2,scGen,scGen,method,D406,C2_lodo_D406,,predictions/C2/C2_LODO__scGen__C2_lodo_D406.npz,2c78d2fed5d5df53136bc36264d7dfb5d5ec69cbbf48ca64d1cfc27e87c91762
T2,scGen,scGen,method,D407,C2_lodo_D407,,predictions/C2/C2_LODO__scGen__C2_lodo_D407.npz,ebaf3ca6eeda252c8393426864638ffb3be1b4e00c4cb5acf96aa243a054b180
T2,scGen,scGen,method,D408,C2_lodo_D408,,predictions/C2/C2_LODO__scGen__C2_lodo_D408.npz,bed69764973786d84a2110a07b4db0d8dd325239105305deb61f33deeb98db9f
T2,scGen,scGen,method,D409,C2_lodo_D409,,predictions/C2/C2_LODO__scGen__C2_lodo_D409.npz,b3f92667f6e1b45dadc80f6409007e5a038a6760d9af00a5710538d237c61515
T2,scGen,scGen,method,D410,C2_lodo_D410,,predictions/C2/C2_LODO__scGen__C2_lodo_D410.npz,84587a4e3a8d69d34bc84701bb1c6ca21b770ab2218a89ab8090fb8b5bf55236
T2,scGen,scGen,method,D411,C2_lodo_D411,,predictions/C2/C2_LODO__scGen__C2_lodo_D411.npz,f4793f73e8b08ebb2335f7b348f3d2b7c5bfb9229a86cfca95337291f4f60811
T2,scGen,scGen,method,D412,C2_lodo_D412,,predictions/C2/C2_LODO__scGen__C2_lodo_D412.npz,5ba024cc4c02cbfa72bc6f5c3e53bd4c63cfd56901ee37009e397b4fb5768bf0
T2,scGen,scGen,method,D413,C2_lodo_D413,,predictions/C2/C2_LODO__scGen__C2_lodo_D413.npz,6bab89617546a253360e201067109765ee1c6e51a403a2bd16a31729b692ad8f
T2,scGen,scGen,method,D414,C2_lodo_D414,,predictions/C2/C2_LODO__scGen__C2_lodo_D414.npz,8553d7beeac688d9af6ee2db22f55ee119c12d6c1f773810f734236ae36fd3ad
T2,scGen,scGen,method,D415,C2_lodo_D415,,predictions/C2/C2_LODO__scGen__C2_lodo_D415.npz,8936f393d79f39aac430bdd4ea0d7cb3a07038da51dbfc871a97f4efba102c09
T2,scGen,scGen,method,D416,C2_lodo_D416,,predictions/C2/C2_LODO__scGen__C2_lodo_D416.npz,588b0be701008ede633701edc0d5c7cdf5bd384cd3ecc3b39826c6aff95db21d
T2,scGen,scGen,method,D417,C2_lodo_D417,,predictions/C2/C2_LODO__scGen__C2_lodo_D417.npz,7083fdfebf3a156554f32d43b26a801f2e6053e0c9c9edf379ebddaf375ab0e9
T2,scGen,scGen,method,D418,C2_lodo_D418,,predictions/C2/C2_LODO__scGen__C2_lodo_D418.npz,892efb8ed2c2ba904c9adda9672e1820c01b1abdf40b03a10d6255b624070716
T2,scGen,scGen,method,D419,C2_lodo_D419,,predictions/C2/C2_LODO__scGen__C2_lodo_D419.npz,dcfd66d94e1e727ec9c88670bb43433c33618eae1dc48a089c53fc7f61030343
T2,scGen,scGen,method,D420,C2_lodo_D420,,predictions/C2/C2_LODO__scGen__C2_lodo_D420.npz,1a969c6560228eca4abc11acda23717193e1c20a1bc3f6e30c5176b7d4258346
T2,scGen,scGen,method,D421,C2_lodo_D421,,predictions/C2/C2_LODO__scGen__C2_lodo_D421.npz,719a4980b06764b2f213a21834770d79d43cc9f5f827acd9b676a2572bc2a9bb
T2,scGen,scGen,method,D422,C2_lodo_D422,,predictions/C2/C2_LODO__scGen__C2_lodo_D422.npz,ac45a539fdc532f662581cd5a7e4e33e8446a159a04b27bbdf84c7fd53195069
T2,scGen,scGen,method,D423,C2_lodo_D423,,predictions/C2/C2_LODO__scGen__C2_lodo_D423.npz,003544679b353bd8a4336b5ed1ffc24fd668cd8647a50927be1e523b4da5aa61
T2,scGen,scGen,method,D424,C2_lodo_D424,,predictions/C2/C2_LODO__scGen__C2_lodo_D424.npz,bed042766faab5166cbe7cc570a149a2a06b1084ae96706df5940a5afc79a700
T2,scGen,scGen,method,D425,C2_lodo_D425,,predictions/C2/C2_LODO__scGen__C2_lodo_D425.npz,c9a7e1f661ac64106fd5e6af2b50131711144d11e68d397bfb1ed3efdc38f740
T2,scGen,scGen,method,D426,C2_lodo_D426,,predictions/C2/C2_LODO__scGen__C2_lodo_D426.npz,1213b3ce2fc779d881f56d4b4c45b7262461836d700df91fc4174a5aea4d85e6
T2,scGen,scGen,method,D427,C2_lodo_D427,,predictions/C2/C2_LODO__scGen__C2_lodo_D427.npz,ff485f880f54fc2cf1dcdedaaf55ae576bce8764ffdf53e9e3fe89758a744d86
T2,scGen,scGen,method,D428,C2_lodo_D428,,predictions/C2/C2_LODO__scGen__C2_lodo_D428.npz,10b80c46e1d1c23fe1653c7f526733d3b657e2a1250e764de5ff4f3377a661eb
T2,scGen,scGen,method,D429,C2_lodo_D429,,predictions/C2/C2_LODO__scGen__C2_lodo_D429.npz,1a36864b90603c19cdda63f90d5aa93627fe64f9cf50b7966f01f92415ca0c9e
T2,scGen,scGen,method,D430,C2_lodo_D430,,predictions/C2/C2_LODO__scGen__C2_lodo_D430.npz,093015e7a454073882f79b40d8a5011231b7dad33cf881d37c70baeda927bf8f
T2,scGen,scGen,method,D431,C2_lodo_D431,,predictions/C2/C2_LODO__scGen__C2_lodo_D431.npz,ec42006b9961f9ae07de218b0e7039db3bd23ecb9f3fc8cf9aed174d2b818764
T2,scGen,scGen,method,D432,C2_lodo_D432,,predictions/C2/C2_LODO__scGen__C2_lodo_D432.npz,ac20ab4f4efbfe3dc97989f34f0ac66a9680144badbcfad43a2985a7baefba60
T2,scGen,scGen,method,D433,C2_lodo_D433,,predictions/C2/C2_LODO__scGen__C2_lodo_D433.npz,4be6f762196e912ff829e6748cbc975b4a0ac21900236f5d558ca6c441fea3fd
T2,scGen,scGen,method,D434,C2_lodo_D434,,predictions/C2/C2_LODO__scGen__C2_lodo_D434.npz,5aad183cc045a0545d17520ae711490154e7895d295651f4bec08cfb7ef6530a
T2,scGen,scGen,method,D435,C2_lodo_D435,,predictions/C2/C2_LODO__scGen__C2_lodo_D435.npz,7249ce5ef4864e125432816d9ab4834afb1bbfb023092f782ea5e71ce4eb1438
T2,scGen,scGen,method,D436,C2_lodo_D436,,predictions/C2/C2_LODO__scGen__C2_lodo_D436.npz,2ce3c2ffe93b54a492a6f7c30ca309925b49877234633dd3a2627315e67584d9
T2,scGen,scGen,method,D439,C2_lodo_D439,,predictions/C2/C2_LODO__scGen__C2_lodo_D439.npz,29c06e7f3594af283218529aae7997c7dd7fa1978f40355211798e97938562fe
T2,scGen,scGen,method,D440,C2_lodo_D440,,predictions/C2/C2_LODO__scGen__C2_lodo_D440.npz,86d5d5fdb32be6073cb63b34b6a9ea158187824c1c6c35fffc4ff68cf94a904f
T2,scGen,scGen,method,D441,C2_lodo_D441,,predictions/C2/C2_LODO__scGen__C2_lodo_D441.npz,365b5f1a366505d64522de7926ded177f470d5fe9c41bfe1c48020a9ae277455
T2,scGen,scGen,method,D442,C2_lodo_D442,,predictions/C2/C2_LODO__scGen__C2_lodo_D442.npz,f5572c508e07f5b8bedf9ce80bd860104dfab177090fbea02f20597fbf9737a1
T2,scGen,scGen,method,D443,C2_lodo_D443,,predictions/C2/C2_LODO__scGen__C2_lodo_D443.npz,d7e5e75022fe7e1e55065d62eac16bfc498a06b163ff21f4c3ef3897d9bf466e
T2,scGen,scGen,method,D445,C2_lodo_D445,,predictions/C2/C2_LODO__scGen__C2_lodo_D445.npz,7860c6613fc4a51f1ee077451f7da4820ea6470ca72f2c42f04e1df47ce89174
T2,scGen,scGen,method,D446,C2_lodo_D446,,predictions/C2/C2_LODO__scGen__C2_lodo_D446.npz,1b75b74f342e90094e3ac401ac154488eaa4389bc0f64cdd52c66af70a9e8a55
T2,scGen,scGen,method,D447,C2_lodo_D447,,predictions/C2/C2_LODO__scGen__C2_lodo_D447.npz,bca839b4265fc9f19046ffbf077dcca9e64342a1624f0208910c95c6dd913819
T2,scGen,scGen,method,D448,C2_lodo_D448,,predictions/C2/C2_LODO__scGen__C2_lodo_D448.npz,54608424b9bbdca80021b440e176a155c59223ff08f4748425596d6e48f73191
T2,scGen,scGen,method,D449,C2_lodo_D449,,predictions/C2/C2_LODO__scGen__C2_lodo_D449.npz,45571afefe0947a3fee22fb01f1efd0143181436cbf5f31cdcb83100230cb66d
T2,scGen,scGen,method,D450,C2_lodo_D450,,predictions/C2/C2_LODO__scGen__C2_lodo_D450.npz,c3654f37b7cd170ec136810ba9f3d5537a2f60a0b3b01f661dc29e1824a8738d
T2,scGen,scGen,method,D451,C2_lodo_D451,,predictions/C2/C2_LODO__scGen__C2_lodo_D451.npz,e9bbbf807b8c86f3192c0cccb755a61e9e4412995a504cc65e6f5c99971cb198
T2,scGen,scGen,method,D452,C2_lodo_D452,,predictions/C2/C2_LODO__scGen__C2_lodo_D452.npz,d020b3f63e5a9f4fc03c901fe549dd8a08c6863a9dc3734bfe76a6c1103fb4ba
T2,scGen,scGen,method,D453,C2_lodo_D453,,predictions/C2/C2_LODO__scGen__C2_lodo_D453.npz,87fe846f3ffd67a6b6a9162b839527563c766fe9eed843498a5231f3f699951c
T2,scGen,scGen,method,D454,C2_lodo_D454,,predictions/C2/C2_LODO__scGen__C2_lodo_D454.npz,c4e0ef15abdfae63457bcdf5a509faca70da97cb70937a93610987086d2112ee
T2,scGen,scGen,method,D455,C2_lodo_D455,,predictions/C2/C2_LODO__scGen__C2_lodo_D455.npz,c5ac193116d1ab8b6ac935cca19895d644cb773357c9e3aab4b6e7b335914f7f
T2,scGen,scGen,method,D456,C2_lodo_D456,,predictions/C2/C2_LODO__scGen__C2_lodo_D456.npz,4214d0c3ac6d43f677a0b183185623d3ef20eaa46b544b4d1be01d8a92b4e3d6
T2,scGen,scGen,method,D457,C2_lodo_D457,,predictions/C2/C2_LODO__scGen__C2_lodo_D457.npz,10bb43752e6df3b9e8fddc9ee061da0ecf10713b1097e746578f40f39a703726
T2,scGen,scGen,method,D458,C2_lodo_D458,,predictions/C2/C2_LODO__scGen__C2_lodo_D458.npz,c03d60d6672ea66514849a5e090874df1bd998e1db9234ab7433dda5b0e18997
T2,scGen,scGen,method,D459,C2_lodo_D459,,predictions/C2/C2_LODO__scGen__C2_lodo_D459.npz,6854580e9ed0ac9ead1ea080f472216279a41aef05acfed473232e486f504992
T2,scGen,scGen,method,D460,C2_lodo_D460,,predictions/C2/C2_LODO__scGen__C2_lodo_D460.npz,ceaed2f88bf49d83625c589f5d62b826388c1b05132b467f02be4c7b0a4d9011
T2,scGen,scGen,method,D461,C2_lodo_D461,,predictions/C2/C2_LODO__scGen__C2_lodo_D461.npz,ca49f12cc049073f9360fde65308e646db2f701492886e3ba2d11a2f9c2dc884
T2,scGen,scGen,method,D462,C2_lodo_D462,,predictions/C2/C2_LODO__scGen__C2_lodo_D462.npz,67c4410ce68421a1eba53f1867e6cb7af9fefb8d017038a559b22c84617efda9
T2,scGen,scGen,method,D463,C2_lodo_D463,,predictions/C2/C2_LODO__scGen__C2_lodo_D463.npz,313eddbaedca07a754dec32a781e33e667f2664e94df6975bd93363e362c1c5e
T2,scGen,scGen,method,D464,C2_lodo_D464,,predictions/C2/C2_LODO__scGen__C2_lodo_D464.npz,c17b5c34751d913c9acbc4dd49cf1d21b02cdf44fd08f98105e7aa70a0c1b1cd
T2,scGen,scGen,method,D465,C2_lodo_D465,,predictions/C2/C2_LODO__scGen__C2_lodo_D465.npz,538f74ff4d7a8be3dc5f0e447696694a481f0d4535d6527474029c34496a36e0
T2,scGen,scGen,method,D466,C2_lodo_D466,,predictions/C2/C2_LODO__scGen__C2_lodo_D466.npz,f93725b5dc621f0fe75353e00ce9ab33dc8579514e333c8dacffef40afa7b87e
T2,scGen,scGen,method,D481,C2_lodo_D481,,predictions/C2/C2_LODO__scGen__C2_lodo_D481.npz,7a71ed0ddd3be966a62cabcc71d494e48ed70cf309487f31c975047669453ebd
T2,scGen,scGen,method,D482,C2_lodo_D482,,predictions/C2/C2_LODO__scGen__C2_lodo_D482.npz,04a9fedbe6698ae3dbd18947ba231cb005665ec8890087b4ac3c88f79b8f0ebb
T2,scGen,scGen,method,D483,C2_lodo_D483,,predictions/C2/C2_LODO__scGen__C2_lodo_D483.npz,f71a295674a5fdf49257ab827677c33d27e34757f3a825d3fe9e19611d1b0bef
T2,scGen,scGen,method,D484,C2_lodo_D484,,predictions/C2/C2_LODO__scGen__C2_lodo_D484.npz,c04a4e5f88e80c6d611589e835a192dce0aade22d9f74cf73d5c72bd8f6ab71b
T2,scGen,scGen,method,D485,C2_lodo_D485,,predictions/C2/C2_LODO__scGen__C2_lodo_D485.npz,f0221d3dee1559da43fb7b66e309a7e60beb44fe24d9d726f87c2a9de7e85b56
T2,CellOT,CellOT,method,D348,C2_soskic_LODO_D348,,predictions/C2/C2__CellOT__C2_soskic_LODO_D348.npz,b3aa11c916a9fbb3f4375a3ac19cea5dd08bb7544c0cfe18e4d142ea464220b3
T2,CellOT,CellOT,method,D349,C2_soskic_LODO_D349,,predictions/C2/C2__CellOT__C2_soskic_LODO_D349.npz,57afae3a98881b58a0ea3319ce31a08f8d603831a3d832cddc4afb7fa5f8522d
T2,CellOT,CellOT,method,D350,C2_soskic_LODO_D350,,predictions/C2/C2__CellOT__C2_soskic_LODO_D350.npz,275d02ac69e60e7c2c9932aea2c713bfbf7779b7911484887ae7c593662db86e
T2,CellOT,CellOT,method,D351,C2_soskic_LODO_D351,,predictions/C2/C2__CellOT__C2_soskic_LODO_D351.npz,bb57612dd20801e7f49709c12f54e1b01f86f2b88febfc787e7035a1da8185e5
T2,CellOT,CellOT,method,D352,C2_soskic_LODO_D352,,predictions/C2/C2__CellOT__C2_soskic_LODO_D352.npz,b886049cf0e4bb89819575f6a165c172ae7029255af41fc934daf23bd5576f2d
T2,CellOT,CellOT,method,D353,C2_soskic_LODO_D353,,predictions/C2/C2__CellOT__C2_soskic_LODO_D353.npz,cd660d8eac7846aa08522de2ec8cedc9dd48630a426d7815163d55c0de890fa4
T2,CellOT,CellOT,method,D354,C2_soskic_LODO_D354,,predictions/C2/C2__CellOT__C2_soskic_LODO_D354.npz,b15a53b93a03f716f19ee269d6c528552a723c1b7b493441703fff7b8a4531a2
T2,CellOT,CellOT,method,D355,C2_soskic_LODO_D355,,predictions/C2/C2__CellOT__C2_soskic_LODO_D355.npz,b16e8e03bf8bffc95e4e2e6a8be9f2dff2169e24bd02419b3e6732ec498b8a3b
T2,CellOT,CellOT,method,D356,C2_soskic_LODO_D356,,predictions/C2/C2__CellOT__C2_soskic_LODO_D356.npz,26a41e0f6142b2071b47b400b7fdca1d1c57c0085101d54179bd3db3e22b2ee4
T2,CellOT,CellOT,method,D357,C2_soskic_LODO_D357,,predictions/C2/C2__CellOT__C2_soskic_LODO_D357.npz,36bae17b43343f3de1375741d2481ba2e0d2ee6737992df7bcacbbd893592bce
T2,CellOT,CellOT,method,D358,C2_soskic_LODO_D358,,predictions/C2/C2__CellOT__C2_soskic_LODO_D358.npz,836a755de0f87848d7db1216cd73275de6abd1a2013ef87c2c20ea9dbe9278fd
T2,CellOT,CellOT,method,D359,C2_soskic_LODO_D359,,predictions/C2/C2__CellOT__C2_soskic_LODO_D359.npz,70bb4227a6939f5d99e689412ffa995bb5f807c05b6183cb787ccdd65ffec4e1
T2,CellOT,CellOT,method,D363,C2_soskic_LODO_D363,,predictions/C2/C2__CellOT__C2_soskic_LODO_D363.npz,83f7f1caa2d031b8453241d84eecdd6eb5ebd59170558b367f5555e4adba93fa
T2,CellOT,CellOT,method,D364,C2_soskic_LODO_D364,,predictions/C2/C2__CellOT__C2_soskic_LODO_D364.npz,2022abc042f1f49c33fcc029a93d0350f8ed25282a904e43222111e64229f09a
T2,CellOT,CellOT,method,D365,C2_soskic_LODO_D365,,predictions/C2/C2__CellOT__C2_soskic_LODO_D365.npz,404cf765fdb1a88668eda23c89f05a018ec26b216e7c6c0e1d3f1c757c3dbf60
T2,CellOT,CellOT,method,D366,C2_soskic_LODO_D366,,predictions/C2/C2__CellOT__C2_soskic_LODO_D366.npz,46b7828d2227683261acb8f51038d0f6828c891f5a2086adef46b72fc9e6ed89
T2,CellOT,CellOT,method,D367,C2_soskic_LODO_D367,,predictions/C2/C2__CellOT__C2_soskic_LODO_D367.npz,f9a631583270f6beb3c1de0c4b84ef3ebbdcec09e4231433741d88e445eccabe
T2,CellOT,CellOT,method,D368,C2_soskic_LODO_D368,,predictions/C2/C2__CellOT__C2_soskic_LODO_D368.npz,9135c9426c55a8235f4e9a9782985113cce48de6777f8d4ba96a7b74f561cf39
T2,CellOT,CellOT,method,D369,C2_soskic_LODO_D369,,predictions/C2/C2__CellOT__C2_soskic_LODO_D369.npz,70a45471ce06c013e2880e1174ef4c1665711a9bfc024ce82d3b16c2cb5f3640
T2,CellOT,CellOT,method,D370,C2_soskic_LODO_D370,,predictions/C2/C2__CellOT__C2_soskic_LODO_D370.npz,561f2281a598f5e2d64262c8730d8025f2ce0d5c14d70157cced3928ad5ee487
T2,CellOT,CellOT,method,D371,C2_soskic_LODO_D371,,predictions/C2/C2__CellOT__C2_soskic_LODO_D371.npz,daaec558605f41a2cf071bb065bee50562d61ca1d84c81eea3c574bb9e59aa5b
T2,CellOT,CellOT,method,D372,C2_soskic_LODO_D372,,predictions/C2/C2__CellOT__C2_soskic_LODO_D372.npz,55995d48e6094bc95c8380d11d57d7cfce01e407342decda07c7567a0b9d4b4f
T2,CellOT,CellOT,method,D373,C2_soskic_LODO_D373,,predictions/C2/C2__CellOT__C2_soskic_LODO_D373.npz,8ab3ff0a8f6e8828434d9bf2547f1ca32b10c4dc73885a55edcb3950aa0d1a27
T2,CellOT,CellOT,method,D374,C2_soskic_LODO_D374,,predictions/C2/C2__CellOT__C2_soskic_LODO_D374.npz,38e222ece6d07c40bc076587413cf1f4124d0c60d3128132c385d7dee568bcc2
T2,CellOT,CellOT,method,D378,C2_soskic_LODO_D378,,predictions/C2/C2__CellOT__C2_soskic_LODO_D378.npz,b2eae716effdd6a1611859ddc40526b91dae4ab80e0187b831246443995e2f2b
T2,CellOT,CellOT,method,D379,C2_soskic_LODO_D379,,predictions/C2/C2__CellOT__C2_soskic_LODO_D379.npz,e9d755f5b83f88bfbed3b986e2940b07c912af863baecb02dfefd1ed760f62f0
T2,CellOT,CellOT,method,D380,C2_soskic_LODO_D380,,predictions/C2/C2__CellOT__C2_soskic_LODO_D380.npz,14eb5d6cf7df5e17710d8865a52d8349182e82018ac429f14522cb491df671e7
T2,CellOT,CellOT,method,D381,C2_soskic_LODO_D381,,predictions/C2/C2__CellOT__C2_soskic_LODO_D381.npz,b8bd461dec7244dc0906d4437aad239223e7bbb80f3da3380bd65d4f3fe4000d
T2,CellOT,CellOT,method,D382,C2_soskic_LODO_D382,,predictions/C2/C2__CellOT__C2_soskic_LODO_D382.npz,8aab5d9dc2d48079a856051f5b426a38037dff616161b0016a3a5eff50919a74
T2,CellOT,CellOT,method,D383,C2_soskic_LODO_D383,,predictions/C2/C2__CellOT__C2_soskic_LODO_D383.npz,80f6034d3125445b0eeed0f9b7582a80812b9f5e11cc1a6e07efb71e9e5846bb
T2,CellOT,CellOT,method,D387,C2_soskic_LODO_D387,,predictions/C2/C2__CellOT__C2_soskic_LODO_D387.npz,37623d08d3fa3ec557c5326ea8072561988c643e29628564259907bc84c1994e
T2,CellOT,CellOT,method,D388,C2_soskic_LODO_D388,,predictions/C2/C2__CellOT__C2_soskic_LODO_D388.npz,477c95e4c9b6e5b655555b3d2461671ac010432d0ec829fe001e53958e590951
T2,CellOT,CellOT,method,D389,C2_soskic_LODO_D389,,predictions/C2/C2__CellOT__C2_soskic_LODO_D389.npz,b978198efbf4dd04b3d73aa940d2ca9f276d307c50cab6ce699333f28688b0c6
T2,CellOT,CellOT,method,D390,C2_soskic_LODO_D390,,predictions/C2/C2__CellOT__C2_soskic_LODO_D390.npz,ce72a4ea898ddc5e923cc7ada042bd5ed863aea85650a255a3d80bb33b22e96f
T2,CellOT,CellOT,method,D391,C2_soskic_LODO_D391,,predictions/C2/C2__CellOT__C2_soskic_LODO_D391.npz,16e7c211b3b27539881c460498d5a6d44996a56cb89163ce13557f52f3c20aef
T2,CellOT,CellOT,method,D392,C2_soskic_LODO_D392,,predictions/C2/C2__CellOT__C2_soskic_LODO_D392.npz,b6ab39b92920d7120e7c4b6cc7ef9fccfdf68073e8c4ecaa68e80d97b44b11d6
T2,CellOT,CellOT,method,D393,C2_soskic_LODO_D393,,predictions/C2/C2__CellOT__C2_soskic_LODO_D393.npz,1506839b8d97825816262ca6cc49e48d55959261707caf744f8d2cc3b1695a3e
T2,CellOT,CellOT,method,D394,C2_soskic_LODO_D394,,predictions/C2/C2__CellOT__C2_soskic_LODO_D394.npz,1c239a6d0b3f89419b363738cbb3b3f0d6ffbdb16a56a5164c396467fd3f281d
T2,CellOT,CellOT,method,D395,C2_soskic_LODO_D395,,predictions/C2/C2__CellOT__C2_soskic_LODO_D395.npz,b25043e1e3b774aef4897eb844687ca9ceb532c15aeb94b2d6c33e81cd043fcd
T2,CellOT,CellOT,method,D396,C2_soskic_LODO_D396,,predictions/C2/C2__CellOT__C2_soskic_LODO_D396.npz,ed5d861bc643a0a4c17e29ebb41bd431e75bd1d31267743ddcf9efa86569edac
T2,CellOT,CellOT,method,D397,C2_soskic_LODO_D397,,predictions/C2/C2__CellOT__C2_soskic_LODO_D397.npz,58d2ad9bde72ba0a8a6efd4a3a25267274b0cb7143a5a1826aa434a300b4ccde
T2,CellOT,CellOT,method,D398,C2_soskic_LODO_D398,,predictions/C2/C2__CellOT__C2_soskic_LODO_D398.npz,a42160786c0695140d860d2632a0cc6185c98b8ee93f23ab004bbd2e26a22e68
T2,CellOT,CellOT,method,D405,C2_soskic_LODO_D405,,predictions/C2/C2__CellOT__C2_soskic_LODO_D405.npz,7a841c0b441962224f95c1c08d85eb9285326fff91dcdf0c3580494b01d70b25
T2,CellOT,CellOT,method,D406,C2_soskic_LODO_D406,,predictions/C2/C2__CellOT__C2_soskic_LODO_D406.npz,3d101e3032a07bc547b7c46bf608424a3e3bf88cc7c1b3cb6297f1429ae92173
T2,CellOT,CellOT,method,D407,C2_soskic_LODO_D407,,predictions/C2/C2__CellOT__C2_soskic_LODO_D407.npz,ba578cd7411913bdf7023b23cce0418cc7aa48467431a80f319251b070d01450
T2,CellOT,CellOT,method,D408,C2_soskic_LODO_D408,,predictions/C2/C2__CellOT__C2_soskic_LODO_D408.npz,d85c02ed81ed8546beb3e75951d390da6a1aab6a64895094c0ebf1a11ed3c143
T2,CellOT,CellOT,method,D409,C2_soskic_LODO_D409,,predictions/C2/C2__CellOT__C2_soskic_LODO_D409.npz,f7b71d177533aadbf8c0345ad8bc7aa5ab44cdfb60397907f7d80f8602c8815c
T2,CellOT,CellOT,method,D410,C2_soskic_LODO_D410,,predictions/C2/C2__CellOT__C2_soskic_LODO_D410.npz,ee029ca5fda3d5a69dd06b817031ae9e59581d1ca9e8566168309e3c18bf3235
T2,CellOT,CellOT,method,D411,C2_soskic_LODO_D411,,predictions/C2/C2__CellOT__C2_soskic_LODO_D411.npz,b2e01d8e3c033970bfd0c22bb55d07daf8ce0edc2360f69e463b43b6e860534d
T2,CellOT,CellOT,method,D412,C2_soskic_LODO_D412,,predictions/C2/C2__CellOT__C2_soskic_LODO_D412.npz,f33b145b39fa0a8bebf3694de5720f77bce5c8e0eb7877f7837c1d214452bf80
T2,CellOT,CellOT,method,D413,C2_soskic_LODO_D413,,predictions/C2/C2__CellOT__C2_soskic_LODO_D413.npz,cff48e0d01af33df5920b8550f90be02461877cf130184ef2f0c4102c0d7c883
T2,CellOT,CellOT,method,D414,C2_soskic_LODO_D414,,predictions/C2/C2__CellOT__C2_soskic_LODO_D414.npz,55ccf17237d09429b1e026225210af884811ce053c2432088036c344e5cefecd
T2,CellOT,CellOT,method,D415,C2_soskic_LODO_D415,,predictions/C2/C2__CellOT__C2_soskic_LODO_D415.npz,4044ef0dc1b109f2c5ec58663aa77e7659d05926115f4d3aa988a728be376ace
T2,CellOT,CellOT,method,D416,C2_soskic_LODO_D416,,predictions/C2/C2__CellOT__C2_soskic_LODO_D416.npz,e6ceabfcb80a4acdc347a545a93b2a615155c1d30f0b270f6f8f122697fb9c23
T2,CellOT,CellOT,method,D417,C2_soskic_LODO_D417,,predictions/C2/C2__CellOT__C2_soskic_LODO_D417.npz,68fc4ed3a82c2a25916dc3339c71705c32f3b29abb924804acaf631890b03e74
T2,CellOT,CellOT,method,D418,C2_soskic_LODO_D418,,predictions/C2/C2__CellOT__C2_soskic_LODO_D418.npz,584d1a4bd2780d0864da567dd7930b5f8ace2bdc7b75268b5e3d6a45eeff966d
T2,CellOT,CellOT,method,D419,C2_soskic_LODO_D419,,predictions/C2/C2__CellOT__C2_soskic_LODO_D419.npz,1a28775edfdd4c84e5aed20e14cf49882dd915cc57e89dbad609a52bdcc7bcc0
T2,CellOT,CellOT,method,D420,C2_soskic_LODO_D420,,predictions/C2/C2__CellOT__C2_soskic_LODO_D420.npz,805ad35d38fe07feb38721d1dd56d8d3896a2171f745c58b81df63b9a2393154
T2,CellOT,CellOT,method,D421,C2_soskic_LODO_D421,,predictions/C2/C2__CellOT__C2_soskic_LODO_D421.npz,e462ca8f610b2630a9b5217dec803f1d5a928682fed7ceb09f9701a6aff99c84
T2,CellOT,CellOT,method,D422,C2_soskic_LODO_D422,,predictions/C2/C2__CellOT__C2_soskic_LODO_D422.npz,7fd11d76a519071a8f12d65755bcb8847ed12b7777b6194b5cf60b4ff2b78dbb
T2,CellOT,CellOT,method,D423,C2_soskic_LODO_D423,,predictions/C2/C2__CellOT__C2_soskic_LODO_D423.npz,7bf5368d5cd6792a816c6e27ba8113e9a59c067a45dc0fe5322fafd1e3f5a196
T2,CellOT,CellOT,method,D424,C2_soskic_LODO_D424,,predictions/C2/C2__CellOT__C2_soskic_LODO_D424.npz,3f3cb5931e936aa328bc71a2cd1f5c63118d44b36a96ba5383c65d616d3486ca
T2,CellOT,CellOT,method,D425,C2_soskic_LODO_D425,,predictions/C2/C2__CellOT__C2_soskic_LODO_D425.npz,8b2a653b211ef5289777adfe853bf96a6cf03c56b58cb2766f890fd71be1ad16
T2,CellOT,CellOT,method,D426,C2_soskic_LODO_D426,,predictions/C2/C2__CellOT__C2_soskic_LODO_D426.npz,b47c58f14493602eb07f6767b537daf6c8eaf3b1afee445f4248f807d3d7337c
T2,CellOT,CellOT,method,D427,C2_soskic_LODO_D427,,predictions/C2/C2__CellOT__C2_soskic_LODO_D427.npz,02c9470c5b63bf075a44be772ba58594552ccb03b46160af53b5337bde3a10eb
T2,CellOT,CellOT,method,D428,C2_soskic_LODO_D428,,predictions/C2/C2__CellOT__C2_soskic_LODO_D428.npz,2153f51a2799176c4731940bb84d484a4ae0f746b11b2d6012c15d9a19bb110e
T2,CellOT,CellOT,method,D429,C2_soskic_LODO_D429,,predictions/C2/C2__CellOT__C2_soskic_LODO_D429.npz,4e1d8fef6918f78de7b2300e56ff80de08c9c0afa34230693bd3d64be1b800b9
T2,CellOT,CellOT,method,D430,C2_soskic_LODO_D430,,predictions/C2/C2__CellOT__C2_soskic_LODO_D430.npz,754b234756fdb907e9ffd42ddd55956488ba47db5cde3c52074d630b2b9365b9
T2,CellOT,CellOT,method,D431,C2_soskic_LODO_D431,,predictions/C2/C2__CellOT__C2_soskic_LODO_D431.npz,e6daa4d24b3f7804a1c4a98bbf91ad154c63616cc7fe19b73aa66b4a2f920715
T2,CellOT,CellOT,method,D432,C2_soskic_LODO_D432,,predictions/C2/C2__CellOT__C2_soskic_LODO_D432.npz,f1cea834e90de8bb14343524dd1183a742d9a24c9ab3096f94bc06b67e754547
T2,CellOT,CellOT,method,D433,C2_soskic_LODO_D433,,predictions/C2/C2__CellOT__C2_soskic_LODO_D433.npz,5e3eb08cfc59cdade3832d0bb17bba9b407d13d8971c86e60431b483e8a5d5d6
T2,CellOT,CellOT,method,D434,C2_soskic_LODO_D434,,predictions/C2/C2__CellOT__C2_soskic_LODO_D434.npz,a0b0a7e63aef19b3c132b995d759a81060e5348f07961e020c63b0c739661bae
T2,CellOT,CellOT,method,D435,C2_soskic_LODO_D435,,predictions/C2/C2__CellOT__C2_soskic_LODO_D435.npz,a38cd7230f3b7307d427e03cd98a2956ef83baa01828cf6e22209d2bae14336b
T2,CellOT,CellOT,method,D436,C2_soskic_LODO_D436,,predictions/C2/C2__CellOT__C2_soskic_LODO_D436.npz,c5f0f231473abd7e2ede60b3bb9a5c142149085458fb69dae14e5d7e7c4e34c6
T2,CellOT,CellOT,method,D439,C2_soskic_LODO_D439,,predictions/C2/C2__CellOT__C2_soskic_LODO_D439.npz,4fa74ed9eb81e633296a32271f489b61a430acaf8114c42356df64818238904b
T2,CellOT,CellOT,method,D440,C2_soskic_LODO_D440,,predictions/C2/C2__CellOT__C2_soskic_LODO_D440.npz,eb74322ca2e5873dea575ad52d9be8df5f7ee1531e6f426810b0756ed0101915
T2,CellOT,CellOT,method,D441,C2_soskic_LODO_D441,,predictions/C2/C2__CellOT__C2_soskic_LODO_D441.npz,37bc115342a0fc01833b13967f486266e2ead85dc47c670dee8db73d7adbdc67
T2,CellOT,CellOT,method,D442,C2_soskic_LODO_D442,,predictions/C2/C2__CellOT__C2_soskic_LODO_D442.npz,13bc4dd143e65b5e0dc7ecb23ab70ac86fd550a4931892cf58036758da2c4fca
T2,CellOT,CellOT,method,D443,C2_soskic_LODO_D443,,predictions/C2/C2__CellOT__C2_soskic_LODO_D443.npz,35fe517d8cd40dca04940dc5676cddf334c9360979e0999856108a18b4fc9414
T2,CellOT,CellOT,method,D445,C2_soskic_LODO_D445,,predictions/C2/C2__CellOT__C2_soskic_LODO_D445.npz,79a643b4ef58b60cf9b6ce7e6650cba25a7a84a505e33e40c7672fc23d2c7a0d
T2,CellOT,CellOT,method,D446,C2_soskic_LODO_D446,,predictions/C2/C2__CellOT__C2_soskic_LODO_D446.npz,807d2a519038b219a7df004039ecd7979841195e0689c1b917766b731399c0d1
T2,CellOT,CellOT,method,D447,C2_soskic_LODO_D447,,predictions/C2/C2__CellOT__C2_soskic_LODO_D447.npz,c93e16ec106ee43cf65b905b75cf6b731b3ef9847af5e1ccf27f08e7782af0c0
T2,CellOT,CellOT,method,D448,C2_soskic_LODO_D448,,predictions/C2/C2__CellOT__C2_soskic_LODO_D448.npz,581cdfd969cb082d41cb128fa599049aa91ec82f14d8044106ae87ca91a7b5e9
T2,CellOT,CellOT,method,D449,C2_soskic_LODO_D449,,predictions/C2/C2__CellOT__C2_soskic_LODO_D449.npz,a73924eb0ccbef69b9eb74418de99e8a1c46929e4621c1c9ff17720f5a8f754f
T2,CellOT,CellOT,method,D450,C2_soskic_LODO_D450,,predictions/C2/C2__CellOT__C2_soskic_LODO_D450.npz,b726223408f6b1e36da59d8b59ea3586af95ea2e4927b1fcfe245363487d50ce
T2,CellOT,CellOT,method,D451,C2_soskic_LODO_D451,,predictions/C2/C2__CellOT__C2_soskic_LODO_D451.npz,0c6bbbe2fc88673f4d586bebc0aa9fb1b75723ba1720d5b647747d28966cdeac
T2,CellOT,CellOT,method,D452,C2_soskic_LODO_D452,,predictions/C2/C2__CellOT__C2_soskic_LODO_D452.npz,c0b504bc3bd5a4b5c5314dfd498524910e004ad16165ebaa903b2cf9f9531334
T2,CellOT,CellOT,method,D453,C2_soskic_LODO_D453,,predictions/C2/C2__CellOT__C2_soskic_LODO_D453.npz,e5a719125e11caee6bcde55282151cecff8ee24e09acfd8f7880c4037868de23
T2,CellOT,CellOT,method,D454,C2_soskic_LODO_D454,,predictions/C2/C2__CellOT__C2_soskic_LODO_D454.npz,af74bda430c8a5ab0216f8ada4bceeaf6ed7f09d2b6c102746bbb9398b5d8af1
T2,CellOT,CellOT,method,D455,C2_soskic_LODO_D455,,predictions/C2/C2__CellOT__C2_soskic_LODO_D455.npz,18f7ed82a5638343d7942d93f2265c2ecdab243621862aab73131f8849c2506c
T2,CellOT,CellOT,method,D456,C2_soskic_LODO_D456,,predictions/C2/C2__CellOT__C2_soskic_LODO_D456.npz,2376da05078a3575bef0efede0d53b558857340ca20a5a148ea6f48eaa365f51
T2,CellOT,CellOT,method,D457,C2_soskic_LODO_D457,,predictions/C2/C2__CellOT__C2_soskic_LODO_D457.npz,20106e320128e3745754323b4cabb4d21b358b5b0134ea1407e42bc8dde05cfa
T2,CellOT,CellOT,method,D458,C2_soskic_LODO_D458,,predictions/C2/C2__CellOT__C2_soskic_LODO_D458.npz,7467fef4603308e852c6ea7e5b413855515878af612d543c558c90c66179a22b
T2,CellOT,CellOT,method,D459,C2_soskic_LODO_D459,,predictions/C2/C2__CellOT__C2_soskic_LODO_D459.npz,2c58d14027ba125f8ce517f3cbbdb397ed24be70baca3f098d5506439968d4e5
T2,CellOT,CellOT,method,D460,C2_soskic_LODO_D460,,predictions/C2/C2__CellOT__C2_soskic_LODO_D460.npz,d5569ac28b37ef20d448b9eb71de11dba5992a2cad51cce0b079bb331e478950
T2,CellOT,CellOT,method,D461,C2_soskic_LODO_D461,,predictions/C2/C2__CellOT__C2_soskic_LODO_D461.npz,261ad9dfa7149ff1a692897771627b88a796048f156c81045448dcc72d63eb19
T2,CellOT,CellOT,method,D462,C2_soskic_LODO_D462,,predictions/C2/C2__CellOT__C2_soskic_LODO_D462.npz,3a889b5c74d465ab14643d057a63e1d1eb27dec0f1c2fb2ce4c2f8ef0d2aaa5f
T2,CellOT,CellOT,method,D463,C2_soskic_LODO_D463,,predictions/C2/C2__CellOT__C2_soskic_LODO_D463.npz,23e3d0455e41376e4198d747c3293e7a17fd20dd5cf35222b5e08960df98491c
T2,CellOT,CellOT,method,D464,C2_soskic_LODO_D464,,predictions/C2/C2__CellOT__C2_soskic_LODO_D464.npz,5caed179021fc401acc660b35e9b0f7292ce55f28b19a8dc5326666f68bfab1d
T2,CellOT,CellOT,method,D465,C2_soskic_LODO_D465,,predictions/C2/C2__CellOT__C2_soskic_LODO_D465.npz,5f263e3ae0af29c3e0324cb3b497becbc557975bf8afcf6a11527e002e88e60d
T2,CellOT,CellOT,method,D466,C2_soskic_LODO_D466,,predictions/C2/C2__CellOT__C2_soskic_LODO_D466.npz,423b57dd332fc4fb96b821e8b46dea333d94f3a8eb0a48b1d5dc6ea85de3d78d
T2,CellOT,CellOT,method,D481,C2_soskic_LODO_D481,,predictions/C2/C2__CellOT__C2_soskic_LODO_D481.npz,9501bcc54dbad440ccdc3b8650f099d3e189bcc076ba42cff97d1781ccaf89ce
T2,CellOT,CellOT,method,D482,C2_soskic_LODO_D482,,predictions/C2/C2__CellOT__C2_soskic_LODO_D482.npz,5b43b1bcb26d126c6c1d640a2c0a98cbcd856d835c2cbf51a1d66b404d5dcad3
T2,CellOT,CellOT,method,D483,C2_soskic_LODO_D483,,predictions/C2/C2__CellOT__C2_soskic_LODO_D483.npz,7847fb93073a1d84a9ac507371158a77c9224080c0365103fa96e1ad7f33a775
T2,CellOT,CellOT,method,D484,C2_soskic_LODO_D484,,predictions/C2/C2__CellOT__C2_soskic_LODO_D484.npz,a2205c7cc4f2a8c0eb1d196a4b46860106525d636a53e4c8d90db7ea368dbb6b
T2,CellOT,CellOT,method,D485,C2_soskic_LODO_D485,,predictions/C2/C2__CellOT__C2_soskic_LODO_D485.npz,99a95e7c4a4f73bffc81979be9e9b7f558fad1ce028ee4a965234697e22a50d1
T2,STATE,STATE,method,D348,C2_soskic_LODO_D348,,predictions/C2/C2__STATE__C2_soskic_LODO_D348.npz,4dbacdeac2caf492834cc31c3a4928f16c439c18b91653708bb9e8fa7cfacb76
T2,STATE,STATE,method,D349,C2_soskic_LODO_D349,,predictions/C2/C2__STATE__C2_soskic_LODO_D349.npz,dadf473be00854edc132081466489ebbd0f805e47141a3b5fe84d2d685036327
T2,STATE,STATE,method,D350,C2_soskic_LODO_D350,,predictions/C2/C2__STATE__C2_soskic_LODO_D350.npz,57b6fa7598ecd0f4b8258b6359e13b37a01b31a4a9f35a4ba811d59d369ee5b9
T2,STATE,STATE,method,D351,C2_soskic_LODO_D351,,predictions/C2/C2__STATE__C2_soskic_LODO_D351.npz,1e35ae4c7b8b4804dab75f278bc91ccc5104ee7d8272c947c6f792a69ca7447d
T2,STATE,STATE,method,D352,C2_soskic_LODO_D352,,predictions/C2/C2__STATE__C2_soskic_LODO_D352.npz,bd0824fa33786ad65fe003644830b3565b51bcdf5102579219a4629b8ba2b8dd
T2,STATE,STATE,method,D353,C2_soskic_LODO_D353,,predictions/C2/C2__STATE__C2_soskic_LODO_D353.npz,d1325053cb899edd85af390d38b55551b9b87ad503232a5fbe810507ab284f73
T2,STATE,STATE,method,D354,C2_soskic_LODO_D354,,predictions/C2/C2__STATE__C2_soskic_LODO_D354.npz,bc8d846665727b312da4a9e6c22c9d42d41994fa81a2fc9bce6ee505cbefc14b
T2,STATE,STATE,method,D355,C2_soskic_LODO_D355,,predictions/C2/C2__STATE__C2_soskic_LODO_D355.npz,ea535205396c198cf4a797c221841428553dad14dbad68884664665f6f16ee9b
T2,STATE,STATE,method,D356,C2_soskic_LODO_D356,,predictions/C2/C2__STATE__C2_soskic_LODO_D356.npz,9589c4c902551625ddeca8798cad8aa9747eb79b016da237349b4413b88c1a7e
T2,STATE,STATE,method,D357,C2_soskic_LODO_D357,,predictions/C2/C2__STATE__C2_soskic_LODO_D357.npz,2caaad0b3bc517167b4b67a07f61e4f7a12d40d366abb98525b4631e94f36a6b
T2,STATE,STATE,method,D358,C2_soskic_LODO_D358,,predictions/C2/C2__STATE__C2_soskic_LODO_D358.npz,3fe5087f6b139b51f0c2e0160fdbda2acf08f7139ffabdf6fa0164f41ce1e110
T2,STATE,STATE,method,D359,C2_soskic_LODO_D359,,predictions/C2/C2__STATE__C2_soskic_LODO_D359.npz,887f80e7484efc731fca05f02156d40dd1f21bd0b1299ea1639ba94d335c2192
T2,STATE,STATE,method,D363,C2_soskic_LODO_D363,,predictions/C2/C2__STATE__C2_soskic_LODO_D363.npz,7a3ae7c4fd9534e50892674b31c048c58cb5c20af3fc027266b9b03e9f1cf4d9
T2,STATE,STATE,method,D364,C2_soskic_LODO_D364,,predictions/C2/C2__STATE__C2_soskic_LODO_D364.npz,875907016a27ef93a30da55ad6981fcc0dc07d5e3401b4f0d88d6cab057bcbc6
T2,STATE,STATE,method,D365,C2_soskic_LODO_D365,,predictions/C2/C2__STATE__C2_soskic_LODO_D365.npz,20e041d6406d50c97338bac4c3a1084f00d2c53ccb94f5fd0db400d77fc59e34
T2,STATE,STATE,method,D366,C2_soskic_LODO_D366,,predictions/C2/C2__STATE__C2_soskic_LODO_D366.npz,d94e9174a873d3d6c22918473b48fc030d35bec5cbf51df1fa241ebac883dcf0
T2,STATE,STATE,method,D367,C2_soskic_LODO_D367,,predictions/C2/C2__STATE__C2_soskic_LODO_D367.npz,b42a2ebc97acfef013cd9859b01c7c4f0debf8e75347c8403a15f89ef21e4c36
T2,STATE,STATE,method,D368,C2_soskic_LODO_D368,,predictions/C2/C2__STATE__C2_soskic_LODO_D368.npz,54d8124c4a900bf6ff487dd1c075ab3528a64404cba2686cd4a2f8292ff39bc8
T2,STATE,STATE,method,D369,C2_soskic_LODO_D369,,predictions/C2/C2__STATE__C2_soskic_LODO_D369.npz,23bd7d822500cdc4abf775e879b9d34fa565150b6e37290110a6ecb8f573163c
T2,STATE,STATE,method,D370,C2_soskic_LODO_D370,,predictions/C2/C2__STATE__C2_soskic_LODO_D370.npz,1c5f694b57354011207388f8a2ba7ec2ec9fef685dc01b749d18f554cf058932
T2,STATE,STATE,method,D371,C2_soskic_LODO_D371,,predictions/C2/C2__STATE__C2_soskic_LODO_D371.npz,1cc2182d02cad90c4b547daea727e64ed4bedb3b03bf3645f5c9ec1d71b689ee
T2,STATE,STATE,method,D372,C2_soskic_LODO_D372,,predictions/C2/C2__STATE__C2_soskic_LODO_D372.npz,7b068f6e54b45cb8ef0ed95e552c8bdaf1a7242111be827ce3ea8cd0db624fe0
T2,STATE,STATE,method,D373,C2_soskic_LODO_D373,,predictions/C2/C2__STATE__C2_soskic_LODO_D373.npz,662504c81bcb4e084de86c7d47141ba5d4132df9fb32fceaa119966e301867dc
T2,STATE,STATE,method,D374,C2_soskic_LODO_D374,,predictions/C2/C2__STATE__C2_soskic_LODO_D374.npz,7a49c7a907861d660866996816af1c62a61a7dd38a8a95308276cca34d54ebe5
T2,STATE,STATE,method,D378,C2_soskic_LODO_D378,,predictions/C2/C2__STATE__C2_soskic_LODO_D378.npz,adcde7e3988538045d73b2c2d3c0cff7b9d0d480945df710ede29455704eb18a
T2,STATE,STATE,method,D379,C2_soskic_LODO_D379,,predictions/C2/C2__STATE__C2_soskic_LODO_D379.npz,e304324249aeb62812b201a837e451b5ed5c5a2ec26a43481458e7df000a1206
T2,STATE,STATE,method,D380,C2_soskic_LODO_D380,,predictions/C2/C2__STATE__C2_soskic_LODO_D380.npz,003fe9e14ccc59982cc11c0cd362a060205ccd6aef775218e0aafcfdcb663fc1
T2,STATE,STATE,method,D381,C2_soskic_LODO_D381,,predictions/C2/C2__STATE__C2_soskic_LODO_D381.npz,78e91cbf2d6a3521d4120c793016363cccbb29cb5777bd6ae3c124472c89d8e5
T2,STATE,STATE,method,D382,C2_soskic_LODO_D382,,predictions/C2/C2__STATE__C2_soskic_LODO_D382.npz,72277004b1377a84a0c62ac9a4cda72dee23ff43c722ce93a1956d6b821bedb5
T2,STATE,STATE,method,D383,C2_soskic_LODO_D383,,predictions/C2/C2__STATE__C2_soskic_LODO_D383.npz,485ab36735780293b7e675dc57bf153d5fa7fa57dafb35e3a5cf46c36a086509
T2,STATE,STATE,method,D387,C2_soskic_LODO_D387,,predictions/C2/C2__STATE__C2_soskic_LODO_D387.npz,f965b3cb265b08b823104aa1ff10fbb89843b8ff58c33b48c64d0a861d39dd77
T2,STATE,STATE,method,D388,C2_soskic_LODO_D388,,predictions/C2/C2__STATE__C2_soskic_LODO_D388.npz,4bbb672153efb6a2827036ff8cea5842c769640719e9f3ebf590475bd482a20c
T2,STATE,STATE,method,D389,C2_soskic_LODO_D389,,predictions/C2/C2__STATE__C2_soskic_LODO_D389.npz,af9c0f80f5a4ddafc54c73f1812c34fa40f1034fdd308ad15f470bfa372c01a4
T2,STATE,STATE,method,D390,C2_soskic_LODO_D390,,predictions/C2/C2__STATE__C2_soskic_LODO_D390.npz,651ca9328dacceceb1a9b361b64f6571715052b974a67dad00afd60401e5590d
T2,STATE,STATE,method,D391,C2_soskic_LODO_D391,,predictions/C2/C2__STATE__C2_soskic_LODO_D391.npz,3a6c5bd7e38a9438e168ccaa582a411c17abfe554791064f082c78ce4b6ce9d0
T2,STATE,STATE,method,D392,C2_soskic_LODO_D392,,predictions/C2/C2__STATE__C2_soskic_LODO_D392.npz,b864fce9ac5f150c1a0778a47a095df7fee2d70ae15d772fc03f0e3be8189c92
T2,STATE,STATE,method,D393,C2_soskic_LODO_D393,,predictions/C2/C2__STATE__C2_soskic_LODO_D393.npz,aee0e485f93e62eb85455fa131cfc7390cb4caf75ebb3dbfc145ef40af671b09
T2,STATE,STATE,method,D394,C2_soskic_LODO_D394,,predictions/C2/C2__STATE__C2_soskic_LODO_D394.npz,8898e913987fb1ee5a6813b12fe4eb40b845112dc016aa6106c6fb7a4d19bda9
T2,STATE,STATE,method,D395,C2_soskic_LODO_D395,,predictions/C2/C2__STATE__C2_soskic_LODO_D395.npz,484776f63f11f2b4641b06d226432ae57a6ba3a59a3c1dc6b13a54ca56a297b4
T2,STATE,STATE,method,D396,C2_soskic_LODO_D396,,predictions/C2/C2__STATE__C2_soskic_LODO_D396.npz,eb45c656b528b92fd680da77c5d415170a872bd5c136d8a758e44876e125f985
T2,STATE,STATE,method,D397,C2_soskic_LODO_D397,,predictions/C2/C2__STATE__C2_soskic_LODO_D397.npz,9617a56f31dae5423bbbae7ad895d88e2094cefc01688e96a82eb4e0cc014cb4
T2,STATE,STATE,method,D398,C2_soskic_LODO_D398,,predictions/C2/C2__STATE__C2_soskic_LODO_D398.npz,701c7769e3e5a78c39cdf0407ab6fd99ec91d5585f48867ac6994a24bef9f272
T2,STATE,STATE,method,D405,C2_soskic_LODO_D405,,predictions/C2/C2__STATE__C2_soskic_LODO_D405.npz,303cfda67fa8a253c431cbaaa1cb6a20dbb8bc40431bbe40bbf8a6579d878032
T2,STATE,STATE,method,D406,C2_soskic_LODO_D406,,predictions/C2/C2__STATE__C2_soskic_LODO_D406.npz,d47b35a84633cc0cb74ecc9afcc029e45898b069468302e69b39db2013da7c72
T2,STATE,STATE,method,D407,C2_soskic_LODO_D407,,predictions/C2/C2__STATE__C2_soskic_LODO_D407.npz,c6956fbca03ed7daf9941cb3fde00c19d568e7137071a0a709ed6896efb2e918
T2,STATE,STATE,method,D408,C2_soskic_LODO_D408,,predictions/C2/C2__STATE__C2_soskic_LODO_D408.npz,46af7c08216d48aa50eb1650483dc49565a8d1af9de4d7d29be057cc2379b548
T2,STATE,STATE,method,D409,C2_soskic_LODO_D409,,predictions/C2/C2__STATE__C2_soskic_LODO_D409.npz,19b5afd5f7bc1ff763e68f85f2469b30a29841d9ed3965440cdb8032301334d9
T2,STATE,STATE,method,D410,C2_soskic_LODO_D410,,predictions/C2/C2__STATE__C2_soskic_LODO_D410.npz,edd8a1a8111a6b5eb48ba36bc27ca4aafeda1d618fe47bf516d0376dce630d0e
T2,STATE,STATE,method,D411,C2_soskic_LODO_D411,,predictions/C2/C2__STATE__C2_soskic_LODO_D411.npz,f36e853138d8d5ae14943636f042f93f99f663b7bf3a2229c8d7eded6e9ad4c7
T2,STATE,STATE,method,D412,C2_soskic_LODO_D412,,predictions/C2/C2__STATE__C2_soskic_LODO_D412.npz,64172b90e7c5418f3f4d902f2c472ee2d9319021ff6ec1d1ea0bd50bcb1d6225
T2,STATE,STATE,method,D413,C2_soskic_LODO_D413,,predictions/C2/C2__STATE__C2_soskic_LODO_D413.npz,88d34ccdc5d4e6b95670614ae1d9e20b16ad411f01784726da7a540172841fd1
T2,STATE,STATE,method,D414,C2_soskic_LODO_D414,,predictions/C2/C2__STATE__C2_soskic_LODO_D414.npz,1bf28a8ccb7f2a4b35db822e8d28acf988761fd2dd35591aa280982ffc0fefe2
T2,STATE,STATE,method,D415,C2_soskic_LODO_D415,,predictions/C2/C2__STATE__C2_soskic_LODO_D415.npz,aaafb96d9aeab009421ce5c594b6e9ca4ba76fecc4bc422e8a3381841bc1f1f0
T2,STATE,STATE,method,D416,C2_soskic_LODO_D416,,predictions/C2/C2__STATE__C2_soskic_LODO_D416.npz,f7b10b6fe4725ceffe5325f9b66cf74ae04cba7f6c04e761f48b1faffb5084a1
T2,STATE,STATE,method,D417,C2_soskic_LODO_D417,,predictions/C2/C2__STATE__C2_soskic_LODO_D417.npz,27e7ee2bf12579b5080fb525d521295d1979d1a5c2bea2ebc34f16344c3f0095
T2,STATE,STATE,method,D418,C2_soskic_LODO_D418,,predictions/C2/C2__STATE__C2_soskic_LODO_D418.npz,e8658b757d9f7760a24a0d7e5030387291fc338c77914a73dd1870a5d07ea975
T2,STATE,STATE,method,D419,C2_soskic_LODO_D419,,predictions/C2/C2__STATE__C2_soskic_LODO_D419.npz,501ec058705e8e63a50cf921e92b7b81db22089e2f06e5a7b7ef17dcc5e8f5be
T2,STATE,STATE,method,D420,C2_soskic_LODO_D420,,predictions/C2/C2__STATE__C2_soskic_LODO_D420.npz,c68c1aaf333f9676b46686bd3da6e7a011f73e55096f520482f7a5165e6a5f13
T2,STATE,STATE,method,D421,C2_soskic_LODO_D421,,predictions/C2/C2__STATE__C2_soskic_LODO_D421.npz,9780d4c2e9936701000188a3d987617293ccbdf9a281d7560b8217ea0e351f01
T2,STATE,STATE,method,D422,C2_soskic_LODO_D422,,predictions/C2/C2__STATE__C2_soskic_LODO_D422.npz,d49495fd5dc72a1cac1414562b6ecda8f87964a714bf464372cbc4db28ee694b
T2,STATE,STATE,method,D423,C2_soskic_LODO_D423,,predictions/C2/C2__STATE__C2_soskic_LODO_D423.npz,02c9078664c0a0475da6a6a005428f2388341d4feae46ead8ad8a21719db305d
T2,STATE,STATE,method,D424,C2_soskic_LODO_D424,,predictions/C2/C2__STATE__C2_soskic_LODO_D424.npz,a96f084d98001497471fddc7bf1c137ddabfa0439a09afc2f3a4e783e3ab9c17
T2,STATE,STATE,method,D425,C2_soskic_LODO_D425,,predictions/C2/C2__STATE__C2_soskic_LODO_D425.npz,652b0125ca841a43349aedcab5c187dd5a383add06005abb052d0d85d9dced68
T2,STATE,STATE,method,D426,C2_soskic_LODO_D426,,predictions/C2/C2__STATE__C2_soskic_LODO_D426.npz,677858b1d0a1e1080c9f600d37b9a97a7a81409a1b67a4d90eaf44c42d3a8ac0
T2,STATE,STATE,method,D427,C2_soskic_LODO_D427,,predictions/C2/C2__STATE__C2_soskic_LODO_D427.npz,4331b272ef1f65ea8aa304cab2d1391d507e8d88e79c6f08d82484dbce8cdb8a
T2,STATE,STATE,method,D428,C2_soskic_LODO_D428,,predictions/C2/C2__STATE__C2_soskic_LODO_D428.npz,122bd0787d4d2c2ffe2d815ccd17d7a1e05861ff7ad7b42f386ec012dc378f32
T2,STATE,STATE,method,D429,C2_soskic_LODO_D429,,predictions/C2/C2__STATE__C2_soskic_LODO_D429.npz,f41ec228aecc1a0b2e64192bb4d919c73d5e0f6b54f60c13f0ea345f1d093db0
T2,STATE,STATE,method,D430,C2_soskic_LODO_D430,,predictions/C2/C2__STATE__C2_soskic_LODO_D430.npz,a043c1c90f0f0116d6f522769c27aef5202b5e4615b17d7a28788549602f4bea
T2,STATE,STATE,method,D431,C2_soskic_LODO_D431,,predictions/C2/C2__STATE__C2_soskic_LODO_D431.npz,98d468231cc766ebf6b20fcc667da0de57402fcee19ff10bca7429e94f7e1d4a
T2,STATE,STATE,method,D432,C2_soskic_LODO_D432,,predictions/C2/C2__STATE__C2_soskic_LODO_D432.npz,2b42207e7f722632768367c9813547fd847989c112bfdf84b795cec79d3bd6c3
T2,STATE,STATE,method,D433,C2_soskic_LODO_D433,,predictions/C2/C2__STATE__C2_soskic_LODO_D433.npz,6e10ec0a7df51c5fed124f224f938863d1089a8bd4ea9cefc6b5b273fca33423
T2,STATE,STATE,method,D434,C2_soskic_LODO_D434,,predictions/C2/C2__STATE__C2_soskic_LODO_D434.npz,7e463bd25ed805654d9cc1ecc5e380dcf0d54b995c2f970bc1c5069a2a966d9f
T2,STATE,STATE,method,D435,C2_soskic_LODO_D435,,predictions/C2/C2__STATE__C2_soskic_LODO_D435.npz,21c6cd83b678e17f99d4ff50127bfd263dcd6d4dd9400a2bfe1e5c4f0879bcd7
T2,STATE,STATE,method,D436,C2_soskic_LODO_D436,,predictions/C2/C2__STATE__C2_soskic_LODO_D436.npz,07769d36923fe7d38548d147febe0510143af2652391ee0a5c925327cfd32ada
T2,STATE,STATE,method,D439,C2_soskic_LODO_D439,,predictions/C2/C2__STATE__C2_soskic_LODO_D439.npz,1e0f15581657ffb354ed79e4ad1c8106cb5c43ac99a4509ee1d95410a9cea4f1
T2,STATE,STATE,method,D440,C2_soskic_LODO_D440,,predictions/C2/C2__STATE__C2_soskic_LODO_D440.npz,4374b1031b93d4e9d67d877ec67b3043a928cc28228055ed9e226127d9e2cfa0
T2,STATE,STATE,method,D441,C2_soskic_LODO_D441,,predictions/C2/C2__STATE__C2_soskic_LODO_D441.npz,8972fcf466bb303864159cb6392f7f1d0b6758eb3ead9f08d2f393d39c16c0f1
T2,STATE,STATE,method,D442,C2_soskic_LODO_D442,,predictions/C2/C2__STATE__C2_soskic_LODO_D442.npz,4aaedf8eccf5e098cd2b2d2631d6c20d888c95c21dd1d4662dedfde3e5b615d4
T2,STATE,STATE,method,D443,C2_soskic_LODO_D443,,predictions/C2/C2__STATE__C2_soskic_LODO_D443.npz,4f331464a050e1923ee59140a0a727fe965a416599c08e184a956a256d4db43d
T2,STATE,STATE,method,D445,C2_soskic_LODO_D445,,predictions/C2/C2__STATE__C2_soskic_LODO_D445.npz,6355adaff5f3c4d9d7279b655167f2ebdad62a5554b84b06dca4a2dbd82124a5
T2,STATE,STATE,method,D446,C2_soskic_LODO_D446,,predictions/C2/C2__STATE__C2_soskic_LODO_D446.npz,766fd15f20243a8234d5efee9b0f3ab8108ed1775343fdaaa7209fcefc1f2347
T2,STATE,STATE,method,D447,C2_soskic_LODO_D447,,predictions/C2/C2__STATE__C2_soskic_LODO_D447.npz,33e80c0606ef196e5ba0dd1f8c811ff4a01f97f3846a532843894c37d664d035
T2,STATE,STATE,method,D448,C2_soskic_LODO_D448,,predictions/C2/C2__STATE__C2_soskic_LODO_D448.npz,ca62867744005e3e6d76c954c23e4b88cad44f9ad4691b55710656fa851c0301
T2,STATE,STATE,method,D449,C2_soskic_LODO_D449,,predictions/C2/C2__STATE__C2_soskic_LODO_D449.npz,13cf995914f68ba9a4377028e000f904cd7827c619ecab747c691e6b6b1c50ce
T2,STATE,STATE,method,D450,C2_soskic_LODO_D450,,predictions/C2/C2__STATE__C2_soskic_LODO_D450.npz,aadf3b824801725537b8570f96d0ddc6ede1e257e902fdbb7db96c3235c19447
T2,STATE,STATE,method,D451,C2_soskic_LODO_D451,,predictions/C2/C2__STATE__C2_soskic_LODO_D451.npz,c74f771bde852256df150c59f148408762722c66a6d9d10e7c268d52c42591cf
T2,STATE,STATE,method,D452,C2_soskic_LODO_D452,,predictions/C2/C2__STATE__C2_soskic_LODO_D452.npz,25c123adabddfab86ef6e55b97a456dfb277c53bfc2028d424e95cb1da6a1aa0
T2,STATE,STATE,method,D453,C2_soskic_LODO_D453,,predictions/C2/C2__STATE__C2_soskic_LODO_D453.npz,1af293790eb599faaa5cc86bc17201772944c54cc4a83f8ce0908eaab5cbce42
T2,STATE,STATE,method,D454,C2_soskic_LODO_D454,,predictions/C2/C2__STATE__C2_soskic_LODO_D454.npz,597d5836c90b78746ef38a0a07e8f7bbd6fd0809cc92f3ea04b54ff13239eeec
T2,STATE,STATE,method,D455,C2_soskic_LODO_D455,,predictions/C2/C2__STATE__C2_soskic_LODO_D455.npz,7368f1f0aae00d8b123842c108a2a273f5a2a4a2646100cc35b4fa1483a62c37
T2,STATE,STATE,method,D456,C2_soskic_LODO_D456,,predictions/C2/C2__STATE__C2_soskic_LODO_D456.npz,6c4fbeac1777e4b4365f60a09e46c5ea6f55902147212d4df9b7a02bee186af2
T2,STATE,STATE,method,D457,C2_soskic_LODO_D457,,predictions/C2/C2__STATE__C2_soskic_LODO_D457.npz,8ad40447988be06cf55208471276a72ccad9b5f8747cd6b3e12aff66ea75d43d
T2,STATE,STATE,method,D458,C2_soskic_LODO_D458,,predictions/C2/C2__STATE__C2_soskic_LODO_D458.npz,fba569c4810653c91b4b165592234b667a105ca1fbe89230aeb6bc2e173b6cf2
T2,STATE,STATE,method,D459,C2_soskic_LODO_D459,,predictions/C2/C2__STATE__C2_soskic_LODO_D459.npz,096b86335211e322a4cd1e1c7ff42aec13b88c11d273fcbcf30a6bfb1d56f1bc
T2,STATE,STATE,method,D460,C2_soskic_LODO_D460,,predictions/C2/C2__STATE__C2_soskic_LODO_D460.npz,a416bd9c0ab62a6cb60fdc2b1cda6f65c915b19b63380f4039d8fac0526b64ae
T2,STATE,STATE,method,D461,C2_soskic_LODO_D461,,predictions/C2/C2__STATE__C2_soskic_LODO_D461.npz,a5998ea0d786d651d7247bd80aceb4aea8ac7810f0875e44f02ee3fded0ac45a
T2,STATE,STATE,method,D462,C2_soskic_LODO_D462,,predictions/C2/C2__STATE__C2_soskic_LODO_D462.npz,028cfd6ebfc05b45f43368617a5732aaef78dd21c698bb0185cb80522ddb2aa0
T2,STATE,STATE,method,D463,C2_soskic_LODO_D463,,predictions/C2/C2__STATE__C2_soskic_LODO_D463.npz,90b81e335b8719dc81838218afaef0dce820b95e7c5ed65af65a42455c453027
T2,STATE,STATE,method,D464,C2_soskic_LODO_D464,,predictions/C2/C2__STATE__C2_soskic_LODO_D464.npz,e738289176df2dca97cf32360aaba5dba5ddaa8a2825056c694f313f66174158
T2,STATE,STATE,method,D465,C2_soskic_LODO_D465,,predictions/C2/C2__STATE__C2_soskic_LODO_D465.npz,c4252f2e1b25fa6185658caa43bc63b7c4bff5b0a65b6b3e1e79d88083693598
T2,STATE,STATE,method,D466,C2_soskic_LODO_D466,,predictions/C2/C2__STATE__C2_soskic_LODO_D466.npz,4f81e631489baed6c026fb5038631a36c3ffefcdabc883f76467bdc3a045fbb2
T2,STATE,STATE,method,D481,C2_soskic_LODO_D481,,predictions/C2/C2__STATE__C2_soskic_LODO_D481.npz,18e5f40e43e501f277384cd0d0f4ef3682833c9ffd45624c5cb7bf400430e307
T2,STATE,STATE,method,D482,C2_soskic_LODO_D482,,predictions/C2/C2__STATE__C2_soskic_LODO_D482.npz,9e939f09a3526eb8ee025559dbb75f7084c242480cbc391976c67a5a8d0b1d29
T2,STATE,STATE,method,D483,C2_soskic_LODO_D483,,predictions/C2/C2__STATE__C2_soskic_LODO_D483.npz,a8dc63ead29929d6265e5e3ca477cb449ccce1cf8d6454bfdcf6f3a7c79f26a2
T2,STATE,STATE,method,D484,C2_soskic_LODO_D484,,predictions/C2/C2__STATE__C2_soskic_LODO_D484.npz,fc5f4330b53345b5a3ecf614b4271875e70f38990cd7193355b47f70c07a8de1
T2,STATE,STATE,method,D485,C2_soskic_LODO_D485,,predictions/C2/C2__STATE__C2_soskic_LODO_D485.npz,b183f9a18a702628872568b3fa10a3d2a06c76de8fa4d09dbae2229a20553574
T2,scFoundation,scFoundation,method,D348,C2_soskic_LODO_D348,,predictions/C2/C2__scFoundation__C2_soskic_LODO_D348.npz,670bfcdf736e3236c94df9812dae2f9c557331e7a1ee82b8ab2e737531ba2e74
T2,scFoundation,scFoundation,method,D349,C2_soskic_LODO_D349,,predictions/C2/C2__scFoundation__C2_soskic_LODO_D349.npz,695ce3e9dd7cad78cfa0de90a7339071811d82b0628170e18412ad4a32939c92
T2,scFoundation,scFoundation,method,D350,C2_soskic_LODO_D350,,predictions/C2/C2__scFoundation__C2_soskic_LODO_D350.npz,3665820bc10c0780768d04158a875e791f3a16a62eb58e90b5c6b7818842728e
T2,scFoundation,scFoundation,method,D351,C2_soskic_LODO_D351,,predictions/C2/C2__scFoundation__C2_soskic_LODO_D351.npz,9676392cfa179c22b9207e28fad543071d5a0df81a4df80e681660a574bded9f
T2,scFoundation,scFoundation,method,D352,C2_soskic_LODO_D352,,predictions/C2/C2__scFoundation__C2_soskic_LODO_D352.npz,b490b05fa8eedb94c01c31d5db8cd2ff80be82a7ab4d51f62dcd5c799a3f6dad
T2,scFoundation,scFoundation,method,D353,C2_soskic_LODO_D353,,predictions/C2/C2__scFoundation__C2_soskic_LODO_D353.npz,78fc972f4e112ea3e53b0afcbe4133f8b5e8d2837f6896036535f1784bc0c3ef
T2,scFoundation,scFoundation,method,D354,C2_soskic_LODO_D354,,predictions/C2/C2__scFoundation__C2_soskic_LODO_D354.npz,f52d53613767fe723031f6f8df03a67b628c0dd35c8c58a6e85d0879141e3ab6
T2,scFoundation,scFoundation,method,D355,C2_soskic_LODO_D355,,predictions/C2/C2__scFoundation__C2_soskic_LODO_D355.npz,8fb0a3bd0f4562635c9ffabe0ff57cbd88a52fe87a32e870704d6ea1ba657c9b
T2,scFoundation,scFoundation,method,D356,C2_soskic_LODO_D356,,predictions/C2/C2__scFoundation__C2_soskic_LODO_D356.npz,704120f3f5d75c51d63f0f16369e991e1bad766d3c4fcd17ce411b917ae967c9
T2,scFoundation,scFoundation,method,D357,C2_soskic_LODO_D357,,predictions/C2/C2__scFoundation__C2_soskic_LODO_D357.npz,7469f321a2c8d026e9296bc0392c5d8af4d054952398d046c793f9979bd83c2d
T2,scFoundation,scFoundation,method,D358,C2_soskic_LODO_D358,,predictions/C2/C2__scFoundation__C2_soskic_LODO_D358.npz,ffa95b6def16eceb49171268d3056a0cebb32202352f52551e58de0ba67a3b55
T2,scFoundation,scFoundation,method,D359,C2_soskic_LODO_D359,,predictions/C2/C2__scFoundation__C2_soskic_LODO_D359.npz,cf2837ef60677e996c16ae5bd4b525066b4ae4fc59bbb7064d9fea02fa6341ba
T2,scFoundation,scFoundation,method,D363,C2_soskic_LODO_D363,,predictions/C2/C2__scFoundation__C2_soskic_LODO_D363.npz,311108b1ad589cde0681d27eac4fde35922094c87ceff229317b002d1dcb5e5c
T2,scFoundation,scFoundation,method,D364,C2_soskic_LODO_D364,,predictions/C2/C2__scFoundation__C2_soskic_LODO_D364.npz,45e5db3cbff2cf5605a1288415dbeb9e14e8871be0be60b50a2b1805c098e408
T2,scFoundation,scFoundation,method,D365,C2_soskic_LODO_D365,,predictions/C2/C2__scFoundation__C2_soskic_LODO_D365.npz,092846efddc43d5f0994a63f89ef991bd68e339dcc06e67c67da1fac62191d05
T2,scFoundation,scFoundation,method,D366,C2_soskic_LODO_D366,,predictions/C2/C2__scFoundation__C2_soskic_LODO_D366.npz,fc57eb31159492947e16be21605186c83d8d8bfb9e45eeded7e21e29aa886684
T2,scFoundation,scFoundation,method,D367,C2_soskic_LODO_D367,,predictions/C2/C2__scFoundation__C2_soskic_LODO_D367.npz,c08af24b3761421cd26c7d3a8f4134ac53495a963887f33f7bc7664f8ffb371f
T2,scFoundation,scFoundation,method,D368,C2_soskic_LODO_D368,,predictions/C2/C2__scFoundation__C2_soskic_LODO_D368.npz,444128a9d277d886b59e0d7907aeb642fb70f438c7b908cd55749b9ebf778bdd
T2,scFoundation,scFoundation,method,D369,C2_soskic_LODO_D369,,predictions/C2/C2__scFoundation__C2_soskic_LODO_D369.npz,1d14914a36b54c90cf7dad63d285469dc48c72c5f965a0d9adbbd159ed0ad1d1
T2,scFoundation,scFoundation,method,D370,C2_soskic_LODO_D370,,predictions/C2/C2__scFoundation__C2_soskic_LODO_D370.npz,c72bb61f63e6ad4801822b3bf49462b9b7057001ac116ed18a310cb1de945cdc
T2,scFoundation,scFoundation,method,D371,C2_soskic_LODO_D371,,predictions/C2/C2__scFoundation__C2_soskic_LODO_D371.npz,02011b49891a7d132260dc27c4ba7636dc8d73c4215937069e525e92b02dbc29
T2,scFoundation,scFoundation,method,D372,C2_soskic_LODO_D372,,predictions/C2/C2__scFoundation__C2_soskic_LODO_D372.npz,5b93350d2a6e530889108b83bba50b3b5e83378358727aba8edc9bc62081117c
T2,scFoundation,scFoundation,method,D373,C2_soskic_LODO_D373,,predictions/C2/C2__scFoundation__C2_soskic_LODO_D373.npz,78eace58aee9049c85fc366d11e66cf53b7daa0d2963cdbbf2e14bc6f2e649e9
T2,scFoundation,scFoundation,method,D374,C2_soskic_LODO_D374,,predictions/C2/C2__scFoundation__C2_soskic_LODO_D374.npz,4772cef8295de86a095adcf811d1d32a61959be80fccd24ba371f9f078f6d625
T2,scFoundation,scFoundation,method,D378,C2_soskic_LODO_D378,,predictions/C2/C2__scFoundation__C2_soskic_LODO_D378.npz,4a3b31e63f07ab494f615d32a67b2152a85110fcf75c91b353b16609ba486016
T2,scFoundation,scFoundation,method,D379,C2_soskic_LODO_D379,,predictions/C2/C2__scFoundation__C2_soskic_LODO_D379.npz,9f6f9a5893bbeaaa44bc358327f325cb8898d5a7f25de3dad5ba413cc5df2147
T2,scFoundation,scFoundation,method,D380,C2_soskic_LODO_D380,,predictions/C2/C2__scFoundation__C2_soskic_LODO_D380.npz,3d2e7fdfcb38764ee07ea34577666d1ca92cb72f1d934d379b9a602491f1af64
T2,scFoundation,scFoundation,method,D381,C2_soskic_LODO_D381,,predictions/C2/C2__scFoundation__C2_soskic_LODO_D381.npz,bdaf66c57c7f158431136b97c03e88f44b17ba7ef6d144de7a93ad72e2df9ef8
T2,scFoundation,scFoundation,method,D382,C2_soskic_LODO_D382,,predictions/C2/C2__scFoundation__C2_soskic_LODO_D382.npz,249ca0bdc46ef4c8ed263db7f22ba8ab36e0ce22d9b3b4b1da28e4a1aae48296
T2,scFoundation,scFoundation,method,D383,C2_soskic_LODO_D383,,predictions/C2/C2__scFoundation__C2_soskic_LODO_D383.npz,db13a233314f0345baec1ae91523b12e019a912cb5b47f04dd0f31439c87bc76
T2,scFoundation,scFoundation,method,D387,C2_soskic_LODO_D387,,predictions/C2/C2__scFoundation__C2_soskic_LODO_D387.npz,fea9416ded10b7c648de1435f50ad25446e51403a0dd9fd0be1f18f745206608
T2,scFoundation,scFoundation,method,D388,C2_soskic_LODO_D388,,predictions/C2/C2__scFoundation__C2_soskic_LODO_D388.npz,d737e9bb31ed3f2b9cb4b0a6cab8c7add68639f5476f59b8473177e99e105404
T2,scFoundation,scFoundation,method,D389,C2_soskic_LODO_D389,,predictions/C2/C2__scFoundation__C2_soskic_LODO_D389.npz,378ef71e871d9af40b982d78c54fadba2a2b9531477dde2612fab36a38b8068b
T2,scFoundation,scFoundation,method,D390,C2_soskic_LODO_D390,,predictions/C2/C2__scFoundation__C2_soskic_LODO_D390.npz,1b890c4c7606b7963166ec98dc94f40421e998cdbe564bfd7ddff0286445428f
T2,scFoundation,scFoundation,method,D391,C2_soskic_LODO_D391,,predictions/C2/C2__scFoundation__C2_soskic_LODO_D391.npz,9a71b0be4f8220619d7acc625f41601e80108ff94df41b3c570338f971ca21ad
T2,scFoundation,scFoundation,method,D392,C2_soskic_LODO_D392,,predictions/C2/C2__scFoundation__C2_soskic_LODO_D392.npz,1ddda921dfba51369a68c0c4b8e3dd6d6037781ff1efbb229d1806180c61871c
T2,scFoundation,scFoundation,method,D393,C2_soskic_LODO_D393,,predictions/C2/C2__scFoundation__C2_soskic_LODO_D393.npz,5fd8e616bc009cac4d346bfc9f60d08ea3bee3084a466be91f4cd7614cbb5b9f
T2,scFoundation,scFoundation,method,D394,C2_soskic_LODO_D394,,predictions/C2/C2__scFoundation__C2_soskic_LODO_D394.npz,c5d31042905088a9ad5aebba5f6decfd41685365d11e0f7a5ab6c404ac179f6b
T2,scFoundation,scFoundation,method,D395,C2_soskic_LODO_D395,,predictions/C2/C2__scFoundation__C2_soskic_LODO_D395.npz,dff11a2141fdf4f031b8c150c3dbdcbd890d69c7e7f27a3e3e9d34ca7f18f80e
T2,scFoundation,scFoundation,method,D396,C2_soskic_LODO_D396,,predictions/C2/C2__scFoundation__C2_soskic_LODO_D396.npz,17836472e7d1402992a4b84319bbc456a846d9aa642a9483b2df0db1f261beba
T2,scFoundation,scFoundation,method,D397,C2_soskic_LODO_D397,,predictions/C2/C2__scFoundation__C2_soskic_LODO_D397.npz,bfa2315daa762da7508f1f4039bec6d23b9056d7c6bcdb2f1277ebe7d83e0701
T2,scFoundation,scFoundation,method,D398,C2_soskic_LODO_D398,,predictions/C2/C2__scFoundation__C2_soskic_LODO_D398.npz,0c36610c8688e6d24402b968dd5e5d903e8c916b637ad9661ad85f622d7b0004
T2,scFoundation,scFoundation,method,D405,C2_soskic_LODO_D405,,predictions/C2/C2__scFoundation__C2_soskic_LODO_D405.npz,b27ef17352ded1b0bc6b150fde989d7d982cb74b25c63961e70d3f78aed56fcf
T2,scFoundation,scFoundation,method,D406,C2_soskic_LODO_D406,,predictions/C2/C2__scFoundation__C2_soskic_LODO_D406.npz,90c8df5c924845d11ec17de8dce00669de098f5d777add9d14c1ec47d8ddaee2
T2,scFoundation,scFoundation,method,D407,C2_soskic_LODO_D407,,predictions/C2/C2__scFoundation__C2_soskic_LODO_D407.npz,a5d711d0d2b0ed278132d72652f3589bf9e522701dcba9dfb10e32bc4f367098
T2,scFoundation,scFoundation,method,D408,C2_soskic_LODO_D408,,predictions/C2/C2__scFoundation__C2_soskic_LODO_D408.npz,05d1a29814e74ece9717d73c4e7e770e41cb42c8be799686cc7a59ecce7a399e
T2,scFoundation,scFoundation,method,D409,C2_soskic_LODO_D409,,predictions/C2/C2__scFoundation__C2_soskic_LODO_D409.npz,a6f64fd6c9db504813e10befd0c2b56711d7c57bd059d1103d83d9b8a3f7dd25
T2,scFoundation,scFoundation,method,D410,C2_soskic_LODO_D410,,predictions/C2/C2__scFoundation__C2_soskic_LODO_D410.npz,49f460683b597331d297f67b7694452c72d8c572077193e125b813544c8c16e0
T2,scFoundation,scFoundation,method,D411,C2_soskic_LODO_D411,,predictions/C2/C2__scFoundation__C2_soskic_LODO_D411.npz,dc13ba4f9c40331ff31903f896b5676e3d1a5f001373b4ecfa7d175798e4ecf5
T2,scFoundation,scFoundation,method,D412,C2_soskic_LODO_D412,,predictions/C2/C2__scFoundation__C2_soskic_LODO_D412.npz,f7aa257339ae940a4c6b9e4141587028fbafdf2e008879a74c8a057753426f9e
T2,scFoundation,scFoundation,method,D413,C2_soskic_LODO_D413,,predictions/C2/C2__scFoundation__C2_soskic_LODO_D413.npz,ae044914936569f320ce46fbbc534793fe45506c34fde1d4a21bac0ae8cbaf92
T2,scFoundation,scFoundation,method,D414,C2_soskic_LODO_D414,,predictions/C2/C2__scFoundation__C2_soskic_LODO_D414.npz,b53f3818ba60dd79bdd2a07076e17f59d4ed04347af0192748e5eed250270d99
T2,scFoundation,scFoundation,method,D415,C2_soskic_LODO_D415,,predictions/C2/C2__scFoundation__C2_soskic_LODO_D415.npz,d0dd31743ae5b2e7e4996a1ea2cb97bf85b99141ecc182843d9819dd38adaff2
T2,scFoundation,scFoundation,method,D416,C2_soskic_LODO_D416,,predictions/C2/C2__scFoundation__C2_soskic_LODO_D416.npz,06cfd5f9978ad1733b81ed9abc22f1dad67cf92d89e83f019f8eb8b4b4cc4776
T2,scFoundation,scFoundation,method,D417,C2_soskic_LODO_D417,,predictions/C2/C2__scFoundation__C2_soskic_LODO_D417.npz,705a7f0fd86d642f8702ea44d207acffce77d18c5ea1d2afadf03a6fd20b1526
T2,scFoundation,scFoundation,method,D418,C2_soskic_LODO_D418,,predictions/C2/C2__scFoundation__C2_soskic_LODO_D418.npz,52127ee840249fb423f08f921eb59184340ec3fb593305582fa587bea45fce43
T2,scFoundation,scFoundation,method,D419,C2_soskic_LODO_D419,,predictions/C2/C2__scFoundation__C2_soskic_LODO_D419.npz,c7a91ef3581b458b56fc9b48d204856e4ca9cd77dc38bed80a499048be451809
T2,scFoundation,scFoundation,method,D420,C2_soskic_LODO_D420,,predictions/C2/C2__scFoundation__C2_soskic_LODO_D420.npz,837b2174c79bb57ca17e5aa137f0a0f3aadd67737d73353dd55f9ee000f5825e
T2,scFoundation,scFoundation,method,D421,C2_soskic_LODO_D421,,predictions/C2/C2__scFoundation__C2_soskic_LODO_D421.npz,5d9493b470dafa796de6639a9e9115ac38ad040c9db9b4e8c14c5734c4105b9a
T2,scFoundation,scFoundation,method,D422,C2_soskic_LODO_D422,,predictions/C2/C2__scFoundation__C2_soskic_LODO_D422.npz,f2ebb70906a999883f01f22235f84859bfa469e1fcee7027fff2e6bc3a95ff63
T2,scFoundation,scFoundation,method,D423,C2_soskic_LODO_D423,,predictions/C2/C2__scFoundation__C2_soskic_LODO_D423.npz,5f6aeae183e2dfe36d94e6a30adadeb5274d17632045aa6a5ab06f06c910698b
T2,scFoundation,scFoundation,method,D424,C2_soskic_LODO_D424,,predictions/C2/C2__scFoundation__C2_soskic_LODO_D424.npz,9c22488de8c2b8da57eb94b83ea36c93ee3414e2407f62f95da93ab81bb7b5b1
T2,scFoundation,scFoundation,method,D425,C2_soskic_LODO_D425,,predictions/C2/C2__scFoundation__C2_soskic_LODO_D425.npz,69113b889f76063e4ad9b9325c972adcb859a91a6b29d8d31b7e038ad738926e
T2,scFoundation,scFoundation,method,D426,C2_soskic_LODO_D426,,predictions/C2/C2__scFoundation__C2_soskic_LODO_D426.npz,8e9ab601e350bf6b16e72b641efbf983046065672ed12694bc542e12865bb885
T2,scFoundation,scFoundation,method,D427,C2_soskic_LODO_D427,,predictions/C2/C2__scFoundation__C2_soskic_LODO_D427.npz,df4f59a91fe9a19fceccfc149cdcf77082b67579b1f188191da7d675b81f5047
T2,scFoundation,scFoundation,method,D428,C2_soskic_LODO_D428,,predictions/C2/C2__scFoundation__C2_soskic_LODO_D428.npz,67c079c84fd3634ed221545faf55c140a97cc4008ad888f77c2f512e1fb3ea5d
T2,scFoundation,scFoundation,method,D429,C2_soskic_LODO_D429,,predictions/C2/C2__scFoundation__C2_soskic_LODO_D429.npz,80a57de1a5744aaec162ca53f5d059ab51a0f53e6798d95504052d5ad24afadd
T2,scFoundation,scFoundation,method,D430,C2_soskic_LODO_D430,,predictions/C2/C2__scFoundation__C2_soskic_LODO_D430.npz,e2eb9b1a6d23ce25985018c0bfb306d6ca3ad69bd9841eb8b40ed35d85590404
T2,scFoundation,scFoundation,method,D431,C2_soskic_LODO_D431,,predictions/C2/C2__scFoundation__C2_soskic_LODO_D431.npz,289a0473873bba7a2eda451691ee27aa52ab6a5c8bf4507f1d9b1f581406b5f9
T2,scFoundation,scFoundation,method,D432,C2_soskic_LODO_D432,,predictions/C2/C2__scFoundation__C2_soskic_LODO_D432.npz,8762f693c6e73c6240978fb49f755727db7b3569cfdacbdbfbea78e0f82502ba
T2,scFoundation,scFoundation,method,D433,C2_soskic_LODO_D433,,predictions/C2/C2__scFoundation__C2_soskic_LODO_D433.npz,f65131703d653bcf38f1832f38af56c50ec88398c12693495aeb24b38baf9ef6
T2,scFoundation,scFoundation,method,D434,C2_soskic_LODO_D434,,predictions/C2/C2__scFoundation__C2_soskic_LODO_D434.npz,cd4d1f38d16cd682b93031ed762b5af5119cf78fd77d0de77641e1fc4c7ce06b
T2,scFoundation,scFoundation,method,D435,C2_soskic_LODO_D435,,predictions/C2/C2__scFoundation__C2_soskic_LODO_D435.npz,0393bf7510757f180d0c163e53cdee66b4967a8af6704678c3ab3d33e2ffb701
T2,scFoundation,scFoundation,method,D436,C2_soskic_LODO_D436,,predictions/C2/C2__scFoundation__C2_soskic_LODO_D436.npz,758a8ffcbca1f35871818521cb0765678ab2d6493b30d0a0716ef76d20de1d4c
T2,scFoundation,scFoundation,method,D439,C2_soskic_LODO_D439,,predictions/C2/C2__scFoundation__C2_soskic_LODO_D439.npz,a4f004e1df74ed74a910bd38e7e263cbc895157d423734a45884facae9955201
T2,scFoundation,scFoundation,method,D440,C2_soskic_LODO_D440,,predictions/C2/C2__scFoundation__C2_soskic_LODO_D440.npz,11863271f1f7b4edf292cbbe43f7c0944c81d66dd530febef0b51d45ccdabf24
T2,scFoundation,scFoundation,method,D441,C2_soskic_LODO_D441,,predictions/C2/C2__scFoundation__C2_soskic_LODO_D441.npz,692b400bb9d18d8e137bd7a7e2cabf1b64880967a3d05e978fc8fdd3306a2b43
T2,scFoundation,scFoundation,method,D442,C2_soskic_LODO_D442,,predictions/C2/C2__scFoundation__C2_soskic_LODO_D442.npz,3a4502e22bbe0051240e6660b9d22ac883b11e9307e3b87f67f686f691968cfe
T2,scFoundation,scFoundation,method,D443,C2_soskic_LODO_D443,,predictions/C2/C2__scFoundation__C2_soskic_LODO_D443.npz,579d160a19e80f0447eb1787ebc2cfef97d00c61be52258f79cadf52d545068e
T2,scFoundation,scFoundation,method,D445,C2_soskic_LODO_D445,,predictions/C2/C2__scFoundation__C2_soskic_LODO_D445.npz,f64b006fa9f7dab63cdda0d8cc7ef844874cf47cb3b3fdc25c96e9208519e129
T2,scFoundation,scFoundation,method,D446,C2_soskic_LODO_D446,,predictions/C2/C2__scFoundation__C2_soskic_LODO_D446.npz,a044a1599ea1d962a8fc5121a2064f7b90e09ece46d91f14368ee4d4a935a32c
T2,scFoundation,scFoundation,method,D447,C2_soskic_LODO_D447,,predictions/C2/C2__scFoundation__C2_soskic_LODO_D447.npz,0bf86c2d646c23d1fab11e76eda5b691e33d314bf89b3f75ef8b36dcda31d1dd
T2,scFoundation,scFoundation,method,D448,C2_soskic_LODO_D448,,predictions/C2/C2__scFoundation__C2_soskic_LODO_D448.npz,51ad805101f4ed38d3a43b77abdcfae5144fa30572777869db163b44a04871aa
T2,scFoundation,scFoundation,method,D449,C2_soskic_LODO_D449,,predictions/C2/C2__scFoundation__C2_soskic_LODO_D449.npz,4aea7855a8a240e93db685204d4ed15b4d5593c2f046be1a7cfdc0838b72bb23
T2,scFoundation,scFoundation,method,D450,C2_soskic_LODO_D450,,predictions/C2/C2__scFoundation__C2_soskic_LODO_D450.npz,f9efcaadf0256221b49fe1d40ac10a8de47310148e10291832b8b5a8593bc85c
T2,scFoundation,scFoundation,method,D451,C2_soskic_LODO_D451,,predictions/C2/C2__scFoundation__C2_soskic_LODO_D451.npz,6b127da859ec3b26ddf4bfc485a4f45752ab35cd981c482a1ca80c742573f2ec
T2,scFoundation,scFoundation,method,D452,C2_soskic_LODO_D452,,predictions/C2/C2__scFoundation__C2_soskic_LODO_D452.npz,b8814fc263574fd8d17913e99b3c891bc386cfb64a158175e5abb4c569d118d8
T2,scFoundation,scFoundation,method,D453,C2_soskic_LODO_D453,,predictions/C2/C2__scFoundation__C2_soskic_LODO_D453.npz,a334ac362c6fa37d1f342f05c6570f2a463b307027d31ecda663a5ac66c91be3
T2,scFoundation,scFoundation,method,D454,C2_soskic_LODO_D454,,predictions/C2/C2__scFoundation__C2_soskic_LODO_D454.npz,b7217ffbe7c0103080a38842b09e4ac2c567b8eceb980e91bcc8e276bdd9a2cd
T2,scFoundation,scFoundation,method,D455,C2_soskic_LODO_D455,,predictions/C2/C2__scFoundation__C2_soskic_LODO_D455.npz,001de5a519345d19cad9f7737f683bd0f7e680d1ba64bee33619996e221a0f08
T2,scFoundation,scFoundation,method,D456,C2_soskic_LODO_D456,,predictions/C2/C2__scFoundation__C2_soskic_LODO_D456.npz,58db6500a66a7c69fd288fded56c9c63e31efc3892b4d23e8412ec46b59f4ff8
T2,scFoundation,scFoundation,method,D457,C2_soskic_LODO_D457,,predictions/C2/C2__scFoundation__C2_soskic_LODO_D457.npz,9b26f0d5f5eabb09841b963766f3fc6faa5baa9447d20a9790dc7480ca2cee90
T2,scFoundation,scFoundation,method,D458,C2_soskic_LODO_D458,,predictions/C2/C2__scFoundation__C2_soskic_LODO_D458.npz,794ad17bbb13af80a3b671e59fb4c50944576dc591c53cc1fdd1dc37f108ff75
T2,scFoundation,scFoundation,method,D459,C2_soskic_LODO_D459,,predictions/C2/C2__scFoundation__C2_soskic_LODO_D459.npz,f6acb17ba1d4c5fe6b330cba6bae4c004af5423a1ffbdaa5a7030e14b55ab38f
T2,scFoundation,scFoundation,method,D460,C2_soskic_LODO_D460,,predictions/C2/C2__scFoundation__C2_soskic_LODO_D460.npz,0378319bf0311d0d953f78c181de6cc896a7a331363e5d0510d8001319961628
T2,scFoundation,scFoundation,method,D461,C2_soskic_LODO_D461,,predictions/C2/C2__scFoundation__C2_soskic_LODO_D461.npz,ee63d750ec961513f5da106aaa3027e0ccd18e52240de8a11ab68343b296e0b1
T2,scFoundation,scFoundation,method,D462,C2_soskic_LODO_D462,,predictions/C2/C2__scFoundation__C2_soskic_LODO_D462.npz,395ef00f4080028ee688fe2cdb3b23df9ec2ca960a04c08c256e9ea8d79d7155
T2,scFoundation,scFoundation,method,D463,C2_soskic_LODO_D463,,predictions/C2/C2__scFoundation__C2_soskic_LODO_D463.npz,5f0e41ad8dacab5c065a6a0052bdc6af7a5455d2ccfe41025c6a783c7d64597d
T2,scFoundation,scFoundation,method,D464,C2_soskic_LODO_D464,,predictions/C2/C2__scFoundation__C2_soskic_LODO_D464.npz,2f1159cf6fc47b6ad84f20a32e0acc44a902771abc863fec4401501a7aa4f990
T2,scFoundation,scFoundation,method,D465,C2_soskic_LODO_D465,,predictions/C2/C2__scFoundation__C2_soskic_LODO_D465.npz,17eddcfb14054191a5a1c98131349ed2d7b58222c50479cdc821507ca7ea4987
T2,scFoundation,scFoundation,method,D466,C2_soskic_LODO_D466,,predictions/C2/C2__scFoundation__C2_soskic_LODO_D466.npz,123ffb7b1e86b6862f490a8ca19c5939a309a076d430978ecaef39c80c5887ae
T2,scFoundation,scFoundation,method,D481,C2_soskic_LODO_D481,,predictions/C2/C2__scFoundation__C2_soskic_LODO_D481.npz,ec2ee4b37a78c389cc58598edf0623488a2079dec92f74ce8d967cb3058f6c6f
T2,scFoundation,scFoundation,method,D482,C2_soskic_LODO_D482,,predictions/C2/C2__scFoundation__C2_soskic_LODO_D482.npz,babf7e09c90d2a556b069d1359338d13b416fbafd9a8a9365315022729d6ec06
T2,scFoundation,scFoundation,method,D483,C2_soskic_LODO_D483,,predictions/C2/C2__scFoundation__C2_soskic_LODO_D483.npz,3384cf847c9b9261083d3701b62ff092e45afe9bd2903cb72363ccbcabcf0cf4
T2,scFoundation,scFoundation,method,D484,C2_soskic_LODO_D484,,predictions/C2/C2__scFoundation__C2_soskic_LODO_D484.npz,6337135459aa068afa1ca30160bc7403d731ee522c269c95cd1d8e05c61c92d7
T2,scFoundation,scFoundation,method,D485,C2_soskic_LODO_D485,,predictions/C2/C2__scFoundation__C2_soskic_LODO_D485.npz,2440815c612fac3b8dafac3402de631c39ea620bb2698659e532fa8cfe944599
T2,scGPT,scGPT,method,D348,C2_soskic_LODO_D348,,predictions/C2/C2__scGPT__C2_soskic_LODO_D348.npz,13eb1c88d75cd8ad53aff947bcaf4ba7e55fc05289704274bee21165ddb82182
T2,scGPT,scGPT,method,D349,C2_soskic_LODO_D349,,predictions/C2/C2__scGPT__C2_soskic_LODO_D349.npz,3a43dc456397e1f1e016fbb8960eb788b768ddcb95a9761a1509bf5dbb8300e1
T2,scGPT,scGPT,method,D350,C2_soskic_LODO_D350,,predictions/C2/C2__scGPT__C2_soskic_LODO_D350.npz,5286e865b1d15a3df8e13ba1da726fe45ab7d19678c7b74bc4936ac4c5ce0f0e
T2,scGPT,scGPT,method,D351,C2_soskic_LODO_D351,,predictions/C2/C2__scGPT__C2_soskic_LODO_D351.npz,14529b801b3cde2d2d0c62adccf6db264b170922b5d5451dac52ce32f0a18b8a
T2,scGPT,scGPT,method,D352,C2_soskic_LODO_D352,,predictions/C2/C2__scGPT__C2_soskic_LODO_D352.npz,c8edbefcf39bcdc6dfc0d5cbe18000ea5d2316c75bc3ce7cd762d3dc93abbc0e
T2,scGPT,scGPT,method,D353,C2_soskic_LODO_D353,,predictions/C2/C2__scGPT__C2_soskic_LODO_D353.npz,72208e724b1b0c54e0af263a93bc13370c119bd3fffec24eb85f4e58068531ab
T2,scGPT,scGPT,method,D354,C2_soskic_LODO_D354,,predictions/C2/C2__scGPT__C2_soskic_LODO_D354.npz,7e2f8bff344be476d420ca975db5a6813c569a37d03ac18491ab733b6688acfe
T2,scGPT,scGPT,method,D355,C2_soskic_LODO_D355,,predictions/C2/C2__scGPT__C2_soskic_LODO_D355.npz,1db9cdf7e7fa18e4b73b4efad77a0d7b9de3264ada4949e9a5455ea6102bc614
T2,scGPT,scGPT,method,D356,C2_soskic_LODO_D356,,predictions/C2/C2__scGPT__C2_soskic_LODO_D356.npz,37673a41a37b9aaeb55f5f16808fc004217a095930b496ce19776324db7e0fb2
T2,scGPT,scGPT,method,D357,C2_soskic_LODO_D357,,predictions/C2/C2__scGPT__C2_soskic_LODO_D357.npz,20c98534c5d0a8fd0e5eb76d2c0a0165440a11b17664ffb70759058242b85814
T2,scGPT,scGPT,method,D358,C2_soskic_LODO_D358,,predictions/C2/C2__scGPT__C2_soskic_LODO_D358.npz,d29a05ac64e4ca8be8ebac3c006d16b2133fb6722569701862bea881fd78b97e
T2,scGPT,scGPT,method,D359,C2_soskic_LODO_D359,,predictions/C2/C2__scGPT__C2_soskic_LODO_D359.npz,332fe02b5ee9351dccb89af510935f91dbcd1bd3a32a2220075fb29137edba52
T2,scGPT,scGPT,method,D363,C2_soskic_LODO_D363,,predictions/C2/C2__scGPT__C2_soskic_LODO_D363.npz,5724d037d7e326a8aad5c1a181e0416de243658d4b4ea839b4f08e8b0e29f63a
T2,scGPT,scGPT,method,D364,C2_soskic_LODO_D364,,predictions/C2/C2__scGPT__C2_soskic_LODO_D364.npz,d7974cf89f3e82e8a44f7e4808442f4609d4c2773047062d23ddee6fbc66ba1d
T2,scGPT,scGPT,method,D365,C2_soskic_LODO_D365,,predictions/C2/C2__scGPT__C2_soskic_LODO_D365.npz,4527804061e734a58514b5f1f90a8b907eb40f27b04ab03ed198394b51e08c97
T2,scGPT,scGPT,method,D366,C2_soskic_LODO_D366,,predictions/C2/C2__scGPT__C2_soskic_LODO_D366.npz,eb50597f9a4ef0e41a347a56fc4bc666ba91823a7b5ecfdef357afe62ff038b3
T2,scGPT,scGPT,method,D367,C2_soskic_LODO_D367,,predictions/C2/C2__scGPT__C2_soskic_LODO_D367.npz,2c16ba6eccbeb4f4adfc765b0878d22e5063ec47193fca182ccc10a3ccf3c4fd
T2,scGPT,scGPT,method,D368,C2_soskic_LODO_D368,,predictions/C2/C2__scGPT__C2_soskic_LODO_D368.npz,390cc03b70c3a858e377e35cb8184ecd58ede3b56c11b1de9fe6a3b939aeee73
T2,scGPT,scGPT,method,D369,C2_soskic_LODO_D369,,predictions/C2/C2__scGPT__C2_soskic_LODO_D369.npz,f07c16e7e856cfbeeb50ea45f7b6abeaa310cda81be7670a55b1eb8d278632ad
T2,scGPT,scGPT,method,D370,C2_soskic_LODO_D370,,predictions/C2/C2__scGPT__C2_soskic_LODO_D370.npz,553f05e3d7c87e46bd439699c651d6da066abbac60a801b9d04ae97ca27e0c6e
T2,scGPT,scGPT,method,D371,C2_soskic_LODO_D371,,predictions/C2/C2__scGPT__C2_soskic_LODO_D371.npz,f60c00ef914b8f8e8bc9cb5d0c09b32c1421bcc7fa208146f2f45e38ca31650d
T2,scGPT,scGPT,method,D372,C2_soskic_LODO_D372,,predictions/C2/C2__scGPT__C2_soskic_LODO_D372.npz,115965baafaf6b78629bdeec154cbb98c9ec6e5554db60223838b4ce193e4631
T2,scGPT,scGPT,method,D373,C2_soskic_LODO_D373,,predictions/C2/C2__scGPT__C2_soskic_LODO_D373.npz,692dde0b69fd0f7a74b385d0b0a7eb68909b9e85ca14a9deaec0a2c00bfa231e
T2,scGPT,scGPT,method,D374,C2_soskic_LODO_D374,,predictions/C2/C2__scGPT__C2_soskic_LODO_D374.npz,dadad3c4bbfd631ea87a2d5326c9bd3bc49093908dd5eed709aea6fde0e22beb
T2,scGPT,scGPT,method,D378,C2_soskic_LODO_D378,,predictions/C2/C2__scGPT__C2_soskic_LODO_D378.npz,6d1810dd83a6b825f8dd6de8f1c84174f7ceb0c9cd230d59be471b6284b13076
T2,scGPT,scGPT,method,D379,C2_soskic_LODO_D379,,predictions/C2/C2__scGPT__C2_soskic_LODO_D379.npz,adee773bd34a415d61490a1e879d58111d6bb9f153ec978386f94cbb5bd04b21
T2,scGPT,scGPT,method,D380,C2_soskic_LODO_D380,,predictions/C2/C2__scGPT__C2_soskic_LODO_D380.npz,eae560557bec0e1f157d1bf1da0f2902b3d0292f3cf34ef7c02cb36c3d245c81
T2,scGPT,scGPT,method,D381,C2_soskic_LODO_D381,,predictions/C2/C2__scGPT__C2_soskic_LODO_D381.npz,8fd751672ed4d80cf4e691314cf0d6c58ae9667298520f9a779ad5f29259756f
T2,scGPT,scGPT,method,D382,C2_soskic_LODO_D382,,predictions/C2/C2__scGPT__C2_soskic_LODO_D382.npz,fb2d59e60ed4b931e829559b571d57a6471663f82b070eae27484d04e9fc0a72
T2,scGPT,scGPT,method,D383,C2_soskic_LODO_D383,,predictions/C2/C2__scGPT__C2_soskic_LODO_D383.npz,2893ee07f348b3d7d0f944ea60887cfe858ab7c5b16aeec5612a4012340b4abd
T2,scGPT,scGPT,method,D387,C2_soskic_LODO_D387,,predictions/C2/C2__scGPT__C2_soskic_LODO_D387.npz,f7b54eb8c0269851af862e31ed57c6c6551c8f6bb093b5d275b993b04e52fcaf
T2,scGPT,scGPT,method,D388,C2_soskic_LODO_D388,,predictions/C2/C2__scGPT__C2_soskic_LODO_D388.npz,4b8ba389379303e7c7f8bd04d14884d36d904b256b44a6c551817efcd97572b4
T2,scGPT,scGPT,method,D389,C2_soskic_LODO_D389,,predictions/C2/C2__scGPT__C2_soskic_LODO_D389.npz,dcf7389c5d07bcb667c0bfb9c4923d881fe3695b350d1ae64987857027ff17c7
T2,scGPT,scGPT,method,D390,C2_soskic_LODO_D390,,predictions/C2/C2__scGPT__C2_soskic_LODO_D390.npz,51919f39b777bb2e24d4189ffce90669f0d4cd2d3543847721b754a393626b2e
T2,scGPT,scGPT,method,D391,C2_soskic_LODO_D391,,predictions/C2/C2__scGPT__C2_soskic_LODO_D391.npz,9e9b15cfe9735558c950cdfa6957df57c5c8a49facb1fc9ed13f8076a9d69519
T2,scGPT,scGPT,method,D392,C2_soskic_LODO_D392,,predictions/C2/C2__scGPT__C2_soskic_LODO_D392.npz,e9757516ecf30971478ee14c8043fa6a0687d3cec3c2ad324a69b89cb0db3478
T2,scGPT,scGPT,method,D393,C2_soskic_LODO_D393,,predictions/C2/C2__scGPT__C2_soskic_LODO_D393.npz,b59f66e463e1415ced66f73d670ec5b25fe1bfc382ef95a067a109c153de7290
T2,scGPT,scGPT,method,D394,C2_soskic_LODO_D394,,predictions/C2/C2__scGPT__C2_soskic_LODO_D394.npz,1d87340d3ee2c20e8f6d94366dcf0b0941e1624d7a19487864d97eda2c204ce2
T2,scGPT,scGPT,method,D395,C2_soskic_LODO_D395,,predictions/C2/C2__scGPT__C2_soskic_LODO_D395.npz,5cb3fb84461120cb068c441a7223bca22c0a5d9d7811b64f3bb514124d180a66
T2,scGPT,scGPT,method,D396,C2_soskic_LODO_D396,,predictions/C2/C2__scGPT__C2_soskic_LODO_D396.npz,97eb55ae484af3fa9db926a898f86e54ac3267ff534e19af6eddc4a2bfb6a1e1
T2,scGPT,scGPT,method,D397,C2_soskic_LODO_D397,,predictions/C2/C2__scGPT__C2_soskic_LODO_D397.npz,b3adef63853166a92503a2fb1c896efe5bd00380600df51650d7506b2d89a15e
T2,scGPT,scGPT,method,D398,C2_soskic_LODO_D398,,predictions/C2/C2__scGPT__C2_soskic_LODO_D398.npz,cec9a9b7ecf704aa2faac4992e0bc3804bf045436fa1858655d7ce849b63c6a9
T2,scGPT,scGPT,method,D405,C2_soskic_LODO_D405,,predictions/C2/C2__scGPT__C2_soskic_LODO_D405.npz,a157fe7d536ec6f02fefe837981bc92ef2f814ce34eb8c24704dfe80a561ef8b
T2,scGPT,scGPT,method,D406,C2_soskic_LODO_D406,,predictions/C2/C2__scGPT__C2_soskic_LODO_D406.npz,814ca197778cbaa9e709275802fcef8ea337d230047836293dac2835674019f6
T2,scGPT,scGPT,method,D407,C2_soskic_LODO_D407,,predictions/C2/C2__scGPT__C2_soskic_LODO_D407.npz,d2eccdba66fe6a5ceedfdd1da48e56f4e7b212347a00b44ec4328607e8c22f0d
T2,scGPT,scGPT,method,D408,C2_soskic_LODO_D408,,predictions/C2/C2__scGPT__C2_soskic_LODO_D408.npz,abc670be45603b15407add8ceb3096973e6f969116113085d8aca2fd656ff54f
T2,scGPT,scGPT,method,D409,C2_soskic_LODO_D409,,predictions/C2/C2__scGPT__C2_soskic_LODO_D409.npz,a37965a2bc9cc41fca6a16ac581a28c5bc465544922379d565e8a242f74c1dd2
T2,scGPT,scGPT,method,D410,C2_soskic_LODO_D410,,predictions/C2/C2__scGPT__C2_soskic_LODO_D410.npz,bc1bb9ac7d99a5d2a84640c9838a59c2c5c976c9d06c95a16975fb52cf6e30a8
T2,scGPT,scGPT,method,D411,C2_soskic_LODO_D411,,predictions/C2/C2__scGPT__C2_soskic_LODO_D411.npz,4e8fd87c6b6d8b8f76a5f5641ca23e410634354955d42499ba0796c68291545c
T2,scGPT,scGPT,method,D412,C2_soskic_LODO_D412,,predictions/C2/C2__scGPT__C2_soskic_LODO_D412.npz,583a54221efc9a4df05a5c87d062eb43d5a2f1177f2691ca35de9d973641d202
T2,scGPT,scGPT,method,D413,C2_soskic_LODO_D413,,predictions/C2/C2__scGPT__C2_soskic_LODO_D413.npz,62f8f01ac179d1edfedfed2aa33449eac73a1c6539dfc11b2d7fa1c39fadcbd5
T2,scGPT,scGPT,method,D414,C2_soskic_LODO_D414,,predictions/C2/C2__scGPT__C2_soskic_LODO_D414.npz,3a64526959b986bfbd4130102670ba0170763f0bba63a0cff84cad57c1058523
T2,scGPT,scGPT,method,D415,C2_soskic_LODO_D415,,predictions/C2/C2__scGPT__C2_soskic_LODO_D415.npz,50492f52961073257226f2650842431f90104bc013317e141b82a0a7ae57d4ba
T2,scGPT,scGPT,method,D416,C2_soskic_LODO_D416,,predictions/C2/C2__scGPT__C2_soskic_LODO_D416.npz,1710acefdf7cc78c3eb959eb0c228458f9506f3e9ee1f6761a0f66c8d71b4be9
T2,scGPT,scGPT,method,D417,C2_soskic_LODO_D417,,predictions/C2/C2__scGPT__C2_soskic_LODO_D417.npz,3f538fbc0b2f784e8a93d271e5207a5b4483aaeae0f3bc3d4f8b24ee35414802
T2,scGPT,scGPT,method,D418,C2_soskic_LODO_D418,,predictions/C2/C2__scGPT__C2_soskic_LODO_D418.npz,a57a2b51f700d43f15a82c37e4245c96509cf37d0593e981bcf154ba99bd1232
T2,scGPT,scGPT,method,D419,C2_soskic_LODO_D419,,predictions/C2/C2__scGPT__C2_soskic_LODO_D419.npz,a06456e2a420d181c1ca5f8540abd8d0a4beaf383fdf2a127650a6f02b449dd6
T2,scGPT,scGPT,method,D420,C2_soskic_LODO_D420,,predictions/C2/C2__scGPT__C2_soskic_LODO_D420.npz,53c7e13cc7fb0bda078d5ccc5b451882867e40fa83333a59c43cf527d40e215b
T2,scGPT,scGPT,method,D421,C2_soskic_LODO_D421,,predictions/C2/C2__scGPT__C2_soskic_LODO_D421.npz,d9ebd8bb9e53fb6874e5596b0e9c11d309e0ce61d4d1a8ba2e5a229a18169cf6
T2,scGPT,scGPT,method,D422,C2_soskic_LODO_D422,,predictions/C2/C2__scGPT__C2_soskic_LODO_D422.npz,eeec472fdfe710eb0c028df2d4367e5227fb7accc807a504336d97057a930efa
T2,scGPT,scGPT,method,D423,C2_soskic_LODO_D423,,predictions/C2/C2__scGPT__C2_soskic_LODO_D423.npz,86fe740e64dc0fa478bbc571fb18e99972e54e9aa9f3ccb8981250b1baa78837
T2,scGPT,scGPT,method,D424,C2_soskic_LODO_D424,,predictions/C2/C2__scGPT__C2_soskic_LODO_D424.npz,d4e63cf78c46c9e8ac30fe760e735574c059715a47d8efa9da0d885636d2f517
T2,scGPT,scGPT,method,D425,C2_soskic_LODO_D425,,predictions/C2/C2__scGPT__C2_soskic_LODO_D425.npz,baf7a90724c1298880a30851b734d92b1e66b4a325adce84e702ed433e5951f1
T2,scGPT,scGPT,method,D426,C2_soskic_LODO_D426,,predictions/C2/C2__scGPT__C2_soskic_LODO_D426.npz,8fdf4a8735917fe7b11fc57de42e89c04eb3a07e5161b2e710375fc16cd3bd6c
T2,scGPT,scGPT,method,D427,C2_soskic_LODO_D427,,predictions/C2/C2__scGPT__C2_soskic_LODO_D427.npz,58be6ee22e909ee076d64d8c3ea1e7befa880cb773b960fd8f3c5b27f6eeef10
T2,scGPT,scGPT,method,D428,C2_soskic_LODO_D428,,predictions/C2/C2__scGPT__C2_soskic_LODO_D428.npz,66d916e0eb720d17e46c6f186f5d6d9535fe606f5030d763a0ddc622049c9318
T2,scGPT,scGPT,method,D429,C2_soskic_LODO_D429,,predictions/C2/C2__scGPT__C2_soskic_LODO_D429.npz,b6356abd83129035a884980e856913252b9ed0426a22718637d0a4cc14c85b7f
T2,scGPT,scGPT,method,D430,C2_soskic_LODO_D430,,predictions/C2/C2__scGPT__C2_soskic_LODO_D430.npz,58223b56e66e0a36934d04ee6eb5971c8e3e7dcbb82056a73a6e6f987dab0e3f
T2,scGPT,scGPT,method,D431,C2_soskic_LODO_D431,,predictions/C2/C2__scGPT__C2_soskic_LODO_D431.npz,6cd2be9657d0b098ce4313d769a749db5f197a21abcf88eab4f276c71b323afd
T2,scGPT,scGPT,method,D432,C2_soskic_LODO_D432,,predictions/C2/C2__scGPT__C2_soskic_LODO_D432.npz,e15c94a4f5fa1a1c14c4896329c74b7ce02a52968ad5bfe49930e5201ced0d9b
T2,scGPT,scGPT,method,D433,C2_soskic_LODO_D433,,predictions/C2/C2__scGPT__C2_soskic_LODO_D433.npz,0e40998783cc140f8809bb9ff71f9ccc3ed497804458610c011117130b1d14d4
T2,scGPT,scGPT,method,D434,C2_soskic_LODO_D434,,predictions/C2/C2__scGPT__C2_soskic_LODO_D434.npz,90f5854776eb66abd9d138d058e7252d8ac4259474b15192da418eb0de9f706b
T2,scGPT,scGPT,method,D435,C2_soskic_LODO_D435,,predictions/C2/C2__scGPT__C2_soskic_LODO_D435.npz,2752866b19a53e1fd302debf838bea8890525da0f638c6587c99958f54b7d662
T2,scGPT,scGPT,method,D436,C2_soskic_LODO_D436,,predictions/C2/C2__scGPT__C2_soskic_LODO_D436.npz,864e443bcb40de5fa288d44037167327f7551d123319a595968545d2553c03cf
T2,scGPT,scGPT,method,D439,C2_soskic_LODO_D439,,predictions/C2/C2__scGPT__C2_soskic_LODO_D439.npz,f70d91d0f29527a995c1e756143461df0676728314f1956314e5b9be1d0c9ffd
T2,scGPT,scGPT,method,D440,C2_soskic_LODO_D440,,predictions/C2/C2__scGPT__C2_soskic_LODO_D440.npz,b2d32c8cd0a601699be953d9de2539055dbb7b67d597436620811e2148338cb7
T2,scGPT,scGPT,method,D441,C2_soskic_LODO_D441,,predictions/C2/C2__scGPT__C2_soskic_LODO_D441.npz,4f7a0bf84d04bc561425c7ce799fd45f34bf5ba958b4abee1d214333c0da31b3
T2,scGPT,scGPT,method,D442,C2_soskic_LODO_D442,,predictions/C2/C2__scGPT__C2_soskic_LODO_D442.npz,7789bb93aef8d41a424c396dd8952c23366964612aba73ad0a013c724cecca45
T2,scGPT,scGPT,method,D443,C2_soskic_LODO_D443,,predictions/C2/C2__scGPT__C2_soskic_LODO_D443.npz,874c1ef3369f28e800e2e69940e1dd64234df624d37381ee6a797141048a3e1a
T2,scGPT,scGPT,method,D445,C2_soskic_LODO_D445,,predictions/C2/C2__scGPT__C2_soskic_LODO_D445.npz,577cbf52eaa2593af91da04d161dd35b6e9caa4c2e9c5094b0963c299858eece
T2,scGPT,scGPT,method,D446,C2_soskic_LODO_D446,,predictions/C2/C2__scGPT__C2_soskic_LODO_D446.npz,fd36f9af5036645b96105722b983e83c5df3ce93d5ffaaf870824b74bc6253e1
T2,scGPT,scGPT,method,D447,C2_soskic_LODO_D447,,predictions/C2/C2__scGPT__C2_soskic_LODO_D447.npz,191163924c851b3c3113faf49968086eedb6d2cce19a78a9ff0871c1c3905110
T2,scGPT,scGPT,method,D448,C2_soskic_LODO_D448,,predictions/C2/C2__scGPT__C2_soskic_LODO_D448.npz,167fec26874177993680de988182c9856314c661b4a15edebc5cccb2fbe584dd
T2,scGPT,scGPT,method,D449,C2_soskic_LODO_D449,,predictions/C2/C2__scGPT__C2_soskic_LODO_D449.npz,f09d434b3b3f2535a69cdd6b09602358ac62d88842c993fec1499c4986f72fb9
T2,scGPT,scGPT,method,D450,C2_soskic_LODO_D450,,predictions/C2/C2__scGPT__C2_soskic_LODO_D450.npz,4e6c17e1eeaaf9c969f0fb42e6320f639e11c0b181c76544746d90046599f014
T2,scGPT,scGPT,method,D451,C2_soskic_LODO_D451,,predictions/C2/C2__scGPT__C2_soskic_LODO_D451.npz,7d908ec4dbf0028fd8476df9000e560ac26c26abe438434fcc5471fbae958344
T2,scGPT,scGPT,method,D452,C2_soskic_LODO_D452,,predictions/C2/C2__scGPT__C2_soskic_LODO_D452.npz,7fab6eba25e5d9b5593606c82ff3f15c033421f34b8a74923c11a6a34d8a0589
T2,scGPT,scGPT,method,D453,C2_soskic_LODO_D453,,predictions/C2/C2__scGPT__C2_soskic_LODO_D453.npz,34360944c08664aedb900e3b30ca6544de5cc86bf94750ab98fa98e657e4b5b5
T2,scGPT,scGPT,method,D454,C2_soskic_LODO_D454,,predictions/C2/C2__scGPT__C2_soskic_LODO_D454.npz,30b1029b105b6358af305e777a8a721da81d049a4a4d548311ca3e8cefcd0840
T2,scGPT,scGPT,method,D455,C2_soskic_LODO_D455,,predictions/C2/C2__scGPT__C2_soskic_LODO_D455.npz,290b809aea2f47a8a705436c52c710cc2237b34cd413634707e66173557d5c5d
T2,scGPT,scGPT,method,D456,C2_soskic_LODO_D456,,predictions/C2/C2__scGPT__C2_soskic_LODO_D456.npz,64fb952eca92ac745eea28d2f92f748e261744d00165e690d18f248526a773d7
T2,scGPT,scGPT,method,D457,C2_soskic_LODO_D457,,predictions/C2/C2__scGPT__C2_soskic_LODO_D457.npz,240b7aa91001f334978e5aff5e880fe73d7a03b75becaabdba5a2e2b0e3ec7a4
T2,scGPT,scGPT,method,D458,C2_soskic_LODO_D458,,predictions/C2/C2__scGPT__C2_soskic_LODO_D458.npz,4ae3aca26683c72d79ff70e2532e023e1cbdd86c8ee9a6036e244971a4c841fc
T2,scGPT,scGPT,method,D459,C2_soskic_LODO_D459,,predictions/C2/C2__scGPT__C2_soskic_LODO_D459.npz,8740773ec358be94a1cc52f6bb0474aea119cc160753fc21557ac02fd8fb6ade
T2,scGPT,scGPT,method,D460,C2_soskic_LODO_D460,,predictions/C2/C2__scGPT__C2_soskic_LODO_D460.npz,4097e8ab6e268b6652c8e6a1b8c54ce4d88d7f5316cb640876e72cf21df9819a
T2,scGPT,scGPT,method,D461,C2_soskic_LODO_D461,,predictions/C2/C2__scGPT__C2_soskic_LODO_D461.npz,a8ff457c6c123a68a18dc70acc294173051f3566bf8a13b995095a391df3335a
T2,scGPT,scGPT,method,D462,C2_soskic_LODO_D462,,predictions/C2/C2__scGPT__C2_soskic_LODO_D462.npz,758c92deadc0654f040065b803d3701256a78af6700d3775549cc6be262f1b44
T2,scGPT,scGPT,method,D463,C2_soskic_LODO_D463,,predictions/C2/C2__scGPT__C2_soskic_LODO_D463.npz,32eeb2db610ad4700d6831d410d3b5ef143c94096ee608d55216003b78672911
T2,scGPT,scGPT,method,D464,C2_soskic_LODO_D464,,predictions/C2/C2__scGPT__C2_soskic_LODO_D464.npz,21c8f0951fcd9c8aad207e937c7ce3fd448a2fa0faa6194657a9d2c8b1660fb0
T2,scGPT,scGPT,method,D465,C2_soskic_LODO_D465,,predictions/C2/C2__scGPT__C2_soskic_LODO_D465.npz,999e6c008a7c2f64d8838cc42ea007a653fe42edae55ca3159aea3e05c07300d
T2,scGPT,scGPT,method,D466,C2_soskic_LODO_D466,,predictions/C2/C2__scGPT__C2_soskic_LODO_D466.npz,f9ef19b5359acc8891948ff0b537c7ebaf31ab5f01a3046c919e5263f5e56e98
T2,scGPT,scGPT,method,D481,C2_soskic_LODO_D481,,predictions/C2/C2__scGPT__C2_soskic_LODO_D481.npz,b8255e92a6d4b1d72c4b8fe9260a399c7389908e275f09eaaa5985f5884cd970
T2,scGPT,scGPT,method,D482,C2_soskic_LODO_D482,,predictions/C2/C2__scGPT__C2_soskic_LODO_D482.npz,86f8f6f61577d5315ecbf85998ce45835a6e014d8c2f8f329a91a046af1aadb2
T2,scGPT,scGPT,method,D483,C2_soskic_LODO_D483,,predictions/C2/C2__scGPT__C2_soskic_LODO_D483.npz,4b4a2bbda1edf011224b50b00738ff14e59224e8cf564209e0d75e3b5833c945
T2,scGPT,scGPT,method,D484,C2_soskic_LODO_D484,,predictions/C2/C2__scGPT__C2_soskic_LODO_D484.npz,9873080588211310039484b14a7a9c8a7f9e15840cdb4d9bb25e71875a921222
T2,scGPT,scGPT,method,D485,C2_soskic_LODO_D485,,predictions/C2/C2__scGPT__C2_soskic_LODO_D485.npz,d6e07b3e29f6bd4b0148f80206faf65145e36cf98bc616a1350173099a760364
T2,scPRAM,scPRAM,method,D348,C2_soskic_LODO_D348,,predictions/C2/C2__scPRAM__C2_soskic_LODO_D348.npz,744d26bb80edee7de2b4756055dcdbb96d1ef6bc421467abf3250ae0c854edc0
T2,scPRAM,scPRAM,method,D349,C2_soskic_LODO_D349,,predictions/C2/C2__scPRAM__C2_soskic_LODO_D349.npz,14b23dc8d63aefd0e58e526c2627a3746193214dd70d5b325a3fae50b0b33359
T2,scPRAM,scPRAM,method,D350,C2_soskic_LODO_D350,,predictions/C2/C2__scPRAM__C2_soskic_LODO_D350.npz,5a9c683301604687a454ee66c8b836a7aa859fdccf44d24613e2dafbc51d7b05
T2,scPRAM,scPRAM,method,D351,C2_soskic_LODO_D351,,predictions/C2/C2__scPRAM__C2_soskic_LODO_D351.npz,8a69b578d23d04282ada584b6fcc2af3593f5b3c0f935b7bb1c853a001d47899
T2,scPRAM,scPRAM,method,D352,C2_soskic_LODO_D352,,predictions/C2/C2__scPRAM__C2_soskic_LODO_D352.npz,454869d3370e6d29b43021a7cd11a0f8f003c6a1d6bc9bb595fb33675bd64b3c
T2,scPRAM,scPRAM,method,D353,C2_soskic_LODO_D353,,predictions/C2/C2__scPRAM__C2_soskic_LODO_D353.npz,13bfe508c330d06d236b560a18dc294e176778f196bd13556d0af2942633c3e7
T2,scPRAM,scPRAM,method,D354,C2_soskic_LODO_D354,,predictions/C2/C2__scPRAM__C2_soskic_LODO_D354.npz,3bdd7eebead8636ec04fa6058aeb407e189d4433803cbf8ab51713c1f33296d5
T2,scPRAM,scPRAM,method,D355,C2_soskic_LODO_D355,,predictions/C2/C2__scPRAM__C2_soskic_LODO_D355.npz,223bc81f41afaae3b0de6ca3783a1c29213ef31f118eb0e5357610a7de96bd93
T2,scPRAM,scPRAM,method,D356,C2_soskic_LODO_D356,,predictions/C2/C2__scPRAM__C2_soskic_LODO_D356.npz,dc0665c75ee59714781600c0635ee473d8ba173eb89f80969be0a07203f1d314
T2,scPRAM,scPRAM,method,D357,C2_soskic_LODO_D357,,predictions/C2/C2__scPRAM__C2_soskic_LODO_D357.npz,36ea57624efdd74fb5292fabbd7dfe7ef06fe433c5eef221a3e688c108671cae
T2,scPRAM,scPRAM,method,D358,C2_soskic_LODO_D358,,predictions/C2/C2__scPRAM__C2_soskic_LODO_D358.npz,242c558de3fde0780cf38ce5d22811869b679aa6ff61611ee50d223fbc1a44ff
T2,scPRAM,scPRAM,method,D359,C2_soskic_LODO_D359,,predictions/C2/C2__scPRAM__C2_soskic_LODO_D359.npz,593fc6ee46eb48704204e767e71f723da9331e0cce29e2f79244be14d601d532
T2,scPRAM,scPRAM,method,D363,C2_soskic_LODO_D363,,predictions/C2/C2__scPRAM__C2_soskic_LODO_D363.npz,7ce5c94cdd6e43832a0f9a0763a4a50dc89b1ec91e681c84c0893ef0386d902c
T2,scPRAM,scPRAM,method,D364,C2_soskic_LODO_D364,,predictions/C2/C2__scPRAM__C2_soskic_LODO_D364.npz,957e65dab6db6feab12e38f1997e9b36a43fda4049daedf9d2996950a5d590f4
T2,scPRAM,scPRAM,method,D365,C2_soskic_LODO_D365,,predictions/C2/C2__scPRAM__C2_soskic_LODO_D365.npz,f9945450f92b6272ecb53b84820765ff4844e2c6ba79b17468a1f94d4899e114
T2,scPRAM,scPRAM,method,D366,C2_soskic_LODO_D366,,predictions/C2/C2__scPRAM__C2_soskic_LODO_D366.npz,d55c73cd3591fe2b78ec86d4da1923f9a494c10e86e723bd039e9198e7ec47c8
T2,scPRAM,scPRAM,method,D367,C2_soskic_LODO_D367,,predictions/C2/C2__scPRAM__C2_soskic_LODO_D367.npz,b00c7def67e38dea0c68f2be252387e310ae50f84ae56dcee58527df653327d4
T2,scPRAM,scPRAM,method,D368,C2_soskic_LODO_D368,,predictions/C2/C2__scPRAM__C2_soskic_LODO_D368.npz,2c14ebd49b0adb099d5a460c7002cf2a0c1c414d3f3650ab4a8a77dd8241a198
T2,scPRAM,scPRAM,method,D369,C2_soskic_LODO_D369,,predictions/C2/C2__scPRAM__C2_soskic_LODO_D369.npz,f7d4eb3df3c022e5630351fc17d2acd95316204ddfe2ba4da5d171e049c0986f
T2,scPRAM,scPRAM,method,D370,C2_soskic_LODO_D370,,predictions/C2/C2__scPRAM__C2_soskic_LODO_D370.npz,10c24fdfdc244e217d5188e79451ac581896ebc48abc45e805ae0024d576d456
T2,scPRAM,scPRAM,method,D371,C2_soskic_LODO_D371,,predictions/C2/C2__scPRAM__C2_soskic_LODO_D371.npz,f83b77fa5bc3a125bc2a3ce639e04b2dc6da5e05f2464d4fcd33d5bf42c2dda7
T2,scPRAM,scPRAM,method,D372,C2_soskic_LODO_D372,,predictions/C2/C2__scPRAM__C2_soskic_LODO_D372.npz,a9f6ae59493329de782034c1a27e77db4d9dd4428c65112cbdd10ebeb6e32653
T2,scPRAM,scPRAM,method,D373,C2_soskic_LODO_D373,,predictions/C2/C2__scPRAM__C2_soskic_LODO_D373.npz,04b3cffddb8ff7a4be95514b8fb44328be0062e1b23e7b47cb4a0f8b001664bc
T2,scPRAM,scPRAM,method,D374,C2_soskic_LODO_D374,,predictions/C2/C2__scPRAM__C2_soskic_LODO_D374.npz,b6032b0a60c861643d31028f078b939baaca1c52d3ec3d86ec57ef34fa28500d
T2,scPRAM,scPRAM,method,D378,C2_soskic_LODO_D378,,predictions/C2/C2__scPRAM__C2_soskic_LODO_D378.npz,240e30f8cafb0592f8fe7bd6d7c2ca59ecd3deb835266f2f9b3f88ce0cdad643
T2,scPRAM,scPRAM,method,D379,C2_soskic_LODO_D379,,predictions/C2/C2__scPRAM__C2_soskic_LODO_D379.npz,852b9aa8232770e8ba219f5463166a973361d16a22fdbad31d098ee123ed6a10
T2,scPRAM,scPRAM,method,D380,C2_soskic_LODO_D380,,predictions/C2/C2__scPRAM__C2_soskic_LODO_D380.npz,69c447cc17aa87f4905f4a5b3b92e064fd2f0917498eb86d51a3496624a2b060
T2,scPRAM,scPRAM,method,D381,C2_soskic_LODO_D381,,predictions/C2/C2__scPRAM__C2_soskic_LODO_D381.npz,dda803079d2d8ee82980bf591db43b6146da15bf4c34152ec7fd8e385f1acafa
T2,scPRAM,scPRAM,method,D382,C2_soskic_LODO_D382,,predictions/C2/C2__scPRAM__C2_soskic_LODO_D382.npz,ae1eff2683ff6cf0bd844e419660636d6fd4e9108efaa15dad013c6ec81979b5
T2,scPRAM,scPRAM,method,D383,C2_soskic_LODO_D383,,predictions/C2/C2__scPRAM__C2_soskic_LODO_D383.npz,606ff6edc788e4c946502b1aa1c68014b782b964d7752c7d4524ec0074755cfa
T2,scPRAM,scPRAM,method,D387,C2_soskic_LODO_D387,,predictions/C2/C2__scPRAM__C2_soskic_LODO_D387.npz,98212a2ccce25dd65fa5603fbfe479ce52d11c7ea4e6c12cf1733e1c288975a6
T2,scPRAM,scPRAM,method,D388,C2_soskic_LODO_D388,,predictions/C2/C2__scPRAM__C2_soskic_LODO_D388.npz,e16a46c634bd61f7e7af71dc8be7e3253881bb37342f75a4628ce4604f66c95e
T2,scPRAM,scPRAM,method,D389,C2_soskic_LODO_D389,,predictions/C2/C2__scPRAM__C2_soskic_LODO_D389.npz,1bcc3f8739c354cace6a0834b17d978e238cc10521783bb1ac22c71ab94b89fe
T2,scPRAM,scPRAM,method,D390,C2_soskic_LODO_D390,,predictions/C2/C2__scPRAM__C2_soskic_LODO_D390.npz,774a894bb17199ab48cefc2146f04dd6733a0b7616cb005bf42016b2a6f08cc3
T2,scPRAM,scPRAM,method,D391,C2_soskic_LODO_D391,,predictions/C2/C2__scPRAM__C2_soskic_LODO_D391.npz,526883d8e35137891c68cb9aba2de2a727adf43cb81f422a5fc5670011369a62
T2,scPRAM,scPRAM,method,D392,C2_soskic_LODO_D392,,predictions/C2/C2__scPRAM__C2_soskic_LODO_D392.npz,2a7ff415e1109f32e1b65ddab7071a295a7e8c12ba6eff81e85e487a38a8e4b6
T2,scPRAM,scPRAM,method,D393,C2_soskic_LODO_D393,,predictions/C2/C2__scPRAM__C2_soskic_LODO_D393.npz,e43d1086c9653686b4531fa711ae7fb7fea2c98d7bbe45c29fff061d04b7018b
T2,scPRAM,scPRAM,method,D394,C2_soskic_LODO_D394,,predictions/C2/C2__scPRAM__C2_soskic_LODO_D394.npz,b166267765bc5db9eeb07ec5ce80aa0538930a7b75f5a0fb40a302c6ec21693e
T2,scPRAM,scPRAM,method,D395,C2_soskic_LODO_D395,,predictions/C2/C2__scPRAM__C2_soskic_LODO_D395.npz,2b157cbc47f99999a4af7dbc2ea8bdbcd72dfd95ef093c159f355631c0c09e24
T2,scPRAM,scPRAM,method,D396,C2_soskic_LODO_D396,,predictions/C2/C2__scPRAM__C2_soskic_LODO_D396.npz,8e5c06c0d26e21ba0f363414a07008dbe31d56796dbbe37e1cc5b405ef139139
T2,scPRAM,scPRAM,method,D397,C2_soskic_LODO_D397,,predictions/C2/C2__scPRAM__C2_soskic_LODO_D397.npz,fb50c78e91c70936d29cdaec802930244f1199416530762f93cadf8b669e00f3
T2,scPRAM,scPRAM,method,D398,C2_soskic_LODO_D398,,predictions/C2/C2__scPRAM__C2_soskic_LODO_D398.npz,de97cf34ff05e97bbd59c4db8e8d549ef2e35ec398583248f72a4e3dc6404842
T2,scPRAM,scPRAM,method,D405,C2_soskic_LODO_D405,,predictions/C2/C2__scPRAM__C2_soskic_LODO_D405.npz,016710408dd1f9e051db3ffbe674cf3e46c800ccf18129d750e3f2ad57998e76
T2,scPRAM,scPRAM,method,D406,C2_soskic_LODO_D406,,predictions/C2/C2__scPRAM__C2_soskic_LODO_D406.npz,be8eacb62abe8525e46df56591e4c0faa91e8c3565e744e02530142872d0f1bc
T2,scPRAM,scPRAM,method,D407,C2_soskic_LODO_D407,,predictions/C2/C2__scPRAM__C2_soskic_LODO_D407.npz,8358fa339f1961aa71081b9121d64b41bd9ecad850ce494af6a88cc88fd2f599
T2,scPRAM,scPRAM,method,D408,C2_soskic_LODO_D408,,predictions/C2/C2__scPRAM__C2_soskic_LODO_D408.npz,213d586a2083c9de6141d7ecd8761f9ad24afce97006d278eff1b0c7dbe58398
T2,scPRAM,scPRAM,method,D409,C2_soskic_LODO_D409,,predictions/C2/C2__scPRAM__C2_soskic_LODO_D409.npz,76f7f236fa048f516f67e2fd4049c5269c02ee4aad6d3e6c602f7e0c87b2ebd1
T2,scPRAM,scPRAM,method,D410,C2_soskic_LODO_D410,,predictions/C2/C2__scPRAM__C2_soskic_LODO_D410.npz,3a035f882f75b8275625188c94c73fe242ed62c2e0b5c86f0058ffd2ce8e96e1
T2,scPRAM,scPRAM,method,D411,C2_soskic_LODO_D411,,predictions/C2/C2__scPRAM__C2_soskic_LODO_D411.npz,7843e7969a5c800e7014817b8ae770526165f2940fce04e1cf6e86125a8c6449
T2,scPRAM,scPRAM,method,D412,C2_soskic_LODO_D412,,predictions/C2/C2__scPRAM__C2_soskic_LODO_D412.npz,c3e319a9980d694a7353bed8138fda181fb1370217593ae3d7af1b6ad31f61a8
T2,scPRAM,scPRAM,method,D413,C2_soskic_LODO_D413,,predictions/C2/C2__scPRAM__C2_soskic_LODO_D413.npz,068301c1f40597a62cbc86c8152bdc10c030462a2d6dc0ae1f71c4ed595192a1
T2,scPRAM,scPRAM,method,D414,C2_soskic_LODO_D414,,predictions/C2/C2__scPRAM__C2_soskic_LODO_D414.npz,f3c11fed37e8ebc3de82d26ffa10bec20c616ffa3405cff8b5b6b66e6953137a
T2,scPRAM,scPRAM,method,D415,C2_soskic_LODO_D415,,predictions/C2/C2__scPRAM__C2_soskic_LODO_D415.npz,c46da137819976ce92a0ff044a2ff9fd269489147b9b195fdc8031648096706d
T2,scPRAM,scPRAM,method,D416,C2_soskic_LODO_D416,,predictions/C2/C2__scPRAM__C2_soskic_LODO_D416.npz,fc8e550156e2d781065790ad3aabbc2c8d63f5bffe43ab6ebfd26c52884f1e16
T2,scPRAM,scPRAM,method,D417,C2_soskic_LODO_D417,,predictions/C2/C2__scPRAM__C2_soskic_LODO_D417.npz,01c82475d97cc2ad2e9a767b9a24a0e9fb72dd4e4f990b6df3c76020b735346a
T2,scPRAM,scPRAM,method,D418,C2_soskic_LODO_D418,,predictions/C2/C2__scPRAM__C2_soskic_LODO_D418.npz,fcba0eff325ae94967363d0f8867ee02c4980fbb992ade93fa6d87e6dadfc987
T2,scPRAM,scPRAM,method,D419,C2_soskic_LODO_D419,,predictions/C2/C2__scPRAM__C2_soskic_LODO_D419.npz,45dc9755e002759463de4cab8918bdae0329b20e20eb848b3ee0717e5a2b889e
T2,scPRAM,scPRAM,method,D420,C2_soskic_LODO_D420,,predictions/C2/C2__scPRAM__C2_soskic_LODO_D420.npz,58fc4f793a095c6230205d502d42c658921a8e48e85deda557dfbf279f0916fc
T2,scPRAM,scPRAM,method,D421,C2_soskic_LODO_D421,,predictions/C2/C2__scPRAM__C2_soskic_LODO_D421.npz,8b19a3ea0adbbdd73791c1844e6f07416e73d675eb2a1b5cc3aec11dc930c65a
T2,scPRAM,scPRAM,method,D422,C2_soskic_LODO_D422,,predictions/C2/C2__scPRAM__C2_soskic_LODO_D422.npz,692c8fd19d1d861267a39ff538a37bce1ca5ed2da3728190f33c2b0aa56a0932
T2,scPRAM,scPRAM,method,D423,C2_soskic_LODO_D423,,predictions/C2/C2__scPRAM__C2_soskic_LODO_D423.npz,c61d82173319f0bcb5d8639ee05c20877d381e91992755ef6c757ad1de265b59
T2,scPRAM,scPRAM,method,D424,C2_soskic_LODO_D424,,predictions/C2/C2__scPRAM__C2_soskic_LODO_D424.npz,bd11cd9bba4c3936736a0554f1476210ffcc1f027840be714071efb65c80ad42
T2,scPRAM,scPRAM,method,D425,C2_soskic_LODO_D425,,predictions/C2/C2__scPRAM__C2_soskic_LODO_D425.npz,79efb6dcd11099dfc1c95c7bfe56304ad3c39b70af94a5c29d2aedf3f9d1bb5c
T2,scPRAM,scPRAM,method,D426,C2_soskic_LODO_D426,,predictions/C2/C2__scPRAM__C2_soskic_LODO_D426.npz,7c39be25688003098a6d57df907240465199019cd0b7a997cc2d4293cc3c0df2
T2,scPRAM,scPRAM,method,D427,C2_soskic_LODO_D427,,predictions/C2/C2__scPRAM__C2_soskic_LODO_D427.npz,48ae05d85f35f113849a7892d64e1d5a19a5ed994ee891cb1c0570e5cbce36a9
T2,scPRAM,scPRAM,method,D428,C2_soskic_LODO_D428,,predictions/C2/C2__scPRAM__C2_soskic_LODO_D428.npz,e6e387573d82ecdc15a98ea6b23a7343d9d6c3ba7264652d51fb582559efacf2
T2,scPRAM,scPRAM,method,D429,C2_soskic_LODO_D429,,predictions/C2/C2__scPRAM__C2_soskic_LODO_D429.npz,4944402b369ebedcd34ea258e9bff6eb93b2042bcaefd4a91feadea41c04cfcb
T2,scPRAM,scPRAM,method,D430,C2_soskic_LODO_D430,,predictions/C2/C2__scPRAM__C2_soskic_LODO_D430.npz,4798b722d85a7d12c1cc951ccc114b5ce0cbe32c81240ca2e472c2f7e36311b4
T2,scPRAM,scPRAM,method,D431,C2_soskic_LODO_D431,,predictions/C2/C2__scPRAM__C2_soskic_LODO_D431.npz,7cd52cccaba2587bd55308c6307a0b52e5a68b736d39fbdde86d496abcb42236
T2,scPRAM,scPRAM,method,D432,C2_soskic_LODO_D432,,predictions/C2/C2__scPRAM__C2_soskic_LODO_D432.npz,140303d557b88017e8306dc418979e651c42c585e2f16f535319ae851ff6de91
T2,scPRAM,scPRAM,method,D433,C2_soskic_LODO_D433,,predictions/C2/C2__scPRAM__C2_soskic_LODO_D433.npz,706b85696c5b0c3649f653e12a5c18de295e540e59a1db31c38b41d534926a7d
T2,scPRAM,scPRAM,method,D434,C2_soskic_LODO_D434,,predictions/C2/C2__scPRAM__C2_soskic_LODO_D434.npz,df6e89729d67e80aec87f8c068027bc3783ed4241b3e95b9cfebbee695ea0ea8
T2,scPRAM,scPRAM,method,D435,C2_soskic_LODO_D435,,predictions/C2/C2__scPRAM__C2_soskic_LODO_D435.npz,1884105d0d74f7997eb8154a476280cdb65781a66ad18549b647fc095055b5ff
T2,scPRAM,scPRAM,method,D436,C2_soskic_LODO_D436,,predictions/C2/C2__scPRAM__C2_soskic_LODO_D436.npz,1d84e1ca2a24d7ef56178fca014d0395aa92dc930525f7bed60fd6503e6d257b
T2,scPRAM,scPRAM,method,D439,C2_soskic_LODO_D439,,predictions/C2/C2__scPRAM__C2_soskic_LODO_D439.npz,7b0818d4c74ed8edae92c7829fc3bf25b28f0b04cf6796d26e454be3f3ba1af4
T2,scPRAM,scPRAM,method,D440,C2_soskic_LODO_D440,,predictions/C2/C2__scPRAM__C2_soskic_LODO_D440.npz,615666ae6fe7813755cb36b537d783447455a78522e5ba1bda51918cc38b8d74
T2,scPRAM,scPRAM,method,D441,C2_soskic_LODO_D441,,predictions/C2/C2__scPRAM__C2_soskic_LODO_D441.npz,1872c85f2477f2947bdef1a8b57a6ce3db62ee6ed74f2315422ee877cf4b0411
T2,scPRAM,scPRAM,method,D442,C2_soskic_LODO_D442,,predictions/C2/C2__scPRAM__C2_soskic_LODO_D442.npz,567fd2404ef607f5a81b8db34f5a5730d5cd22da54d3e6ed95891572706267a4
T2,scPRAM,scPRAM,method,D443,C2_soskic_LODO_D443,,predictions/C2/C2__scPRAM__C2_soskic_LODO_D443.npz,3a45cc6dd59f8ce78767656a205eccf9aed1b2a7fb51e25d5fa91c1cb2ce7747
T2,scPRAM,scPRAM,method,D445,C2_soskic_LODO_D445,,predictions/C2/C2__scPRAM__C2_soskic_LODO_D445.npz,ddadcd0caa0ae097b084903d23561fa98bdf5df6f635779c10985b2966526f2f
T2,scPRAM,scPRAM,method,D446,C2_soskic_LODO_D446,,predictions/C2/C2__scPRAM__C2_soskic_LODO_D446.npz,01ce5708a1cc82d67cdce2c996bc3f15863ad9f832b2798e3d7504a2919bf72b
T2,scPRAM,scPRAM,method,D447,C2_soskic_LODO_D447,,predictions/C2/C2__scPRAM__C2_soskic_LODO_D447.npz,17348fedc3bc282a0206ac6cb60b97618d6921dcd7f29c62bc5ad6b1accc067f
T2,scPRAM,scPRAM,method,D448,C2_soskic_LODO_D448,,predictions/C2/C2__scPRAM__C2_soskic_LODO_D448.npz,d7e4e13ad5cf9649e43c0de1823b2f78a1e7e3ae5fa5baca44b05c3d6493971b
T2,scPRAM,scPRAM,method,D449,C2_soskic_LODO_D449,,predictions/C2/C2__scPRAM__C2_soskic_LODO_D449.npz,be8128a22e6fb36eca4320a1958742e4b7407bcd6b7e5e9674698e2f43d22c15
T2,scPRAM,scPRAM,method,D450,C2_soskic_LODO_D450,,predictions/C2/C2__scPRAM__C2_soskic_LODO_D450.npz,07a540ef9b8b25f0489dd0113031484af2d8fd4ebfff65c848c28bd69440ce89
T2,scPRAM,scPRAM,method,D451,C2_soskic_LODO_D451,,predictions/C2/C2__scPRAM__C2_soskic_LODO_D451.npz,0aed0fc159817c582937d369f9aa0854c01195fb54dc6d9def354709705c8286
T2,scPRAM,scPRAM,method,D452,C2_soskic_LODO_D452,,predictions/C2/C2__scPRAM__C2_soskic_LODO_D452.npz,4d3407ff99ef716104cc269f643fe80dfae0ffb15f568d1c3b117b9495312873
T2,scPRAM,scPRAM,method,D453,C2_soskic_LODO_D453,,predictions/C2/C2__scPRAM__C2_soskic_LODO_D453.npz,40d6cfa9e2cefdb7377fd0dbe31f773d36893b12357c32cdf6d56fd3d77a0768
T2,scPRAM,scPRAM,method,D454,C2_soskic_LODO_D454,,predictions/C2/C2__scPRAM__C2_soskic_LODO_D454.npz,6ed51765422f4f08be2ddefd6e363688302d9223977cb9c0fa9b7be32f7ed0ef
T2,scPRAM,scPRAM,method,D455,C2_soskic_LODO_D455,,predictions/C2/C2__scPRAM__C2_soskic_LODO_D455.npz,4e835e27717e8b97b5e151858ca6601a9c58ca9222347a9fb372a8daafe5b6a3
T2,scPRAM,scPRAM,method,D456,C2_soskic_LODO_D456,,predictions/C2/C2__scPRAM__C2_soskic_LODO_D456.npz,7daadb3391be7a8136c8ba0406d9ca0fbc4d933b964537dc9b4d0457c4107c0e
T2,scPRAM,scPRAM,method,D457,C2_soskic_LODO_D457,,predictions/C2/C2__scPRAM__C2_soskic_LODO_D457.npz,6e4c314849677f8b142e177e39ab75e1547c1ffd4d275f6eb70a415846e25d19
T2,scPRAM,scPRAM,method,D458,C2_soskic_LODO_D458,,predictions/C2/C2__scPRAM__C2_soskic_LODO_D458.npz,431b5d16dd5e70e700382d60210afea8c29e0195d39379312f8800d58713ba9a
T2,scPRAM,scPRAM,method,D459,C2_soskic_LODO_D459,,predictions/C2/C2__scPRAM__C2_soskic_LODO_D459.npz,efcebc68e795e3a30095b84ea01406a9ad517b7c710f11f392a74ec00e4451a3
T2,scPRAM,scPRAM,method,D460,C2_soskic_LODO_D460,,predictions/C2/C2__scPRAM__C2_soskic_LODO_D460.npz,ea31a9d71aec7556e2cbcd3361c2e4f519d4175ab2d602cab5840b7866c81640
T2,scPRAM,scPRAM,method,D461,C2_soskic_LODO_D461,,predictions/C2/C2__scPRAM__C2_soskic_LODO_D461.npz,15fa6276078cb6bf6d08e69e563c19e54930fefb16e6d03032b8e79dab1ad048
T2,scPRAM,scPRAM,method,D462,C2_soskic_LODO_D462,,predictions/C2/C2__scPRAM__C2_soskic_LODO_D462.npz,cd772e3eb7a1c28eadaef193a2c4507fc3e36df760a76851312ea1db13c0e09b
T2,scPRAM,scPRAM,method,D463,C2_soskic_LODO_D463,,predictions/C2/C2__scPRAM__C2_soskic_LODO_D463.npz,d24cf8671c7dd83f1c6f0757ebaf8f49eed508dcdf712ec5866fb98568b96f9e
T2,scPRAM,scPRAM,method,D464,C2_soskic_LODO_D464,,predictions/C2/C2__scPRAM__C2_soskic_LODO_D464.npz,b9c8a9ca09887c5ef3b771535e6d9ca09989d77ce153c90eab374ec1854f907f
T2,scPRAM,scPRAM,method,D465,C2_soskic_LODO_D465,,predictions/C2/C2__scPRAM__C2_soskic_LODO_D465.npz,3b9a15c0ffc5050a55b9807c22be928723633e43a9745a97e8f602ac455684e1
T2,scPRAM,scPRAM,method,D466,C2_soskic_LODO_D466,,predictions/C2/C2__scPRAM__C2_soskic_LODO_D466.npz,55545f8f48cf5493bf5a23a32c3be0d765ac89e711638108a9e4489f08dafe90
T2,scPRAM,scPRAM,method,D481,C2_soskic_LODO_D481,,predictions/C2/C2__scPRAM__C2_soskic_LODO_D481.npz,dd887da494251d74cae65ec7d4bb5db01135a676e5551243c029ca81ff98fda8
T2,scPRAM,scPRAM,method,D482,C2_soskic_LODO_D482,,predictions/C2/C2__scPRAM__C2_soskic_LODO_D482.npz,55b87604e89ba192dace73a945d6c3e493cdaf577c17b5bc77767e5abb7601fa
T2,scPRAM,scPRAM,method,D483,C2_soskic_LODO_D483,,predictions/C2/C2__scPRAM__C2_soskic_LODO_D483.npz,436a8b94a0879f08e4306879d91489ec2320b6c5159c7ae464affb3cd0603aea
T2,scPRAM,scPRAM,method,D484,C2_soskic_LODO_D484,,predictions/C2/C2__scPRAM__C2_soskic_LODO_D484.npz,ccf3f8f7bb7ce71eef04e5b7302b6e14c74109e965f10996e2acda90102c6615
T2,scPRAM,scPRAM,method,D485,C2_soskic_LODO_D485,,predictions/C2/C2__scPRAM__C2_soskic_LODO_D485.npz,66067e83f4f1a4641a157d4198b6d8385755a82b924dd665fbd0b49934209ac0
T2,Biolord,Biolord,method,D348,C2_lodo_D348,None,predictions/C2_metric_aligned/C2_LODO__Biolord__C2_lodo_D348.npz,a7c0ac2ae7f796424aa671ac6341d0c789a454a10df4a1a48a2607757addf847
T2,Biolord,Biolord,method,D349,C2_lodo_D349,None,predictions/C2_metric_aligned/C2_LODO__Biolord__C2_lodo_D349.npz,b205c07f7a936aa83097231d9ec0ec10d1e70261f4a0a9e24c880dfb7520007f
T2,Biolord,Biolord,method,D350,C2_lodo_D350,None,predictions/C2_metric_aligned/C2_LODO__Biolord__C2_lodo_D350.npz,9261d2a3b51bee5eefa286740a6680d5b54542d54ca4041b2a4d06c8d2e37c56
T2,Biolord,Biolord,method,D351,C2_lodo_D351,None,predictions/C2_metric_aligned/C2_LODO__Biolord__C2_lodo_D351.npz,e24e4a07f98300c52115fa7c33986dd7815d163565f9f4fc9f0b5b84e370edfd
T2,Biolord,Biolord,method,D352,C2_lodo_D352,None,predictions/C2_metric_aligned/C2_LODO__Biolord__C2_lodo_D352.npz,335eb39a812f875804c29a9c38ee47b53d28c540dbaa18de1a605747e4e64db6
T2,Biolord,Biolord,method,D353,C2_lodo_D353,None,predictions/C2_metric_aligned/C2_LODO__Biolord__C2_lodo_D353.npz,ad67478bbb59568619cb1c8a24e89660adfb0e1290696011371e4d2f93289278
T2,Biolord,Biolord,method,D354,C2_lodo_D354,None,predictions/C2_metric_aligned/C2_LODO__Biolord__C2_lodo_D354.npz,b8536e4df77b3ae72ade5ee17fc2fb91eb064c638fefd7345d3ed23db033eb95
T2,Biolord,Biolord,method,D355,C2_lodo_D355,None,predictions/C2_metric_aligned/C2_LODO__Biolord__C2_lodo_D355.npz,df724b570b9caee3affcce8414597aaf55c70dce75c28b68f2e34f778d3b8721
T2,Biolord,Biolord,method,D356,C2_lodo_D356,None,predictions/C2_metric_aligned/C2_LODO__Biolord__C2_lodo_D356.npz,f5326094945409e52dd02365bc404bf5da20fc66687d9e96b97a08461ac4abfd
T2,Biolord,Biolord,method,D357,C2_lodo_D357,None,predictions/C2_metric_aligned/C2_LODO__Biolord__C2_lodo_D357.npz,8b99b35e4405a72f4caec1f27a9f8bc3947380982cf466dc29e3280b44694b59
T2,Biolord,Biolord,method,D358,C2_lodo_D358,None,predictions/C2_metric_aligned/C2_LODO__Biolord__C2_lodo_D358.npz,90635f7fc02c1eaff8e7d7627aa27ecf4a1ccc14fa64c57d708512c844be4554
T2,Biolord,Biolord,method,D359,C2_lodo_D359,None,predictions/C2_metric_aligned/C2_LODO__Biolord__C2_lodo_D359.npz,6b84e41cce0aae79bb7684cf6c3bfea2a7a70471b1f81561c162d0b935ec988c
T2,Biolord,Biolord,method,D363,C2_lodo_D363,None,predictions/C2_metric_aligned/C2_LODO__Biolord__C2_lodo_D363.npz,e238d4cc32728f25c161b9a5718ba22599a695b446c6ae8e9fe1c5fdf1099bf8
T2,Biolord,Biolord,method,D364,C2_lodo_D364,None,predictions/C2_metric_aligned/C2_LODO__Biolord__C2_lodo_D364.npz,a020939f901acc07268366094f97efe1e03c619d55892a57e5185463badaea4c
T2,Biolord,Biolord,method,D365,C2_lodo_D365,None,predictions/C2_metric_aligned/C2_LODO__Biolord__C2_lodo_D365.npz,87e55957e8014307438ac7153ae0e9872eb67b49cc845f2f6c2fd3f5d46a2ea7
T2,Biolord,Biolord,method,D366,C2_lodo_D366,None,predictions/C2_metric_aligned/C2_LODO__Biolord__C2_lodo_D366.npz,b272016c00f8d61cfd5859d1f1cafca90d3cba993ac88930fc00898bbf9905b8
T2,Biolord,Biolord,method,D367,C2_lodo_D367,None,predictions/C2_metric_aligned/C2_LODO__Biolord__C2_lodo_D367.npz,3c659e983d3e01f9108c85ccba9852d526070be236e9fc3bf16d0ff26175a7f5
T2,Biolord,Biolord,method,D368,C2_lodo_D368,None,predictions/C2_metric_aligned/C2_LODO__Biolord__C2_lodo_D368.npz,db651e48a23c504bcc85d3c3adff0bd7120e66a3517fd66f611027370a1a34ed
T2,Biolord,Biolord,method,D369,C2_lodo_D369,None,predictions/C2_metric_aligned/C2_LODO__Biolord__C2_lodo_D369.npz,a9db8bc552c631c7659f762a93121ba04abe8955cdb5e9c04cd0077253d35393
T2,Biolord,Biolord,method,D370,C2_lodo_D370,None,predictions/C2_metric_aligned/C2_LODO__Biolord__C2_lodo_D370.npz,aac054db7242d1fb068d6d6695ec23d55c5ffff9bb986ac52ffddfc219e69007
T2,Biolord,Biolord,method,D371,C2_lodo_D371,None,predictions/C2_metric_aligned/C2_LODO__Biolord__C2_lodo_D371.npz,8c42383d5a80c2eb0853c772ed5681e07abb0febdd0951a476074a1e3c0b69d5
T2,Biolord,Biolord,method,D372,C2_lodo_D372,None,predictions/C2_metric_aligned/C2_LODO__Biolord__C2_lodo_D372.npz,8aa70163f582a36a45fd8b104bf87123edad43da699d8393c376b5c406f79eb6
T2,Biolord,Biolord,method,D373,C2_lodo_D373,None,predictions/C2_metric_aligned/C2_LODO__Biolord__C2_lodo_D373.npz,7ff1a214801e8a357c7f282f86a77a12fd7df31b24db18c86364db67c4ffd547
T2,Biolord,Biolord,method,D374,C2_lodo_D374,None,predictions/C2_metric_aligned/C2_LODO__Biolord__C2_lodo_D374.npz,bb09b181b54f374fd0213cdce9ba28f2276bee0a0636d572d921b998a3b6e520
T2,Biolord,Biolord,method,D378,C2_lodo_D378,None,predictions/C2_metric_aligned/C2_LODO__Biolord__C2_lodo_D378.npz,59de3e6c8fa52c04f4189e2f0587dad780a4b6e3e469017fbfc0c4f3be388405
T2,Biolord,Biolord,method,D379,C2_lodo_D379,None,predictions/C2_metric_aligned/C2_LODO__Biolord__C2_lodo_D379.npz,f77a62a096ee88285e5742a55cf96a8a40f9d49ae3a8f1cc9f043545f2b20df3
T2,Biolord,Biolord,method,D380,C2_lodo_D380,None,predictions/C2_metric_aligned/C2_LODO__Biolord__C2_lodo_D380.npz,63185f3f3e7b826289e4964d853eaf3c297aacf16cd35647a7fdfe3e15a74b01
T2,Biolord,Biolord,method,D381,C2_lodo_D381,None,predictions/C2_metric_aligned/C2_LODO__Biolord__C2_lodo_D381.npz,40ae53693762980afb949b1803da7009ac951a67c5bfd8d8d7fa4813feebcaf4
T2,Biolord,Biolord,method,D382,C2_lodo_D382,None,predictions/C2_metric_aligned/C2_LODO__Biolord__C2_lodo_D382.npz,ce233948410c42707e460da36e9ae5305ddce67b2333d80121840a3192128f37
T2,Biolord,Biolord,method,D383,C2_lodo_D383,None,predictions/C2_metric_aligned/C2_LODO__Biolord__C2_lodo_D383.npz,6bfc0bb04fbd6129b29703212fd3cd0765ab3a5fca96e7cf84491ead25cdc9e5
T2,Biolord,Biolord,method,D387,C2_lodo_D387,None,predictions/C2_metric_aligned/C2_LODO__Biolord__C2_lodo_D387.npz,df425789a10ac6862b399cb1628e5e2846e4e9a48ee46c37058dfb932af40ff8
T2,Biolord,Biolord,method,D388,C2_lodo_D388,None,predictions/C2_metric_aligned/C2_LODO__Biolord__C2_lodo_D388.npz,06dd505fba7585296782300dccea92c6aefc4909b136ff3c93284f6a6fbeb59a
T2,Biolord,Biolord,method,D389,C2_lodo_D389,None,predictions/C2_metric_aligned/C2_LODO__Biolord__C2_lodo_D389.npz,1738f5c458575b769e061e0ad790fb4efaa888ead1d2c51b53546ef9f46250b2
T2,Biolord,Biolord,method,D390,C2_lodo_D390,None,predictions/C2_metric_aligned/C2_LODO__Biolord__C2_lodo_D390.npz,7f9bb6044ae75ea41382e67975cac44684b7f3ec23e1aca8db0cb0c5cb58c191
T2,Biolord,Biolord,method,D391,C2_lodo_D391,None,predictions/C2_metric_aligned/C2_LODO__Biolord__C2_lodo_D391.npz,779dcc4482235464a2c04964b543720083d3b05715b5eb9ee2ba1ba232dbc460
T2,Biolord,Biolord,method,D392,C2_lodo_D392,None,predictions/C2_metric_aligned/C2_LODO__Biolord__C2_lodo_D392.npz,f4a70ab86d5996470314518183657d8fa62fdb5f53945be2962d90a2bbe76088
T2,Biolord,Biolord,method,D393,C2_lodo_D393,None,predictions/C2_metric_aligned/C2_LODO__Biolord__C2_lodo_D393.npz,ed453e196c0369b90699068c405bf7d9dff200082cb7f9c07cfb574e8c911155
T2,Biolord,Biolord,method,D394,C2_lodo_D394,None,predictions/C2_metric_aligned/C2_LODO__Biolord__C2_lodo_D394.npz,0d36285f9015cf4a8b91c7acb15b86fa9f13959a1673c76a147742c592e0c202
T2,Biolord,Biolord,method,D395,C2_lodo_D395,None,predictions/C2_metric_aligned/C2_LODO__Biolord__C2_lodo_D395.npz,0522c5e887c117f266738b5cc66ed9912d4cffd2884200e7c2dc10ae5fd36752
T2,Biolord,Biolord,method,D396,C2_lodo_D396,None,predictions/C2_metric_aligned/C2_LODO__Biolord__C2_lodo_D396.npz,8ba3c04c14f4dc90374defad8295cae124cdce2c920625eabe8e5d23626ae78f
T2,Biolord,Biolord,method,D397,C2_lodo_D397,None,predictions/C2_metric_aligned/C2_LODO__Biolord__C2_lodo_D397.npz,3840e71bf6e914f6a6cbf84cdf1ab70b591a98a39e12ac22f42af757c61d0e21
T2,Biolord,Biolord,method,D398,C2_lodo_D398,None,predictions/C2_metric_aligned/C2_LODO__Biolord__C2_lodo_D398.npz,45fb8e1c28bd10bcb2a56f357c62b57e83b756166186c070f80c4e8cffd4eca8
T2,Biolord,Biolord,method,D405,C2_lodo_D405,None,predictions/C2_metric_aligned/C2_LODO__Biolord__C2_lodo_D405.npz,52d7552a60e0bb149ba27c81c2fadff115cca06d5977042cbe21ab0417116b98
T2,Biolord,Biolord,method,D406,C2_lodo_D406,None,predictions/C2_metric_aligned/C2_LODO__Biolord__C2_lodo_D406.npz,f5a9a4a1612eee2c169b867d1a8bd517f4cf41f1960b50096c58cc30c9292aea
T2,Biolord,Biolord,method,D407,C2_lodo_D407,None,predictions/C2_metric_aligned/C2_LODO__Biolord__C2_lodo_D407.npz,ba784a1cc3d82cda3a66f2d2f7b0119a5d388750cda127d705c8f13ab643be6a
T2,Biolord,Biolord,method,D408,C2_lodo_D408,None,predictions/C2_metric_aligned/C2_LODO__Biolord__C2_lodo_D408.npz,12aff61d2200cc40e7a7e95b6d9b95841c84762f052bd84b90f77621df6e374c
T2,Biolord,Biolord,method,D409,C2_lodo_D409,None,predictions/C2_metric_aligned/C2_LODO__Biolord__C2_lodo_D409.npz,e549c8b6cc2745bf0b8b4a790601d9f7002556a4bb69affc34d8e47a45e5ef32
T2,Biolord,Biolord,method,D410,C2_lodo_D410,None,predictions/C2_metric_aligned/C2_LODO__Biolord__C2_lodo_D410.npz,32a63d28d45a42d5f62c9befd812e0f2e04461702c0825951671e5980b1238f2
T2,Biolord,Biolord,method,D411,C2_lodo_D411,None,predictions/C2_metric_aligned/C2_LODO__Biolord__C2_lodo_D411.npz,fbb221fd08abd1b559e376660c7ae37f56dd98e101ba028bc8bbd9f82514064e
T2,Biolord,Biolord,method,D412,C2_lodo_D412,None,predictions/C2_metric_aligned/C2_LODO__Biolord__C2_lodo_D412.npz,47174680bffe5cda31fd06738b4032ff2aa8d47fde0a0ccbf0201a2f898f3f25
T2,Biolord,Biolord,method,D413,C2_lodo_D413,None,predictions/C2_metric_aligned/C2_LODO__Biolord__C2_lodo_D413.npz,30b47551117533e021d28b7a03a7f3145aa5be474873313043d8e2ce23c121a4
T2,Biolord,Biolord,method,D414,C2_lodo_D414,None,predictions/C2_metric_aligned/C2_LODO__Biolord__C2_lodo_D414.npz,40ffa42790ad69de408fe92abad3be7e49e2ec1fcebf5c678d8b110598b6be3b
T2,Biolord,Biolord,method,D415,C2_lodo_D415,None,predictions/C2_metric_aligned/C2_LODO__Biolord__C2_lodo_D415.npz,924ddbfb714041acccd9f433ea64508b93ff8818a9a91b63c04974d3f4607b01
T2,Biolord,Biolord,method,D416,C2_lodo_D416,None,predictions/C2_metric_aligned/C2_LODO__Biolord__C2_lodo_D416.npz,d20f05185d98d3c853ae336405eb34cc4af81c09a3ecba2b39559bb166d31c7c
T2,Biolord,Biolord,method,D417,C2_lodo_D417,None,predictions/C2_metric_aligned/C2_LODO__Biolord__C2_lodo_D417.npz,23952c2fd72d9dc6e19be18d5677494c97b2fd7ff817cca18163c4d48d7ba0dd
T2,Biolord,Biolord,method,D418,C2_lodo_D418,None,predictions/C2_metric_aligned/C2_LODO__Biolord__C2_lodo_D418.npz,5fa5b1642acf79f744e4ef3a737e097636f356f46f14c27bfd0cd7ec97479408
T2,Biolord,Biolord,method,D419,C2_lodo_D419,None,predictions/C2_metric_aligned/C2_LODO__Biolord__C2_lodo_D419.npz,36c98bbf16cfbc111cbfc6c3f5c744230fe61ea11b15771f63285325da945295
T2,Biolord,Biolord,method,D420,C2_lodo_D420,None,predictions/C2_metric_aligned/C2_LODO__Biolord__C2_lodo_D420.npz,5f0eafac243062a3ea575e65d23715902816a4320db5ee36ec80455513a61296
T2,Biolord,Biolord,method,D421,C2_lodo_D421,None,predictions/C2_metric_aligned/C2_LODO__Biolord__C2_lodo_D421.npz,121e6ceda74e0dfefc1ea2617f67c6d71c4f658057321299b50c6e4e6bf52092
T2,Biolord,Biolord,method,D422,C2_lodo_D422,None,predictions/C2_metric_aligned/C2_LODO__Biolord__C2_lodo_D422.npz,48b1eaf2da50787bc337095da39c8d6c0046bc7a1ae8732dd7d70a59ca9a46e9
T2,Biolord,Biolord,method,D423,C2_lodo_D423,None,predictions/C2_metric_aligned/C2_LODO__Biolord__C2_lodo_D423.npz,ff60579c815a0e60f39034741d77c4d4c0e3fee88bbce5a94b4eccb5da6a3d9a
T2,Biolord,Biolord,method,D424,C2_lodo_D424,None,predictions/C2_metric_aligned/C2_LODO__Biolord__C2_lodo_D424.npz,86b3dd35670aab57de07177e760cd140050b97272038d37aad2ceb0022e6b2d0
T2,Biolord,Biolord,method,D425,C2_lodo_D425,None,predictions/C2_metric_aligned/C2_LODO__Biolord__C2_lodo_D425.npz,4fc676df7956d37b13691723acf115127fe24f6326c48fa2ac811bd7896d4208
T2,Biolord,Biolord,method,D426,C2_lodo_D426,None,predictions/C2_metric_aligned/C2_LODO__Biolord__C2_lodo_D426.npz,8908d85fe08cacf5d27f2dfb9cf396ae27db2ebbb9db1149afc9923b588b3077
T2,Biolord,Biolord,method,D427,C2_lodo_D427,None,predictions/C2_metric_aligned/C2_LODO__Biolord__C2_lodo_D427.npz,8dc0bdf24805f122b0bdbcb4e172fd19b8daa51ebcff9b102f4ff9d615ce0f58
T2,Biolord,Biolord,method,D428,C2_lodo_D428,None,predictions/C2_metric_aligned/C2_LODO__Biolord__C2_lodo_D428.npz,430444bd5d3a157a7ff9debb0ed8c8154e5d71d3ef9f6908fa77ef5e2b3d52c5
T2,Biolord,Biolord,method,D429,C2_lodo_D429,None,predictions/C2_metric_aligned/C2_LODO__Biolord__C2_lodo_D429.npz,f08a91ce37c526068e64471a518445226d05212c10c54c7e3e05944176a7c315
T2,Biolord,Biolord,method,D430,C2_lodo_D430,None,predictions/C2_metric_aligned/C2_LODO__Biolord__C2_lodo_D430.npz,89cd5d1b105d619b4d61827558df5b9c23b2ef560ac723d64eb570d19007f885
T2,Biolord,Biolord,method,D431,C2_lodo_D431,None,predictions/C2_metric_aligned/C2_LODO__Biolord__C2_lodo_D431.npz,446137a63237caa955e58b9718ed83974fe9d44a1bc4b4c25c1382ff83007740
T2,Biolord,Biolord,method,D432,C2_lodo_D432,None,predictions/C2_metric_aligned/C2_LODO__Biolord__C2_lodo_D432.npz,4e52f3b85a2a73e189c050d11c8c360836eed11bb9f607dd2a34928642f69166
T2,Biolord,Biolord,method,D433,C2_lodo_D433,None,predictions/C2_metric_aligned/C2_LODO__Biolord__C2_lodo_D433.npz,f9a4de65ee297236aefdaabf885bdfbbf8443f9cc253488dfcaa75ec6cb22b2e
T2,Biolord,Biolord,method,D434,C2_lodo_D434,None,predictions/C2_metric_aligned/C2_LODO__Biolord__C2_lodo_D434.npz,075b5a944b529032e7e98c0e04484bf1e6af8ecc08ce13076206d25c2f5d64fb
T2,Biolord,Biolord,method,D435,C2_lodo_D435,None,predictions/C2_metric_aligned/C2_LODO__Biolord__C2_lodo_D435.npz,fdf3abc5bcb87ffaabb0358b14cb670f4b58074ad9d485e93e480de82996edff
T2,Biolord,Biolord,method,D436,C2_lodo_D436,None,predictions/C2_metric_aligned/C2_LODO__Biolord__C2_lodo_D436.npz,06e38ee6cafd4abaa7bd690092163b3fd25fd7a343a6ed3773a99310a6e0a670
T2,Biolord,Biolord,method,D439,C2_lodo_D439,None,predictions/C2_metric_aligned/C2_LODO__Biolord__C2_lodo_D439.npz,f5e1b2651b92ef9923a8eee09a2a6e136ca0378c6700dace65ea9108dbcaf346
T2,Biolord,Biolord,method,D440,C2_lodo_D440,None,predictions/C2_metric_aligned/C2_LODO__Biolord__C2_lodo_D440.npz,99bbb1072731d05af8b59c71facaacaae625525b749330f259e841f95f6e1723
T2,Biolord,Biolord,method,D441,C2_lodo_D441,None,predictions/C2_metric_aligned/C2_LODO__Biolord__C2_lodo_D441.npz,ba20d4a3b02752e7b41d1add3d5d2865884547276ae28b7410f13c9876e589c5
T2,Biolord,Biolord,method,D442,C2_lodo_D442,None,predictions/C2_metric_aligned/C2_LODO__Biolord__C2_lodo_D442.npz,5f9bcf263a60ed51975fcb9ae859ed94b515b06c64d85aaab934656c4d3f2063
T2,Biolord,Biolord,method,D443,C2_lodo_D443,None,predictions/C2_metric_aligned/C2_LODO__Biolord__C2_lodo_D443.npz,3829f27c78ce276a9804c78b6d57fa06964225158b157e33b76dfca9077ab424
T2,Biolord,Biolord,method,D445,C2_lodo_D445,None,predictions/C2_metric_aligned/C2_LODO__Biolord__C2_lodo_D445.npz,63c684b9ab96cad3b9a38b4395c85f2144362e9f28bb38efdd67f5d637620542
T2,Biolord,Biolord,method,D446,C2_lodo_D446,None,predictions/C2_metric_aligned/C2_LODO__Biolord__C2_lodo_D446.npz,245e437403240ad3c8a7fb533c6d05f73b606b7c25eca84a62fe27d4b0dea54f
T2,Biolord,Biolord,method,D447,C2_lodo_D447,None,predictions/C2_metric_aligned/C2_LODO__Biolord__C2_lodo_D447.npz,fe144173478d4c2fc9e67292692ff7f42debedb5ea088d0dab7d2b8996c50f93
T2,Biolord,Biolord,method,D448,C2_lodo_D448,None,predictions/C2_metric_aligned/C2_LODO__Biolord__C2_lodo_D448.npz,0651bf98254412f6bbfb94622de2fcc9318d7ae4f133ca82bfb79692dc504244
T2,Biolord,Biolord,method,D449,C2_lodo_D449,None,predictions/C2_metric_aligned/C2_LODO__Biolord__C2_lodo_D449.npz,db685a9a713a37f29258c61bd322c50f90b76cbd6ef8c9cb265e6e184e600c0d
T2,Biolord,Biolord,method,D450,C2_lodo_D450,None,predictions/C2_metric_aligned/C2_LODO__Biolord__C2_lodo_D450.npz,20b68cbb67a69d4e919c806160ef9c0238a946e1f794357f7bf27883523efc3d
T2,Biolord,Biolord,method,D451,C2_lodo_D451,None,predictions/C2_metric_aligned/C2_LODO__Biolord__C2_lodo_D451.npz,5acac9fc796fe7626d18287fb4b12568974bd399ab3fae842aedd2309ef0c44d
T2,Biolord,Biolord,method,D452,C2_lodo_D452,None,predictions/C2_metric_aligned/C2_LODO__Biolord__C2_lodo_D452.npz,1b33798f3f5dc2d43f5a0ea566d7fd6ea463c4bb6f207c81c569d7409a4f06e5
T2,Biolord,Biolord,method,D453,C2_lodo_D453,None,predictions/C2_metric_aligned/C2_LODO__Biolord__C2_lodo_D453.npz,0e949dc627ae5efd169d684179c32cf296fdfd48a2e6e007d78036efa979a8b3
T2,Biolord,Biolord,method,D454,C2_lodo_D454,None,predictions/C2_metric_aligned/C2_LODO__Biolord__C2_lodo_D454.npz,dff45f242b2fe3dd97ff7eabf1b5f79734aa931a46e00684fec38121499d0a04
T2,Biolord,Biolord,method,D455,C2_lodo_D455,None,predictions/C2_metric_aligned/C2_LODO__Biolord__C2_lodo_D455.npz,71c0b7f458abb53ca72ac5ca80051282648cda88f6c9085bbf10038495aba110
T2,Biolord,Biolord,method,D456,C2_lodo_D456,None,predictions/C2_metric_aligned/C2_LODO__Biolord__C2_lodo_D456.npz,7b0a11639768c8ee030d181224839fb3e44b45ac02878878f90518433c2eed20
T2,Biolord,Biolord,method,D457,C2_lodo_D457,None,predictions/C2_metric_aligned/C2_LODO__Biolord__C2_lodo_D457.npz,dd3ff4a6b49576ce080f6080db1007634f4aa011c75253211c5e1be52b4e4038
T2,Biolord,Biolord,method,D458,C2_lodo_D458,None,predictions/C2_metric_aligned/C2_LODO__Biolord__C2_lodo_D458.npz,e3f5353b290e6edfcd8ec9b0f8f567d45e76b6f8ff0720377a7301936a75d728
T2,Biolord,Biolord,method,D459,C2_lodo_D459,None,predictions/C2_metric_aligned/C2_LODO__Biolord__C2_lodo_D459.npz,f7da92c28149bd89c38cc41f72b7b3596d471645d80c8fb5121f32eb5c273946
T2,Biolord,Biolord,method,D460,C2_lodo_D460,None,predictions/C2_metric_aligned/C2_LODO__Biolord__C2_lodo_D460.npz,dd9f233d7683295da63c4070fb92679d8ad0de16f916611f093dab3460b1ed6b
T2,Biolord,Biolord,method,D461,C2_lodo_D461,None,predictions/C2_metric_aligned/C2_LODO__Biolord__C2_lodo_D461.npz,76e626ebd0834c5835da69f79f4f558a14cb19e299bfa00af95f18ff29218003
T2,Biolord,Biolord,method,D462,C2_lodo_D462,None,predictions/C2_metric_aligned/C2_LODO__Biolord__C2_lodo_D462.npz,9633961d06bd7aaffd2519a6ed897bcdbe4af20ff7cd529f89a484ad66af4d6e
T2,Biolord,Biolord,method,D463,C2_lodo_D463,None,predictions/C2_metric_aligned/C2_LODO__Biolord__C2_lodo_D463.npz,9ea9ffdb7b70889efcb5c03074c3f8d95a19a5d2042d4cddf1b6fa15662b40b1
T2,Biolord,Biolord,method,D464,C2_lodo_D464,None,predictions/C2_metric_aligned/C2_LODO__Biolord__C2_lodo_D464.npz,26e3c6fe704b48fb3358c9f827e91ec34c90db709691e57bb1b509450b8297a7
T2,Biolord,Biolord,method,D465,C2_lodo_D465,None,predictions/C2_metric_aligned/C2_LODO__Biolord__C2_lodo_D465.npz,5023105da1306f6ea729fc5ee51412be729a2118257bc1630d2a629e4485a62a
T2,Biolord,Biolord,method,D466,C2_lodo_D466,None,predictions/C2_metric_aligned/C2_LODO__Biolord__C2_lodo_D466.npz,5e1459f1033d660f176a96fdaddd0c540ce10c95fc940d5949385c9f376b07d1
T2,Biolord,Biolord,method,D481,C2_lodo_D481,None,predictions/C2_metric_aligned/C2_LODO__Biolord__C2_lodo_D481.npz,6e3135dfc446156b8d09312adf2e46da09e93ef97e8a7c840887052db6e1ff82
T2,Biolord,Biolord,method,D482,C2_lodo_D482,None,predictions/C2_metric_aligned/C2_LODO__Biolord__C2_lodo_D482.npz,56a31772f4c26a430bb3071c2906db11968740d8e4d428e2b59c7e97f7821393
T2,Biolord,Biolord,method,D483,C2_lodo_D483,None,predictions/C2_metric_aligned/C2_LODO__Biolord__C2_lodo_D483.npz,f30c46eac5750997dc6efa2db43a98666f7369a13183003ac8b8fcc86f34f19e
T2,Biolord,Biolord,method,D484,C2_lodo_D484,None,predictions/C2_metric_aligned/C2_LODO__Biolord__C2_lodo_D484.npz,9109f4a384ea90bceb5e473c67cce859fa070b8419dc1e1b39e83ba0d2bfaf86
T2,Biolord,Biolord,method,D485,C2_lodo_D485,None,predictions/C2_metric_aligned/C2_LODO__Biolord__C2_lodo_D485.npz,75ee5e685d64470794a1c4ceae712032ca11895dfb8def6a9122040b5fd6f748
T2,CellFlow,CellFlow,method,D348,C2_lodo_D348,None,predictions/C2_metric_aligned/C2_LODO__CellFlow__C2_lodo_D348.npz,aa7f7fdfbe0840052a85f9f2376ad5cccec0492203a2ab40c828bf30b3224af1
T2,CellFlow,CellFlow,method,D349,C2_lodo_D349,None,predictions/C2_metric_aligned/C2_LODO__CellFlow__C2_lodo_D349.npz,46d3e44bffa16f20a42d0f0aa577921ed233bc040e820f89181fc7342a76e373
T2,CellFlow,CellFlow,method,D350,C2_lodo_D350,None,predictions/C2_metric_aligned/C2_LODO__CellFlow__C2_lodo_D350.npz,4f20fa21158d70757ac7bbf11d1fa72f6fc0d7ef60267eae26e379257e56004e
T2,CellFlow,CellFlow,method,D351,C2_lodo_D351,None,predictions/C2_metric_aligned/C2_LODO__CellFlow__C2_lodo_D351.npz,a4c03d03d420ad024b5c40f1882911284aca5b50023012826bb5448edefb638e
T2,CellFlow,CellFlow,method,D352,C2_lodo_D352,None,predictions/C2_metric_aligned/C2_LODO__CellFlow__C2_lodo_D352.npz,bdf4ae1285e0c1998e66167e941bca39e02c59b0f93a604549f71912383e3531
T2,CellFlow,CellFlow,method,D353,C2_lodo_D353,None,predictions/C2_metric_aligned/C2_LODO__CellFlow__C2_lodo_D353.npz,0a7381d60bb2692e0fd640babab0b7a5d17683202ecc309cdbc60e3317814ac8
T2,CellFlow,CellFlow,method,D354,C2_lodo_D354,None,predictions/C2_metric_aligned/C2_LODO__CellFlow__C2_lodo_D354.npz,915aa78a2d3596703febc964d239fbfc47dae62f1971e65ffd1f9cf2733fa28a
T2,CellFlow,CellFlow,method,D355,C2_lodo_D355,None,predictions/C2_metric_aligned/C2_LODO__CellFlow__C2_lodo_D355.npz,8b5880bd914a557037b18a9c752034ce58291e858a8c0a87ad45df5ee973c8f1
T2,CellFlow,CellFlow,method,D356,C2_lodo_D356,None,predictions/C2_metric_aligned/C2_LODO__CellFlow__C2_lodo_D356.npz,73ba7f60d537f7ab4aacd1a112848a13bae416b696d4797469026c6b7685bf9a
T2,CellFlow,CellFlow,method,D357,C2_lodo_D357,None,predictions/C2_metric_aligned/C2_LODO__CellFlow__C2_lodo_D357.npz,464eb76ff670aba18b4a1fc165e80a0511c155170a398946551174ab93476001
T2,CellFlow,CellFlow,method,D358,C2_lodo_D358,None,predictions/C2_metric_aligned/C2_LODO__CellFlow__C2_lodo_D358.npz,e3c36899fc88ef82a36c4a5024ced76cda44cdebfa8a11157990f594e42d2ca2
T2,CellFlow,CellFlow,method,D359,C2_lodo_D359,None,predictions/C2_metric_aligned/C2_LODO__CellFlow__C2_lodo_D359.npz,e36c358689d02052c08e963d8e821f52dcb2e3e05cba65028b5165ff8e14f9be
T2,CellFlow,CellFlow,method,D363,C2_lodo_D363,None,predictions/C2_metric_aligned/C2_LODO__CellFlow__C2_lodo_D363.npz,1444db1df3da094085200edd9109aac648f1e46b4e77a29ecc2c59d346b8a2b2
T2,CellFlow,CellFlow,method,D364,C2_lodo_D364,None,predictions/C2_metric_aligned/C2_LODO__CellFlow__C2_lodo_D364.npz,1b880da7a093800da349f3d0d0bbdd3b3012a2d01569761f7cd14d0a357641f5
T2,CellFlow,CellFlow,method,D365,C2_lodo_D365,None,predictions/C2_metric_aligned/C2_LODO__CellFlow__C2_lodo_D365.npz,49c8c334c3294fb388a7e5d727fc82ac496a6bdf207f17c629ecb7410ce8089d
T2,CellFlow,CellFlow,method,D366,C2_lodo_D366,None,predictions/C2_metric_aligned/C2_LODO__CellFlow__C2_lodo_D366.npz,995549619dd421065863f8dafacf7605fc0cad8995c307a4c611063535c332bd
T2,CellFlow,CellFlow,method,D367,C2_lodo_D367,None,predictions/C2_metric_aligned/C2_LODO__CellFlow__C2_lodo_D367.npz,1ee3de930bd0b2f7f37eb295a76a76e28e4b1e1e0d77d25e053d0c1fc66b81e3
T2,CellFlow,CellFlow,method,D368,C2_lodo_D368,None,predictions/C2_metric_aligned/C2_LODO__CellFlow__C2_lodo_D368.npz,97b13ec2189e6725f22f4f8214571bd15dd38e243b89df22679cd17f48f5020b
T2,CellFlow,CellFlow,method,D369,C2_lodo_D369,None,predictions/C2_metric_aligned/C2_LODO__CellFlow__C2_lodo_D369.npz,ead2e16cbaf2f1e3d8bd2963b45a10d2bf26c1149225d3c7326cd247bba0093d
T2,CellFlow,CellFlow,method,D370,C2_lodo_D370,None,predictions/C2_metric_aligned/C2_LODO__CellFlow__C2_lodo_D370.npz,100ac010d7cf9411cc1a852ae9b8fc193b4e11448dc0c440df349889e11af724
T2,CellFlow,CellFlow,method,D371,C2_lodo_D371,None,predictions/C2_metric_aligned/C2_LODO__CellFlow__C2_lodo_D371.npz,1cccbed418fb84fa0691e873184ecadd8a33ec3c9c527745296a86ca2193c5b9
T2,CellFlow,CellFlow,method,D372,C2_lodo_D372,None,predictions/C2_metric_aligned/C2_LODO__CellFlow__C2_lodo_D372.npz,c5668f239a5daaec165e4d13b0f46cd67ca9661b050e3c26cce11e9839fd35a0
T2,CellFlow,CellFlow,method,D373,C2_lodo_D373,None,predictions/C2_metric_aligned/C2_LODO__CellFlow__C2_lodo_D373.npz,31465b6f343e02d730344db0dc8bef53219cdefafda1f7c071bed5c1da22a6cd
T2,CellFlow,CellFlow,method,D374,C2_lodo_D374,None,predictions/C2_metric_aligned/C2_LODO__CellFlow__C2_lodo_D374.npz,8931642ab8ba483674e505c9756b6ba3a5916a610b3a5eb0e5be71ee6542f5d8
T2,CellFlow,CellFlow,method,D378,C2_lodo_D378,None,predictions/C2_metric_aligned/C2_LODO__CellFlow__C2_lodo_D378.npz,e517fbc9f604eece8632d803ad1e3d2dd5942b9aaf63b72aae3ce78a7d18be40
T2,CellFlow,CellFlow,method,D379,C2_lodo_D379,None,predictions/C2_metric_aligned/C2_LODO__CellFlow__C2_lodo_D379.npz,378fd623f4953f5fc90b477653d340dbc3541e9876cad4b1f004c6d2d248a6be
T2,CellFlow,CellFlow,method,D380,C2_lodo_D380,None,predictions/C2_metric_aligned/C2_LODO__CellFlow__C2_lodo_D380.npz,20349de81273724cf285c8c3a89bd8f585e02e518014737830400d34825ebbaf
T2,CellFlow,CellFlow,method,D381,C2_lodo_D381,None,predictions/C2_metric_aligned/C2_LODO__CellFlow__C2_lodo_D381.npz,c6fcc72574122cc18cbdbdf98baf14f7f13793c1728811ff7e263e205395bd4b
T2,CellFlow,CellFlow,method,D382,C2_lodo_D382,None,predictions/C2_metric_aligned/C2_LODO__CellFlow__C2_lodo_D382.npz,d2f80b9e0b655a77dceec83651866b9eff6514030fa790b0c2ab4fb56844bd3a
T2,CellFlow,CellFlow,method,D383,C2_lodo_D383,None,predictions/C2_metric_aligned/C2_LODO__CellFlow__C2_lodo_D383.npz,c0619956e6e5b06b64cac54e8df4f6392d21a89dae338ad1b0c9a4dc4285c4a3
T2,CellFlow,CellFlow,method,D387,C2_lodo_D387,None,predictions/C2_metric_aligned/C2_LODO__CellFlow__C2_lodo_D387.npz,fab4cf5bab1f5795a50a0064c3dbcf01fbf7f33b6a82b92f6a386a3c3a7123a3
T2,CellFlow,CellFlow,method,D388,C2_lodo_D388,None,predictions/C2_metric_aligned/C2_LODO__CellFlow__C2_lodo_D388.npz,4a1cab6f84ba78b386fc16fdb162bc92de1532d616d7ce2ad6209844347b53cb
T2,CellFlow,CellFlow,method,D389,C2_lodo_D389,None,predictions/C2_metric_aligned/C2_LODO__CellFlow__C2_lodo_D389.npz,5d93df8cd82ea052ad855a3f005a4d449e58d53320a3c4afd2adc48566ef872f
T2,CellFlow,CellFlow,method,D390,C2_lodo_D390,None,predictions/C2_metric_aligned/C2_LODO__CellFlow__C2_lodo_D390.npz,bd1858acb2288cc6d4631acca6053bc4e4fcefb1269b3d50429e16de947748e4
T2,CellFlow,CellFlow,method,D391,C2_lodo_D391,None,predictions/C2_metric_aligned/C2_LODO__CellFlow__C2_lodo_D391.npz,1b056a14622f3bce5a8564d383bff10a986cb0d1e78bb26576ba6d1b39441e34
T2,CellFlow,CellFlow,method,D392,C2_lodo_D392,None,predictions/C2_metric_aligned/C2_LODO__CellFlow__C2_lodo_D392.npz,cadfb2a2073765e03a9770f45c6806e28ccea23f00c574fbd7779cdd04deaee0
T2,CellFlow,CellFlow,method,D393,C2_lodo_D393,None,predictions/C2_metric_aligned/C2_LODO__CellFlow__C2_lodo_D393.npz,b7114502016ce0fd70d1ca6d1c9ac44c30a7662db021825bd7e5965619cc2121
T2,CellFlow,CellFlow,method,D394,C2_lodo_D394,None,predictions/C2_metric_aligned/C2_LODO__CellFlow__C2_lodo_D394.npz,3b7893ee53b460a6c2ddff277635ab26b3ba365863a8fc31e9188943aacb8b22
T2,CellFlow,CellFlow,method,D395,C2_lodo_D395,None,predictions/C2_metric_aligned/C2_LODO__CellFlow__C2_lodo_D395.npz,84b808d5f02ac415a150531406f794ff03971519a80faaee364d0888f5bff88c
T2,CellFlow,CellFlow,method,D396,C2_lodo_D396,None,predictions/C2_metric_aligned/C2_LODO__CellFlow__C2_lodo_D396.npz,8046c9ecb371047c3c32bd0dd6cb0f2e3930974a2cf18b0a822755be14a2cae7
T2,CellFlow,CellFlow,method,D397,C2_lodo_D397,None,predictions/C2_metric_aligned/C2_LODO__CellFlow__C2_lodo_D397.npz,35e528723b7bad3994636b68b26db18e2526fda57d102f28ae1476ecd1c9a219
T2,CellFlow,CellFlow,method,D398,C2_lodo_D398,None,predictions/C2_metric_aligned/C2_LODO__CellFlow__C2_lodo_D398.npz,94acae64568cfce0be15ba095ec48c47d7441bfb1823bdc11cf6694b53e318a1
T2,CellFlow,CellFlow,method,D405,C2_lodo_D405,None,predictions/C2_metric_aligned/C2_LODO__CellFlow__C2_lodo_D405.npz,e5878647cb5cff044aca3cfe3d2dac1cdb177c3b3cd2ecc0b9400651053e71f0
T2,CellFlow,CellFlow,method,D406,C2_lodo_D406,None,predictions/C2_metric_aligned/C2_LODO__CellFlow__C2_lodo_D406.npz,3476f3409c5d47b97aa2e2a292886f59c130835bd71fae836615d879d75bf698
T2,CellFlow,CellFlow,method,D407,C2_lodo_D407,None,predictions/C2_metric_aligned/C2_LODO__CellFlow__C2_lodo_D407.npz,36fbcae01ef877ac17ccd29e75116fe053a85757e8f32a4b967ca6312229cc12
T2,CellFlow,CellFlow,method,D408,C2_lodo_D408,None,predictions/C2_metric_aligned/C2_LODO__CellFlow__C2_lodo_D408.npz,4b4e70cf992c2ac83baf7e5f4d0184e0f4a5e0cd045b86637f2a8c2083f491b7
T2,CellFlow,CellFlow,method,D409,C2_lodo_D409,None,predictions/C2_metric_aligned/C2_LODO__CellFlow__C2_lodo_D409.npz,da45b8f642fa1c89202990c4a327911af54de17ae92d31ce6ffc94c58d78ad88
T2,CellFlow,CellFlow,method,D410,C2_lodo_D410,None,predictions/C2_metric_aligned/C2_LODO__CellFlow__C2_lodo_D410.npz,6703ff7dcd30d16982716dcaf1ba6914a638818d8cc06e0edbd0511c398c75f6
T2,CellFlow,CellFlow,method,D411,C2_lodo_D411,None,predictions/C2_metric_aligned/C2_LODO__CellFlow__C2_lodo_D411.npz,f02db2eaa44a7df4a5b4e3f3e6d819b30bbe8382b1828a173a17f5526c02856d
T2,CellFlow,CellFlow,method,D412,C2_lodo_D412,None,predictions/C2_metric_aligned/C2_LODO__CellFlow__C2_lodo_D412.npz,f74f2a0a88d1f67eaedcb5ee59d2c27b5cb0a0dd95177cf2e515df041f6b282e
T2,CellFlow,CellFlow,method,D413,C2_lodo_D413,None,predictions/C2_metric_aligned/C2_LODO__CellFlow__C2_lodo_D413.npz,86b61c8ae98c06178dafc6f176ead22ee491739542680ac6e14db77cb3a8992a
T2,CellFlow,CellFlow,method,D414,C2_lodo_D414,None,predictions/C2_metric_aligned/C2_LODO__CellFlow__C2_lodo_D414.npz,7b1996059ea59d863ad229a95464e536805617a6f7606db3458bf4d3cf940d6a
T2,CellFlow,CellFlow,method,D415,C2_lodo_D415,None,predictions/C2_metric_aligned/C2_LODO__CellFlow__C2_lodo_D415.npz,73f3fddf31dec30ca177188e1a4f4b482b3d94c283950715f742c674bdabeabd
T2,CellFlow,CellFlow,method,D416,C2_lodo_D416,None,predictions/C2_metric_aligned/C2_LODO__CellFlow__C2_lodo_D416.npz,dc9e15c38e92c50a8f15b0b00ceec600ad8570c1e9353bb81c697df7fdfbff67
T2,CellFlow,CellFlow,method,D417,C2_lodo_D417,None,predictions/C2_metric_aligned/C2_LODO__CellFlow__C2_lodo_D417.npz,f2f1e5234c492121dd1f4592239a6f6bee86bdab22307d05c5b1856fbbc02108
T2,CellFlow,CellFlow,method,D418,C2_lodo_D418,None,predictions/C2_metric_aligned/C2_LODO__CellFlow__C2_lodo_D418.npz,a08c4b4d1358321cc2e5f9f18f32b952f828e02d68d7c6278795063c6ae2fad9
T2,CellFlow,CellFlow,method,D419,C2_lodo_D419,None,predictions/C2_metric_aligned/C2_LODO__CellFlow__C2_lodo_D419.npz,e291d6a6d90db0ad5be06a53531a52ac7c7a92c44b3d8462a884a45a3b004b68
T2,CellFlow,CellFlow,method,D420,C2_lodo_D420,None,predictions/C2_metric_aligned/C2_LODO__CellFlow__C2_lodo_D420.npz,0119862a6c57128536be19785414863a16036d4be1c4fd514191aef2e58826e7
T2,CellFlow,CellFlow,method,D421,C2_lodo_D421,None,predictions/C2_metric_aligned/C2_LODO__CellFlow__C2_lodo_D421.npz,7d61f225f7b6e692f96609bd8679959d5fb47eb41b29d076efdecf30ca4c3eea
T2,CellFlow,CellFlow,method,D422,C2_lodo_D422,None,predictions/C2_metric_aligned/C2_LODO__CellFlow__C2_lodo_D422.npz,341609ef870a8345ebc4824d0681ebdf6910fa5bac92b3535ae051353add1127
T2,CellFlow,CellFlow,method,D423,C2_lodo_D423,None,predictions/C2_metric_aligned/C2_LODO__CellFlow__C2_lodo_D423.npz,97a38ca6b5e9dfbf2e5ebcdbfa9927f89956f89aedff509182c1c2de2bfe9c40
T2,CellFlow,CellFlow,method,D424,C2_lodo_D424,None,predictions/C2_metric_aligned/C2_LODO__CellFlow__C2_lodo_D424.npz,230fb5f10f49565433aa7848ac42f9f79e72ee8bf750a5f3c0d7eb3e00876679
T2,CellFlow,CellFlow,method,D425,C2_lodo_D425,None,predictions/C2_metric_aligned/C2_LODO__CellFlow__C2_lodo_D425.npz,c75e424b54ee1c857d57fea915f1f1211f0e3f59e98942213a9c8630e6a88330
T2,CellFlow,CellFlow,method,D426,C2_lodo_D426,None,predictions/C2_metric_aligned/C2_LODO__CellFlow__C2_lodo_D426.npz,6d4d2deec7411466e44973cc0dc568af079ffadd620bff91f4cfc426d395648d
T2,CellFlow,CellFlow,method,D427,C2_lodo_D427,None,predictions/C2_metric_aligned/C2_LODO__CellFlow__C2_lodo_D427.npz,241c0cb39956eea06456813d4a80ab3faacec186378ef76a63efca255d0a675c
T2,CellFlow,CellFlow,method,D428,C2_lodo_D428,None,predictions/C2_metric_aligned/C2_LODO__CellFlow__C2_lodo_D428.npz,7fca1aea939bdf0d94d2ac4184139d586baffadb274cd0b26dce47580a3ef16c
T2,CellFlow,CellFlow,method,D429,C2_lodo_D429,None,predictions/C2_metric_aligned/C2_LODO__CellFlow__C2_lodo_D429.npz,08b4734f30d997c4009a3bf00d0e51795c3f72d94ba2cc68b33fae0adfc9f115
T2,CellFlow,CellFlow,method,D430,C2_lodo_D430,None,predictions/C2_metric_aligned/C2_LODO__CellFlow__C2_lodo_D430.npz,ba1d5a39fe661ba17c790a5aec4d44a7a9c55c4cd6e62c658bc9af29f23419ae
T2,CellFlow,CellFlow,method,D431,C2_lodo_D431,None,predictions/C2_metric_aligned/C2_LODO__CellFlow__C2_lodo_D431.npz,c36549f19b24136fd8d6c67ec8d78e56df6cc2d5e08811cd9affe36aca5cefeb
T2,CellFlow,CellFlow,method,D432,C2_lodo_D432,None,predictions/C2_metric_aligned/C2_LODO__CellFlow__C2_lodo_D432.npz,8ed3a437bb4185da025106d2bfd1d852396d8c71a951a89c5ada826720847be2
T2,CellFlow,CellFlow,method,D433,C2_lodo_D433,None,predictions/C2_metric_aligned/C2_LODO__CellFlow__C2_lodo_D433.npz,ccad1169b35d60095527d5ae349b88faf01cbe51aafec8fbc11eda89919a3451
T2,CellFlow,CellFlow,method,D434,C2_lodo_D434,None,predictions/C2_metric_aligned/C2_LODO__CellFlow__C2_lodo_D434.npz,b63a80cb432ec6133542531eb7134421f68e1dfe27276866e6e0afb383fe7f46
T2,CellFlow,CellFlow,method,D435,C2_lodo_D435,None,predictions/C2_metric_aligned/C2_LODO__CellFlow__C2_lodo_D435.npz,c495687d1bd34e391f582034fcae5c9ee0ffc274ca257f5ecfb0b9dc94fef075
T2,CellFlow,CellFlow,method,D436,C2_lodo_D436,None,predictions/C2_metric_aligned/C2_LODO__CellFlow__C2_lodo_D436.npz,aabe65aa52bf6025e0d28745f10a2e61aefb7f868ad3def408c61c2e8ffe79fe
T2,CellFlow,CellFlow,method,D439,C2_lodo_D439,None,predictions/C2_metric_aligned/C2_LODO__CellFlow__C2_lodo_D439.npz,12f5cdc80f61449b7fbd5f17c644c9b46448e3bc0c4dc05b8f441b16610d33f5
T2,CellFlow,CellFlow,method,D440,C2_lodo_D440,None,predictions/C2_metric_aligned/C2_LODO__CellFlow__C2_lodo_D440.npz,9b6f266c78bc7fab8fc3e7c03d583bf8b6dad1ddc0794577514a2aae9eacd7e6
T2,CellFlow,CellFlow,method,D441,C2_lodo_D441,None,predictions/C2_metric_aligned/C2_LODO__CellFlow__C2_lodo_D441.npz,4a75e36f2a418c524e48878662168831e067b8c9b69e957ce688a30e3ebcd4ae
T2,CellFlow,CellFlow,method,D442,C2_lodo_D442,None,predictions/C2_metric_aligned/C2_LODO__CellFlow__C2_lodo_D442.npz,a672092e317cc011003c1d248ca69948bf0c18971e33d83df99a435dd7a3fa8b
T2,CellFlow,CellFlow,method,D443,C2_lodo_D443,None,predictions/C2_metric_aligned/C2_LODO__CellFlow__C2_lodo_D443.npz,8a383744e2d9d0f7606967248a2889555356d1ed534d3be2ebb4a0c56b030d38
T2,CellFlow,CellFlow,method,D445,C2_lodo_D445,None,predictions/C2_metric_aligned/C2_LODO__CellFlow__C2_lodo_D445.npz,1497ffc0fd6ee6e914e1968cb0dfd8419ac0092a34d11487eea84e3d5f867178
T2,CellFlow,CellFlow,method,D446,C2_lodo_D446,None,predictions/C2_metric_aligned/C2_LODO__CellFlow__C2_lodo_D446.npz,8f216d68624396664be2e7609ce7aa22127c9e667e183dfc9da37e94ee001238
T2,CellFlow,CellFlow,method,D447,C2_lodo_D447,None,predictions/C2_metric_aligned/C2_LODO__CellFlow__C2_lodo_D447.npz,5f4d15d46675eabfdce8c70f35891ba45fbbdc5854bdbafd35a7d893b1bf352b
T2,CellFlow,CellFlow,method,D448,C2_lodo_D448,None,predictions/C2_metric_aligned/C2_LODO__CellFlow__C2_lodo_D448.npz,bbf80c362218f2a5cc69e03a21384d9b3849153238df529c2fac1fbd49399172
T2,CellFlow,CellFlow,method,D449,C2_lodo_D449,None,predictions/C2_metric_aligned/C2_LODO__CellFlow__C2_lodo_D449.npz,851a47ffef7610be04458844aac0394f5ffc2dc14ad385ff7e3c5c05d546199e
T2,CellFlow,CellFlow,method,D450,C2_lodo_D450,None,predictions/C2_metric_aligned/C2_LODO__CellFlow__C2_lodo_D450.npz,739bf8190a78093e8ea0a915f6d37468375a02178e29d2a38609c409d7dddae4
T2,CellFlow,CellFlow,method,D451,C2_lodo_D451,None,predictions/C2_metric_aligned/C2_LODO__CellFlow__C2_lodo_D451.npz,dd73a72dc83952a5e88230106fa9d92b33d3999ff9d9480f5b1c79309b6b0c3e
T2,CellFlow,CellFlow,method,D452,C2_lodo_D452,None,predictions/C2_metric_aligned/C2_LODO__CellFlow__C2_lodo_D452.npz,251bc27f6b0d1fe5d78ed889b6cb0fbc3028ac128d19690e453a6dfddfb3c2a5
T2,CellFlow,CellFlow,method,D453,C2_lodo_D453,None,predictions/C2_metric_aligned/C2_LODO__CellFlow__C2_lodo_D453.npz,d728080e2f3db82c63bbd520bf2fda884fc9eb076244ebe8568eb16d7d197aba
T2,CellFlow,CellFlow,method,D454,C2_lodo_D454,None,predictions/C2_metric_aligned/C2_LODO__CellFlow__C2_lodo_D454.npz,f317f6120a42f776b298fcaf5b18c5ecc344c7209b531e317e7e9502c42ffb64
T2,CellFlow,CellFlow,method,D455,C2_lodo_D455,None,predictions/C2_metric_aligned/C2_LODO__CellFlow__C2_lodo_D455.npz,1ecd5652b926dc8a41426c9deb5aa20d1d247d54b49e6583858adc7b4491de40
T2,CellFlow,CellFlow,method,D456,C2_lodo_D456,None,predictions/C2_metric_aligned/C2_LODO__CellFlow__C2_lodo_D456.npz,83ef7304554ba0d4de5b797d4d9eec14d579db232c8aa3ef313df01faab3156d
T2,CellFlow,CellFlow,method,D457,C2_lodo_D457,None,predictions/C2_metric_aligned/C2_LODO__CellFlow__C2_lodo_D457.npz,06afb821970c48a2d1543ce54727a39bd85d0da8080167d5d6abd3ed6965206f
T2,CellFlow,CellFlow,method,D458,C2_lodo_D458,None,predictions/C2_metric_aligned/C2_LODO__CellFlow__C2_lodo_D458.npz,fd1f55479a1bdec35fcb279a601c3bb78e369552a0549648f27422bb282761e1
T2,CellFlow,CellFlow,method,D459,C2_lodo_D459,None,predictions/C2_metric_aligned/C2_LODO__CellFlow__C2_lodo_D459.npz,2265bcc99a0ea9723c93fbb51ba3c259d12c902d91d6214860ca1a6845c0018c
T2,CellFlow,CellFlow,method,D460,C2_lodo_D460,None,predictions/C2_metric_aligned/C2_LODO__CellFlow__C2_lodo_D460.npz,58a367e8696a7ba795ad78e54d4959bed22c23c8ddcff9067a3211dd90d2380a
T2,CellFlow,CellFlow,method,D461,C2_lodo_D461,None,predictions/C2_metric_aligned/C2_LODO__CellFlow__C2_lodo_D461.npz,3cae83a380912466757dc65a943b372dd7ef9f1a16269738b22529925ae223b7
T2,CellFlow,CellFlow,method,D462,C2_lodo_D462,None,predictions/C2_metric_aligned/C2_LODO__CellFlow__C2_lodo_D462.npz,98bc3c462e03f774e354c56c9304e8b2b3410b8deaa6cce03f4420d98e45cc59
T2,CellFlow,CellFlow,method,D463,C2_lodo_D463,None,predictions/C2_metric_aligned/C2_LODO__CellFlow__C2_lodo_D463.npz,4faf440adddbc0d0dd3b44955b7ab80c1a70f819d007ce49047052f0305808e5
T2,CellFlow,CellFlow,method,D464,C2_lodo_D464,None,predictions/C2_metric_aligned/C2_LODO__CellFlow__C2_lodo_D464.npz,3db7edb61ae08174c7272f19a649018bbdc9caec61e6ace1c2529190e5014415
T2,CellFlow,CellFlow,method,D465,C2_lodo_D465,None,predictions/C2_metric_aligned/C2_LODO__CellFlow__C2_lodo_D465.npz,b1b419547064a3c740d0575592f71949b9105318078cc600ea518d1f75a4be27
T2,CellFlow,CellFlow,method,D466,C2_lodo_D466,None,predictions/C2_metric_aligned/C2_LODO__CellFlow__C2_lodo_D466.npz,93a1c7bd18f1c6f53057ad86b25d6751016b7d8fb0cfe1268869a8deeaa0af6e
T2,CellFlow,CellFlow,method,D481,C2_lodo_D481,None,predictions/C2_metric_aligned/C2_LODO__CellFlow__C2_lodo_D481.npz,d8145ea1d9993e41bdcf04c7fb2d10e0aa440bce2e2612096ff6874572055927
T2,CellFlow,CellFlow,method,D482,C2_lodo_D482,None,predictions/C2_metric_aligned/C2_LODO__CellFlow__C2_lodo_D482.npz,20c2f617b033ac63843b9fe97a9a5b664aca18131f011ae5cfb917683686fcea
T2,CellFlow,CellFlow,method,D483,C2_lodo_D483,None,predictions/C2_metric_aligned/C2_LODO__CellFlow__C2_lodo_D483.npz,af2d6ee1f8133613fb71c91cddae23f45adf7f9ca98f6c878aed67244be97583
T2,CellFlow,CellFlow,method,D484,C2_lodo_D484,None,predictions/C2_metric_aligned/C2_LODO__CellFlow__C2_lodo_D484.npz,0a983de4eb6262454fbf16ee92cec64170f34a8fa6806a74e985b42f9dc3d0db
T2,CellFlow,CellFlow,method,D485,C2_lodo_D485,None,predictions/C2_metric_aligned/C2_LODO__CellFlow__C2_lodo_D485.npz,3db1e653e60c925766a840411718fdf08585a6af13f94b1779466d429b54df52
T3,AttentionPert,AttentionPert,method,chen,C3_true_lo_gene_10,chen,predictions/C3/C3_LO_gene__AttentionPert__C3_true_lo_gene_10__chen.npz,fbb42e83a40a0e9f908eaaf9b80f2416a83aef87bc9d30dbf1a97425149d30c6
T3,AttentionPert,AttentionPert,method,mccutcheon_CRISPRa,C3_true_lo_gene_10,mccutcheon_CRISPRa,predictions/C3/C3_LO_gene__AttentionPert__C3_true_lo_gene_10__mccutcheon_CRISPRa.npz,772fb8a66b6247d171b1df90f39d41eeb6d034332e44cb955595f049b6f4f44d
T3,AttentionPert,AttentionPert,method,mccutcheon_CRISPRi,C3_true_lo_gene_10,mccutcheon_CRISPRi,predictions/C3/C3_LO_gene__AttentionPert__C3_true_lo_gene_10__mccutcheon_CRISPRi.npz,5bf112b7181f7c6e2f20ab8d5705fe0623e83a0db447eb0665b02313df0a27c1
T3,AttentionPert,AttentionPert,method,schmidt,C3_true_lo_gene_10,schmidt,predictions/C3/C3_LO_gene__AttentionPert__C3_true_lo_gene_10__schmidt.npz,fd89905ea7573c18056997975a23a235ec3f736503d63db2d96efa02c4d7e643
T3,AttentionPert,AttentionPert,method,shifrut,C3_true_lo_gene_10,shifrut,predictions/C3/C3_LO_gene__AttentionPert__C3_true_lo_gene_10__shifrut.npz,2f6fcd8a41757d15d8b350b357778112da93280c90334d493129d64c747f0a01
T3,CINEMA-OT,CINEMA-OT,method,chen,C3_true_lo_gene_10,chen,predictions/C3/C3_LO_gene__CINEMA-OT__C3_true_lo_gene_10__chen.npz,90dcb2cc37c3b7c95351d0e376d356e96e82e80279ef2da8637c88b78d05d144
T3,CINEMA-OT,CINEMA-OT,method,mccutcheon_CRISPRa,C3_true_lo_gene_10,mccutcheon_CRISPRa,predictions/C3/C3_LO_gene__CINEMA-OT__C3_true_lo_gene_10__mccutcheon_CRISPRa.npz,fb10755a42f56f68055edc7eb06630ad71dce421879df1a141184eec4595d686
T3,CINEMA-OT,CINEMA-OT,method,mccutcheon_CRISPRi,C3_true_lo_gene_10,mccutcheon_CRISPRi,predictions/C3/C3_LO_gene__CINEMA-OT__C3_true_lo_gene_10__mccutcheon_CRISPRi.npz,ba835ea3ba18155ea041b04306f656ea0efb0be2e2b9e6a49f5f511bc5f5e5bc
T3,CINEMA-OT,CINEMA-OT,method,schmidt,C3_true_lo_gene_10,schmidt,predictions/C3/C3_LO_gene__CINEMA-OT__C3_true_lo_gene_10__schmidt.npz,a9357f189ba229e0bc7b24136c31d6c3b14161afe7ac35762f4aef5ed5862f33
T3,CINEMA-OT,CINEMA-OT,method,shifrut,C3_true_lo_gene_10,shifrut,predictions/C3/C3_LO_gene__CINEMA-OT__C3_true_lo_gene_10__shifrut.npz,d9076290ebb730bd064a40232f19fc7549f4e2e45c7df28d21c92d445a30765b
T3,GEARS,GEARS,method,chen,C3_true_lo_gene_10,chen,predictions/C3/C3_LO_gene__GEARS__C3_true_lo_gene_10__chen.npz,2a1463f105d6c1ac31ab92dc4c169e17ecc9bd0d0260761a8b0c776d0a7e5f2b
T3,GEARS,GEARS,method,mccutcheon_CRISPRa,C3_true_lo_gene_10,mccutcheon_CRISPRa,predictions/C3/C3_LO_gene__GEARS__C3_true_lo_gene_10__mccutcheon_CRISPRa.npz,05a7cbaa35c7fd0570d913f16aa246452bd0cfe55560884ade9d43c8fa2becca
T3,GEARS,GEARS,method,mccutcheon_CRISPRi,C3_true_lo_gene_10,mccutcheon_CRISPRi,predictions/C3/C3_LO_gene__GEARS__C3_true_lo_gene_10__mccutcheon_CRISPRi.npz,cf6e318215c32a1ae2743beff178d3a9d4bb85c3f2832eee55455d28ba59dc49
T3,GEARS,GEARS,method,schmidt,C3_true_lo_gene_10,schmidt,predictions/C3/C3_LO_gene__GEARS__C3_true_lo_gene_10__schmidt.npz,46126fbac8c06bad92881bd649511c1dc92d4d9d6c9fb9033720ea3784fdb495
T3,GEARS,GEARS,method,shifrut,C3_true_lo_gene_10,shifrut,predictions/C3/C3_LO_gene__GEARS__C3_true_lo_gene_10__shifrut.npz,69eecd529047404cd018c13b3cebeaf0c3ff99643912a374b030c64d797b878d
T3,cell-mean,cell-mean,floor,chen,C3_true_lo_gene_10,chen,predictions/C3/C3_LO_gene__cell-mean__C3_true_lo_gene_10__chen.npz,84e07c43666e7cf48c1358d177547ce800b088390c30ba213202128124d0494c
T3,cell-mean,cell-mean,floor,mccutcheon_CRISPRa,C3_true_lo_gene_10,mccutcheon_CRISPRa,predictions/C3/C3_LO_gene__cell-mean__C3_true_lo_gene_10__mccutcheon_CRISPRa.npz,702aaf2cedf9ff74886f3ea3cfca745520166ebe6e8fea2b0a03074eb34f5af9
T3,cell-mean,cell-mean,floor,mccutcheon_CRISPRi,C3_true_lo_gene_10,mccutcheon_CRISPRi,predictions/C3/C3_LO_gene__cell-mean__C3_true_lo_gene_10__mccutcheon_CRISPRi.npz,ef94ae4e7bf21fd89f5d4aa55720a829f6a87c48a41cc396a4c5c8ded2b484ae
T3,cell-mean,cell-mean,floor,schmidt,C3_true_lo_gene_10,schmidt,predictions/C3/C3_LO_gene__cell-mean__C3_true_lo_gene_10__schmidt.npz,463a2154d4f8beb1f50fbc827e17c71c9cc7353d5f2159272c588e8ee8f258fd
T3,cell-mean,cell-mean,floor,shifrut,C3_true_lo_gene_10,shifrut,predictions/C3/C3_LO_gene__cell-mean__C3_true_lo_gene_10__shifrut.npz,a4a1ba200f4663868c5942e65a50af411394e8a4dbfb134f29dbb56dee27e196
T3,linear-PCA,linear-PCA,floor,chen,C3_true_lo_gene_10,chen,predictions/C3/C3_LO_gene__linear-PCA__C3_true_lo_gene_10__chen.npz,6a0d6245217af0ddcd89051d1ca04b99f0494dbdd8a12d2bacbd8921a11d0024
T3,linear-PCA,linear-PCA,floor,mccutcheon_CRISPRa,C3_true_lo_gene_10,mccutcheon_CRISPRa,predictions/C3/C3_LO_gene__linear-PCA__C3_true_lo_gene_10__mccutcheon_CRISPRa.npz,a1c9ffcccf5a975e2207b2ff4d655d7973de50e4fc55d752cc684925b44def95
T3,linear-PCA,linear-PCA,floor,mccutcheon_CRISPRi,C3_true_lo_gene_10,mccutcheon_CRISPRi,predictions/C3/C3_LO_gene__linear-PCA__C3_true_lo_gene_10__mccutcheon_CRISPRi.npz,c3386eefba89fa3005fd979606d8ea3e3077ce2f4be3d63292e4aeffb7c5975b
T3,linear-PCA,linear-PCA,floor,schmidt,C3_true_lo_gene_10,schmidt,predictions/C3/C3_LO_gene__linear-PCA__C3_true_lo_gene_10__schmidt.npz,9595126f4370a3f7b809ce2ec63317911810fe5e78120406fd51d6b55e1b1ee2
T3,linear-PCA,linear-PCA,floor,shifrut,C3_true_lo_gene_10,shifrut,predictions/C3/C3_LO_gene__linear-PCA__C3_true_lo_gene_10__shifrut.npz,72beda45336fb7583c240294ab2c37d5029cb9ade7dcef9b99232b20fd94559c
T3,scGPT,scGPT,method,chen,C3_true_lo_gene_10,chen,predictions/C3/C3_LO_gene__scGPT__C3_true_lo_gene_10__chen.npz,5e18b93c4a96db03dbab1463a4d05a3589d8d41a14d824ed1ce486610d7e6a08
T3,scGPT,scGPT,method,mccutcheon_CRISPRa,C3_true_lo_gene_10,mccutcheon_CRISPRa,predictions/C3/C3_LO_gene__scGPT__C3_true_lo_gene_10__mccutcheon_CRISPRa.npz,d870919deafaa2b2b9cd65a55ae5b99e166ab9aabc663cd384730955bfef1cb4
T3,scGPT,scGPT,method,mccutcheon_CRISPRi,C3_true_lo_gene_10,mccutcheon_CRISPRi,predictions/C3/C3_LO_gene__scGPT__C3_true_lo_gene_10__mccutcheon_CRISPRi.npz,9198970a52eeb57c80b203c2275f1896180cb5b8a36df0276b24d464c009d2f7
T3,scGPT,scGPT,method,schmidt,C3_true_lo_gene_10,schmidt,predictions/C3/C3_LO_gene__scGPT__C3_true_lo_gene_10__schmidt.npz,71510a0d434ef8a3d088de8f821801b5043b94a459709f681ebee450d56067e0
T3,scGPT,scGPT,method,shifrut,C3_true_lo_gene_10,shifrut,predictions/C3/C3_LO_gene__scGPT__C3_true_lo_gene_10__shifrut.npz,81ca48c8beb30cdab8fd8b5e4ae1dac5d697e5c97302fa19e3f38f9d0c72a483
T3,Biolord,Biolord,method,chen,C3_true_lo_gene_10,chen,predictions/C3_LO_gene__Biolord__C3_true_lo_gene_10__chen.npz,dd5cc4f5ac8fcba43da8eddcfd09cb82ff36389db53b9b11f77ded92e317ca47
T3,Biolord,Biolord,method,mccutcheon_CRISPRa,C3_true_lo_gene_10,mccutcheon_CRISPRa,predictions/C3_LO_gene__Biolord__C3_true_lo_gene_10__mccutcheon_CRISPRa.npz,1ff726eb6829e0f3e86a2cd4a081c73b71f82db1261c9155cedab742c25e9593
T3,Biolord,Biolord,method,mccutcheon_CRISPRi,C3_true_lo_gene_10,mccutcheon_CRISPRi,predictions/C3_LO_gene__Biolord__C3_true_lo_gene_10__mccutcheon_CRISPRi.npz,1edfeed1c73343e219b989da1cb601cbd7f65f0300a9b8f0ea388bacf269131d
T3,Biolord,Biolord,method,schmidt,C3_true_lo_gene_10,schmidt,predictions/C3_LO_gene__Biolord__C3_true_lo_gene_10__schmidt.npz,2025393440234491147ae8ed1f2df0063f33a42bd2cdeb22e7fe21aa1dee3d5e
T3,Biolord,Biolord,method,shifrut,C3_true_lo_gene_10,shifrut,predictions/C3_LO_gene__Biolord__C3_true_lo_gene_10__shifrut.npz,57d3b4849ff70be35df5aa9fa96f9bf277cf4d8ce72e67e99a26f2adbd292de3
T3,CellFlow,CellFlow,method,chen,C3_true_lo_gene_10,chen,predictions/C3_LO_gene__CellFlow__C3_true_lo_gene_10__chen.npz,2bb67a827817085cb51feab8d55871bb83546be90f94f64b694b34c6ea478cd6
T3,CellFlow,CellFlow,method,mccutcheon_CRISPRa,C3_true_lo_gene_10,mccutcheon_CRISPRa,predictions/C3_LO_gene__CellFlow__C3_true_lo_gene_10__mccutcheon_CRISPRa.npz,0081901421546a5c8c21118cf53ef601372a3989833c7d82c724558ddd882a54
T3,CellFlow,CellFlow,method,mccutcheon_CRISPRi,C3_true_lo_gene_10,mccutcheon_CRISPRi,predictions/C3_LO_gene__CellFlow__C3_true_lo_gene_10__mccutcheon_CRISPRi.npz,3d2bb10941ab266622ff3ca9fc565a709b631dd6a81dcd4a085fddd40569454d
T3,CellFlow,CellFlow,method,schmidt,C3_true_lo_gene_10,schmidt,predictions/C3_LO_gene__CellFlow__C3_true_lo_gene_10__schmidt.npz,6c96e0a18ef525524edfecc9af4d599da23159c42355218873a6e01e9d44f66d
T3,CellFlow,CellFlow,method,shifrut,C3_true_lo_gene_10,shifrut,predictions/C3_LO_gene__CellFlow__C3_true_lo_gene_10__shifrut.npz,600bd53e4633593870fc38aae639b3d8715b3bf6ddaf1e1e5fe49a24601ff41e
T3,PerturbNet,PerturbNet,method,chen,C3_true_lo_gene_10,chen,predictions/C3_LO_gene__PerturbNet__C3_true_lo_gene_10__chen.npz,4257ba2c664ee93bf37b4cec080fe201080d0b455a5716decb072d839aab610d
T3,PerturbNet,PerturbNet,method,mccutcheon_CRISPRa,C3_true_lo_gene_10,mccutcheon_CRISPRa,predictions/C3_LO_gene__PerturbNet__C3_true_lo_gene_10__mccutcheon_CRISPRa.npz,dcfe4e4ced4a34b8feab90062c9bdd14ed3dbb028012da7ebac08f66b4212ab7
T3,PerturbNet,PerturbNet,method,mccutcheon_CRISPRi,C3_true_lo_gene_10,mccutcheon_CRISPRi,predictions/C3_LO_gene__PerturbNet__C3_true_lo_gene_10__mccutcheon_CRISPRi.npz,edd750a2db24fdfb5f6d095582298098e0e45851b05e230393b00a443137043b
T3,PerturbNet,PerturbNet,method,schmidt,C3_true_lo_gene_10,schmidt,predictions/C3_LO_gene__PerturbNet__C3_true_lo_gene_10__schmidt.npz,51e0a528e2aa8d7b412f002182e8cf8b9b395cf821fcb86c4a2b0b62f24708e9
T3,PerturbNet,PerturbNet,method,shifrut,C3_true_lo_gene_10,shifrut,predictions/C3_LO_gene__PerturbNet__C3_true_lo_gene_10__shifrut.npz,58c199d99a447fa2522b2bd6bc5d7bdee8a53a5fafa612034c654894c3a067e2
T4,AttentionPert,AttentionPert,method,C4_modality_lo_ko_25,C4_modality_lo_ko_25,None,predictions/C4/C4_Axis2__AttentionPert__C4_modality_lo_ko_25.npz,6dc63a27828af645f359df2944ea5a2e8b35e635ac24c6e63bfcdf1860bde62f
T4,AttentionPert,AttentionPert,method,C4_modality_lo_ko_50,C4_modality_lo_ko_50,None,predictions/C4/C4_Axis2__AttentionPert__C4_modality_lo_ko_50.npz,066d88ef9fed3b95a15eb081b0c4adb0d3c3effa0b959486f93cc6db3b360782
T4,GEARS,GEARS,method,C4_modality_lo_ko_25,C4_modality_lo_ko_25,None,predictions/C4/C4_Axis2__GEARS__C4_modality_lo_ko_25.npz,a4de60d04108b50a5ddacebd843932b075e5336ece57c83dd945ad98a42bcb10
T4,GEARS,GEARS,method,C4_modality_lo_ko_50,C4_modality_lo_ko_50,None,predictions/C4/C4_Axis2__GEARS__C4_modality_lo_ko_50.npz,2b616dffdd27da9845e6471b4d3c08d3af1de6541fefdc5547e1c062820a3198
T4,cell-mean,cell-mean,floor,C4_modality_lo_ko_25,C4_modality_lo_ko_25,None,predictions/C4/C4_Axis2__cell-mean__C4_modality_lo_ko_25.npz,1af67cbe93a7613b7168e7cdb99b53fd7cb33f2ad6849ef88489ca9e7a9abb5a
T4,cell-mean,cell-mean,floor,C4_modality_lo_ko_50,C4_modality_lo_ko_50,None,predictions/C4/C4_Axis2__cell-mean__C4_modality_lo_ko_50.npz,0a3cf3627979e22794fb8fca2fc1fad6b3cbdd56ce51048296ddb2736d2c47b6
T4,linear-PCA,linear-PCA,floor,C4_modality_lo_ko_25,C4_modality_lo_ko_25,None,predictions/C4/C4_Axis2__linear-PCA__C4_modality_lo_ko_25.npz,b6b2ef96d451b512d8c26b6a406c21d1c659247a539f407179b5422a54e4c4b3
T4,linear-PCA,linear-PCA,floor,C4_modality_lo_ko_50,C4_modality_lo_ko_50,None,predictions/C4/C4_Axis2__linear-PCA__C4_modality_lo_ko_50.npz,6639d50b699e98024115484eaae3814c5a527298b1fba684d7bb4c5ac7b68b10
T4,linear-shift-KOemb,linear-shift-KOemb,method,C4_modality_lo_ko_25,C4_modality_lo_ko_25,None,predictions/C4/C4_Axis2__linear-shift-KOemb__C4_modality_lo_ko_25.npz,b2393ae6a5f712392035da90fe961af978aed710afbe1fafcca868801444cdc6
T4,linear-shift-KOemb,linear-shift-KOemb,method,C4_modality_lo_ko_50,C4_modality_lo_ko_50,None,predictions/C4/C4_Axis2__linear-shift-KOemb__C4_modality_lo_ko_50.npz,a10ee36a96e7a45d841220dca1b94c43bca0ae93a2b9f66f6f9ce8408f40e0cf
T4,scGPT,scGPT,method,C4_modality_lo_ko_25,C4_modality_lo_ko_25,None,predictions/C4/C4_Axis2__scGPT__C4_modality_lo_ko_25.npz,f93b7351e3018ffd28cf689ac29432302a96f7e5514014eb84c4444c8d07c532
T4,scGPT,scGPT,method,C4_modality_lo_ko_50,C4_modality_lo_ko_50,None,predictions/C4/C4_Axis2__scGPT__C4_modality_lo_ko_50.npz,583f6ef7697502051aa521e6353483c8998108236286944a38f28fae8a4bc2fc
T4,Biolord,Biolord,method,C4_modality_lo_ko_25,C4_modality_lo_ko_25,None,predictions/C4_Axis2__Biolord__C4_modality_lo_ko_25.npz,e36137007d3adcce2f588b8151d3391b5e2ef3b83822a1586e803cf9e7d50a92
T4,Biolord,Biolord,method,C4_modality_lo_ko_50,C4_modality_lo_ko_50,None,predictions/C4_Axis2__Biolord__C4_modality_lo_ko_50.npz,9532ee709549263a1242f0b804e8a81e90e1caa755b56580662ed9ba33f4f22a
T4,CellFlow,CellFlow,method,C4_modality_lo_ko_25,C4_modality_lo_ko_25,None,predictions/C4_Axis2__CellFlow__C4_modality_lo_ko_25.npz,753f1b1c94520ea8fe49897ba422623800a30a3e5098911c994b2ab9752fdba0
T4,CellFlow,CellFlow,method,C4_modality_lo_ko_50,C4_modality_lo_ko_50,None,predictions/C4_Axis2__CellFlow__C4_modality_lo_ko_50.npz,2d64419433446b513064b1dac90ccf63690384b5d746523667d68a5bb9ab43f7
T4,PerturbNet,PerturbNet,method,C4_modality_lo_ko_25,C4_modality_lo_ko_25,None,predictions/C4_Axis2__PerturbNet__C4_modality_lo_ko_25.npz,20d4077633d2b51afe779ab4b032961ba7d69d32fa10b692d1634e9b7868a9ab
T4,PerturbNet,PerturbNet,method,C4_modality_lo_ko_50,C4_modality_lo_ko_50,None,predictions/C4_Axis2__PerturbNet__C4_modality_lo_ko_50.npz,53f15ceacb5d9f7f95b02b864aa6e788e821117695c3e148c27f0c0ddb09ff04
T5u,CPA,chemCPA,method,C5_global_compound_holdout,C5_global_compound_holdout,,predictions/C5/C5__chemCPA__C5_global_compound_holdout.npz,45d5af4297800cdab8482cc173c242558c85b3684df25df6f930ca541df95d15
T5u,CINEMA-OT,CINEMA-OT,method,C5_global_compound_holdout,C5_global_compound_holdout,,predictions/C5/C5_unseen_cpd__CINEMA-OT__C5_global_compound_holdout.npz,ac6eba0d1582f26a2df7059da6854fb0ba8e2d0b12d88596b9eeb890b1a5cfe5
T5u,FP-ridge,FP-ridge,method,C5_global_compound_holdout,C5_global_compound_holdout,,predictions/C5/C5_unseen_cpd__FP-ridge__C5_global_compound_holdout.npz,61040969c260500fd5c0be93b95300bd910f562c376b267f0ca08ed658854b6d
T5u,cell-mean,cell-mean,floor,C5_global_compound_holdout,C5_global_compound_holdout,,predictions/C5/C5_unseen_cpd__cell-mean__C5_global_compound_holdout.npz,0f33f3611cdcae03ef9eb27c29898056686a7923fe48415ea8cdb4357a8c6445
T5u,linear-PCA,linear-PCA,floor,C5_global_compound_holdout,C5_global_compound_holdout,,predictions/C5/C5_unseen_cpd__linear-PCA__C5_global_compound_holdout.npz,27d6cf3fd822ee9b7946c1134cd7780d176ec432557247876446c166979dce96
T5u,Biolord,Biolord,method,C5_global_compound_holdout,C5_global_compound_holdout,None,predictions/C5_unseen_cpd__Biolord__C5_global_compound_holdout.npz,83f527b96b75897af3d94dae377291f961ca2dd3a40979e9db23aa8991ffed70
T5u,CellFlow,CellFlow,method,C5_global_compound_holdout,C5_global_compound_holdout,None,predictions/C5_unseen_cpd__CellFlow__C5_global_compound_holdout.npz,c68a064eec13c5545a01eb9a3c4dd5008943149f6b817649ff05fe494cce9e68
T5u,PRnet,PRnet,method,C5_global_compound_holdout,C5_global_compound_holdout,None,predictions/C5_unseen_cpd__PRnet__C5_global_compound_holdout.npz,bb8b8ec6ac98d72bcdaa7bb65a744ad75483e7f51aacfbcdc47e900939e7bd22
T5u,PerturbNet,PerturbNet,method,C5_global_compound_holdout,C5_global_compound_holdout,None,predictions/C5_unseen_cpd__PerturbNet__C5_global_compound_holdout.npz,5cf5e4ca413a6821f1b7af8cebd4d67bcdf9953a41014a51a310de15659c8307
T5c,CINEMA-OT,CINEMA-OT,method,B,C5_loct_B,,predictions/C5/C1_LOCT__CINEMA-OT__C5_loct_B.npz,b67dbcd1591a1d2d60e3d8d5719241ca4f65f8c44e9cbee13d7c27c4a32a99b2
T5c,CINEMA-OT,CINEMA-OT,method,Mono,C5_loct_Mono,,predictions/C5/C1_LOCT__CINEMA-OT__C5_loct_Mono.npz,8f52710c143febffd871e8aa94180fc7205559fbf35e2e03897ada1fabc8252e
T5c,CINEMA-OT,CINEMA-OT,method,NK,C5_loct_NK,,predictions/C5/C1_LOCT__CINEMA-OT__C5_loct_NK.npz,f1248e77b6409b75ec1db858ba24640b4d614863e4df36bed062c8fe54d78a86
T5c,CINEMA-OT,CINEMA-OT,method,T_cells,C5_loct_T_cells,,predictions/C5/C1_LOCT__CINEMA-OT__C5_loct_T_cells.npz,e72c9ef5f00820d25ad3b04d925bd975ba46b5389cff7ac7b2d882773ae42f9d
T5c,FP-ridge,FP-ridge,method,B,C5_loct_B,,predictions/C5/C1_LOCT__FP-ridge__C5_loct_B.npz,35a2c45772adf7d7e881d11e197fef6dd4fe16cf5a694666f42061c0d0256ebf
T5c,FP-ridge,FP-ridge,method,Mono,C5_loct_Mono,,predictions/C5/C1_LOCT__FP-ridge__C5_loct_Mono.npz,63221d2f790aee3f3a1ee27b7fe67cbbfc8a1084af01a3d9063495b11aeb8abe
T5c,FP-ridge,FP-ridge,method,NK,C5_loct_NK,,predictions/C5/C1_LOCT__FP-ridge__C5_loct_NK.npz,b95dfdb4dfc3527bb3074407d88b8a915c6f85a143304b1cfbf8ff54bacdf790
T5c,FP-ridge,FP-ridge,method,T_cells,C5_loct_T_cells,,predictions/C5/C1_LOCT__FP-ridge__C5_loct_T_cells.npz,e6977b7f9d9dab3b03490d64b1a20ff5f54a7303523cb289de6c14c060be043a
T5c,cell-mean,cell-mean,floor,B,C5_loct_B,,predictions/C5/C1_LOCT__cell-mean__C5_loct_B.npz,05ed4d198c5a1856d35473f8a7af90ebe90d3362d45c1709d2c3cd37bc6f5a18
T5c,cell-mean,cell-mean,floor,Mono,C5_loct_Mono,,predictions/C5/C1_LOCT__cell-mean__C5_loct_Mono.npz,1362e429ed22f8a116b4ca36284ea199869a00d3f79b436e7873f01a22d31190
T5c,cell-mean,cell-mean,floor,NK,C5_loct_NK,,predictions/C5/C1_LOCT__cell-mean__C5_loct_NK.npz,2148618cbb8c2f67208f2b8fa277378aa409458479325c26da6dc020dbac0c12
T5c,cell-mean,cell-mean,floor,T_cells,C5_loct_T_cells,,predictions/C5/C1_LOCT__cell-mean__C5_loct_T_cells.npz,c9012c190f39abd7522b7908ec9bb96c8ff7929cd710f19db63a625bde481e58
T5c,linear-PCA,linear-PCA,floor,B,C5_loct_B,,predictions/C5/C1_LOCT__linear-PCA__C5_loct_B.npz,2a62cad9df3c1ddf021546451b9e05935718935a02c3856737916f8066ba394b
T5c,linear-PCA,linear-PCA,floor,Mono,C5_loct_Mono,,predictions/C5/C1_LOCT__linear-PCA__C5_loct_Mono.npz,89ea41488273bf07dc6aca29fa1802bc173a2ee3e37e38597134f7bf3022b23f
T5c,linear-PCA,linear-PCA,floor,NK,C5_loct_NK,,predictions/C5/C1_LOCT__linear-PCA__C5_loct_NK.npz,9f1dde29d563fb34ba5f813353c329527aca84b68028664ae00a79b8a105b9ac
T5c,linear-PCA,linear-PCA,floor,T_cells,C5_loct_T_cells,,predictions/C5/C1_LOCT__linear-PCA__C5_loct_T_cells.npz,2fe47da4328a5f359e7f038e146494808f3cab1bb84771ad4ef39650fa09702d
T5c,scFoundation,scFoundation,method,B,C5_loct_B,None,predictions/C5/C1_LOCT__scFoundation__C5_loct_B.npz,615f156d8a6eef84224831ef6ce7dfff9e97642a58889b84a4a9c49fc9ff31de
T5c,scFoundation,scFoundation,method,Mono,C5_loct_Mono,None,predictions/C5/C1_LOCT__scFoundation__C5_loct_Mono.npz,e8f1be5fc5fffb1d3465d2adf5bf85c335b529e7166a2d97c33e9d980d27268a
T5c,scFoundation,scFoundation,method,NK,C5_loct_NK,None,predictions/C5/C1_LOCT__scFoundation__C5_loct_NK.npz,44abea629c67d00fee4637da4c87019be0eab2f55b8704d90b813dab3a1ee975
T5c,scFoundation,scFoundation,method,T_cells,C5_loct_T_cells,None,predictions/C5/C1_LOCT__scFoundation__C5_loct_T_cells.npz,2a060011a2c6bc0fe38a44656192004d9d7948e94f125138a00a3f8670ba791c
T5c,scGPT,scGPT,method,B,C5_loct_B,None,predictions/C5/C1_LOCT__scGPT__C5_loct_B.npz,3cf69d6c2ba36b998248f75223966a11e70365da59ab4c47c77d08c74f544034
T5c,scGPT,scGPT,method,Mono,C5_loct_Mono,None,predictions/C5/C1_LOCT__scGPT__C5_loct_Mono.npz,4d0fd006772017eefbc5564f4408fa814333ff13c931f83ec156d3410671a564
T5c,scGPT,scGPT,method,NK,C5_loct_NK,None,predictions/C5/C1_LOCT__scGPT__C5_loct_NK.npz,8f44952a18db788ba884585ab3e1936e88eb497b6f9a59e02fe42353feb732f0
T5c,scGPT,scGPT,method,T_cells,C5_loct_T_cells,None,predictions/C5/C1_LOCT__scGPT__C5_loct_T_cells.npz,222242cfae7fed577dcc46b1c37dcd32f4f4d007d86aba0247a5b66fc8c39fd7
T5c,Biolord,Biolord,method,B,C5_loct_B,None,predictions/C5_LOCT__Biolord__C5_loct_B.npz,65864dcec224ec3b70a4626a4a42331b11e71ed3744d065e05a152578919fb8d
T5c,Biolord,Biolord,method,Mono,C5_loct_Mono,None,predictions/C5_LOCT__Biolord__C5_loct_Mono.npz,31acb5233c083e8a379dae70af4c767662fbcef38a748a978e14cdd87836d679
T5c,Biolord,Biolord,method,NK,C5_loct_NK,None,predictions/C5_LOCT__Biolord__C5_loct_NK.npz,f68ac5702f29cd311a1eea50502ac106808b516eeb084058f48cecbf7bda50aa
T5c,Biolord,Biolord,method,T_cells,C5_loct_T_cells,None,predictions/C5_LOCT__Biolord__C5_loct_T_cells.npz,265275a6f050e6210c9eae5851616f317625bc2835cf48382ea1d6973f143af8
T5c,CellFlow,CellFlow,method,B,C5_loct_B,None,predictions/C5_LOCT__CellFlow__C5_loct_B.npz,714246ca3ff638fa423039add22eb06bc9db96da6f036a8506891295fcdf1f63
T5c,CellFlow,CellFlow,method,Mono,C5_loct_Mono,None,predictions/C5_LOCT__CellFlow__C5_loct_Mono.npz,c69d6178929f76d518364e3c07f61de7ad8a48e1c748d8113858d44d2db3bd76
T5c,CellFlow,CellFlow,method,NK,C5_loct_NK,None,predictions/C5_LOCT__CellFlow__C5_loct_NK.npz,a0654e2ed439336029a8fd70ead0f37978cd7567f6d2d872869cd0cc0ceec27f
T5c,CellFlow,CellFlow,method,T_cells,C5_loct_T_cells,None,predictions/C5_LOCT__CellFlow__C5_loct_T_cells.npz,e2fa117c6c8793ceec32a329c7ee86bfc9dc4f08862cbb7e779aa1da92704aee
T5c,CellOT,CellOT,method,B,C5_loct_B,None,predictions/C5_LOCT__CellOT__C5_loct_B.npz,548d3eb9b67eaab1738fd27cd8cc0442f12b207db85bf991deb8cf9d2638d6c3
T5c,CellOT,CellOT,method,Mono,C5_loct_Mono,None,predictions/C5_LOCT__CellOT__C5_loct_Mono.npz,1ce35bf7e9bb1593e6799d9bf62324babc3a886e2e27e803ad597374f3545cb9
T5c,CellOT,CellOT,method,NK,C5_loct_NK,None,predictions/C5_LOCT__CellOT__C5_loct_NK.npz,a9889ab8125689021c703b8e422a1e2a87b41ca1ca3d31f61d7e3f0b017a361d
T5c,CellOT,CellOT,method,T_cells,C5_loct_T_cells,None,predictions/C5_LOCT__CellOT__C5_loct_T_cells.npz,ab0d33a59742b7e5d893d039eaa93c1a03c7dacd8b20c5397c8b3ac0be4e2313
T5c,PRnet,PRnet,method,B,C5_loct_B,None,predictions/C5_LOCT__PRnet__C5_loct_B.npz,48f9425790a4e4c8acc00799937301dd2c03d332d83e32054a597d58960a8ed8
T5c,PRnet,PRnet,method,Mono,C5_loct_Mono,None,predictions/C5_LOCT__PRnet__C5_loct_Mono.npz,afe22338a56cd3a103af85ebfbfdcfc94cddd2aa4636fc5abdd2f01daeabdcee
T5c,PRnet,PRnet,method,NK,C5_loct_NK,None,predictions/C5_LOCT__PRnet__C5_loct_NK.npz,2bd8bfefe855332d6dc7f5a4e6b94ce24014ada46ac3d81bcba3614842d75819
T5c,PRnet,PRnet,method,T_cells,C5_loct_T_cells,None,predictions/C5_LOCT__PRnet__C5_loct_T_cells.npz,fd1dd0951008c17161900cba48e4d612f0653a06ee645f538873b81ab52d421d
T5c,scPRAM,scPRAM,method,B,C5_loct_B,None,predictions/C5_LOCT__scPRAM__C5_loct_B.npz,3fa58f5ed172c50af9a23ba7928dbfd56d9afb7c974ccdb9ed665e73e23620d2
T5c,scPRAM,scPRAM,method,Mono,C5_loct_Mono,None,predictions/C5_LOCT__scPRAM__C5_loct_Mono.npz,4935cabccfc5523eabd42f4e3bd7d9be8a277ed3fd638cc78ad2a652b05e4762
T5c,scPRAM,scPRAM,method,NK,C5_loct_NK,None,predictions/C5_LOCT__scPRAM__C5_loct_NK.npz,be6daf6da160ee3a300e8f6dbc0145c02402f0b335a6ac4ceac918bf899d6f53
T5c,scPRAM,scPRAM,method,T_cells,C5_loct_T_cells,None,predictions/C5_LOCT__scPRAM__C5_loct_T_cells.npz,a6e30af71179fb1a187fe19c6ceca9afcb3a98a574557f7c0e76332372a937ba
