task_key,task_id,cluster,task,split,unit_kind,unit,model,execution_model,status,pearson_delta,bundle_path
T1,T1,C1,cytokine/Kang,cell-context (LOCT),lineage,B,Biolord,Biolord,native,0.6641558050224813,predictions/C1/C1_LOCT__Biolord__C1_loct_B.npz
T1,T1,C1,cytokine/Kang,cell-context (LOCT),lineage,CD4T,Biolord,Biolord,native,0.6159887693807926,predictions/C1/C1_LOCT__Biolord__C1_loct_CD4T.npz
T1,T1,C1,cytokine/Kang,cell-context (LOCT),lineage,CD8T,Biolord,Biolord,native,0.636169586484372,predictions/C1/C1_LOCT__Biolord__C1_loct_CD8T.npz
T1,T1,C1,cytokine/Kang,cell-context (LOCT),lineage,DC,Biolord,Biolord,native,0.6924290032249788,predictions/C1/C1_LOCT__Biolord__C1_loct_DC.npz
T1,T1,C1,cytokine/Kang,cell-context (LOCT),lineage,Mk,Biolord,Biolord,native,0.5456627187159349,predictions/C1/C1_LOCT__Biolord__C1_loct_Mk.npz
T1,T1,C1,cytokine/Kang,cell-context (LOCT),lineage,Mono_CD14,Biolord,Biolord,native,0.454114955518326,predictions/C1/C1_LOCT__Biolord__C1_loct_Mono_CD14.npz
T1,T1,C1,cytokine/Kang,cell-context (LOCT),lineage,Mono_FCGR3A,Biolord,Biolord,native,0.49731176167160507,predictions/C1/C1_LOCT__Biolord__C1_loct_Mono_FCGR3A.npz
T1,T1,C1,cytokine/Kang,cell-context (LOCT),lineage,NK,Biolord,Biolord,native,0.5992120827990794,predictions/C1/C1_LOCT__Biolord__C1_loct_NK.npz
T1,T1,C1,cytokine/Kang,cell-context (LOCT),lineage,B,CellFlow,CellFlow,native,0.8261516048789135,predictions/C1_LOCT__CellFlow__C1_loct_B.npz
T1,T1,C1,cytokine/Kang,cell-context (LOCT),lineage,CD4T,CellFlow,CellFlow,native,0.8164834431195068,predictions/C1_LOCT__CellFlow__C1_loct_CD4T.npz
T1,T1,C1,cytokine/Kang,cell-context (LOCT),lineage,CD8T,CellFlow,CellFlow,native,0.7922935305430429,predictions/C1_LOCT__CellFlow__C1_loct_CD8T.npz
T1,T1,C1,cytokine/Kang,cell-context (LOCT),lineage,DC,CellFlow,CellFlow,native,0.8268722137294132,predictions/C1_LOCT__CellFlow__C1_loct_DC.npz
T1,T1,C1,cytokine/Kang,cell-context (LOCT),lineage,Mk,CellFlow,CellFlow,native,0.5564121775083384,predictions/C1_LOCT__CellFlow__C1_loct_Mk.npz
T1,T1,C1,cytokine/Kang,cell-context (LOCT),lineage,Mono_CD14,CellFlow,CellFlow,native,0.9251928453110407,predictions/C1_LOCT__CellFlow__C1_loct_Mono_CD14.npz
T1,T1,C1,cytokine/Kang,cell-context (LOCT),lineage,Mono_FCGR3A,CellFlow,CellFlow,native,0.8780820817883865,predictions/C1_LOCT__CellFlow__C1_loct_Mono_FCGR3A.npz
T1,T1,C1,cytokine/Kang,cell-context (LOCT),lineage,NK,CellFlow,CellFlow,native,0.7663032844366302,predictions/C1_LOCT__CellFlow__C1_loct_NK.npz
T1,T1,C1,cytokine/Kang,cell-context (LOCT),lineage,B,CellOT,CellOT,native,0.8124228150370959,predictions/C1/C1_LOCT__CellOT__C1_loct_B.npz
T1,T1,C1,cytokine/Kang,cell-context (LOCT),lineage,CD4T,CellOT,CellOT,native,0.8184384967692631,predictions/C1/C1_LOCT__CellOT__C1_loct_CD4T.npz
T1,T1,C1,cytokine/Kang,cell-context (LOCT),lineage,CD8T,CellOT,CellOT,native,0.7636043237442822,predictions/C1/C1_LOCT__CellOT__C1_loct_CD8T.npz
T1,T1,C1,cytokine/Kang,cell-context (LOCT),lineage,DC,CellOT,CellOT,native,0.7952035301282412,predictions/C1/C1_LOCT__CellOT__C1_loct_DC.npz
T1,T1,C1,cytokine/Kang,cell-context (LOCT),lineage,Mk,CellOT,CellOT,native,0.5561623964335212,predictions/C1/C1_LOCT__CellOT__C1_loct_Mk.npz
T1,T1,C1,cytokine/Kang,cell-context (LOCT),lineage,Mono_CD14,CellOT,CellOT,native,0.9130139182685304,predictions/C1/C1_LOCT__CellOT__C1_loct_Mono_CD14.npz
T1,T1,C1,cytokine/Kang,cell-context (LOCT),lineage,Mono_FCGR3A,CellOT,CellOT,native,0.8960799485187844,predictions/C1/C1_LOCT__CellOT__C1_loct_Mono_FCGR3A.npz
T1,T1,C1,cytokine/Kang,cell-context (LOCT),lineage,NK,CellOT,CellOT,native,0.7371009330093503,predictions/C1/C1_LOCT__CellOT__C1_loct_NK.npz
T1,T1,C1,cytokine/Kang,cell-context (LOCT),lineage,B,STATE,STATE,native,0.7144807937307667,predictions/C1_LOCT__STATE__C1_loct_B.npz
T1,T1,C1,cytokine/Kang,cell-context (LOCT),lineage,CD4T,STATE,STATE,native,0.7115658881722363,predictions/C1_LOCT__STATE__C1_loct_CD4T.npz
T1,T1,C1,cytokine/Kang,cell-context (LOCT),lineage,CD8T,STATE,STATE,native,0.7145274613538098,predictions/C1_LOCT__STATE__C1_loct_CD8T.npz
T1,T1,C1,cytokine/Kang,cell-context (LOCT),lineage,DC,STATE,STATE,native,0.7315875833564989,predictions/C1_LOCT__STATE__C1_loct_DC.npz
T1,T1,C1,cytokine/Kang,cell-context (LOCT),lineage,Mk,STATE,STATE,native,0.5452961501589864,predictions/C1_LOCT__STATE__C1_loct_Mk.npz
T1,T1,C1,cytokine/Kang,cell-context (LOCT),lineage,Mono_CD14,STATE,STATE,native,0.7761560166379591,predictions/C1_LOCT__STATE__C1_loct_Mono_CD14.npz
T1,T1,C1,cytokine/Kang,cell-context (LOCT),lineage,Mono_FCGR3A,STATE,STATE,native,0.8385515206384596,predictions/C1_LOCT__STATE__C1_loct_Mono_FCGR3A.npz
T1,T1,C1,cytokine/Kang,cell-context (LOCT),lineage,NK,STATE,STATE,native,0.6328037731955031,predictions/C1_LOCT__STATE__C1_loct_NK.npz
T1,T1,C1,cytokine/Kang,cell-context (LOCT),lineage,B,cell-mean,cell-mean,floor,0.6650275677326014,predictions/C1/C1_LOCT__cell-mean__C1_loct_B.npz
T1,T1,C1,cytokine/Kang,cell-context (LOCT),lineage,CD4T,cell-mean,cell-mean,floor,0.6202834193649843,predictions/C1/C1_LOCT__cell-mean__C1_loct_CD4T.npz
T1,T1,C1,cytokine/Kang,cell-context (LOCT),lineage,CD8T,cell-mean,cell-mean,floor,0.6186532631599475,predictions/C1/C1_LOCT__cell-mean__C1_loct_CD8T.npz
T1,T1,C1,cytokine/Kang,cell-context (LOCT),lineage,DC,cell-mean,cell-mean,floor,0.7118548818589516,predictions/C1/C1_LOCT__cell-mean__C1_loct_DC.npz
T1,T1,C1,cytokine/Kang,cell-context (LOCT),lineage,Mk,cell-mean,cell-mean,floor,0.5344624507409674,predictions/C1/C1_LOCT__cell-mean__C1_loct_Mk.npz
T1,T1,C1,cytokine/Kang,cell-context (LOCT),lineage,Mono_CD14,cell-mean,cell-mean,floor,0.45585314047845155,predictions/C1/C1_LOCT__cell-mean__C1_loct_Mono_CD14.npz
T1,T1,C1,cytokine/Kang,cell-context (LOCT),lineage,Mono_FCGR3A,cell-mean,cell-mean,floor,0.5287328292582771,predictions/C1/C1_LOCT__cell-mean__C1_loct_Mono_FCGR3A.npz
T1,T1,C1,cytokine/Kang,cell-context (LOCT),lineage,NK,cell-mean,cell-mean,floor,0.5815767202586147,predictions/C1/C1_LOCT__cell-mean__C1_loct_NK.npz
T1,T1,C1,cytokine/Kang,cell-context (LOCT),lineage,B,linear-PCA,linear-PCA,floor,0.8291792269869938,predictions/C1/C1_LOCT__linear-PCA__C1_loct_B.npz
T1,T1,C1,cytokine/Kang,cell-context (LOCT),lineage,CD4T,linear-PCA,linear-PCA,floor,0.7845206324085413,predictions/C1/C1_LOCT__linear-PCA__C1_loct_CD4T.npz
T1,T1,C1,cytokine/Kang,cell-context (LOCT),lineage,CD8T,linear-PCA,linear-PCA,floor,0.7210861090937519,predictions/C1/C1_LOCT__linear-PCA__C1_loct_CD8T.npz
T1,T1,C1,cytokine/Kang,cell-context (LOCT),lineage,DC,linear-PCA,linear-PCA,floor,0.8222806328625727,predictions/C1/C1_LOCT__linear-PCA__C1_loct_DC.npz
T1,T1,C1,cytokine/Kang,cell-context (LOCT),lineage,Mk,linear-PCA,linear-PCA,floor,0.6024060114728254,predictions/C1/C1_LOCT__linear-PCA__C1_loct_Mk.npz
T1,T1,C1,cytokine/Kang,cell-context (LOCT),lineage,Mono_CD14,linear-PCA,linear-PCA,floor,0.8190374166643148,predictions/C1/C1_LOCT__linear-PCA__C1_loct_Mono_CD14.npz
T1,T1,C1,cytokine/Kang,cell-context (LOCT),lineage,Mono_FCGR3A,linear-PCA,linear-PCA,floor,0.8812668727993672,predictions/C1/C1_LOCT__linear-PCA__C1_loct_Mono_FCGR3A.npz
T1,T1,C1,cytokine/Kang,cell-context (LOCT),lineage,NK,linear-PCA,linear-PCA,floor,0.7828952449007798,predictions/C1/C1_LOCT__linear-PCA__C1_loct_NK.npz
T1,T1,C1,cytokine/Kang,cell-context (LOCT),lineage,B,scFoundation,scFoundation,adapted,0.7484128542071047,predictions/C1/C1_LOCT__scFoundation__C1_loct_B.npz
T1,T1,C1,cytokine/Kang,cell-context (LOCT),lineage,CD4T,scFoundation,scFoundation,adapted,0.7288848259591714,predictions/C1/C1_LOCT__scFoundation__C1_loct_CD4T.npz
T1,T1,C1,cytokine/Kang,cell-context (LOCT),lineage,CD8T,scFoundation,scFoundation,adapted,0.6823029171787389,predictions/C1/C1_LOCT__scFoundation__C1_loct_CD8T.npz
T1,T1,C1,cytokine/Kang,cell-context (LOCT),lineage,DC,scFoundation,scFoundation,adapted,0.7049193215819002,predictions/C1/C1_LOCT__scFoundation__C1_loct_DC.npz
T1,T1,C1,cytokine/Kang,cell-context (LOCT),lineage,Mk,scFoundation,scFoundation,adapted,0.5185674708480232,predictions/C1/C1_LOCT__scFoundation__C1_loct_Mk.npz
T1,T1,C1,cytokine/Kang,cell-context (LOCT),lineage,Mono_CD14,scFoundation,scFoundation,adapted,0.6894692848934674,predictions/C1/C1_LOCT__scFoundation__C1_loct_Mono_CD14.npz
T1,T1,C1,cytokine/Kang,cell-context (LOCT),lineage,Mono_FCGR3A,scFoundation,scFoundation,adapted,0.6938521143158596,predictions/C1/C1_LOCT__scFoundation__C1_loct_Mono_FCGR3A.npz
T1,T1,C1,cytokine/Kang,cell-context (LOCT),lineage,NK,scFoundation,scFoundation,adapted,0.6522699234221156,predictions/C1/C1_LOCT__scFoundation__C1_loct_NK.npz
T1,T1,C1,cytokine/Kang,cell-context (LOCT),lineage,B,scGPT,scGPT,adapted,0.6684801460938256,predictions/C1/C1_LOCT__scGPT__C1_loct_B.npz
T1,T1,C1,cytokine/Kang,cell-context (LOCT),lineage,CD4T,scGPT,scGPT,adapted,0.6427802326979412,predictions/C1/C1_LOCT__scGPT__C1_loct_CD4T.npz
T1,T1,C1,cytokine/Kang,cell-context (LOCT),lineage,CD8T,scGPT,scGPT,adapted,0.6242031139958357,predictions/C1/C1_LOCT__scGPT__C1_loct_CD8T.npz
T1,T1,C1,cytokine/Kang,cell-context (LOCT),lineage,DC,scGPT,scGPT,adapted,0.6928488165414999,predictions/C1/C1_LOCT__scGPT__C1_loct_DC.npz
T1,T1,C1,cytokine/Kang,cell-context (LOCT),lineage,Mk,scGPT,scGPT,adapted,0.5370471171033582,predictions/C1/C1_LOCT__scGPT__C1_loct_Mk.npz
T1,T1,C1,cytokine/Kang,cell-context (LOCT),lineage,Mono_CD14,scGPT,scGPT,adapted,0.39862289529404404,predictions/C1/C1_LOCT__scGPT__C1_loct_Mono_CD14.npz
T1,T1,C1,cytokine/Kang,cell-context (LOCT),lineage,Mono_FCGR3A,scGPT,scGPT,adapted,0.5395507589249567,predictions/C1/C1_LOCT__scGPT__C1_loct_Mono_FCGR3A.npz
T1,T1,C1,cytokine/Kang,cell-context (LOCT),lineage,NK,scGPT,scGPT,adapted,0.5802803682894373,predictions/C1/C1_LOCT__scGPT__C1_loct_NK.npz
T1,T1,C1,cytokine/Kang,cell-context (LOCT),lineage,B,scGen,scGen,native,0.7673727669291079,predictions/C1/C1_LOCT__scGen__C1_loct_B.npz
T1,T1,C1,cytokine/Kang,cell-context (LOCT),lineage,CD4T,scGen,scGen,native,0.7768391810858634,predictions/C1/C1_LOCT__scGen__C1_loct_CD4T.npz
T1,T1,C1,cytokine/Kang,cell-context (LOCT),lineage,CD8T,scGen,scGen,native,0.7718121457088358,predictions/C1/C1_LOCT__scGen__C1_loct_CD8T.npz
T1,T1,C1,cytokine/Kang,cell-context (LOCT),lineage,DC,scGen,scGen,native,0.7315439158973903,predictions/C1/C1_LOCT__scGen__C1_loct_DC.npz
T1,T1,C1,cytokine/Kang,cell-context (LOCT),lineage,Mk,scGen,scGen,native,0.5441511095883287,predictions/C1/C1_LOCT__scGen__C1_loct_Mk.npz
T1,T1,C1,cytokine/Kang,cell-context (LOCT),lineage,Mono_CD14,scGen,scGen,native,0.8352235909361597,predictions/C1/C1_LOCT__scGen__C1_loct_Mono_CD14.npz
T1,T1,C1,cytokine/Kang,cell-context (LOCT),lineage,Mono_FCGR3A,scGen,scGen,native,0.8242887523176287,predictions/C1/C1_LOCT__scGen__C1_loct_Mono_FCGR3A.npz
T1,T1,C1,cytokine/Kang,cell-context (LOCT),lineage,NK,scGen,scGen,native,0.7460928878608168,predictions/C1/C1_LOCT__scGen__C1_loct_NK.npz
T1,T1,C1,cytokine/Kang,cell-context (LOCT),lineage,B,scPRAM,scPRAM,native,0.7979910290163349,predictions/C1_LOCT__scPRAM__C1_loct_B.npz
T1,T1,C1,cytokine/Kang,cell-context (LOCT),lineage,CD4T,scPRAM,scPRAM,native,0.7276954606255679,predictions/C1_LOCT__scPRAM__C1_loct_CD4T.npz
T1,T1,C1,cytokine/Kang,cell-context (LOCT),lineage,CD8T,scPRAM,scPRAM,native,0.6861394293055407,predictions/C1_LOCT__scPRAM__C1_loct_CD8T.npz
T1,T1,C1,cytokine/Kang,cell-context (LOCT),lineage,DC,scPRAM,scPRAM,native,0.8140936639316064,predictions/C1_LOCT__scPRAM__C1_loct_DC.npz
T1,T1,C1,cytokine/Kang,cell-context (LOCT),lineage,Mk,scPRAM,scPRAM,native,0.5366048115849325,predictions/C1_LOCT__scPRAM__C1_loct_Mk.npz
T1,T1,C1,cytokine/Kang,cell-context (LOCT),lineage,Mono_CD14,scPRAM,scPRAM,native,0.9022282321927961,predictions/C1_LOCT__scPRAM__C1_loct_Mono_CD14.npz
T1,T1,C1,cytokine/Kang,cell-context (LOCT),lineage,Mono_FCGR3A,scPRAM,scPRAM,native,0.8604969156951452,predictions/C1_LOCT__scPRAM__C1_loct_Mono_FCGR3A.npz
T1,T1,C1,cytokine/Kang,cell-context (LOCT),lineage,NK,scPRAM,scPRAM,native,0.680482902658389,predictions/C1_LOCT__scPRAM__C1_loct_NK.npz
T2,T2,C2,donor/Soskic,donor (LODO),donor,D348,Biolord,Biolord,native,0.059953942497886485,predictions/C2_metric_aligned/C2_LODO__Biolord__C2_lodo_D348.npz
T2,T2,C2,donor/Soskic,donor (LODO),donor,D349,Biolord,Biolord,native,0.06715203242603818,predictions/C2_metric_aligned/C2_LODO__Biolord__C2_lodo_D349.npz
T2,T2,C2,donor/Soskic,donor (LODO),donor,D350,Biolord,Biolord,native,0.0697740616937195,predictions/C2_metric_aligned/C2_LODO__Biolord__C2_lodo_D350.npz
T2,T2,C2,donor/Soskic,donor (LODO),donor,D351,Biolord,Biolord,native,0.03654301478203649,predictions/C2_metric_aligned/C2_LODO__Biolord__C2_lodo_D351.npz
T2,T2,C2,donor/Soskic,donor (LODO),donor,D352,Biolord,Biolord,native,0.08222501638277246,predictions/C2_metric_aligned/C2_LODO__Biolord__C2_lodo_D352.npz
T2,T2,C2,donor/Soskic,donor (LODO),donor,D353,Biolord,Biolord,native,0.12735954109866324,predictions/C2_metric_aligned/C2_LODO__Biolord__C2_lodo_D353.npz
T2,T2,C2,donor/Soskic,donor (LODO),donor,D354,Biolord,Biolord,native,0.1306474160360421,predictions/C2_metric_aligned/C2_LODO__Biolord__C2_lodo_D354.npz
T2,T2,C2,donor/Soskic,donor (LODO),donor,D355,Biolord,Biolord,native,0.18064072916202015,predictions/C2_metric_aligned/C2_LODO__Biolord__C2_lodo_D355.npz
T2,T2,C2,donor/Soskic,donor (LODO),donor,D356,Biolord,Biolord,native,0.08826010222523402,predictions/C2_metric_aligned/C2_LODO__Biolord__C2_lodo_D356.npz
T2,T2,C2,donor/Soskic,donor (LODO),donor,D357,Biolord,Biolord,native,0.08183825311918949,predictions/C2_metric_aligned/C2_LODO__Biolord__C2_lodo_D357.npz
T2,T2,C2,donor/Soskic,donor (LODO),donor,D358,Biolord,Biolord,native,0.08245003642267301,predictions/C2_metric_aligned/C2_LODO__Biolord__C2_lodo_D358.npz
T2,T2,C2,donor/Soskic,donor (LODO),donor,D359,Biolord,Biolord,native,0.08456237479779045,predictions/C2_metric_aligned/C2_LODO__Biolord__C2_lodo_D359.npz
T2,T2,C2,donor/Soskic,donor (LODO),donor,D363,Biolord,Biolord,native,0.09701323683885722,predictions/C2_metric_aligned/C2_LODO__Biolord__C2_lodo_D363.npz
T2,T2,C2,donor/Soskic,donor (LODO),donor,D364,Biolord,Biolord,native,0.1004745957856488,predictions/C2_metric_aligned/C2_LODO__Biolord__C2_lodo_D364.npz
T2,T2,C2,donor/Soskic,donor (LODO),donor,D365,Biolord,Biolord,native,0.1242459362076303,predictions/C2_metric_aligned/C2_LODO__Biolord__C2_lodo_D365.npz
T2,T2,C2,donor/Soskic,donor (LODO),donor,D366,Biolord,Biolord,native,-0.03731886524451031,predictions/C2_metric_aligned/C2_LODO__Biolord__C2_lodo_D366.npz
T2,T2,C2,donor/Soskic,donor (LODO),donor,D367,Biolord,Biolord,native,0.12809332279605637,predictions/C2_metric_aligned/C2_LODO__Biolord__C2_lodo_D367.npz
T2,T2,C2,donor/Soskic,donor (LODO),donor,D368,Biolord,Biolord,native,0.0588836102985925,predictions/C2_metric_aligned/C2_LODO__Biolord__C2_lodo_D368.npz
T2,T2,C2,donor/Soskic,donor (LODO),donor,D369,Biolord,Biolord,native,-0.034272463775252344,predictions/C2_metric_aligned/C2_LODO__Biolord__C2_lodo_D369.npz
T2,T2,C2,donor/Soskic,donor (LODO),donor,D370,Biolord,Biolord,native,0.06958414930156226,predictions/C2_metric_aligned/C2_LODO__Biolord__C2_lodo_D370.npz
T2,T2,C2,donor/Soskic,donor (LODO),donor,D371,Biolord,Biolord,native,0.07339680920087262,predictions/C2_metric_aligned/C2_LODO__Biolord__C2_lodo_D371.npz
T2,T2,C2,donor/Soskic,donor (LODO),donor,D372,Biolord,Biolord,native,0.08531277587889595,predictions/C2_metric_aligned/C2_LODO__Biolord__C2_lodo_D372.npz
T2,T2,C2,donor/Soskic,donor (LODO),donor,D373,Biolord,Biolord,native,0.1435754031089717,predictions/C2_metric_aligned/C2_LODO__Biolord__C2_lodo_D373.npz
T2,T2,C2,donor/Soskic,donor (LODO),donor,D374,Biolord,Biolord,native,0.050227494687279786,predictions/C2_metric_aligned/C2_LODO__Biolord__C2_lodo_D374.npz
T2,T2,C2,donor/Soskic,donor (LODO),donor,D378,Biolord,Biolord,native,0.06282094867716917,predictions/C2_metric_aligned/C2_LODO__Biolord__C2_lodo_D378.npz
T2,T2,C2,donor/Soskic,donor (LODO),donor,D379,Biolord,Biolord,native,0.13362905314808254,predictions/C2_metric_aligned/C2_LODO__Biolord__C2_lodo_D379.npz
T2,T2,C2,donor/Soskic,donor (LODO),donor,D380,Biolord,Biolord,native,0.06386694577135972,predictions/C2_metric_aligned/C2_LODO__Biolord__C2_lodo_D380.npz
T2,T2,C2,donor/Soskic,donor (LODO),donor,D381,Biolord,Biolord,native,-0.020306724549852634,predictions/C2_metric_aligned/C2_LODO__Biolord__C2_lodo_D381.npz
T2,T2,C2,donor/Soskic,donor (LODO),donor,D382,Biolord,Biolord,native,0.08588872269431737,predictions/C2_metric_aligned/C2_LODO__Biolord__C2_lodo_D382.npz
T2,T2,C2,donor/Soskic,donor (LODO),donor,D383,Biolord,Biolord,native,0.10027651872744926,predictions/C2_metric_aligned/C2_LODO__Biolord__C2_lodo_D383.npz
T2,T2,C2,donor/Soskic,donor (LODO),donor,D387,Biolord,Biolord,native,0.10163256488200731,predictions/C2_metric_aligned/C2_LODO__Biolord__C2_lodo_D387.npz
T2,T2,C2,donor/Soskic,donor (LODO),donor,D388,Biolord,Biolord,native,0.11245081131708248,predictions/C2_metric_aligned/C2_LODO__Biolord__C2_lodo_D388.npz
T2,T2,C2,donor/Soskic,donor (LODO),donor,D389,Biolord,Biolord,native,0.1321116620582551,predictions/C2_metric_aligned/C2_LODO__Biolord__C2_lodo_D389.npz
T2,T2,C2,donor/Soskic,donor (LODO),donor,D390,Biolord,Biolord,native,0.11986620115467787,predictions/C2_metric_aligned/C2_LODO__Biolord__C2_lodo_D390.npz
T2,T2,C2,donor/Soskic,donor (LODO),donor,D391,Biolord,Biolord,native,0.03328176538037973,predictions/C2_metric_aligned/C2_LODO__Biolord__C2_lodo_D391.npz
T2,T2,C2,donor/Soskic,donor (LODO),donor,D392,Biolord,Biolord,native,0.04341434294532808,predictions/C2_metric_aligned/C2_LODO__Biolord__C2_lodo_D392.npz
T2,T2,C2,donor/Soskic,donor (LODO),donor,D393,Biolord,Biolord,native,0.058011906441099395,predictions/C2_metric_aligned/C2_LODO__Biolord__C2_lodo_D393.npz
T2,T2,C2,donor/Soskic,donor (LODO),donor,D394,Biolord,Biolord,native,0.05349264063682797,predictions/C2_metric_aligned/C2_LODO__Biolord__C2_lodo_D394.npz
T2,T2,C2,donor/Soskic,donor (LODO),donor,D395,Biolord,Biolord,native,0.06758909222591658,predictions/C2_metric_aligned/C2_LODO__Biolord__C2_lodo_D395.npz
T2,T2,C2,donor/Soskic,donor (LODO),donor,D396,Biolord,Biolord,native,0.1177028485466514,predictions/C2_metric_aligned/C2_LODO__Biolord__C2_lodo_D396.npz
T2,T2,C2,donor/Soskic,donor (LODO),donor,D397,Biolord,Biolord,native,0.12855597766317192,predictions/C2_metric_aligned/C2_LODO__Biolord__C2_lodo_D397.npz
T2,T2,C2,donor/Soskic,donor (LODO),donor,D398,Biolord,Biolord,native,0.14785851583900675,predictions/C2_metric_aligned/C2_LODO__Biolord__C2_lodo_D398.npz
T2,T2,C2,donor/Soskic,donor (LODO),donor,D405,Biolord,Biolord,native,0.037361717112534665,predictions/C2_metric_aligned/C2_LODO__Biolord__C2_lodo_D405.npz
T2,T2,C2,donor/Soskic,donor (LODO),donor,D406,Biolord,Biolord,native,0.05089559546236823,predictions/C2_metric_aligned/C2_LODO__Biolord__C2_lodo_D406.npz
T2,T2,C2,donor/Soskic,donor (LODO),donor,D407,Biolord,Biolord,native,0.11389437439095838,predictions/C2_metric_aligned/C2_LODO__Biolord__C2_lodo_D407.npz
T2,T2,C2,donor/Soskic,donor (LODO),donor,D408,Biolord,Biolord,native,-0.033771593342406106,predictions/C2_metric_aligned/C2_LODO__Biolord__C2_lodo_D408.npz
T2,T2,C2,donor/Soskic,donor (LODO),donor,D409,Biolord,Biolord,native,0.04027606479182086,predictions/C2_metric_aligned/C2_LODO__Biolord__C2_lodo_D409.npz
T2,T2,C2,donor/Soskic,donor (LODO),donor,D410,Biolord,Biolord,native,0.00793470530812622,predictions/C2_metric_aligned/C2_LODO__Biolord__C2_lodo_D410.npz
T2,T2,C2,donor/Soskic,donor (LODO),donor,D411,Biolord,Biolord,native,-0.04291614082819811,predictions/C2_metric_aligned/C2_LODO__Biolord__C2_lodo_D411.npz
T2,T2,C2,donor/Soskic,donor (LODO),donor,D412,Biolord,Biolord,native,0.019864985552135214,predictions/C2_metric_aligned/C2_LODO__Biolord__C2_lodo_D412.npz
T2,T2,C2,donor/Soskic,donor (LODO),donor,D413,Biolord,Biolord,native,0.0623905103171824,predictions/C2_metric_aligned/C2_LODO__Biolord__C2_lodo_D413.npz
T2,T2,C2,donor/Soskic,donor (LODO),donor,D414,Biolord,Biolord,native,0.007666885092240561,predictions/C2_metric_aligned/C2_LODO__Biolord__C2_lodo_D414.npz
T2,T2,C2,donor/Soskic,donor (LODO),donor,D415,Biolord,Biolord,native,0.09863559384615594,predictions/C2_metric_aligned/C2_LODO__Biolord__C2_lodo_D415.npz
T2,T2,C2,donor/Soskic,donor (LODO),donor,D416,Biolord,Biolord,native,0.07805987865421718,predictions/C2_metric_aligned/C2_LODO__Biolord__C2_lodo_D416.npz
T2,T2,C2,donor/Soskic,donor (LODO),donor,D417,Biolord,Biolord,native,0.12399063437060097,predictions/C2_metric_aligned/C2_LODO__Biolord__C2_lodo_D417.npz
T2,T2,C2,donor/Soskic,donor (LODO),donor,D418,Biolord,Biolord,native,0.03932677930956934,predictions/C2_metric_aligned/C2_LODO__Biolord__C2_lodo_D418.npz
T2,T2,C2,donor/Soskic,donor (LODO),donor,D419,Biolord,Biolord,native,0.060205589674556956,predictions/C2_metric_aligned/C2_LODO__Biolord__C2_lodo_D419.npz
T2,T2,C2,donor/Soskic,donor (LODO),donor,D420,Biolord,Biolord,native,0.09530657220176468,predictions/C2_metric_aligned/C2_LODO__Biolord__C2_lodo_D420.npz
T2,T2,C2,donor/Soskic,donor (LODO),donor,D421,Biolord,Biolord,native,-0.009086025508382441,predictions/C2_metric_aligned/C2_LODO__Biolord__C2_lodo_D421.npz
T2,T2,C2,donor/Soskic,donor (LODO),donor,D422,Biolord,Biolord,native,-0.02304127820880448,predictions/C2_metric_aligned/C2_LODO__Biolord__C2_lodo_D422.npz
T2,T2,C2,donor/Soskic,donor (LODO),donor,D423,Biolord,Biolord,native,-0.07039630809392865,predictions/C2_metric_aligned/C2_LODO__Biolord__C2_lodo_D423.npz
T2,T2,C2,donor/Soskic,donor (LODO),donor,D424,Biolord,Biolord,native,0.0022201452957780633,predictions/C2_metric_aligned/C2_LODO__Biolord__C2_lodo_D424.npz
T2,T2,C2,donor/Soskic,donor (LODO),donor,D425,Biolord,Biolord,native,-0.03779354911578181,predictions/C2_metric_aligned/C2_LODO__Biolord__C2_lodo_D425.npz
T2,T2,C2,donor/Soskic,donor (LODO),donor,D426,Biolord,Biolord,native,0.03159915708920526,predictions/C2_metric_aligned/C2_LODO__Biolord__C2_lodo_D426.npz
T2,T2,C2,donor/Soskic,donor (LODO),donor,D427,Biolord,Biolord,native,0.05900233907531585,predictions/C2_metric_aligned/C2_LODO__Biolord__C2_lodo_D427.npz
T2,T2,C2,donor/Soskic,donor (LODO),donor,D428,Biolord,Biolord,native,0.12376408374620887,predictions/C2_metric_aligned/C2_LODO__Biolord__C2_lodo_D428.npz
T2,T2,C2,donor/Soskic,donor (LODO),donor,D429,Biolord,Biolord,native,0.0423885178694626,predictions/C2_metric_aligned/C2_LODO__Biolord__C2_lodo_D429.npz
T2,T2,C2,donor/Soskic,donor (LODO),donor,D430,Biolord,Biolord,native,0.2223371246470373,predictions/C2_metric_aligned/C2_LODO__Biolord__C2_lodo_D430.npz
T2,T2,C2,donor/Soskic,donor (LODO),donor,D431,Biolord,Biolord,native,0.07399339291775037,predictions/C2_metric_aligned/C2_LODO__Biolord__C2_lodo_D431.npz
T2,T2,C2,donor/Soskic,donor (LODO),donor,D432,Biolord,Biolord,native,0.12790425344069722,predictions/C2_metric_aligned/C2_LODO__Biolord__C2_lodo_D432.npz
T2,T2,C2,donor/Soskic,donor (LODO),donor,D433,Biolord,Biolord,native,0.08237950007133188,predictions/C2_metric_aligned/C2_LODO__Biolord__C2_lodo_D433.npz
T2,T2,C2,donor/Soskic,donor (LODO),donor,D434,Biolord,Biolord,native,0.044577877127997656,predictions/C2_metric_aligned/C2_LODO__Biolord__C2_lodo_D434.npz
T2,T2,C2,donor/Soskic,donor (LODO),donor,D435,Biolord,Biolord,native,0.07916364750515098,predictions/C2_metric_aligned/C2_LODO__Biolord__C2_lodo_D435.npz
T2,T2,C2,donor/Soskic,donor (LODO),donor,D436,Biolord,Biolord,native,-0.031140436314787617,predictions/C2_metric_aligned/C2_LODO__Biolord__C2_lodo_D436.npz
T2,T2,C2,donor/Soskic,donor (LODO),donor,D439,Biolord,Biolord,native,0.04565034954422877,predictions/C2_metric_aligned/C2_LODO__Biolord__C2_lodo_D439.npz
T2,T2,C2,donor/Soskic,donor (LODO),donor,D440,Biolord,Biolord,native,0.08377171857057485,predictions/C2_metric_aligned/C2_LODO__Biolord__C2_lodo_D440.npz
T2,T2,C2,donor/Soskic,donor (LODO),donor,D441,Biolord,Biolord,native,0.1403738854581523,predictions/C2_metric_aligned/C2_LODO__Biolord__C2_lodo_D441.npz
T2,T2,C2,donor/Soskic,donor (LODO),donor,D442,Biolord,Biolord,native,0.0498976767108982,predictions/C2_metric_aligned/C2_LODO__Biolord__C2_lodo_D442.npz
T2,T2,C2,donor/Soskic,donor (LODO),donor,D443,Biolord,Biolord,native,-0.035058787254682935,predictions/C2_metric_aligned/C2_LODO__Biolord__C2_lodo_D443.npz
T2,T2,C2,donor/Soskic,donor (LODO),donor,D445,Biolord,Biolord,native,0.10755933006368593,predictions/C2_metric_aligned/C2_LODO__Biolord__C2_lodo_D445.npz
T2,T2,C2,donor/Soskic,donor (LODO),donor,D446,Biolord,Biolord,native,0.06587359531225019,predictions/C2_metric_aligned/C2_LODO__Biolord__C2_lodo_D446.npz
T2,T2,C2,donor/Soskic,donor (LODO),donor,D447,Biolord,Biolord,native,0.13898116846510147,predictions/C2_metric_aligned/C2_LODO__Biolord__C2_lodo_D447.npz
T2,T2,C2,donor/Soskic,donor (LODO),donor,D448,Biolord,Biolord,native,0.03684395950943661,predictions/C2_metric_aligned/C2_LODO__Biolord__C2_lodo_D448.npz
T2,T2,C2,donor/Soskic,donor (LODO),donor,D449,Biolord,Biolord,native,0.05911250800852549,predictions/C2_metric_aligned/C2_LODO__Biolord__C2_lodo_D449.npz
T2,T2,C2,donor/Soskic,donor (LODO),donor,D450,Biolord,Biolord,native,0.10593664031813702,predictions/C2_metric_aligned/C2_LODO__Biolord__C2_lodo_D450.npz
T2,T2,C2,donor/Soskic,donor (LODO),donor,D451,Biolord,Biolord,native,0.3145412148777097,predictions/C2_metric_aligned/C2_LODO__Biolord__C2_lodo_D451.npz
T2,T2,C2,donor/Soskic,donor (LODO),donor,D452,Biolord,Biolord,native,0.05832733301468131,predictions/C2_metric_aligned/C2_LODO__Biolord__C2_lodo_D452.npz
T2,T2,C2,donor/Soskic,donor (LODO),donor,D453,Biolord,Biolord,native,0.08202662748620117,predictions/C2_metric_aligned/C2_LODO__Biolord__C2_lodo_D453.npz
T2,T2,C2,donor/Soskic,donor (LODO),donor,D454,Biolord,Biolord,native,0.34686165030397803,predictions/C2_metric_aligned/C2_LODO__Biolord__C2_lodo_D454.npz
T2,T2,C2,donor/Soskic,donor (LODO),donor,D455,Biolord,Biolord,native,0.10769155523389451,predictions/C2_metric_aligned/C2_LODO__Biolord__C2_lodo_D455.npz
T2,T2,C2,donor/Soskic,donor (LODO),donor,D456,Biolord,Biolord,native,0.06037006110000119,predictions/C2_metric_aligned/C2_LODO__Biolord__C2_lodo_D456.npz
T2,T2,C2,donor/Soskic,donor (LODO),donor,D457,Biolord,Biolord,native,0.13331139045222898,predictions/C2_metric_aligned/C2_LODO__Biolord__C2_lodo_D457.npz
T2,T2,C2,donor/Soskic,donor (LODO),donor,D458,Biolord,Biolord,native,0.06236818563571572,predictions/C2_metric_aligned/C2_LODO__Biolord__C2_lodo_D458.npz
T2,T2,C2,donor/Soskic,donor (LODO),donor,D459,Biolord,Biolord,native,0.2563383116062504,predictions/C2_metric_aligned/C2_LODO__Biolord__C2_lodo_D459.npz
T2,T2,C2,donor/Soskic,donor (LODO),donor,D460,Biolord,Biolord,native,0.11435972708731645,predictions/C2_metric_aligned/C2_LODO__Biolord__C2_lodo_D460.npz
T2,T2,C2,donor/Soskic,donor (LODO),donor,D461,Biolord,Biolord,native,0.075011253471076,predictions/C2_metric_aligned/C2_LODO__Biolord__C2_lodo_D461.npz
T2,T2,C2,donor/Soskic,donor (LODO),donor,D462,Biolord,Biolord,native,0.12064818264648727,predictions/C2_metric_aligned/C2_LODO__Biolord__C2_lodo_D462.npz
T2,T2,C2,donor/Soskic,donor (LODO),donor,D463,Biolord,Biolord,native,0.24990514100674902,predictions/C2_metric_aligned/C2_LODO__Biolord__C2_lodo_D463.npz
T2,T2,C2,donor/Soskic,donor (LODO),donor,D464,Biolord,Biolord,native,0.30211376029864395,predictions/C2_metric_aligned/C2_LODO__Biolord__C2_lodo_D464.npz
T2,T2,C2,donor/Soskic,donor (LODO),donor,D465,Biolord,Biolord,native,0.13546557866668052,predictions/C2_metric_aligned/C2_LODO__Biolord__C2_lodo_D465.npz
T2,T2,C2,donor/Soskic,donor (LODO),donor,D466,Biolord,Biolord,native,0.07803624001689932,predictions/C2_metric_aligned/C2_LODO__Biolord__C2_lodo_D466.npz
T2,T2,C2,donor/Soskic,donor (LODO),donor,D481,Biolord,Biolord,native,0.07567505119184803,predictions/C2_metric_aligned/C2_LODO__Biolord__C2_lodo_D481.npz
T2,T2,C2,donor/Soskic,donor (LODO),donor,D482,Biolord,Biolord,native,0.15160189629379148,predictions/C2_metric_aligned/C2_LODO__Biolord__C2_lodo_D482.npz
T2,T2,C2,donor/Soskic,donor (LODO),donor,D483,Biolord,Biolord,native,0.016305680035815506,predictions/C2_metric_aligned/C2_LODO__Biolord__C2_lodo_D483.npz
T2,T2,C2,donor/Soskic,donor (LODO),donor,D484,Biolord,Biolord,native,0.10830515109047276,predictions/C2_metric_aligned/C2_LODO__Biolord__C2_lodo_D484.npz
T2,T2,C2,donor/Soskic,donor (LODO),donor,D485,Biolord,Biolord,native,0.09132178694922627,predictions/C2_metric_aligned/C2_LODO__Biolord__C2_lodo_D485.npz
T2,T2,C2,donor/Soskic,donor (LODO),donor,D348,CellFlow,CellFlow,native,0.2280555887260956,predictions/C2_metric_aligned/C2_LODO__CellFlow__C2_lodo_D348.npz
T2,T2,C2,donor/Soskic,donor (LODO),donor,D349,CellFlow,CellFlow,native,0.24937613537398312,predictions/C2_metric_aligned/C2_LODO__CellFlow__C2_lodo_D349.npz
T2,T2,C2,donor/Soskic,donor (LODO),donor,D350,CellFlow,CellFlow,native,0.19219041352119104,predictions/C2_metric_aligned/C2_LODO__CellFlow__C2_lodo_D350.npz
T2,T2,C2,donor/Soskic,donor (LODO),donor,D351,CellFlow,CellFlow,native,0.255914805219321,predictions/C2_metric_aligned/C2_LODO__CellFlow__C2_lodo_D351.npz
T2,T2,C2,donor/Soskic,donor (LODO),donor,D352,CellFlow,CellFlow,native,0.281084191371583,predictions/C2_metric_aligned/C2_LODO__CellFlow__C2_lodo_D352.npz
T2,T2,C2,donor/Soskic,donor (LODO),donor,D353,CellFlow,CellFlow,native,0.25673391103343696,predictions/C2_metric_aligned/C2_LODO__CellFlow__C2_lodo_D353.npz
T2,T2,C2,donor/Soskic,donor (LODO),donor,D354,CellFlow,CellFlow,native,0.3264477727518998,predictions/C2_metric_aligned/C2_LODO__CellFlow__C2_lodo_D354.npz
T2,T2,C2,donor/Soskic,donor (LODO),donor,D355,CellFlow,CellFlow,native,0.4275218180607666,predictions/C2_metric_aligned/C2_LODO__CellFlow__C2_lodo_D355.npz
T2,T2,C2,donor/Soskic,donor (LODO),donor,D356,CellFlow,CellFlow,native,0.20930425785852175,predictions/C2_metric_aligned/C2_LODO__CellFlow__C2_lodo_D356.npz
T2,T2,C2,donor/Soskic,donor (LODO),donor,D357,CellFlow,CellFlow,native,0.2602284665216832,predictions/C2_metric_aligned/C2_LODO__CellFlow__C2_lodo_D357.npz
T2,T2,C2,donor/Soskic,donor (LODO),donor,D358,CellFlow,CellFlow,native,0.26038213561218565,predictions/C2_metric_aligned/C2_LODO__CellFlow__C2_lodo_D358.npz
T2,T2,C2,donor/Soskic,donor (LODO),donor,D359,CellFlow,CellFlow,native,0.36062411668505834,predictions/C2_metric_aligned/C2_LODO__CellFlow__C2_lodo_D359.npz
T2,T2,C2,donor/Soskic,donor (LODO),donor,D363,CellFlow,CellFlow,native,0.21898576263450265,predictions/C2_metric_aligned/C2_LODO__CellFlow__C2_lodo_D363.npz
T2,T2,C2,donor/Soskic,donor (LODO),donor,D364,CellFlow,CellFlow,native,0.19353456643800485,predictions/C2_metric_aligned/C2_LODO__CellFlow__C2_lodo_D364.npz
T2,T2,C2,donor/Soskic,donor (LODO),donor,D365,CellFlow,CellFlow,native,0.3035548569829341,predictions/C2_metric_aligned/C2_LODO__CellFlow__C2_lodo_D365.npz
T2,T2,C2,donor/Soskic,donor (LODO),donor,D366,CellFlow,CellFlow,native,0.09746383829847444,predictions/C2_metric_aligned/C2_LODO__CellFlow__C2_lodo_D366.npz
T2,T2,C2,donor/Soskic,donor (LODO),donor,D367,CellFlow,CellFlow,native,0.23729651033086174,predictions/C2_metric_aligned/C2_LODO__CellFlow__C2_lodo_D367.npz
T2,T2,C2,donor/Soskic,donor (LODO),donor,D368,CellFlow,CellFlow,native,0.14356024667100817,predictions/C2_metric_aligned/C2_LODO__CellFlow__C2_lodo_D368.npz
T2,T2,C2,donor/Soskic,donor (LODO),donor,D369,CellFlow,CellFlow,native,0.3285542541425225,predictions/C2_metric_aligned/C2_LODO__CellFlow__C2_lodo_D369.npz
T2,T2,C2,donor/Soskic,donor (LODO),donor,D370,CellFlow,CellFlow,native,0.24308490387924753,predictions/C2_metric_aligned/C2_LODO__CellFlow__C2_lodo_D370.npz
T2,T2,C2,donor/Soskic,donor (LODO),donor,D371,CellFlow,CellFlow,native,0.18223282763940185,predictions/C2_metric_aligned/C2_LODO__CellFlow__C2_lodo_D371.npz
T2,T2,C2,donor/Soskic,donor (LODO),donor,D372,CellFlow,CellFlow,native,0.06882657182335268,predictions/C2_metric_aligned/C2_LODO__CellFlow__C2_lodo_D372.npz
T2,T2,C2,donor/Soskic,donor (LODO),donor,D373,CellFlow,CellFlow,native,0.23095994925713295,predictions/C2_metric_aligned/C2_LODO__CellFlow__C2_lodo_D373.npz
T2,T2,C2,donor/Soskic,donor (LODO),donor,D374,CellFlow,CellFlow,native,0.1274651214867648,predictions/C2_metric_aligned/C2_LODO__CellFlow__C2_lodo_D374.npz
T2,T2,C2,donor/Soskic,donor (LODO),donor,D378,CellFlow,CellFlow,native,0.2720691663190672,predictions/C2_metric_aligned/C2_LODO__CellFlow__C2_lodo_D378.npz
T2,T2,C2,donor/Soskic,donor (LODO),donor,D379,CellFlow,CellFlow,native,0.09974780047864418,predictions/C2_metric_aligned/C2_LODO__CellFlow__C2_lodo_D379.npz
T2,T2,C2,donor/Soskic,donor (LODO),donor,D380,CellFlow,CellFlow,native,0.17721105322455707,predictions/C2_metric_aligned/C2_LODO__CellFlow__C2_lodo_D380.npz
T2,T2,C2,donor/Soskic,donor (LODO),donor,D381,CellFlow,CellFlow,native,0.19792527623776857,predictions/C2_metric_aligned/C2_LODO__CellFlow__C2_lodo_D381.npz
T2,T2,C2,donor/Soskic,donor (LODO),donor,D382,CellFlow,CellFlow,native,0.20155772254372697,predictions/C2_metric_aligned/C2_LODO__CellFlow__C2_lodo_D382.npz
T2,T2,C2,donor/Soskic,donor (LODO),donor,D383,CellFlow,CellFlow,native,0.25818737137478587,predictions/C2_metric_aligned/C2_LODO__CellFlow__C2_lodo_D383.npz
T2,T2,C2,donor/Soskic,donor (LODO),donor,D387,CellFlow,CellFlow,native,0.2493531124372793,predictions/C2_metric_aligned/C2_LODO__CellFlow__C2_lodo_D387.npz
T2,T2,C2,donor/Soskic,donor (LODO),donor,D388,CellFlow,CellFlow,native,0.25115433541949667,predictions/C2_metric_aligned/C2_LODO__CellFlow__C2_lodo_D388.npz
T2,T2,C2,donor/Soskic,donor (LODO),donor,D389,CellFlow,CellFlow,native,0.22725685392868492,predictions/C2_metric_aligned/C2_LODO__CellFlow__C2_lodo_D389.npz
T2,T2,C2,donor/Soskic,donor (LODO),donor,D390,CellFlow,CellFlow,native,0.1965575407741345,predictions/C2_metric_aligned/C2_LODO__CellFlow__C2_lodo_D390.npz
T2,T2,C2,donor/Soskic,donor (LODO),donor,D391,CellFlow,CellFlow,native,0.29615434422788306,predictions/C2_metric_aligned/C2_LODO__CellFlow__C2_lodo_D391.npz
T2,T2,C2,donor/Soskic,donor (LODO),donor,D392,CellFlow,CellFlow,native,0.06263085284969071,predictions/C2_metric_aligned/C2_LODO__CellFlow__C2_lodo_D392.npz
T2,T2,C2,donor/Soskic,donor (LODO),donor,D393,CellFlow,CellFlow,native,0.2269849186647832,predictions/C2_metric_aligned/C2_LODO__CellFlow__C2_lodo_D393.npz
T2,T2,C2,donor/Soskic,donor (LODO),donor,D394,CellFlow,CellFlow,native,0.24464942957765745,predictions/C2_metric_aligned/C2_LODO__CellFlow__C2_lodo_D394.npz
T2,T2,C2,donor/Soskic,donor (LODO),donor,D395,CellFlow,CellFlow,native,0.25174885150758736,predictions/C2_metric_aligned/C2_LODO__CellFlow__C2_lodo_D395.npz
T2,T2,C2,donor/Soskic,donor (LODO),donor,D396,CellFlow,CellFlow,native,0.19426360667795323,predictions/C2_metric_aligned/C2_LODO__CellFlow__C2_lodo_D396.npz
T2,T2,C2,donor/Soskic,donor (LODO),donor,D397,CellFlow,CellFlow,native,0.26088203711098196,predictions/C2_metric_aligned/C2_LODO__CellFlow__C2_lodo_D397.npz
T2,T2,C2,donor/Soskic,donor (LODO),donor,D398,CellFlow,CellFlow,native,0.28058818297551874,predictions/C2_metric_aligned/C2_LODO__CellFlow__C2_lodo_D398.npz
T2,T2,C2,donor/Soskic,donor (LODO),donor,D405,CellFlow,CellFlow,native,0.23858670868536205,predictions/C2_metric_aligned/C2_LODO__CellFlow__C2_lodo_D405.npz
T2,T2,C2,donor/Soskic,donor (LODO),donor,D406,CellFlow,CellFlow,native,0.21767177557550435,predictions/C2_metric_aligned/C2_LODO__CellFlow__C2_lodo_D406.npz
T2,T2,C2,donor/Soskic,donor (LODO),donor,D407,CellFlow,CellFlow,native,0.22904934184594744,predictions/C2_metric_aligned/C2_LODO__CellFlow__C2_lodo_D407.npz
T2,T2,C2,donor/Soskic,donor (LODO),donor,D408,CellFlow,CellFlow,native,0.13918879010147328,predictions/C2_metric_aligned/C2_LODO__CellFlow__C2_lodo_D408.npz
T2,T2,C2,donor/Soskic,donor (LODO),donor,D409,CellFlow,CellFlow,native,0.18614409301200024,predictions/C2_metric_aligned/C2_LODO__CellFlow__C2_lodo_D409.npz
T2,T2,C2,donor/Soskic,donor (LODO),donor,D410,CellFlow,CellFlow,native,0.3689521095171454,predictions/C2_metric_aligned/C2_LODO__CellFlow__C2_lodo_D410.npz
T2,T2,C2,donor/Soskic,donor (LODO),donor,D411,CellFlow,CellFlow,native,0.18620771361632604,predictions/C2_metric_aligned/C2_LODO__CellFlow__C2_lodo_D411.npz
T2,T2,C2,donor/Soskic,donor (LODO),donor,D412,CellFlow,CellFlow,native,0.17509166976470142,predictions/C2_metric_aligned/C2_LODO__CellFlow__C2_lodo_D412.npz
T2,T2,C2,donor/Soskic,donor (LODO),donor,D413,CellFlow,CellFlow,native,0.06102804081745363,predictions/C2_metric_aligned/C2_LODO__CellFlow__C2_lodo_D413.npz
T2,T2,C2,donor/Soskic,donor (LODO),donor,D414,CellFlow,CellFlow,native,0.1987569156374131,predictions/C2_metric_aligned/C2_LODO__CellFlow__C2_lodo_D414.npz
T2,T2,C2,donor/Soskic,donor (LODO),donor,D415,CellFlow,CellFlow,native,0.2352507081951068,predictions/C2_metric_aligned/C2_LODO__CellFlow__C2_lodo_D415.npz
T2,T2,C2,donor/Soskic,donor (LODO),donor,D416,CellFlow,CellFlow,native,0.27195923222337004,predictions/C2_metric_aligned/C2_LODO__CellFlow__C2_lodo_D416.npz
T2,T2,C2,donor/Soskic,donor (LODO),donor,D417,CellFlow,CellFlow,native,0.3801394392971061,predictions/C2_metric_aligned/C2_LODO__CellFlow__C2_lodo_D417.npz
T2,T2,C2,donor/Soskic,donor (LODO),donor,D418,CellFlow,CellFlow,native,0.2728712802513997,predictions/C2_metric_aligned/C2_LODO__CellFlow__C2_lodo_D418.npz
T2,T2,C2,donor/Soskic,donor (LODO),donor,D419,CellFlow,CellFlow,native,0.227372076622594,predictions/C2_metric_aligned/C2_LODO__CellFlow__C2_lodo_D419.npz
T2,T2,C2,donor/Soskic,donor (LODO),donor,D420,CellFlow,CellFlow,native,0.2486034691257509,predictions/C2_metric_aligned/C2_LODO__CellFlow__C2_lodo_D420.npz
T2,T2,C2,donor/Soskic,donor (LODO),donor,D421,CellFlow,CellFlow,native,0.09124041332180381,predictions/C2_metric_aligned/C2_LODO__CellFlow__C2_lodo_D421.npz
T2,T2,C2,donor/Soskic,donor (LODO),donor,D422,CellFlow,CellFlow,native,0.07678489639728907,predictions/C2_metric_aligned/C2_LODO__CellFlow__C2_lodo_D422.npz
T2,T2,C2,donor/Soskic,donor (LODO),donor,D423,CellFlow,CellFlow,native,0.024467517425116374,predictions/C2_metric_aligned/C2_LODO__CellFlow__C2_lodo_D423.npz
T2,T2,C2,donor/Soskic,donor (LODO),donor,D424,CellFlow,CellFlow,native,0.06681018921168504,predictions/C2_metric_aligned/C2_LODO__CellFlow__C2_lodo_D424.npz
T2,T2,C2,donor/Soskic,donor (LODO),donor,D425,CellFlow,CellFlow,native,0.04183151309140896,predictions/C2_metric_aligned/C2_LODO__CellFlow__C2_lodo_D425.npz
T2,T2,C2,donor/Soskic,donor (LODO),donor,D426,CellFlow,CellFlow,native,0.22720020939216573,predictions/C2_metric_aligned/C2_LODO__CellFlow__C2_lodo_D426.npz
T2,T2,C2,donor/Soskic,donor (LODO),donor,D427,CellFlow,CellFlow,native,0.1104823699100112,predictions/C2_metric_aligned/C2_LODO__CellFlow__C2_lodo_D427.npz
T2,T2,C2,donor/Soskic,donor (LODO),donor,D428,CellFlow,CellFlow,native,0.22483199213830715,predictions/C2_metric_aligned/C2_LODO__CellFlow__C2_lodo_D428.npz
T2,T2,C2,donor/Soskic,donor (LODO),donor,D429,CellFlow,CellFlow,native,0.13558129477925382,predictions/C2_metric_aligned/C2_LODO__CellFlow__C2_lodo_D429.npz
T2,T2,C2,donor/Soskic,donor (LODO),donor,D430,CellFlow,CellFlow,native,0.2956456215047819,predictions/C2_metric_aligned/C2_LODO__CellFlow__C2_lodo_D430.npz
T2,T2,C2,donor/Soskic,donor (LODO),donor,D431,CellFlow,CellFlow,native,0.15916675302842537,predictions/C2_metric_aligned/C2_LODO__CellFlow__C2_lodo_D431.npz
T2,T2,C2,donor/Soskic,donor (LODO),donor,D432,CellFlow,CellFlow,native,0.1446223804602071,predictions/C2_metric_aligned/C2_LODO__CellFlow__C2_lodo_D432.npz
T2,T2,C2,donor/Soskic,donor (LODO),donor,D433,CellFlow,CellFlow,native,0.2336220719978542,predictions/C2_metric_aligned/C2_LODO__CellFlow__C2_lodo_D433.npz
T2,T2,C2,donor/Soskic,donor (LODO),donor,D434,CellFlow,CellFlow,native,0.2223906813639785,predictions/C2_metric_aligned/C2_LODO__CellFlow__C2_lodo_D434.npz
T2,T2,C2,donor/Soskic,donor (LODO),donor,D435,CellFlow,CellFlow,native,0.2560869836391032,predictions/C2_metric_aligned/C2_LODO__CellFlow__C2_lodo_D435.npz
T2,T2,C2,donor/Soskic,donor (LODO),donor,D436,CellFlow,CellFlow,native,0.24478963323934866,predictions/C2_metric_aligned/C2_LODO__CellFlow__C2_lodo_D436.npz
T2,T2,C2,donor/Soskic,donor (LODO),donor,D439,CellFlow,CellFlow,native,0.18332259394312994,predictions/C2_metric_aligned/C2_LODO__CellFlow__C2_lodo_D439.npz
T2,T2,C2,donor/Soskic,donor (LODO),donor,D440,CellFlow,CellFlow,native,0.20141375735183803,predictions/C2_metric_aligned/C2_LODO__CellFlow__C2_lodo_D440.npz
T2,T2,C2,donor/Soskic,donor (LODO),donor,D441,CellFlow,CellFlow,native,0.22761726295097415,predictions/C2_metric_aligned/C2_LODO__CellFlow__C2_lodo_D441.npz
T2,T2,C2,donor/Soskic,donor (LODO),donor,D442,CellFlow,CellFlow,native,0.19105300676593884,predictions/C2_metric_aligned/C2_LODO__CellFlow__C2_lodo_D442.npz
T2,T2,C2,donor/Soskic,donor (LODO),donor,D443,CellFlow,CellFlow,native,0.18869974454549004,predictions/C2_metric_aligned/C2_LODO__CellFlow__C2_lodo_D443.npz
T2,T2,C2,donor/Soskic,donor (LODO),donor,D445,CellFlow,CellFlow,native,0.271132807778173,predictions/C2_metric_aligned/C2_LODO__CellFlow__C2_lodo_D445.npz
T2,T2,C2,donor/Soskic,donor (LODO),donor,D446,CellFlow,CellFlow,native,0.1920491530170534,predictions/C2_metric_aligned/C2_LODO__CellFlow__C2_lodo_D446.npz
T2,T2,C2,donor/Soskic,donor (LODO),donor,D447,CellFlow,CellFlow,native,0.28869165374330374,predictions/C2_metric_aligned/C2_LODO__CellFlow__C2_lodo_D447.npz
T2,T2,C2,donor/Soskic,donor (LODO),donor,D448,CellFlow,CellFlow,native,0.3202379041717193,predictions/C2_metric_aligned/C2_LODO__CellFlow__C2_lodo_D448.npz
T2,T2,C2,donor/Soskic,donor (LODO),donor,D449,CellFlow,CellFlow,native,0.23077130061388018,predictions/C2_metric_aligned/C2_LODO__CellFlow__C2_lodo_D449.npz
T2,T2,C2,donor/Soskic,donor (LODO),donor,D450,CellFlow,CellFlow,native,0.3304023393888874,predictions/C2_metric_aligned/C2_LODO__CellFlow__C2_lodo_D450.npz
T2,T2,C2,donor/Soskic,donor (LODO),donor,D451,CellFlow,CellFlow,native,0.5861579544017508,predictions/C2_metric_aligned/C2_LODO__CellFlow__C2_lodo_D451.npz
T2,T2,C2,donor/Soskic,donor (LODO),donor,D452,CellFlow,CellFlow,native,0.2595983852411202,predictions/C2_metric_aligned/C2_LODO__CellFlow__C2_lodo_D452.npz
T2,T2,C2,donor/Soskic,donor (LODO),donor,D453,CellFlow,CellFlow,native,0.29276723114351505,predictions/C2_metric_aligned/C2_LODO__CellFlow__C2_lodo_D453.npz
T2,T2,C2,donor/Soskic,donor (LODO),donor,D454,CellFlow,CellFlow,native,0.636866942311632,predictions/C2_metric_aligned/C2_LODO__CellFlow__C2_lodo_D454.npz
T2,T2,C2,donor/Soskic,donor (LODO),donor,D455,CellFlow,CellFlow,native,0.25789349436392595,predictions/C2_metric_aligned/C2_LODO__CellFlow__C2_lodo_D455.npz
T2,T2,C2,donor/Soskic,donor (LODO),donor,D456,CellFlow,CellFlow,native,0.3025115750505362,predictions/C2_metric_aligned/C2_LODO__CellFlow__C2_lodo_D456.npz
T2,T2,C2,donor/Soskic,donor (LODO),donor,D457,CellFlow,CellFlow,native,0.25302222001289265,predictions/C2_metric_aligned/C2_LODO__CellFlow__C2_lodo_D457.npz
T2,T2,C2,donor/Soskic,donor (LODO),donor,D458,CellFlow,CellFlow,native,0.3355446535348958,predictions/C2_metric_aligned/C2_LODO__CellFlow__C2_lodo_D458.npz
T2,T2,C2,donor/Soskic,donor (LODO),donor,D459,CellFlow,CellFlow,native,0.37253544382098924,predictions/C2_metric_aligned/C2_LODO__CellFlow__C2_lodo_D459.npz
T2,T2,C2,donor/Soskic,donor (LODO),donor,D460,CellFlow,CellFlow,native,0.18940694655548568,predictions/C2_metric_aligned/C2_LODO__CellFlow__C2_lodo_D460.npz
T2,T2,C2,donor/Soskic,donor (LODO),donor,D461,CellFlow,CellFlow,native,0.33370742067823056,predictions/C2_metric_aligned/C2_LODO__CellFlow__C2_lodo_D461.npz
T2,T2,C2,donor/Soskic,donor (LODO),donor,D462,CellFlow,CellFlow,native,0.25625003611265756,predictions/C2_metric_aligned/C2_LODO__CellFlow__C2_lodo_D462.npz
T2,T2,C2,donor/Soskic,donor (LODO),donor,D463,CellFlow,CellFlow,native,0.3964016205279983,predictions/C2_metric_aligned/C2_LODO__CellFlow__C2_lodo_D463.npz
T2,T2,C2,donor/Soskic,donor (LODO),donor,D464,CellFlow,CellFlow,native,0.3535976089377389,predictions/C2_metric_aligned/C2_LODO__CellFlow__C2_lodo_D464.npz
T2,T2,C2,donor/Soskic,donor (LODO),donor,D465,CellFlow,CellFlow,native,0.34677875561827076,predictions/C2_metric_aligned/C2_LODO__CellFlow__C2_lodo_D465.npz
T2,T2,C2,donor/Soskic,donor (LODO),donor,D466,CellFlow,CellFlow,native,0.26297164494506686,predictions/C2_metric_aligned/C2_LODO__CellFlow__C2_lodo_D466.npz
T2,T2,C2,donor/Soskic,donor (LODO),donor,D481,CellFlow,CellFlow,native,0.30584799293006293,predictions/C2_metric_aligned/C2_LODO__CellFlow__C2_lodo_D481.npz
T2,T2,C2,donor/Soskic,donor (LODO),donor,D482,CellFlow,CellFlow,native,0.2897964363430807,predictions/C2_metric_aligned/C2_LODO__CellFlow__C2_lodo_D482.npz
T2,T2,C2,donor/Soskic,donor (LODO),donor,D483,CellFlow,CellFlow,native,0.2849587809687672,predictions/C2_metric_aligned/C2_LODO__CellFlow__C2_lodo_D483.npz
T2,T2,C2,donor/Soskic,donor (LODO),donor,D484,CellFlow,CellFlow,native,0.16945721452408524,predictions/C2_metric_aligned/C2_LODO__CellFlow__C2_lodo_D484.npz
T2,T2,C2,donor/Soskic,donor (LODO),donor,D485,CellFlow,CellFlow,native,0.22228636664715665,predictions/C2_metric_aligned/C2_LODO__CellFlow__C2_lodo_D485.npz
T2,T2,C2,donor/Soskic,donor (LODO),donor,D348,CellOT,CellOT,native,0.30903817516941473,predictions/C2/C2__CellOT__C2_soskic_LODO_D348.npz
T2,T2,C2,donor/Soskic,donor (LODO),donor,D349,CellOT,CellOT,native,0.3124272280309586,predictions/C2/C2__CellOT__C2_soskic_LODO_D349.npz
T2,T2,C2,donor/Soskic,donor (LODO),donor,D350,CellOT,CellOT,native,0.3758913282133681,predictions/C2/C2__CellOT__C2_soskic_LODO_D350.npz
T2,T2,C2,donor/Soskic,donor (LODO),donor,D351,CellOT,CellOT,native,0.37440707774850224,predictions/C2/C2__CellOT__C2_soskic_LODO_D351.npz
T2,T2,C2,donor/Soskic,donor (LODO),donor,D352,CellOT,CellOT,native,0.3605381812647429,predictions/C2/C2__CellOT__C2_soskic_LODO_D352.npz
T2,T2,C2,donor/Soskic,donor (LODO),donor,D353,CellOT,CellOT,native,0.4686178113446503,predictions/C2/C2__CellOT__C2_soskic_LODO_D353.npz
T2,T2,C2,donor/Soskic,donor (LODO),donor,D354,CellOT,CellOT,native,0.3196469436858631,predictions/C2/C2__CellOT__C2_soskic_LODO_D354.npz
T2,T2,C2,donor/Soskic,donor (LODO),donor,D355,CellOT,CellOT,native,0.2183781452852351,predictions/C2/C2__CellOT__C2_soskic_LODO_D355.npz
T2,T2,C2,donor/Soskic,donor (LODO),donor,D356,CellOT,CellOT,native,0.3196386229056552,predictions/C2/C2__CellOT__C2_soskic_LODO_D356.npz
T2,T2,C2,donor/Soskic,donor (LODO),donor,D357,CellOT,CellOT,native,0.3616498341214557,predictions/C2/C2__CellOT__C2_soskic_LODO_D357.npz
T2,T2,C2,donor/Soskic,donor (LODO),donor,D358,CellOT,CellOT,native,0.4699444681563508,predictions/C2/C2__CellOT__C2_soskic_LODO_D358.npz
T2,T2,C2,donor/Soskic,donor (LODO),donor,D359,CellOT,CellOT,native,0.3830915244762309,predictions/C2/C2__CellOT__C2_soskic_LODO_D359.npz
T2,T2,C2,donor/Soskic,donor (LODO),donor,D363,CellOT,CellOT,native,0.3474573185277363,predictions/C2/C2__CellOT__C2_soskic_LODO_D363.npz
T2,T2,C2,donor/Soskic,donor (LODO),donor,D364,CellOT,CellOT,native,0.29691964091959894,predictions/C2/C2__CellOT__C2_soskic_LODO_D364.npz
T2,T2,C2,donor/Soskic,donor (LODO),donor,D365,CellOT,CellOT,native,0.39618252864399495,predictions/C2/C2__CellOT__C2_soskic_LODO_D365.npz
T2,T2,C2,donor/Soskic,donor (LODO),donor,D366,CellOT,CellOT,native,0.43319266844291204,predictions/C2/C2__CellOT__C2_soskic_LODO_D366.npz
T2,T2,C2,donor/Soskic,donor (LODO),donor,D367,CellOT,CellOT,native,0.3225859102949703,predictions/C2/C2__CellOT__C2_soskic_LODO_D367.npz
T2,T2,C2,donor/Soskic,donor (LODO),donor,D368,CellOT,CellOT,native,0.30280791867004436,predictions/C2/C2__CellOT__C2_soskic_LODO_D368.npz
T2,T2,C2,donor/Soskic,donor (LODO),donor,D369,CellOT,CellOT,native,0.30949504185163623,predictions/C2/C2__CellOT__C2_soskic_LODO_D369.npz
T2,T2,C2,donor/Soskic,donor (LODO),donor,D370,CellOT,CellOT,native,0.3809377359240958,predictions/C2/C2__CellOT__C2_soskic_LODO_D370.npz
T2,T2,C2,donor/Soskic,donor (LODO),donor,D371,CellOT,CellOT,native,0.19916634455228932,predictions/C2/C2__CellOT__C2_soskic_LODO_D371.npz
T2,T2,C2,donor/Soskic,donor (LODO),donor,D372,CellOT,CellOT,native,0.3028775482639942,predictions/C2/C2__CellOT__C2_soskic_LODO_D372.npz
T2,T2,C2,donor/Soskic,donor (LODO),donor,D373,CellOT,CellOT,native,0.16123355974331904,predictions/C2/C2__CellOT__C2_soskic_LODO_D373.npz
T2,T2,C2,donor/Soskic,donor (LODO),donor,D374,CellOT,CellOT,native,0.3027378309194595,predictions/C2/C2__CellOT__C2_soskic_LODO_D374.npz
T2,T2,C2,donor/Soskic,donor (LODO),donor,D378,CellOT,CellOT,native,0.3003422480904534,predictions/C2/C2__CellOT__C2_soskic_LODO_D378.npz
T2,T2,C2,donor/Soskic,donor (LODO),donor,D379,CellOT,CellOT,native,0.19003749389398275,predictions/C2/C2__CellOT__C2_soskic_LODO_D379.npz
T2,T2,C2,donor/Soskic,donor (LODO),donor,D380,CellOT,CellOT,native,0.3771151740658394,predictions/C2/C2__CellOT__C2_soskic_LODO_D380.npz
T2,T2,C2,donor/Soskic,donor (LODO),donor,D381,CellOT,CellOT,native,0.24052425826939172,predictions/C2/C2__CellOT__C2_soskic_LODO_D381.npz
T2,T2,C2,donor/Soskic,donor (LODO),donor,D382,CellOT,CellOT,native,0.27789734629222973,predictions/C2/C2__CellOT__C2_soskic_LODO_D382.npz
T2,T2,C2,donor/Soskic,donor (LODO),donor,D383,CellOT,CellOT,native,0.2855119183293138,predictions/C2/C2__CellOT__C2_soskic_LODO_D383.npz
T2,T2,C2,donor/Soskic,donor (LODO),donor,D387,CellOT,CellOT,native,0.38858648264248874,predictions/C2/C2__CellOT__C2_soskic_LODO_D387.npz
T2,T2,C2,donor/Soskic,donor (LODO),donor,D388,CellOT,CellOT,native,0.39407535391228277,predictions/C2/C2__CellOT__C2_soskic_LODO_D388.npz
T2,T2,C2,donor/Soskic,donor (LODO),donor,D389,CellOT,CellOT,native,0.44074265468696094,predictions/C2/C2__CellOT__C2_soskic_LODO_D389.npz
T2,T2,C2,donor/Soskic,donor (LODO),donor,D390,CellOT,CellOT,native,0.44378422075557067,predictions/C2/C2__CellOT__C2_soskic_LODO_D390.npz
T2,T2,C2,donor/Soskic,donor (LODO),donor,D391,CellOT,CellOT,native,0.37556453296349546,predictions/C2/C2__CellOT__C2_soskic_LODO_D391.npz
T2,T2,C2,donor/Soskic,donor (LODO),donor,D392,CellOT,CellOT,native,0.3382764459614534,predictions/C2/C2__CellOT__C2_soskic_LODO_D392.npz
T2,T2,C2,donor/Soskic,donor (LODO),donor,D393,CellOT,CellOT,native,0.43819909507782845,predictions/C2/C2__CellOT__C2_soskic_LODO_D393.npz
T2,T2,C2,donor/Soskic,donor (LODO),donor,D394,CellOT,CellOT,native,0.31813247520957266,predictions/C2/C2__CellOT__C2_soskic_LODO_D394.npz
T2,T2,C2,donor/Soskic,donor (LODO),donor,D395,CellOT,CellOT,native,0.37030629862808584,predictions/C2/C2__CellOT__C2_soskic_LODO_D395.npz
T2,T2,C2,donor/Soskic,donor (LODO),donor,D396,CellOT,CellOT,native,0.4005354815044456,predictions/C2/C2__CellOT__C2_soskic_LODO_D396.npz
T2,T2,C2,donor/Soskic,donor (LODO),donor,D397,CellOT,CellOT,native,0.359415372864475,predictions/C2/C2__CellOT__C2_soskic_LODO_D397.npz
T2,T2,C2,donor/Soskic,donor (LODO),donor,D398,CellOT,CellOT,native,0.48370767620354743,predictions/C2/C2__CellOT__C2_soskic_LODO_D398.npz
T2,T2,C2,donor/Soskic,donor (LODO),donor,D405,CellOT,CellOT,native,0.4410643668157158,predictions/C2/C2__CellOT__C2_soskic_LODO_D405.npz
T2,T2,C2,donor/Soskic,donor (LODO),donor,D406,CellOT,CellOT,native,0.3710377860710419,predictions/C2/C2__CellOT__C2_soskic_LODO_D406.npz
T2,T2,C2,donor/Soskic,donor (LODO),donor,D407,CellOT,CellOT,native,0.4405625856877121,predictions/C2/C2__CellOT__C2_soskic_LODO_D407.npz
T2,T2,C2,donor/Soskic,donor (LODO),donor,D408,CellOT,CellOT,native,0.35135371226929113,predictions/C2/C2__CellOT__C2_soskic_LODO_D408.npz
T2,T2,C2,donor/Soskic,donor (LODO),donor,D409,CellOT,CellOT,native,0.4065878850183581,predictions/C2/C2__CellOT__C2_soskic_LODO_D409.npz
T2,T2,C2,donor/Soskic,donor (LODO),donor,D410,CellOT,CellOT,native,0.37948646018322546,predictions/C2/C2__CellOT__C2_soskic_LODO_D410.npz
T2,T2,C2,donor/Soskic,donor (LODO),donor,D411,CellOT,CellOT,native,0.2917146584978989,predictions/C2/C2__CellOT__C2_soskic_LODO_D411.npz
T2,T2,C2,donor/Soskic,donor (LODO),donor,D412,CellOT,CellOT,native,0.2840574702537243,predictions/C2/C2__CellOT__C2_soskic_LODO_D412.npz
T2,T2,C2,donor/Soskic,donor (LODO),donor,D413,CellOT,CellOT,native,0.36973632137073503,predictions/C2/C2__CellOT__C2_soskic_LODO_D413.npz
T2,T2,C2,donor/Soskic,donor (LODO),donor,D414,CellOT,CellOT,native,0.4461729477152897,predictions/C2/C2__CellOT__C2_soskic_LODO_D414.npz
T2,T2,C2,donor/Soskic,donor (LODO),donor,D415,CellOT,CellOT,native,0.3763879958775024,predictions/C2/C2__CellOT__C2_soskic_LODO_D415.npz
T2,T2,C2,donor/Soskic,donor (LODO),donor,D416,CellOT,CellOT,native,0.16833746951430303,predictions/C2/C2__CellOT__C2_soskic_LODO_D416.npz
T2,T2,C2,donor/Soskic,donor (LODO),donor,D417,CellOT,CellOT,native,0.1374447907867717,predictions/C2/C2__CellOT__C2_soskic_LODO_D417.npz
T2,T2,C2,donor/Soskic,donor (LODO),donor,D418,CellOT,CellOT,native,0.375863149685539,predictions/C2/C2__CellOT__C2_soskic_LODO_D418.npz
T2,T2,C2,donor/Soskic,donor (LODO),donor,D419,CellOT,CellOT,native,0.2790010478269983,predictions/C2/C2__CellOT__C2_soskic_LODO_D419.npz
T2,T2,C2,donor/Soskic,donor (LODO),donor,D420,CellOT,CellOT,native,0.3662011305783915,predictions/C2/C2__CellOT__C2_soskic_LODO_D420.npz
T2,T2,C2,donor/Soskic,donor (LODO),donor,D421,CellOT,CellOT,native,0.24586105550663612,predictions/C2/C2__CellOT__C2_soskic_LODO_D421.npz
T2,T2,C2,donor/Soskic,donor (LODO),donor,D422,CellOT,CellOT,native,0.2606207731534732,predictions/C2/C2__CellOT__C2_soskic_LODO_D422.npz
T2,T2,C2,donor/Soskic,donor (LODO),donor,D423,CellOT,CellOT,native,0.034178636680227144,predictions/C2/C2__CellOT__C2_soskic_LODO_D423.npz
T2,T2,C2,donor/Soskic,donor (LODO),donor,D424,CellOT,CellOT,native,0.26135082702072476,predictions/C2/C2__CellOT__C2_soskic_LODO_D424.npz
T2,T2,C2,donor/Soskic,donor (LODO),donor,D425,CellOT,CellOT,native,0.29746244853361115,predictions/C2/C2__CellOT__C2_soskic_LODO_D425.npz
T2,T2,C2,donor/Soskic,donor (LODO),donor,D426,CellOT,CellOT,native,0.3385001503673918,predictions/C2/C2__CellOT__C2_soskic_LODO_D426.npz
T2,T2,C2,donor/Soskic,donor (LODO),donor,D427,CellOT,CellOT,native,0.4281007626111876,predictions/C2/C2__CellOT__C2_soskic_LODO_D427.npz
T2,T2,C2,donor/Soskic,donor (LODO),donor,D428,CellOT,CellOT,native,0.4086944801381175,predictions/C2/C2__CellOT__C2_soskic_LODO_D428.npz
T2,T2,C2,donor/Soskic,donor (LODO),donor,D429,CellOT,CellOT,native,0.3504741070486094,predictions/C2/C2__CellOT__C2_soskic_LODO_D429.npz
T2,T2,C2,donor/Soskic,donor (LODO),donor,D430,CellOT,CellOT,native,0.5587667692894849,predictions/C2/C2__CellOT__C2_soskic_LODO_D430.npz
T2,T2,C2,donor/Soskic,donor (LODO),donor,D431,CellOT,CellOT,native,0.3333908272985026,predictions/C2/C2__CellOT__C2_soskic_LODO_D431.npz
T2,T2,C2,donor/Soskic,donor (LODO),donor,D432,CellOT,CellOT,native,0.3140243285553122,predictions/C2/C2__CellOT__C2_soskic_LODO_D432.npz
T2,T2,C2,donor/Soskic,donor (LODO),donor,D433,CellOT,CellOT,native,0.39857446071461927,predictions/C2/C2__CellOT__C2_soskic_LODO_D433.npz
T2,T2,C2,donor/Soskic,donor (LODO),donor,D434,CellOT,CellOT,native,0.40998282875689024,predictions/C2/C2__CellOT__C2_soskic_LODO_D434.npz
T2,T2,C2,donor/Soskic,donor (LODO),donor,D435,CellOT,CellOT,native,0.4176799071666,predictions/C2/C2__CellOT__C2_soskic_LODO_D435.npz
T2,T2,C2,donor/Soskic,donor (LODO),donor,D436,CellOT,CellOT,native,0.3858481049744476,predictions/C2/C2__CellOT__C2_soskic_LODO_D436.npz
T2,T2,C2,donor/Soskic,donor (LODO),donor,D439,CellOT,CellOT,native,0.44431732347635267,predictions/C2/C2__CellOT__C2_soskic_LODO_D439.npz
T2,T2,C2,donor/Soskic,donor (LODO),donor,D440,CellOT,CellOT,native,0.3482283693461583,predictions/C2/C2__CellOT__C2_soskic_LODO_D440.npz
T2,T2,C2,donor/Soskic,donor (LODO),donor,D441,CellOT,CellOT,native,0.37035941252813087,predictions/C2/C2__CellOT__C2_soskic_LODO_D441.npz
T2,T2,C2,donor/Soskic,donor (LODO),donor,D442,CellOT,CellOT,native,0.40302715317469734,predictions/C2/C2__CellOT__C2_soskic_LODO_D442.npz
T2,T2,C2,donor/Soskic,donor (LODO),donor,D443,CellOT,CellOT,native,0.37236116417068665,predictions/C2/C2__CellOT__C2_soskic_LODO_D443.npz
T2,T2,C2,donor/Soskic,donor (LODO),donor,D445,CellOT,CellOT,native,0.46126244346242995,predictions/C2/C2__CellOT__C2_soskic_LODO_D445.npz
T2,T2,C2,donor/Soskic,donor (LODO),donor,D446,CellOT,CellOT,native,0.42149869855195865,predictions/C2/C2__CellOT__C2_soskic_LODO_D446.npz
T2,T2,C2,donor/Soskic,donor (LODO),donor,D447,CellOT,CellOT,native,0.712556590129277,predictions/C2/C2__CellOT__C2_soskic_LODO_D447.npz
T2,T2,C2,donor/Soskic,donor (LODO),donor,D448,CellOT,CellOT,native,0.479761494933159,predictions/C2/C2__CellOT__C2_soskic_LODO_D448.npz
T2,T2,C2,donor/Soskic,donor (LODO),donor,D449,CellOT,CellOT,native,0.33848112775263833,predictions/C2/C2__CellOT__C2_soskic_LODO_D449.npz
T2,T2,C2,donor/Soskic,donor (LODO),donor,D450,CellOT,CellOT,native,0.3721162068335624,predictions/C2/C2__CellOT__C2_soskic_LODO_D450.npz
T2,T2,C2,donor/Soskic,donor (LODO),donor,D451,CellOT,CellOT,native,0.31938010691375257,predictions/C2/C2__CellOT__C2_soskic_LODO_D451.npz
T2,T2,C2,donor/Soskic,donor (LODO),donor,D452,CellOT,CellOT,native,0.39320092363414894,predictions/C2/C2__CellOT__C2_soskic_LODO_D452.npz
T2,T2,C2,donor/Soskic,donor (LODO),donor,D453,CellOT,CellOT,native,0.4406051910398331,predictions/C2/C2__CellOT__C2_soskic_LODO_D453.npz
T2,T2,C2,donor/Soskic,donor (LODO),donor,D454,CellOT,CellOT,native,0.354942449540273,predictions/C2/C2__CellOT__C2_soskic_LODO_D454.npz
T2,T2,C2,donor/Soskic,donor (LODO),donor,D455,CellOT,CellOT,native,0.4076065470451943,predictions/C2/C2__CellOT__C2_soskic_LODO_D455.npz
T2,T2,C2,donor/Soskic,donor (LODO),donor,D456,CellOT,CellOT,native,0.45612723143236167,predictions/C2/C2__CellOT__C2_soskic_LODO_D456.npz
T2,T2,C2,donor/Soskic,donor (LODO),donor,D457,CellOT,CellOT,native,0.5304277619056406,predictions/C2/C2__CellOT__C2_soskic_LODO_D457.npz
T2,T2,C2,donor/Soskic,donor (LODO),donor,D458,CellOT,CellOT,native,0.440578935554755,predictions/C2/C2__CellOT__C2_soskic_LODO_D458.npz
T2,T2,C2,donor/Soskic,donor (LODO),donor,D459,CellOT,CellOT,native,0.623857776784153,predictions/C2/C2__CellOT__C2_soskic_LODO_D459.npz
T2,T2,C2,donor/Soskic,donor (LODO),donor,D460,CellOT,CellOT,native,0.4180594460636881,predictions/C2/C2__CellOT__C2_soskic_LODO_D460.npz
T2,T2,C2,donor/Soskic,donor (LODO),donor,D461,CellOT,CellOT,native,0.3402869234484158,predictions/C2/C2__CellOT__C2_soskic_LODO_D461.npz
T2,T2,C2,donor/Soskic,donor (LODO),donor,D462,CellOT,CellOT,native,0.30080566820010485,predictions/C2/C2__CellOT__C2_soskic_LODO_D462.npz
T2,T2,C2,donor/Soskic,donor (LODO),donor,D463,CellOT,CellOT,native,0.4970163725421702,predictions/C2/C2__CellOT__C2_soskic_LODO_D463.npz
T2,T2,C2,donor/Soskic,donor (LODO),donor,D464,CellOT,CellOT,native,0.43273290297112565,predictions/C2/C2__CellOT__C2_soskic_LODO_D464.npz
T2,T2,C2,donor/Soskic,donor (LODO),donor,D465,CellOT,CellOT,native,0.3859481684981243,predictions/C2/C2__CellOT__C2_soskic_LODO_D465.npz
T2,T2,C2,donor/Soskic,donor (LODO),donor,D466,CellOT,CellOT,native,0.3458369127235339,predictions/C2/C2__CellOT__C2_soskic_LODO_D466.npz
T2,T2,C2,donor/Soskic,donor (LODO),donor,D481,CellOT,CellOT,native,0.38161008785771844,predictions/C2/C2__CellOT__C2_soskic_LODO_D481.npz
T2,T2,C2,donor/Soskic,donor (LODO),donor,D482,CellOT,CellOT,native,0.3574674379771723,predictions/C2/C2__CellOT__C2_soskic_LODO_D482.npz
T2,T2,C2,donor/Soskic,donor (LODO),donor,D483,CellOT,CellOT,native,0.38208363913922727,predictions/C2/C2__CellOT__C2_soskic_LODO_D483.npz
T2,T2,C2,donor/Soskic,donor (LODO),donor,D484,CellOT,CellOT,native,0.4262426251345226,predictions/C2/C2__CellOT__C2_soskic_LODO_D484.npz
T2,T2,C2,donor/Soskic,donor (LODO),donor,D485,CellOT,CellOT,native,0.5233557364948033,predictions/C2/C2__CellOT__C2_soskic_LODO_D485.npz
T2,T2,C2,donor/Soskic,donor (LODO),donor,D348,PertAdapt,PertAdapt,adapted,0.2168679490209131,predictions/C2/C2_LODO__PertAdapt__C2_lodo_D348.npz
T2,T2,C2,donor/Soskic,donor (LODO),donor,D349,PertAdapt,PertAdapt,adapted,0.07021906454066046,predictions/C2/C2_LODO__PertAdapt__C2_lodo_D349.npz
T2,T2,C2,donor/Soskic,donor (LODO),donor,D350,PertAdapt,PertAdapt,adapted,0.17699626407399058,predictions/C2/C2_LODO__PertAdapt__C2_lodo_D350.npz
T2,T2,C2,donor/Soskic,donor (LODO),donor,D351,PertAdapt,PertAdapt,adapted,0.13455065892402046,predictions/C2/C2_LODO__PertAdapt__C2_lodo_D351.npz
T2,T2,C2,donor/Soskic,donor (LODO),donor,D352,PertAdapt,PertAdapt,adapted,0.16746711039365916,predictions/C2/C2_LODO__PertAdapt__C2_lodo_D352.npz
T2,T2,C2,donor/Soskic,donor (LODO),donor,D353,PertAdapt,PertAdapt,adapted,0.2281011797585734,predictions/C2/C2_LODO__PertAdapt__C2_lodo_D353.npz
T2,T2,C2,donor/Soskic,donor (LODO),donor,D354,PertAdapt,PertAdapt,adapted,0.20237919508471575,predictions/C2/C2_LODO__PertAdapt__C2_lodo_D354.npz
T2,T2,C2,donor/Soskic,donor (LODO),donor,D355,PertAdapt,PertAdapt,adapted,0.3638505661535604,predictions/C2/C2_LODO__PertAdapt__C2_lodo_D355.npz
T2,T2,C2,donor/Soskic,donor (LODO),donor,D356,PertAdapt,PertAdapt,adapted,0.16078433001248932,predictions/C2/C2_LODO__PertAdapt__C2_lodo_D356.npz
T2,T2,C2,donor/Soskic,donor (LODO),donor,D357,PertAdapt,PertAdapt,adapted,0.32257246952660046,predictions/C2/C2_LODO__PertAdapt__C2_lodo_D357.npz
T2,T2,C2,donor/Soskic,donor (LODO),donor,D358,PertAdapt,PertAdapt,adapted,0.29108364944322873,predictions/C2/C2_LODO__PertAdapt__C2_lodo_D358.npz
T2,T2,C2,donor/Soskic,donor (LODO),donor,D359,PertAdapt,PertAdapt,adapted,0.3612072454282367,predictions/C2/C2_LODO__PertAdapt__C2_lodo_D359.npz
T2,T2,C2,donor/Soskic,donor (LODO),donor,D363,PertAdapt,PertAdapt,adapted,0.2094451708856642,predictions/C2/C2_LODO__PertAdapt__C2_lodo_D363.npz
T2,T2,C2,donor/Soskic,donor (LODO),donor,D364,PertAdapt,PertAdapt,adapted,0.1616805445942652,predictions/C2/C2_LODO__PertAdapt__C2_lodo_D364.npz
T2,T2,C2,donor/Soskic,donor (LODO),donor,D365,PertAdapt,PertAdapt,adapted,0.2589225281464207,predictions/C2/C2_LODO__PertAdapt__C2_lodo_D365.npz
T2,T2,C2,donor/Soskic,donor (LODO),donor,D366,PertAdapt,PertAdapt,adapted,0.20779119498114412,predictions/C2/C2_LODO__PertAdapt__C2_lodo_D366.npz
T2,T2,C2,donor/Soskic,donor (LODO),donor,D367,PertAdapt,PertAdapt,adapted,0.2558848112591043,predictions/C2/C2_LODO__PertAdapt__C2_lodo_D367.npz
T2,T2,C2,donor/Soskic,donor (LODO),donor,D368,PertAdapt,PertAdapt,adapted,0.22004492220819252,predictions/C2/C2_LODO__PertAdapt__C2_lodo_D368.npz
T2,T2,C2,donor/Soskic,donor (LODO),donor,D369,PertAdapt,PertAdapt,adapted,0.1757004934855071,predictions/C2/C2_LODO__PertAdapt__C2_lodo_D369.npz
T2,T2,C2,donor/Soskic,donor (LODO),donor,D370,PertAdapt,PertAdapt,adapted,0.18436869538152056,predictions/C2/C2_LODO__PertAdapt__C2_lodo_D370.npz
T2,T2,C2,donor/Soskic,donor (LODO),donor,D371,PertAdapt,PertAdapt,adapted,0.13740737201783437,predictions/C2/C2_LODO__PertAdapt__C2_lodo_D371.npz
T2,T2,C2,donor/Soskic,donor (LODO),donor,D372,PertAdapt,PertAdapt,adapted,0.09625913437926442,predictions/C2/C2_LODO__PertAdapt__C2_lodo_D372.npz
T2,T2,C2,donor/Soskic,donor (LODO),donor,D373,PertAdapt,PertAdapt,adapted,0.11167604556437621,predictions/C2/C2_LODO__PertAdapt__C2_lodo_D373.npz
T2,T2,C2,donor/Soskic,donor (LODO),donor,D374,PertAdapt,PertAdapt,adapted,0.07498020233984473,predictions/C2/C2_LODO__PertAdapt__C2_lodo_D374.npz
T2,T2,C2,donor/Soskic,donor (LODO),donor,D378,PertAdapt,PertAdapt,adapted,0.2528241160062525,predictions/C2/C2_LODO__PertAdapt__C2_lodo_D378.npz
T2,T2,C2,donor/Soskic,donor (LODO),donor,D379,PertAdapt,PertAdapt,adapted,0.07576573146969787,predictions/C2/C2_LODO__PertAdapt__C2_lodo_D379.npz
T2,T2,C2,donor/Soskic,donor (LODO),donor,D380,PertAdapt,PertAdapt,adapted,0.1714933519234548,predictions/C2/C2_LODO__PertAdapt__C2_lodo_D380.npz
T2,T2,C2,donor/Soskic,donor (LODO),donor,D381,PertAdapt,PertAdapt,adapted,0.2051683112495439,predictions/C2/C2_LODO__PertAdapt__C2_lodo_D381.npz
T2,T2,C2,donor/Soskic,donor (LODO),donor,D382,PertAdapt,PertAdapt,adapted,0.11073058274763792,predictions/C2/C2_LODO__PertAdapt__C2_lodo_D382.npz
T2,T2,C2,donor/Soskic,donor (LODO),donor,D383,PertAdapt,PertAdapt,adapted,0.2038584864735981,predictions/C2/C2_LODO__PertAdapt__C2_lodo_D383.npz
T2,T2,C2,donor/Soskic,donor (LODO),donor,D387,PertAdapt,PertAdapt,adapted,0.3347762372664739,predictions/C2/C2_LODO__PertAdapt__C2_lodo_D387.npz
T2,T2,C2,donor/Soskic,donor (LODO),donor,D388,PertAdapt,PertAdapt,adapted,0.3342256320127473,predictions/C2/C2_LODO__PertAdapt__C2_lodo_D388.npz
T2,T2,C2,donor/Soskic,donor (LODO),donor,D389,PertAdapt,PertAdapt,adapted,0.15082365669009767,predictions/C2/C2_LODO__PertAdapt__C2_lodo_D389.npz
T2,T2,C2,donor/Soskic,donor (LODO),donor,D390,PertAdapt,PertAdapt,adapted,0.23239566855943253,predictions/C2/C2_LODO__PertAdapt__C2_lodo_D390.npz
T2,T2,C2,donor/Soskic,donor (LODO),donor,D391,PertAdapt,PertAdapt,adapted,0.36226196537850386,predictions/C2/C2_LODO__PertAdapt__C2_lodo_D391.npz
T2,T2,C2,donor/Soskic,donor (LODO),donor,D392,PertAdapt,PertAdapt,adapted,0.24162935192264268,predictions/C2/C2_LODO__PertAdapt__C2_lodo_D392.npz
T2,T2,C2,donor/Soskic,donor (LODO),donor,D393,PertAdapt,PertAdapt,adapted,0.2155998413347756,predictions/C2/C2_LODO__PertAdapt__C2_lodo_D393.npz
T2,T2,C2,donor/Soskic,donor (LODO),donor,D394,PertAdapt,PertAdapt,adapted,0.2441854962415534,predictions/C2/C2_LODO__PertAdapt__C2_lodo_D394.npz
T2,T2,C2,donor/Soskic,donor (LODO),donor,D395,PertAdapt,PertAdapt,adapted,0.20060998209528147,predictions/C2/C2_LODO__PertAdapt__C2_lodo_D395.npz
T2,T2,C2,donor/Soskic,donor (LODO),donor,D396,PertAdapt,PertAdapt,adapted,0.26480866150948135,predictions/C2/C2_LODO__PertAdapt__C2_lodo_D396.npz
T2,T2,C2,donor/Soskic,donor (LODO),donor,D397,PertAdapt,PertAdapt,adapted,0.20124948682649932,predictions/C2/C2_LODO__PertAdapt__C2_lodo_D397.npz
T2,T2,C2,donor/Soskic,donor (LODO),donor,D398,PertAdapt,PertAdapt,adapted,0.11740842183651251,predictions/C2/C2_LODO__PertAdapt__C2_lodo_D398.npz
T2,T2,C2,donor/Soskic,donor (LODO),donor,D405,PertAdapt,PertAdapt,adapted,0.24770596549171792,predictions/C2/C2_LODO__PertAdapt__C2_lodo_D405.npz
T2,T2,C2,donor/Soskic,donor (LODO),donor,D406,PertAdapt,PertAdapt,adapted,0.2548469215977417,predictions/C2/C2_LODO__PertAdapt__C2_lodo_D406.npz
T2,T2,C2,donor/Soskic,donor (LODO),donor,D407,PertAdapt,PertAdapt,adapted,0.1786298706445056,predictions/C2/C2_LODO__PertAdapt__C2_lodo_D407.npz
T2,T2,C2,donor/Soskic,donor (LODO),donor,D408,PertAdapt,PertAdapt,adapted,0.1788512986085299,predictions/C2/C2_LODO__PertAdapt__C2_lodo_D408.npz
T2,T2,C2,donor/Soskic,donor (LODO),donor,D409,PertAdapt,PertAdapt,adapted,0.16723974025425103,predictions/C2/C2_LODO__PertAdapt__C2_lodo_D409.npz
T2,T2,C2,donor/Soskic,donor (LODO),donor,D410,PertAdapt,PertAdapt,adapted,0.3102805976339299,predictions/C2/C2_LODO__PertAdapt__C2_lodo_D410.npz
T2,T2,C2,donor/Soskic,donor (LODO),donor,D411,PertAdapt,PertAdapt,adapted,0.2073286786379028,predictions/C2/C2_LODO__PertAdapt__C2_lodo_D411.npz
T2,T2,C2,donor/Soskic,donor (LODO),donor,D412,PertAdapt,PertAdapt,adapted,0.34405549762841003,predictions/C2/C2_LODO__PertAdapt__C2_lodo_D412.npz
T2,T2,C2,donor/Soskic,donor (LODO),donor,D413,PertAdapt,PertAdapt,adapted,0.11069956563025395,predictions/C2/C2_LODO__PertAdapt__C2_lodo_D413.npz
T2,T2,C2,donor/Soskic,donor (LODO),donor,D414,PertAdapt,PertAdapt,adapted,0.17318780352953006,predictions/C2/C2_LODO__PertAdapt__C2_lodo_D414.npz
T2,T2,C2,donor/Soskic,donor (LODO),donor,D415,PertAdapt,PertAdapt,adapted,0.15376244903657377,predictions/C2/C2_LODO__PertAdapt__C2_lodo_D415.npz
T2,T2,C2,donor/Soskic,donor (LODO),donor,D416,PertAdapt,PertAdapt,adapted,0.19289734430409883,predictions/C2/C2_LODO__PertAdapt__C2_lodo_D416.npz
T2,T2,C2,donor/Soskic,donor (LODO),donor,D417,PertAdapt,PertAdapt,adapted,0.09699659924544404,predictions/C2/C2_LODO__PertAdapt__C2_lodo_D417.npz
T2,T2,C2,donor/Soskic,donor (LODO),donor,D418,PertAdapt,PertAdapt,adapted,0.27285263753953126,predictions/C2/C2_LODO__PertAdapt__C2_lodo_D418.npz
T2,T2,C2,donor/Soskic,donor (LODO),donor,D419,PertAdapt,PertAdapt,adapted,0.13223314056942043,predictions/C2/C2_LODO__PertAdapt__C2_lodo_D419.npz
T2,T2,C2,donor/Soskic,donor (LODO),donor,D420,PertAdapt,PertAdapt,adapted,0.2337362808448915,predictions/C2/C2_LODO__PertAdapt__C2_lodo_D420.npz
T2,T2,C2,donor/Soskic,donor (LODO),donor,D421,PertAdapt,PertAdapt,adapted,0.08104752246952039,predictions/C2/C2_LODO__PertAdapt__C2_lodo_D421.npz
T2,T2,C2,donor/Soskic,donor (LODO),donor,D422,PertAdapt,PertAdapt,adapted,0.1618879382309271,predictions/C2/C2_LODO__PertAdapt__C2_lodo_D422.npz
T2,T2,C2,donor/Soskic,donor (LODO),donor,D423,PertAdapt,PertAdapt,adapted,0.27387034647208636,predictions/C2/C2_LODO__PertAdapt__C2_lodo_D423.npz
T2,T2,C2,donor/Soskic,donor (LODO),donor,D424,PertAdapt,PertAdapt,adapted,0.11007136882550647,predictions/C2/C2_LODO__PertAdapt__C2_lodo_D424.npz
T2,T2,C2,donor/Soskic,donor (LODO),donor,D425,PertAdapt,PertAdapt,adapted,0.056241189209977546,predictions/C2/C2_LODO__PertAdapt__C2_lodo_D425.npz
T2,T2,C2,donor/Soskic,donor (LODO),donor,D426,PertAdapt,PertAdapt,adapted,0.23976519791549383,predictions/C2/C2_LODO__PertAdapt__C2_lodo_D426.npz
T2,T2,C2,donor/Soskic,donor (LODO),donor,D427,PertAdapt,PertAdapt,adapted,0.17583109269206193,predictions/C2/C2_LODO__PertAdapt__C2_lodo_D427.npz
T2,T2,C2,donor/Soskic,donor (LODO),donor,D428,PertAdapt,PertAdapt,adapted,0.130402556028812,predictions/C2/C2_LODO__PertAdapt__C2_lodo_D428.npz
T2,T2,C2,donor/Soskic,donor (LODO),donor,D429,PertAdapt,PertAdapt,adapted,0.13670129374621748,predictions/C2/C2_LODO__PertAdapt__C2_lodo_D429.npz
T2,T2,C2,donor/Soskic,donor (LODO),donor,D430,PertAdapt,PertAdapt,adapted,0.2828889681212619,predictions/C2/C2_LODO__PertAdapt__C2_lodo_D430.npz
T2,T2,C2,donor/Soskic,donor (LODO),donor,D431,PertAdapt,PertAdapt,adapted,0.17143018952170022,predictions/C2/C2_LODO__PertAdapt__C2_lodo_D431.npz
T2,T2,C2,donor/Soskic,donor (LODO),donor,D432,PertAdapt,PertAdapt,adapted,0.1941868444465048,predictions/C2/C2_LODO__PertAdapt__C2_lodo_D432.npz
T2,T2,C2,donor/Soskic,donor (LODO),donor,D433,PertAdapt,PertAdapt,adapted,0.2655457602317039,predictions/C2/C2_LODO__PertAdapt__C2_lodo_D433.npz
T2,T2,C2,donor/Soskic,donor (LODO),donor,D434,PertAdapt,PertAdapt,adapted,0.16562284160214188,predictions/C2/C2_LODO__PertAdapt__C2_lodo_D434.npz
T2,T2,C2,donor/Soskic,donor (LODO),donor,D435,PertAdapt,PertAdapt,adapted,0.22147840493977333,predictions/C2/C2_LODO__PertAdapt__C2_lodo_D435.npz
T2,T2,C2,donor/Soskic,donor (LODO),donor,D436,PertAdapt,PertAdapt,adapted,0.24392274621513443,predictions/C2/C2_LODO__PertAdapt__C2_lodo_D436.npz
T2,T2,C2,donor/Soskic,donor (LODO),donor,D439,PertAdapt,PertAdapt,adapted,0.1373587849335547,predictions/C2/C2_LODO__PertAdapt__C2_lodo_D439.npz
T2,T2,C2,donor/Soskic,donor (LODO),donor,D440,PertAdapt,PertAdapt,adapted,0.2250405710269311,predictions/C2/C2_LODO__PertAdapt__C2_lodo_D440.npz
T2,T2,C2,donor/Soskic,donor (LODO),donor,D441,PertAdapt,PertAdapt,adapted,0.23339881280445404,predictions/C2/C2_LODO__PertAdapt__C2_lodo_D441.npz
T2,T2,C2,donor/Soskic,donor (LODO),donor,D442,PertAdapt,PertAdapt,adapted,0.28515989009835124,predictions/C2/C2_LODO__PertAdapt__C2_lodo_D442.npz
T2,T2,C2,donor/Soskic,donor (LODO),donor,D443,PertAdapt,PertAdapt,adapted,0.1580012716270941,predictions/C2/C2_LODO__PertAdapt__C2_lodo_D443.npz
T2,T2,C2,donor/Soskic,donor (LODO),donor,D445,PertAdapt,PertAdapt,adapted,0.2334992692800193,predictions/C2/C2_LODO__PertAdapt__C2_lodo_D445.npz
T2,T2,C2,donor/Soskic,donor (LODO),donor,D446,PertAdapt,PertAdapt,adapted,0.1408908450759714,predictions/C2/C2_LODO__PertAdapt__C2_lodo_D446.npz
T2,T2,C2,donor/Soskic,donor (LODO),donor,D447,PertAdapt,PertAdapt,adapted,0.2228427335657187,predictions/C2/C2_LODO__PertAdapt__C2_lodo_D447.npz
T2,T2,C2,donor/Soskic,donor (LODO),donor,D448,PertAdapt,PertAdapt,adapted,0.2420639138490837,predictions/C2/C2_LODO__PertAdapt__C2_lodo_D448.npz
T2,T2,C2,donor/Soskic,donor (LODO),donor,D449,PertAdapt,PertAdapt,adapted,0.2931327360825645,predictions/C2/C2_LODO__PertAdapt__C2_lodo_D449.npz
T2,T2,C2,donor/Soskic,donor (LODO),donor,D450,PertAdapt,PertAdapt,adapted,0.28718516757083085,predictions/C2/C2_LODO__PertAdapt__C2_lodo_D450.npz
T2,T2,C2,donor/Soskic,donor (LODO),donor,D451,PertAdapt,PertAdapt,adapted,0.4845552271645765,predictions/C2/C2_LODO__PertAdapt__C2_lodo_D451.npz
T2,T2,C2,donor/Soskic,donor (LODO),donor,D452,PertAdapt,PertAdapt,adapted,0.2290794040307048,predictions/C2/C2_LODO__PertAdapt__C2_lodo_D452.npz
T2,T2,C2,donor/Soskic,donor (LODO),donor,D453,PertAdapt,PertAdapt,adapted,0.19428855830785147,predictions/C2/C2_LODO__PertAdapt__C2_lodo_D453.npz
T2,T2,C2,donor/Soskic,donor (LODO),donor,D454,PertAdapt,PertAdapt,adapted,0.357459734912413,predictions/C2/C2_LODO__PertAdapt__C2_lodo_D454.npz
T2,T2,C2,donor/Soskic,donor (LODO),donor,D455,PertAdapt,PertAdapt,adapted,0.23834583410041482,predictions/C2/C2_LODO__PertAdapt__C2_lodo_D455.npz
T2,T2,C2,donor/Soskic,donor (LODO),donor,D456,PertAdapt,PertAdapt,adapted,0.25869153315099025,predictions/C2/C2_LODO__PertAdapt__C2_lodo_D456.npz
T2,T2,C2,donor/Soskic,donor (LODO),donor,D457,PertAdapt,PertAdapt,adapted,0.16946290172341782,predictions/C2/C2_LODO__PertAdapt__C2_lodo_D457.npz
T2,T2,C2,donor/Soskic,donor (LODO),donor,D458,PertAdapt,PertAdapt,adapted,0.1978380187161142,predictions/C2/C2_LODO__PertAdapt__C2_lodo_D458.npz
T2,T2,C2,donor/Soskic,donor (LODO),donor,D459,PertAdapt,PertAdapt,adapted,0.34066641324301344,predictions/C2/C2_LODO__PertAdapt__C2_lodo_D459.npz
T2,T2,C2,donor/Soskic,donor (LODO),donor,D460,PertAdapt,PertAdapt,adapted,0.30121188246758024,predictions/C2/C2_LODO__PertAdapt__C2_lodo_D460.npz
T2,T2,C2,donor/Soskic,donor (LODO),donor,D461,PertAdapt,PertAdapt,adapted,0.34669791493130175,predictions/C2/C2_LODO__PertAdapt__C2_lodo_D461.npz
T2,T2,C2,donor/Soskic,donor (LODO),donor,D462,PertAdapt,PertAdapt,adapted,0.1986103863069152,predictions/C2/C2_LODO__PertAdapt__C2_lodo_D462.npz
T2,T2,C2,donor/Soskic,donor (LODO),donor,D463,PertAdapt,PertAdapt,adapted,0.36081453576605704,predictions/C2/C2_LODO__PertAdapt__C2_lodo_D463.npz
T2,T2,C2,donor/Soskic,donor (LODO),donor,D464,PertAdapt,PertAdapt,adapted,0.46282561445365633,predictions/C2/C2_LODO__PertAdapt__C2_lodo_D464.npz
T2,T2,C2,donor/Soskic,donor (LODO),donor,D465,PertAdapt,PertAdapt,adapted,0.3843616081949965,predictions/C2/C2_LODO__PertAdapt__C2_lodo_D465.npz
T2,T2,C2,donor/Soskic,donor (LODO),donor,D466,PertAdapt,PertAdapt,adapted,0.24785216444701633,predictions/C2/C2_LODO__PertAdapt__C2_lodo_D466.npz
T2,T2,C2,donor/Soskic,donor (LODO),donor,D481,PertAdapt,PertAdapt,adapted,0.26095238683184074,predictions/C2/C2_LODO__PertAdapt__C2_lodo_D481.npz
T2,T2,C2,donor/Soskic,donor (LODO),donor,D482,PertAdapt,PertAdapt,adapted,0.29064353764447287,predictions/C2/C2_LODO__PertAdapt__C2_lodo_D482.npz
T2,T2,C2,donor/Soskic,donor (LODO),donor,D483,PertAdapt,PertAdapt,adapted,0.28207407357415526,predictions/C2/C2_LODO__PertAdapt__C2_lodo_D483.npz
T2,T2,C2,donor/Soskic,donor (LODO),donor,D484,PertAdapt,PertAdapt,adapted,0.2099835197261638,predictions/C2/C2_LODO__PertAdapt__C2_lodo_D484.npz
T2,T2,C2,donor/Soskic,donor (LODO),donor,D485,PertAdapt,PertAdapt,adapted,0.12969222881488904,predictions/C2/C2_LODO__PertAdapt__C2_lodo_D485.npz
T2,T2,C2,donor/Soskic,donor (LODO),donor,D348,STATE,STATE,native,0.17152723085676247,predictions/C2/C2__STATE__C2_soskic_LODO_D348.npz
T2,T2,C2,donor/Soskic,donor (LODO),donor,D349,STATE,STATE,native,0.22317253527790404,predictions/C2/C2__STATE__C2_soskic_LODO_D349.npz
T2,T2,C2,donor/Soskic,donor (LODO),donor,D350,STATE,STATE,native,0.13831743755519987,predictions/C2/C2__STATE__C2_soskic_LODO_D350.npz
T2,T2,C2,donor/Soskic,donor (LODO),donor,D351,STATE,STATE,native,0.12409844958445873,predictions/C2/C2__STATE__C2_soskic_LODO_D351.npz
T2,T2,C2,donor/Soskic,donor (LODO),donor,D352,STATE,STATE,native,0.22398048991759706,predictions/C2/C2__STATE__C2_soskic_LODO_D352.npz
T2,T2,C2,donor/Soskic,donor (LODO),donor,D353,STATE,STATE,native,0.19335403518192895,predictions/C2/C2__STATE__C2_soskic_LODO_D353.npz
T2,T2,C2,donor/Soskic,donor (LODO),donor,D354,STATE,STATE,native,0.17898099638539888,predictions/C2/C2__STATE__C2_soskic_LODO_D354.npz
T2,T2,C2,donor/Soskic,donor (LODO),donor,D355,STATE,STATE,native,0.3979774793305937,predictions/C2/C2__STATE__C2_soskic_LODO_D355.npz
T2,T2,C2,donor/Soskic,donor (LODO),donor,D356,STATE,STATE,native,0.22262154900129413,predictions/C2/C2__STATE__C2_soskic_LODO_D356.npz
T2,T2,C2,donor/Soskic,donor (LODO),donor,D357,STATE,STATE,native,0.2713500859204529,predictions/C2/C2__STATE__C2_soskic_LODO_D357.npz
T2,T2,C2,donor/Soskic,donor (LODO),donor,D358,STATE,STATE,native,0.26080763295769194,predictions/C2/C2__STATE__C2_soskic_LODO_D358.npz
T2,T2,C2,donor/Soskic,donor (LODO),donor,D359,STATE,STATE,native,0.2810036396038525,predictions/C2/C2__STATE__C2_soskic_LODO_D359.npz
T2,T2,C2,donor/Soskic,donor (LODO),donor,D363,STATE,STATE,native,0.17705279852074157,predictions/C2/C2__STATE__C2_soskic_LODO_D363.npz
T2,T2,C2,donor/Soskic,donor (LODO),donor,D364,STATE,STATE,native,0.20560020446028293,predictions/C2/C2__STATE__C2_soskic_LODO_D364.npz
T2,T2,C2,donor/Soskic,donor (LODO),donor,D365,STATE,STATE,native,0.20530345795376478,predictions/C2/C2__STATE__C2_soskic_LODO_D365.npz
T2,T2,C2,donor/Soskic,donor (LODO),donor,D366,STATE,STATE,native,0.13858320754439446,predictions/C2/C2__STATE__C2_soskic_LODO_D366.npz
T2,T2,C2,donor/Soskic,donor (LODO),donor,D367,STATE,STATE,native,0.21082087085422893,predictions/C2/C2__STATE__C2_soskic_LODO_D367.npz
T2,T2,C2,donor/Soskic,donor (LODO),donor,D368,STATE,STATE,native,0.1455960970368941,predictions/C2/C2__STATE__C2_soskic_LODO_D368.npz
T2,T2,C2,donor/Soskic,donor (LODO),donor,D369,STATE,STATE,native,0.15421661750351612,predictions/C2/C2__STATE__C2_soskic_LODO_D369.npz
T2,T2,C2,donor/Soskic,donor (LODO),donor,D370,STATE,STATE,native,0.08214266815952619,predictions/C2/C2__STATE__C2_soskic_LODO_D370.npz
T2,T2,C2,donor/Soskic,donor (LODO),donor,D371,STATE,STATE,native,0.119307948891676,predictions/C2/C2__STATE__C2_soskic_LODO_D371.npz
T2,T2,C2,donor/Soskic,donor (LODO),donor,D372,STATE,STATE,native,0.15997965103017392,predictions/C2/C2__STATE__C2_soskic_LODO_D372.npz
T2,T2,C2,donor/Soskic,donor (LODO),donor,D373,STATE,STATE,native,0.08065798033108418,predictions/C2/C2__STATE__C2_soskic_LODO_D373.npz
T2,T2,C2,donor/Soskic,donor (LODO),donor,D374,STATE,STATE,native,0.1425582314985946,predictions/C2/C2__STATE__C2_soskic_LODO_D374.npz
T2,T2,C2,donor/Soskic,donor (LODO),donor,D378,STATE,STATE,native,0.15950729858940219,predictions/C2/C2__STATE__C2_soskic_LODO_D378.npz
T2,T2,C2,donor/Soskic,donor (LODO),donor,D379,STATE,STATE,native,0.09416163878118489,predictions/C2/C2__STATE__C2_soskic_LODO_D379.npz
T2,T2,C2,donor/Soskic,donor (LODO),donor,D380,STATE,STATE,native,0.0927060582257832,predictions/C2/C2__STATE__C2_soskic_LODO_D380.npz
T2,T2,C2,donor/Soskic,donor (LODO),donor,D381,STATE,STATE,native,0.1442800332561491,predictions/C2/C2__STATE__C2_soskic_LODO_D381.npz
T2,T2,C2,donor/Soskic,donor (LODO),donor,D382,STATE,STATE,native,0.13483703409898562,predictions/C2/C2__STATE__C2_soskic_LODO_D382.npz
T2,T2,C2,donor/Soskic,donor (LODO),donor,D383,STATE,STATE,native,0.19695944648243496,predictions/C2/C2__STATE__C2_soskic_LODO_D383.npz
T2,T2,C2,donor/Soskic,donor (LODO),donor,D387,STATE,STATE,native,0.22518584865426958,predictions/C2/C2__STATE__C2_soskic_LODO_D387.npz
T2,T2,C2,donor/Soskic,donor (LODO),donor,D388,STATE,STATE,native,0.276680602196993,predictions/C2/C2__STATE__C2_soskic_LODO_D388.npz
T2,T2,C2,donor/Soskic,donor (LODO),donor,D389,STATE,STATE,native,0.14606142464438884,predictions/C2/C2__STATE__C2_soskic_LODO_D389.npz
T2,T2,C2,donor/Soskic,donor (LODO),donor,D390,STATE,STATE,native,0.19511350970198577,predictions/C2/C2__STATE__C2_soskic_LODO_D390.npz
T2,T2,C2,donor/Soskic,donor (LODO),donor,D391,STATE,STATE,native,0.2244396749601999,predictions/C2/C2__STATE__C2_soskic_LODO_D391.npz
T2,T2,C2,donor/Soskic,donor (LODO),donor,D392,STATE,STATE,native,0.22675357408868335,predictions/C2/C2__STATE__C2_soskic_LODO_D392.npz
T2,T2,C2,donor/Soskic,donor (LODO),donor,D393,STATE,STATE,native,0.17563680696422504,predictions/C2/C2__STATE__C2_soskic_LODO_D393.npz
T2,T2,C2,donor/Soskic,donor (LODO),donor,D394,STATE,STATE,native,0.13388920915785035,predictions/C2/C2__STATE__C2_soskic_LODO_D394.npz
T2,T2,C2,donor/Soskic,donor (LODO),donor,D395,STATE,STATE,native,0.14367403497257622,predictions/C2/C2__STATE__C2_soskic_LODO_D395.npz
T2,T2,C2,donor/Soskic,donor (LODO),donor,D396,STATE,STATE,native,0.21717723736094807,predictions/C2/C2__STATE__C2_soskic_LODO_D396.npz
T2,T2,C2,donor/Soskic,donor (LODO),donor,D397,STATE,STATE,native,0.15392762586397685,predictions/C2/C2__STATE__C2_soskic_LODO_D397.npz
T2,T2,C2,donor/Soskic,donor (LODO),donor,D398,STATE,STATE,native,0.26964641743081075,predictions/C2/C2__STATE__C2_soskic_LODO_D398.npz
T2,T2,C2,donor/Soskic,donor (LODO),donor,D405,STATE,STATE,native,0.16485853533608946,predictions/C2/C2__STATE__C2_soskic_LODO_D405.npz
T2,T2,C2,donor/Soskic,donor (LODO),donor,D406,STATE,STATE,native,0.16972924776376103,predictions/C2/C2__STATE__C2_soskic_LODO_D406.npz
T2,T2,C2,donor/Soskic,donor (LODO),donor,D407,STATE,STATE,native,0.1965085971073603,predictions/C2/C2__STATE__C2_soskic_LODO_D407.npz
T2,T2,C2,donor/Soskic,donor (LODO),donor,D408,STATE,STATE,native,0.1527814570614254,predictions/C2/C2__STATE__C2_soskic_LODO_D408.npz
T2,T2,C2,donor/Soskic,donor (LODO),donor,D409,STATE,STATE,native,0.17287091792192674,predictions/C2/C2__STATE__C2_soskic_LODO_D409.npz
T2,T2,C2,donor/Soskic,donor (LODO),donor,D410,STATE,STATE,native,0.23996450891834073,predictions/C2/C2__STATE__C2_soskic_LODO_D410.npz
T2,T2,C2,donor/Soskic,donor (LODO),donor,D411,STATE,STATE,native,0.10305031065457866,predictions/C2/C2__STATE__C2_soskic_LODO_D411.npz
T2,T2,C2,donor/Soskic,donor (LODO),donor,D412,STATE,STATE,native,0.1256968763252893,predictions/C2/C2__STATE__C2_soskic_LODO_D412.npz
T2,T2,C2,donor/Soskic,donor (LODO),donor,D413,STATE,STATE,native,0.15046103769495167,predictions/C2/C2__STATE__C2_soskic_LODO_D413.npz
T2,T2,C2,donor/Soskic,donor (LODO),donor,D414,STATE,STATE,native,0.11757897603987347,predictions/C2/C2__STATE__C2_soskic_LODO_D414.npz
T2,T2,C2,donor/Soskic,donor (LODO),donor,D415,STATE,STATE,native,0.20701369502384634,predictions/C2/C2__STATE__C2_soskic_LODO_D415.npz
T2,T2,C2,donor/Soskic,donor (LODO),donor,D416,STATE,STATE,native,0.1189549196511572,predictions/C2/C2__STATE__C2_soskic_LODO_D416.npz
T2,T2,C2,donor/Soskic,donor (LODO),donor,D417,STATE,STATE,native,0.10715346282307656,predictions/C2/C2__STATE__C2_soskic_LODO_D417.npz
T2,T2,C2,donor/Soskic,donor (LODO),donor,D418,STATE,STATE,native,0.16607635510992924,predictions/C2/C2__STATE__C2_soskic_LODO_D418.npz
T2,T2,C2,donor/Soskic,donor (LODO),donor,D419,STATE,STATE,native,0.12738463355913304,predictions/C2/C2__STATE__C2_soskic_LODO_D419.npz
T2,T2,C2,donor/Soskic,donor (LODO),donor,D420,STATE,STATE,native,0.238722331387473,predictions/C2/C2__STATE__C2_soskic_LODO_D420.npz
T2,T2,C2,donor/Soskic,donor (LODO),donor,D421,STATE,STATE,native,0.16397604044548028,predictions/C2/C2__STATE__C2_soskic_LODO_D421.npz
T2,T2,C2,donor/Soskic,donor (LODO),donor,D422,STATE,STATE,native,-0.020277024911215313,predictions/C2/C2__STATE__C2_soskic_LODO_D422.npz
T2,T2,C2,donor/Soskic,donor (LODO),donor,D423,STATE,STATE,native,0.010043763797954965,predictions/C2/C2__STATE__C2_soskic_LODO_D423.npz
T2,T2,C2,donor/Soskic,donor (LODO),donor,D424,STATE,STATE,native,0.042492971116169065,predictions/C2/C2__STATE__C2_soskic_LODO_D424.npz
T2,T2,C2,donor/Soskic,donor (LODO),donor,D425,STATE,STATE,native,0.08313307328113284,predictions/C2/C2__STATE__C2_soskic_LODO_D425.npz
T2,T2,C2,donor/Soskic,donor (LODO),donor,D426,STATE,STATE,native,0.16630279358636582,predictions/C2/C2__STATE__C2_soskic_LODO_D426.npz
T2,T2,C2,donor/Soskic,donor (LODO),donor,D427,STATE,STATE,native,0.12168929159769637,predictions/C2/C2__STATE__C2_soskic_LODO_D427.npz
T2,T2,C2,donor/Soskic,donor (LODO),donor,D428,STATE,STATE,native,0.18182004040470534,predictions/C2/C2__STATE__C2_soskic_LODO_D428.npz
T2,T2,C2,donor/Soskic,donor (LODO),donor,D429,STATE,STATE,native,0.12098956180139672,predictions/C2/C2__STATE__C2_soskic_LODO_D429.npz
T2,T2,C2,donor/Soskic,donor (LODO),donor,D430,STATE,STATE,native,0.3159378554763128,predictions/C2/C2__STATE__C2_soskic_LODO_D430.npz
T2,T2,C2,donor/Soskic,donor (LODO),donor,D431,STATE,STATE,native,0.1332049966788958,predictions/C2/C2__STATE__C2_soskic_LODO_D431.npz
T2,T2,C2,donor/Soskic,donor (LODO),donor,D432,STATE,STATE,native,0.20513103994675447,predictions/C2/C2__STATE__C2_soskic_LODO_D432.npz
T2,T2,C2,donor/Soskic,donor (LODO),donor,D433,STATE,STATE,native,0.18565573729302876,predictions/C2/C2__STATE__C2_soskic_LODO_D433.npz
T2,T2,C2,donor/Soskic,donor (LODO),donor,D434,STATE,STATE,native,0.15771331150219103,predictions/C2/C2__STATE__C2_soskic_LODO_D434.npz
T2,T2,C2,donor/Soskic,donor (LODO),donor,D435,STATE,STATE,native,0.13588762385907893,predictions/C2/C2__STATE__C2_soskic_LODO_D435.npz
T2,T2,C2,donor/Soskic,donor (LODO),donor,D436,STATE,STATE,native,0.15404183202925073,predictions/C2/C2__STATE__C2_soskic_LODO_D436.npz
T2,T2,C2,donor/Soskic,donor (LODO),donor,D439,STATE,STATE,native,0.18380305294571744,predictions/C2/C2__STATE__C2_soskic_LODO_D439.npz
T2,T2,C2,donor/Soskic,donor (LODO),donor,D440,STATE,STATE,native,0.15406043423091523,predictions/C2/C2__STATE__C2_soskic_LODO_D440.npz
T2,T2,C2,donor/Soskic,donor (LODO),donor,D441,STATE,STATE,native,0.14741664521982145,predictions/C2/C2__STATE__C2_soskic_LODO_D441.npz
T2,T2,C2,donor/Soskic,donor (LODO),donor,D442,STATE,STATE,native,0.12602032284562978,predictions/C2/C2__STATE__C2_soskic_LODO_D442.npz
T2,T2,C2,donor/Soskic,donor (LODO),donor,D443,STATE,STATE,native,0.17379422274623477,predictions/C2/C2__STATE__C2_soskic_LODO_D443.npz
T2,T2,C2,donor/Soskic,donor (LODO),donor,D445,STATE,STATE,native,0.2529060410339629,predictions/C2/C2__STATE__C2_soskic_LODO_D445.npz
T2,T2,C2,donor/Soskic,donor (LODO),donor,D446,STATE,STATE,native,0.1810685458355516,predictions/C2/C2__STATE__C2_soskic_LODO_D446.npz
T2,T2,C2,donor/Soskic,donor (LODO),donor,D447,STATE,STATE,native,0.19923474284193854,predictions/C2/C2__STATE__C2_soskic_LODO_D447.npz
T2,T2,C2,donor/Soskic,donor (LODO),donor,D448,STATE,STATE,native,0.24252306895178533,predictions/C2/C2__STATE__C2_soskic_LODO_D448.npz
T2,T2,C2,donor/Soskic,donor (LODO),donor,D449,STATE,STATE,native,0.2036023485163201,predictions/C2/C2__STATE__C2_soskic_LODO_D449.npz
T2,T2,C2,donor/Soskic,donor (LODO),donor,D450,STATE,STATE,native,0.2255510239900289,predictions/C2/C2__STATE__C2_soskic_LODO_D450.npz
T2,T2,C2,donor/Soskic,donor (LODO),donor,D451,STATE,STATE,native,0.4249587457113794,predictions/C2/C2__STATE__C2_soskic_LODO_D451.npz
T2,T2,C2,donor/Soskic,donor (LODO),donor,D452,STATE,STATE,native,0.21195365499559382,predictions/C2/C2__STATE__C2_soskic_LODO_D452.npz
T2,T2,C2,donor/Soskic,donor (LODO),donor,D453,STATE,STATE,native,0.2450468826654801,predictions/C2/C2__STATE__C2_soskic_LODO_D453.npz
T2,T2,C2,donor/Soskic,donor (LODO),donor,D454,STATE,STATE,native,0.43993494119881277,predictions/C2/C2__STATE__C2_soskic_LODO_D454.npz
T2,T2,C2,donor/Soskic,donor (LODO),donor,D455,STATE,STATE,native,0.11767288479791388,predictions/C2/C2__STATE__C2_soskic_LODO_D455.npz
T2,T2,C2,donor/Soskic,donor (LODO),donor,D456,STATE,STATE,native,0.16130100127001945,predictions/C2/C2__STATE__C2_soskic_LODO_D456.npz
T2,T2,C2,donor/Soskic,donor (LODO),donor,D457,STATE,STATE,native,0.1936447590101461,predictions/C2/C2__STATE__C2_soskic_LODO_D457.npz
T2,T2,C2,donor/Soskic,donor (LODO),donor,D458,STATE,STATE,native,0.1386375355906825,predictions/C2/C2__STATE__C2_soskic_LODO_D458.npz
T2,T2,C2,donor/Soskic,donor (LODO),donor,D459,STATE,STATE,native,0.3338631752158091,predictions/C2/C2__STATE__C2_soskic_LODO_D459.npz
T2,T2,C2,donor/Soskic,donor (LODO),donor,D460,STATE,STATE,native,0.20461030707848032,predictions/C2/C2__STATE__C2_soskic_LODO_D460.npz
T2,T2,C2,donor/Soskic,donor (LODO),donor,D461,STATE,STATE,native,0.2065437582408496,predictions/C2/C2__STATE__C2_soskic_LODO_D461.npz
T2,T2,C2,donor/Soskic,donor (LODO),donor,D462,STATE,STATE,native,0.20353033572649953,predictions/C2/C2__STATE__C2_soskic_LODO_D462.npz
T2,T2,C2,donor/Soskic,donor (LODO),donor,D463,STATE,STATE,native,0.3228230453680938,predictions/C2/C2__STATE__C2_soskic_LODO_D463.npz
T2,T2,C2,donor/Soskic,donor (LODO),donor,D464,STATE,STATE,native,0.32245756810146803,predictions/C2/C2__STATE__C2_soskic_LODO_D464.npz
T2,T2,C2,donor/Soskic,donor (LODO),donor,D465,STATE,STATE,native,0.24031174717156206,predictions/C2/C2__STATE__C2_soskic_LODO_D465.npz
T2,T2,C2,donor/Soskic,donor (LODO),donor,D466,STATE,STATE,native,0.18755059942458918,predictions/C2/C2__STATE__C2_soskic_LODO_D466.npz
T2,T2,C2,donor/Soskic,donor (LODO),donor,D481,STATE,STATE,native,0.14586159538682109,predictions/C2/C2__STATE__C2_soskic_LODO_D481.npz
T2,T2,C2,donor/Soskic,donor (LODO),donor,D482,STATE,STATE,native,0.21535089667617197,predictions/C2/C2__STATE__C2_soskic_LODO_D482.npz
T2,T2,C2,donor/Soskic,donor (LODO),donor,D483,STATE,STATE,native,0.21939099774691828,predictions/C2/C2__STATE__C2_soskic_LODO_D483.npz
T2,T2,C2,donor/Soskic,donor (LODO),donor,D484,STATE,STATE,native,0.18755855471858296,predictions/C2/C2__STATE__C2_soskic_LODO_D484.npz
T2,T2,C2,donor/Soskic,donor (LODO),donor,D485,STATE,STATE,native,0.15295133356383914,predictions/C2/C2__STATE__C2_soskic_LODO_D485.npz
T2,T2,C2,donor/Soskic,donor (LODO),donor,D348,cell-mean,cell-mean,floor,0.24417475092198893,predictions/C2/C2_LODO__cell-mean__C2_lodo_D348.npz
T2,T2,C2,donor/Soskic,donor (LODO),donor,D349,cell-mean,cell-mean,floor,0.27321892817825033,predictions/C2/C2_LODO__cell-mean__C2_lodo_D349.npz
T2,T2,C2,donor/Soskic,donor (LODO),donor,D350,cell-mean,cell-mean,floor,0.17511813254000141,predictions/C2/C2_LODO__cell-mean__C2_lodo_D350.npz
T2,T2,C2,donor/Soskic,donor (LODO),donor,D351,cell-mean,cell-mean,floor,0.23397050731150068,predictions/C2/C2_LODO__cell-mean__C2_lodo_D351.npz
T2,T2,C2,donor/Soskic,donor (LODO),donor,D352,cell-mean,cell-mean,floor,0.2925191342455864,predictions/C2/C2_LODO__cell-mean__C2_lodo_D352.npz
T2,T2,C2,donor/Soskic,donor (LODO),donor,D353,cell-mean,cell-mean,floor,0.2891066532762289,predictions/C2/C2_LODO__cell-mean__C2_lodo_D353.npz
T2,T2,C2,donor/Soskic,donor (LODO),donor,D354,cell-mean,cell-mean,floor,0.26951397730816934,predictions/C2/C2_LODO__cell-mean__C2_lodo_D354.npz
T2,T2,C2,donor/Soskic,donor (LODO),donor,D355,cell-mean,cell-mean,floor,0.49098758487948857,predictions/C2/C2_LODO__cell-mean__C2_lodo_D355.npz
T2,T2,C2,donor/Soskic,donor (LODO),donor,D356,cell-mean,cell-mean,floor,0.2225103488467341,predictions/C2/C2_LODO__cell-mean__C2_lodo_D356.npz
T2,T2,C2,donor/Soskic,donor (LODO),donor,D357,cell-mean,cell-mean,floor,0.2985365780415677,predictions/C2/C2_LODO__cell-mean__C2_lodo_D357.npz
T2,T2,C2,donor/Soskic,donor (LODO),donor,D358,cell-mean,cell-mean,floor,0.36566253099951074,predictions/C2/C2_LODO__cell-mean__C2_lodo_D358.npz
T2,T2,C2,donor/Soskic,donor (LODO),donor,D359,cell-mean,cell-mean,floor,0.3758411328852042,predictions/C2/C2_LODO__cell-mean__C2_lodo_D359.npz
T2,T2,C2,donor/Soskic,donor (LODO),donor,D363,cell-mean,cell-mean,floor,0.2361320330657591,predictions/C2/C2_LODO__cell-mean__C2_lodo_D363.npz
T2,T2,C2,donor/Soskic,donor (LODO),donor,D364,cell-mean,cell-mean,floor,0.2335811150617798,predictions/C2/C2_LODO__cell-mean__C2_lodo_D364.npz
T2,T2,C2,donor/Soskic,donor (LODO),donor,D365,cell-mean,cell-mean,floor,0.2974897547972749,predictions/C2/C2_LODO__cell-mean__C2_lodo_D365.npz
T2,T2,C2,donor/Soskic,donor (LODO),donor,D366,cell-mean,cell-mean,floor,0.14238492382799897,predictions/C2/C2_LODO__cell-mean__C2_lodo_D366.npz
T2,T2,C2,donor/Soskic,donor (LODO),donor,D367,cell-mean,cell-mean,floor,0.32126121044524936,predictions/C2/C2_LODO__cell-mean__C2_lodo_D367.npz
T2,T2,C2,donor/Soskic,donor (LODO),donor,D368,cell-mean,cell-mean,floor,0.21836991542772316,predictions/C2/C2_LODO__cell-mean__C2_lodo_D368.npz
T2,T2,C2,donor/Soskic,donor (LODO),donor,D369,cell-mean,cell-mean,floor,0.266224448350845,predictions/C2/C2_LODO__cell-mean__C2_lodo_D369.npz
T2,T2,C2,donor/Soskic,donor (LODO),donor,D370,cell-mean,cell-mean,floor,0.22129789284048268,predictions/C2/C2_LODO__cell-mean__C2_lodo_D370.npz
T2,T2,C2,donor/Soskic,donor (LODO),donor,D371,cell-mean,cell-mean,floor,0.16717899204929298,predictions/C2/C2_LODO__cell-mean__C2_lodo_D371.npz
T2,T2,C2,donor/Soskic,donor (LODO),donor,D372,cell-mean,cell-mean,floor,0.17521081277500694,predictions/C2/C2_LODO__cell-mean__C2_lodo_D372.npz
T2,T2,C2,donor/Soskic,donor (LODO),donor,D373,cell-mean,cell-mean,floor,0.18021095255550304,predictions/C2/C2_LODO__cell-mean__C2_lodo_D373.npz
T2,T2,C2,donor/Soskic,donor (LODO),donor,D374,cell-mean,cell-mean,floor,0.1489415984945428,predictions/C2/C2_LODO__cell-mean__C2_lodo_D374.npz
T2,T2,C2,donor/Soskic,donor (LODO),donor,D378,cell-mean,cell-mean,floor,0.28856849349480795,predictions/C2/C2_LODO__cell-mean__C2_lodo_D378.npz
T2,T2,C2,donor/Soskic,donor (LODO),donor,D379,cell-mean,cell-mean,floor,0.09866254964410309,predictions/C2/C2_LODO__cell-mean__C2_lodo_D379.npz
T2,T2,C2,donor/Soskic,donor (LODO),donor,D380,cell-mean,cell-mean,floor,0.10553806660441226,predictions/C2/C2_LODO__cell-mean__C2_lodo_D380.npz
T2,T2,C2,donor/Soskic,donor (LODO),donor,D381,cell-mean,cell-mean,floor,0.21787882891973495,predictions/C2/C2_LODO__cell-mean__C2_lodo_D381.npz
T2,T2,C2,donor/Soskic,donor (LODO),donor,D382,cell-mean,cell-mean,floor,0.21271548699971735,predictions/C2/C2_LODO__cell-mean__C2_lodo_D382.npz
T2,T2,C2,donor/Soskic,donor (LODO),donor,D383,cell-mean,cell-mean,floor,0.2859697590829847,predictions/C2/C2_LODO__cell-mean__C2_lodo_D383.npz
T2,T2,C2,donor/Soskic,donor (LODO),donor,D387,cell-mean,cell-mean,floor,0.3916856218148439,predictions/C2/C2_LODO__cell-mean__C2_lodo_D387.npz
T2,T2,C2,donor/Soskic,donor (LODO),donor,D388,cell-mean,cell-mean,floor,0.34486100701151884,predictions/C2/C2_LODO__cell-mean__C2_lodo_D388.npz
T2,T2,C2,donor/Soskic,donor (LODO),donor,D389,cell-mean,cell-mean,floor,0.20565683764771436,predictions/C2/C2_LODO__cell-mean__C2_lodo_D389.npz
T2,T2,C2,donor/Soskic,donor (LODO),donor,D390,cell-mean,cell-mean,floor,0.23157823769404481,predictions/C2/C2_LODO__cell-mean__C2_lodo_D390.npz
T2,T2,C2,donor/Soskic,donor (LODO),donor,D391,cell-mean,cell-mean,floor,0.32788853092835235,predictions/C2/C2_LODO__cell-mean__C2_lodo_D391.npz
T2,T2,C2,donor/Soskic,donor (LODO),donor,D392,cell-mean,cell-mean,floor,0.2230272134714507,predictions/C2/C2_LODO__cell-mean__C2_lodo_D392.npz
T2,T2,C2,donor/Soskic,donor (LODO),donor,D393,cell-mean,cell-mean,floor,0.2640538174111438,predictions/C2/C2_LODO__cell-mean__C2_lodo_D393.npz
T2,T2,C2,donor/Soskic,donor (LODO),donor,D394,cell-mean,cell-mean,floor,0.3270740910689295,predictions/C2/C2_LODO__cell-mean__C2_lodo_D394.npz
T2,T2,C2,donor/Soskic,donor (LODO),donor,D395,cell-mean,cell-mean,floor,0.3016005481649181,predictions/C2/C2_LODO__cell-mean__C2_lodo_D395.npz
T2,T2,C2,donor/Soskic,donor (LODO),donor,D396,cell-mean,cell-mean,floor,0.27278128722339295,predictions/C2/C2_LODO__cell-mean__C2_lodo_D396.npz
T2,T2,C2,donor/Soskic,donor (LODO),donor,D397,cell-mean,cell-mean,floor,0.31533310605811427,predictions/C2/C2_LODO__cell-mean__C2_lodo_D397.npz
T2,T2,C2,donor/Soskic,donor (LODO),donor,D398,cell-mean,cell-mean,floor,0.2944595726080601,predictions/C2/C2_LODO__cell-mean__C2_lodo_D398.npz
T2,T2,C2,donor/Soskic,donor (LODO),donor,D405,cell-mean,cell-mean,floor,0.2526835270891299,predictions/C2/C2_LODO__cell-mean__C2_lodo_D405.npz
T2,T2,C2,donor/Soskic,donor (LODO),donor,D406,cell-mean,cell-mean,floor,0.31313799198550285,predictions/C2/C2_LODO__cell-mean__C2_lodo_D406.npz
T2,T2,C2,donor/Soskic,donor (LODO),donor,D407,cell-mean,cell-mean,floor,0.25022693638265725,predictions/C2/C2_LODO__cell-mean__C2_lodo_D407.npz
T2,T2,C2,donor/Soskic,donor (LODO),donor,D408,cell-mean,cell-mean,floor,0.12969974804712917,predictions/C2/C2_LODO__cell-mean__C2_lodo_D408.npz
T2,T2,C2,donor/Soskic,donor (LODO),donor,D409,cell-mean,cell-mean,floor,0.23154947321829605,predictions/C2/C2_LODO__cell-mean__C2_lodo_D409.npz
T2,T2,C2,donor/Soskic,donor (LODO),donor,D410,cell-mean,cell-mean,floor,0.3206419195738694,predictions/C2/C2_LODO__cell-mean__C2_lodo_D410.npz
T2,T2,C2,donor/Soskic,donor (LODO),donor,D411,cell-mean,cell-mean,floor,0.1780974122850965,predictions/C2/C2_LODO__cell-mean__C2_lodo_D411.npz
T2,T2,C2,donor/Soskic,donor (LODO),donor,D412,cell-mean,cell-mean,floor,0.31303755324989857,predictions/C2/C2_LODO__cell-mean__C2_lodo_D412.npz
T2,T2,C2,donor/Soskic,donor (LODO),donor,D413,cell-mean,cell-mean,floor,0.17417521184984197,predictions/C2/C2_LODO__cell-mean__C2_lodo_D413.npz
T2,T2,C2,donor/Soskic,donor (LODO),donor,D414,cell-mean,cell-mean,floor,0.19166354721776727,predictions/C2/C2_LODO__cell-mean__C2_lodo_D414.npz
T2,T2,C2,donor/Soskic,donor (LODO),donor,D415,cell-mean,cell-mean,floor,0.29963361089878665,predictions/C2/C2_LODO__cell-mean__C2_lodo_D415.npz
T2,T2,C2,donor/Soskic,donor (LODO),donor,D416,cell-mean,cell-mean,floor,0.2870212465551782,predictions/C2/C2_LODO__cell-mean__C2_lodo_D416.npz
T2,T2,C2,donor/Soskic,donor (LODO),donor,D417,cell-mean,cell-mean,floor,0.30186803171037224,predictions/C2/C2_LODO__cell-mean__C2_lodo_D417.npz
T2,T2,C2,donor/Soskic,donor (LODO),donor,D418,cell-mean,cell-mean,floor,0.2687006663875246,predictions/C2/C2_LODO__cell-mean__C2_lodo_D418.npz
T2,T2,C2,donor/Soskic,donor (LODO),donor,D419,cell-mean,cell-mean,floor,0.16334243325060832,predictions/C2/C2_LODO__cell-mean__C2_lodo_D419.npz
T2,T2,C2,donor/Soskic,donor (LODO),donor,D420,cell-mean,cell-mean,floor,0.29247372433217833,predictions/C2/C2_LODO__cell-mean__C2_lodo_D420.npz
T2,T2,C2,donor/Soskic,donor (LODO),donor,D421,cell-mean,cell-mean,floor,0.11424454690897322,predictions/C2/C2_LODO__cell-mean__C2_lodo_D421.npz
T2,T2,C2,donor/Soskic,donor (LODO),donor,D422,cell-mean,cell-mean,floor,-0.05243739123490481,predictions/C2/C2_LODO__cell-mean__C2_lodo_D422.npz
T2,T2,C2,donor/Soskic,donor (LODO),donor,D423,cell-mean,cell-mean,floor,0.14533207211320873,predictions/C2/C2_LODO__cell-mean__C2_lodo_D423.npz
T2,T2,C2,donor/Soskic,donor (LODO),donor,D424,cell-mean,cell-mean,floor,0.0015602874546413734,predictions/C2/C2_LODO__cell-mean__C2_lodo_D424.npz
T2,T2,C2,donor/Soskic,donor (LODO),donor,D425,cell-mean,cell-mean,floor,0.03222684634682248,predictions/C2/C2_LODO__cell-mean__C2_lodo_D425.npz
T2,T2,C2,donor/Soskic,donor (LODO),donor,D426,cell-mean,cell-mean,floor,0.23594447704496754,predictions/C2/C2_LODO__cell-mean__C2_lodo_D426.npz
T2,T2,C2,donor/Soskic,donor (LODO),donor,D427,cell-mean,cell-mean,floor,0.14821984267218127,predictions/C2/C2_LODO__cell-mean__C2_lodo_D427.npz
T2,T2,C2,donor/Soskic,donor (LODO),donor,D428,cell-mean,cell-mean,floor,0.1926404835585595,predictions/C2/C2_LODO__cell-mean__C2_lodo_D428.npz
T2,T2,C2,donor/Soskic,donor (LODO),donor,D429,cell-mean,cell-mean,floor,0.1476206056784804,predictions/C2/C2_LODO__cell-mean__C2_lodo_D429.npz
T2,T2,C2,donor/Soskic,donor (LODO),donor,D430,cell-mean,cell-mean,floor,0.36866675671574867,predictions/C2/C2_LODO__cell-mean__C2_lodo_D430.npz
T2,T2,C2,donor/Soskic,donor (LODO),donor,D431,cell-mean,cell-mean,floor,0.2532823479292773,predictions/C2/C2_LODO__cell-mean__C2_lodo_D431.npz
T2,T2,C2,donor/Soskic,donor (LODO),donor,D432,cell-mean,cell-mean,floor,0.2601104555865337,predictions/C2/C2_LODO__cell-mean__C2_lodo_D432.npz
T2,T2,C2,donor/Soskic,donor (LODO),donor,D433,cell-mean,cell-mean,floor,0.24243197854053067,predictions/C2/C2_LODO__cell-mean__C2_lodo_D433.npz
T2,T2,C2,donor/Soskic,donor (LODO),donor,D434,cell-mean,cell-mean,floor,0.11957638575868394,predictions/C2/C2_LODO__cell-mean__C2_lodo_D434.npz
T2,T2,C2,donor/Soskic,donor (LODO),donor,D435,cell-mean,cell-mean,floor,0.28964415012147493,predictions/C2/C2_LODO__cell-mean__C2_lodo_D435.npz
T2,T2,C2,donor/Soskic,donor (LODO),donor,D436,cell-mean,cell-mean,floor,0.259954897614127,predictions/C2/C2_LODO__cell-mean__C2_lodo_D436.npz
T2,T2,C2,donor/Soskic,donor (LODO),donor,D439,cell-mean,cell-mean,floor,0.23463503893416635,predictions/C2/C2_LODO__cell-mean__C2_lodo_D439.npz
T2,T2,C2,donor/Soskic,donor (LODO),donor,D440,cell-mean,cell-mean,floor,0.22636847055255768,predictions/C2/C2_LODO__cell-mean__C2_lodo_D440.npz
T2,T2,C2,donor/Soskic,donor (LODO),donor,D441,cell-mean,cell-mean,floor,0.2576291340141056,predictions/C2/C2_LODO__cell-mean__C2_lodo_D441.npz
T2,T2,C2,donor/Soskic,donor (LODO),donor,D442,cell-mean,cell-mean,floor,0.27146976678179213,predictions/C2/C2_LODO__cell-mean__C2_lodo_D442.npz
T2,T2,C2,donor/Soskic,donor (LODO),donor,D443,cell-mean,cell-mean,floor,0.19997721316568653,predictions/C2/C2_LODO__cell-mean__C2_lodo_D443.npz
T2,T2,C2,donor/Soskic,donor (LODO),donor,D445,cell-mean,cell-mean,floor,0.23528249816321978,predictions/C2/C2_LODO__cell-mean__C2_lodo_D445.npz
T2,T2,C2,donor/Soskic,donor (LODO),donor,D446,cell-mean,cell-mean,floor,0.18980496461869614,predictions/C2/C2_LODO__cell-mean__C2_lodo_D446.npz
T2,T2,C2,donor/Soskic,donor (LODO),donor,D447,cell-mean,cell-mean,floor,0.2390985470747289,predictions/C2/C2_LODO__cell-mean__C2_lodo_D447.npz
T2,T2,C2,donor/Soskic,donor (LODO),donor,D448,cell-mean,cell-mean,floor,0.3311528282460177,predictions/C2/C2_LODO__cell-mean__C2_lodo_D448.npz
T2,T2,C2,donor/Soskic,donor (LODO),donor,D449,cell-mean,cell-mean,floor,0.3079957369835166,predictions/C2/C2_LODO__cell-mean__C2_lodo_D449.npz
T2,T2,C2,donor/Soskic,donor (LODO),donor,D450,cell-mean,cell-mean,floor,0.3181385091557417,predictions/C2/C2_LODO__cell-mean__C2_lodo_D450.npz
T2,T2,C2,donor/Soskic,donor (LODO),donor,D451,cell-mean,cell-mean,floor,0.519445081824272,predictions/C2/C2_LODO__cell-mean__C2_lodo_D451.npz
T2,T2,C2,donor/Soskic,donor (LODO),donor,D452,cell-mean,cell-mean,floor,0.2822609822980535,predictions/C2/C2_LODO__cell-mean__C2_lodo_D452.npz
T2,T2,C2,donor/Soskic,donor (LODO),donor,D453,cell-mean,cell-mean,floor,0.3892971496166112,predictions/C2/C2_LODO__cell-mean__C2_lodo_D453.npz
T2,T2,C2,donor/Soskic,donor (LODO),donor,D454,cell-mean,cell-mean,floor,0.5603073241792065,predictions/C2/C2_LODO__cell-mean__C2_lodo_D454.npz
T2,T2,C2,donor/Soskic,donor (LODO),donor,D455,cell-mean,cell-mean,floor,0.1853132344658016,predictions/C2/C2_LODO__cell-mean__C2_lodo_D455.npz
T2,T2,C2,donor/Soskic,donor (LODO),donor,D456,cell-mean,cell-mean,floor,0.32275115284507294,predictions/C2/C2_LODO__cell-mean__C2_lodo_D456.npz
T2,T2,C2,donor/Soskic,donor (LODO),donor,D457,cell-mean,cell-mean,floor,0.2666331605490977,predictions/C2/C2_LODO__cell-mean__C2_lodo_D457.npz
T2,T2,C2,donor/Soskic,donor (LODO),donor,D458,cell-mean,cell-mean,floor,0.30759145736496096,predictions/C2/C2_LODO__cell-mean__C2_lodo_D458.npz
T2,T2,C2,donor/Soskic,donor (LODO),donor,D459,cell-mean,cell-mean,floor,0.3851338672779225,predictions/C2/C2_LODO__cell-mean__C2_lodo_D459.npz
T2,T2,C2,donor/Soskic,donor (LODO),donor,D460,cell-mean,cell-mean,floor,0.3373984611075788,predictions/C2/C2_LODO__cell-mean__C2_lodo_D460.npz
T2,T2,C2,donor/Soskic,donor (LODO),donor,D461,cell-mean,cell-mean,floor,0.3296161941095835,predictions/C2/C2_LODO__cell-mean__C2_lodo_D461.npz
T2,T2,C2,donor/Soskic,donor (LODO),donor,D462,cell-mean,cell-mean,floor,0.2765074655677342,predictions/C2/C2_LODO__cell-mean__C2_lodo_D462.npz
T2,T2,C2,donor/Soskic,donor (LODO),donor,D463,cell-mean,cell-mean,floor,0.45932602833920677,predictions/C2/C2_LODO__cell-mean__C2_lodo_D463.npz
T2,T2,C2,donor/Soskic,donor (LODO),donor,D464,cell-mean,cell-mean,floor,0.46933545807862853,predictions/C2/C2_LODO__cell-mean__C2_lodo_D464.npz
T2,T2,C2,donor/Soskic,donor (LODO),donor,D465,cell-mean,cell-mean,floor,0.3868123326120039,predictions/C2/C2_LODO__cell-mean__C2_lodo_D465.npz
T2,T2,C2,donor/Soskic,donor (LODO),donor,D466,cell-mean,cell-mean,floor,0.31444168257162686,predictions/C2/C2_LODO__cell-mean__C2_lodo_D466.npz
T2,T2,C2,donor/Soskic,donor (LODO),donor,D481,cell-mean,cell-mean,floor,0.2953631006554504,predictions/C2/C2_LODO__cell-mean__C2_lodo_D481.npz
T2,T2,C2,donor/Soskic,donor (LODO),donor,D482,cell-mean,cell-mean,floor,0.31653025691081693,predictions/C2/C2_LODO__cell-mean__C2_lodo_D482.npz
T2,T2,C2,donor/Soskic,donor (LODO),donor,D483,cell-mean,cell-mean,floor,0.295946709914416,predictions/C2/C2_LODO__cell-mean__C2_lodo_D483.npz
T2,T2,C2,donor/Soskic,donor (LODO),donor,D484,cell-mean,cell-mean,floor,0.2284664750036125,predictions/C2/C2_LODO__cell-mean__C2_lodo_D484.npz
T2,T2,C2,donor/Soskic,donor (LODO),donor,D485,cell-mean,cell-mean,floor,0.22461509934899715,predictions/C2/C2_LODO__cell-mean__C2_lodo_D485.npz
T2,T2,C2,donor/Soskic,donor (LODO),donor,D348,linear-PCA,linear-PCA,floor,-0.03513936138610296,predictions/C2/C2_LODO__linear-PCA__C2_lodo_D348.npz
T2,T2,C2,donor/Soskic,donor (LODO),donor,D349,linear-PCA,linear-PCA,floor,-0.0008221261710614769,predictions/C2/C2_LODO__linear-PCA__C2_lodo_D349.npz
T2,T2,C2,donor/Soskic,donor (LODO),donor,D350,linear-PCA,linear-PCA,floor,0.027948866777711176,predictions/C2/C2_LODO__linear-PCA__C2_lodo_D350.npz
T2,T2,C2,donor/Soskic,donor (LODO),donor,D351,linear-PCA,linear-PCA,floor,0.029068266135147874,predictions/C2/C2_LODO__linear-PCA__C2_lodo_D351.npz
T2,T2,C2,donor/Soskic,donor (LODO),donor,D352,linear-PCA,linear-PCA,floor,0.024521570106393206,predictions/C2/C2_LODO__linear-PCA__C2_lodo_D352.npz
T2,T2,C2,donor/Soskic,donor (LODO),donor,D353,linear-PCA,linear-PCA,floor,0.05613451100741129,predictions/C2/C2_LODO__linear-PCA__C2_lodo_D353.npz
T2,T2,C2,donor/Soskic,donor (LODO),donor,D354,linear-PCA,linear-PCA,floor,-0.07121061190555196,predictions/C2/C2_LODO__linear-PCA__C2_lodo_D354.npz
T2,T2,C2,donor/Soskic,donor (LODO),donor,D355,linear-PCA,linear-PCA,floor,0.06124276097470775,predictions/C2/C2_LODO__linear-PCA__C2_lodo_D355.npz
T2,T2,C2,donor/Soskic,donor (LODO),donor,D356,linear-PCA,linear-PCA,floor,0.04829422073329358,predictions/C2/C2_LODO__linear-PCA__C2_lodo_D356.npz
T2,T2,C2,donor/Soskic,donor (LODO),donor,D357,linear-PCA,linear-PCA,floor,-0.07331817191087081,predictions/C2/C2_LODO__linear-PCA__C2_lodo_D357.npz
T2,T2,C2,donor/Soskic,donor (LODO),donor,D358,linear-PCA,linear-PCA,floor,-0.0007899848583638042,predictions/C2/C2_LODO__linear-PCA__C2_lodo_D358.npz
T2,T2,C2,donor/Soskic,donor (LODO),donor,D359,linear-PCA,linear-PCA,floor,0.031628624201053765,predictions/C2/C2_LODO__linear-PCA__C2_lodo_D359.npz
T2,T2,C2,donor/Soskic,donor (LODO),donor,D363,linear-PCA,linear-PCA,floor,-0.047705591932954976,predictions/C2/C2_LODO__linear-PCA__C2_lodo_D363.npz
T2,T2,C2,donor/Soskic,donor (LODO),donor,D364,linear-PCA,linear-PCA,floor,0.059965795549451265,predictions/C2/C2_LODO__linear-PCA__C2_lodo_D364.npz
T2,T2,C2,donor/Soskic,donor (LODO),donor,D365,linear-PCA,linear-PCA,floor,-0.05192297667388712,predictions/C2/C2_LODO__linear-PCA__C2_lodo_D365.npz
T2,T2,C2,donor/Soskic,donor (LODO),donor,D366,linear-PCA,linear-PCA,floor,0.14425109235773587,predictions/C2/C2_LODO__linear-PCA__C2_lodo_D366.npz
T2,T2,C2,donor/Soskic,donor (LODO),donor,D367,linear-PCA,linear-PCA,floor,-0.09268888270688402,predictions/C2/C2_LODO__linear-PCA__C2_lodo_D367.npz
T2,T2,C2,donor/Soskic,donor (LODO),donor,D368,linear-PCA,linear-PCA,floor,0.019549455736251664,predictions/C2/C2_LODO__linear-PCA__C2_lodo_D368.npz
T2,T2,C2,donor/Soskic,donor (LODO),donor,D369,linear-PCA,linear-PCA,floor,0.021600599086303796,predictions/C2/C2_LODO__linear-PCA__C2_lodo_D369.npz
T2,T2,C2,donor/Soskic,donor (LODO),donor,D370,linear-PCA,linear-PCA,floor,-0.016530777853631023,predictions/C2/C2_LODO__linear-PCA__C2_lodo_D370.npz
T2,T2,C2,donor/Soskic,donor (LODO),donor,D371,linear-PCA,linear-PCA,floor,0.03885496087793035,predictions/C2/C2_LODO__linear-PCA__C2_lodo_D371.npz
T2,T2,C2,donor/Soskic,donor (LODO),donor,D372,linear-PCA,linear-PCA,floor,0.058056756544706566,predictions/C2/C2_LODO__linear-PCA__C2_lodo_D372.npz
T2,T2,C2,donor/Soskic,donor (LODO),donor,D373,linear-PCA,linear-PCA,floor,-0.06089805244468467,predictions/C2/C2_LODO__linear-PCA__C2_lodo_D373.npz
T2,T2,C2,donor/Soskic,donor (LODO),donor,D374,linear-PCA,linear-PCA,floor,0.014643647674419703,predictions/C2/C2_LODO__linear-PCA__C2_lodo_D374.npz
T2,T2,C2,donor/Soskic,donor (LODO),donor,D378,linear-PCA,linear-PCA,floor,0.045505240579949716,predictions/C2/C2_LODO__linear-PCA__C2_lodo_D378.npz
T2,T2,C2,donor/Soskic,donor (LODO),donor,D379,linear-PCA,linear-PCA,floor,0.06054308975771211,predictions/C2/C2_LODO__linear-PCA__C2_lodo_D379.npz
T2,T2,C2,donor/Soskic,donor (LODO),donor,D380,linear-PCA,linear-PCA,floor,0.06309500199180285,predictions/C2/C2_LODO__linear-PCA__C2_lodo_D380.npz
T2,T2,C2,donor/Soskic,donor (LODO),donor,D381,linear-PCA,linear-PCA,floor,0.020871518020382382,predictions/C2/C2_LODO__linear-PCA__C2_lodo_D381.npz
T2,T2,C2,donor/Soskic,donor (LODO),donor,D382,linear-PCA,linear-PCA,floor,-0.017275894692225673,predictions/C2/C2_LODO__linear-PCA__C2_lodo_D382.npz
T2,T2,C2,donor/Soskic,donor (LODO),donor,D383,linear-PCA,linear-PCA,floor,0.03113393785008675,predictions/C2/C2_LODO__linear-PCA__C2_lodo_D383.npz
T2,T2,C2,donor/Soskic,donor (LODO),donor,D387,linear-PCA,linear-PCA,floor,0.21405104577044923,predictions/C2/C2_LODO__linear-PCA__C2_lodo_D387.npz
T2,T2,C2,donor/Soskic,donor (LODO),donor,D388,linear-PCA,linear-PCA,floor,0.09409494956092115,predictions/C2/C2_LODO__linear-PCA__C2_lodo_D388.npz
T2,T2,C2,donor/Soskic,donor (LODO),donor,D389,linear-PCA,linear-PCA,floor,0.04532548276790552,predictions/C2/C2_LODO__linear-PCA__C2_lodo_D389.npz
T2,T2,C2,donor/Soskic,donor (LODO),donor,D390,linear-PCA,linear-PCA,floor,0.051492518618045977,predictions/C2/C2_LODO__linear-PCA__C2_lodo_D390.npz
T2,T2,C2,donor/Soskic,donor (LODO),donor,D391,linear-PCA,linear-PCA,floor,0.11298990438880946,predictions/C2/C2_LODO__linear-PCA__C2_lodo_D391.npz
T2,T2,C2,donor/Soskic,donor (LODO),donor,D392,linear-PCA,linear-PCA,floor,0.023922342336091793,predictions/C2/C2_LODO__linear-PCA__C2_lodo_D392.npz
T2,T2,C2,donor/Soskic,donor (LODO),donor,D393,linear-PCA,linear-PCA,floor,-0.05436369558514978,predictions/C2/C2_LODO__linear-PCA__C2_lodo_D393.npz
T2,T2,C2,donor/Soskic,donor (LODO),donor,D394,linear-PCA,linear-PCA,floor,-0.040060594279243106,predictions/C2/C2_LODO__linear-PCA__C2_lodo_D394.npz
T2,T2,C2,donor/Soskic,donor (LODO),donor,D395,linear-PCA,linear-PCA,floor,0.043688336638681546,predictions/C2/C2_LODO__linear-PCA__C2_lodo_D395.npz
T2,T2,C2,donor/Soskic,donor (LODO),donor,D396,linear-PCA,linear-PCA,floor,-0.045342273597785726,predictions/C2/C2_LODO__linear-PCA__C2_lodo_D396.npz
T2,T2,C2,donor/Soskic,donor (LODO),donor,D397,linear-PCA,linear-PCA,floor,0.0671062176375112,predictions/C2/C2_LODO__linear-PCA__C2_lodo_D397.npz
T2,T2,C2,donor/Soskic,donor (LODO),donor,D398,linear-PCA,linear-PCA,floor,0.0035260674519944357,predictions/C2/C2_LODO__linear-PCA__C2_lodo_D398.npz
T2,T2,C2,donor/Soskic,donor (LODO),donor,D405,linear-PCA,linear-PCA,floor,0.0015255059052474984,predictions/C2/C2_LODO__linear-PCA__C2_lodo_D405.npz
T2,T2,C2,donor/Soskic,donor (LODO),donor,D406,linear-PCA,linear-PCA,floor,0.06619549738605918,predictions/C2/C2_LODO__linear-PCA__C2_lodo_D406.npz
T2,T2,C2,donor/Soskic,donor (LODO),donor,D407,linear-PCA,linear-PCA,floor,0.038714541090695775,predictions/C2/C2_LODO__linear-PCA__C2_lodo_D407.npz
T2,T2,C2,donor/Soskic,donor (LODO),donor,D408,linear-PCA,linear-PCA,floor,0.028243249395519143,predictions/C2/C2_LODO__linear-PCA__C2_lodo_D408.npz
T2,T2,C2,donor/Soskic,donor (LODO),donor,D409,linear-PCA,linear-PCA,floor,0.011493352620695146,predictions/C2/C2_LODO__linear-PCA__C2_lodo_D409.npz
T2,T2,C2,donor/Soskic,donor (LODO),donor,D410,linear-PCA,linear-PCA,floor,-0.025001635591593047,predictions/C2/C2_LODO__linear-PCA__C2_lodo_D410.npz
T2,T2,C2,donor/Soskic,donor (LODO),donor,D411,linear-PCA,linear-PCA,floor,0.09087472808733116,predictions/C2/C2_LODO__linear-PCA__C2_lodo_D411.npz
T2,T2,C2,donor/Soskic,donor (LODO),donor,D412,linear-PCA,linear-PCA,floor,-0.020473157608006137,predictions/C2/C2_LODO__linear-PCA__C2_lodo_D412.npz
T2,T2,C2,donor/Soskic,donor (LODO),donor,D413,linear-PCA,linear-PCA,floor,0.10125330480047885,predictions/C2/C2_LODO__linear-PCA__C2_lodo_D413.npz
T2,T2,C2,donor/Soskic,donor (LODO),donor,D414,linear-PCA,linear-PCA,floor,0.06571087716719201,predictions/C2/C2_LODO__linear-PCA__C2_lodo_D414.npz
T2,T2,C2,donor/Soskic,donor (LODO),donor,D415,linear-PCA,linear-PCA,floor,0.11967516860651325,predictions/C2/C2_LODO__linear-PCA__C2_lodo_D415.npz
T2,T2,C2,donor/Soskic,donor (LODO),donor,D416,linear-PCA,linear-PCA,floor,0.09309523616189005,predictions/C2/C2_LODO__linear-PCA__C2_lodo_D416.npz
T2,T2,C2,donor/Soskic,donor (LODO),donor,D417,linear-PCA,linear-PCA,floor,0.12156888986479256,predictions/C2/C2_LODO__linear-PCA__C2_lodo_D417.npz
T2,T2,C2,donor/Soskic,donor (LODO),donor,D418,linear-PCA,linear-PCA,floor,0.1419970723080134,predictions/C2/C2_LODO__linear-PCA__C2_lodo_D418.npz
T2,T2,C2,donor/Soskic,donor (LODO),donor,D419,linear-PCA,linear-PCA,floor,0.1351171920594219,predictions/C2/C2_LODO__linear-PCA__C2_lodo_D419.npz
T2,T2,C2,donor/Soskic,donor (LODO),donor,D420,linear-PCA,linear-PCA,floor,0.19830680569824768,predictions/C2/C2_LODO__linear-PCA__C2_lodo_D420.npz
T2,T2,C2,donor/Soskic,donor (LODO),donor,D421,linear-PCA,linear-PCA,floor,0.4020094566854989,predictions/C2/C2_LODO__linear-PCA__C2_lodo_D421.npz
T2,T2,C2,donor/Soskic,donor (LODO),donor,D422,linear-PCA,linear-PCA,floor,0.2612043997085499,predictions/C2/C2_LODO__linear-PCA__C2_lodo_D422.npz
T2,T2,C2,donor/Soskic,donor (LODO),donor,D423,linear-PCA,linear-PCA,floor,0.04338071615542967,predictions/C2/C2_LODO__linear-PCA__C2_lodo_D423.npz
T2,T2,C2,donor/Soskic,donor (LODO),donor,D424,linear-PCA,linear-PCA,floor,0.3735397942609711,predictions/C2/C2_LODO__linear-PCA__C2_lodo_D424.npz
T2,T2,C2,donor/Soskic,donor (LODO),donor,D425,linear-PCA,linear-PCA,floor,0.3178134759395236,predictions/C2/C2_LODO__linear-PCA__C2_lodo_D425.npz
T2,T2,C2,donor/Soskic,donor (LODO),donor,D426,linear-PCA,linear-PCA,floor,-0.004144058795401223,predictions/C2/C2_LODO__linear-PCA__C2_lodo_D426.npz
T2,T2,C2,donor/Soskic,donor (LODO),donor,D427,linear-PCA,linear-PCA,floor,-0.054214537812833336,predictions/C2/C2_LODO__linear-PCA__C2_lodo_D427.npz
T2,T2,C2,donor/Soskic,donor (LODO),donor,D428,linear-PCA,linear-PCA,floor,-0.0974752117001177,predictions/C2/C2_LODO__linear-PCA__C2_lodo_D428.npz
T2,T2,C2,donor/Soskic,donor (LODO),donor,D429,linear-PCA,linear-PCA,floor,-0.08355900812069383,predictions/C2/C2_LODO__linear-PCA__C2_lodo_D429.npz
T2,T2,C2,donor/Soskic,donor (LODO),donor,D430,linear-PCA,linear-PCA,floor,-0.05221431729535253,predictions/C2/C2_LODO__linear-PCA__C2_lodo_D430.npz
T2,T2,C2,donor/Soskic,donor (LODO),donor,D431,linear-PCA,linear-PCA,floor,-0.17879399248342817,predictions/C2/C2_LODO__linear-PCA__C2_lodo_D431.npz
T2,T2,C2,donor/Soskic,donor (LODO),donor,D432,linear-PCA,linear-PCA,floor,0.08452089786304731,predictions/C2/C2_LODO__linear-PCA__C2_lodo_D432.npz
T2,T2,C2,donor/Soskic,donor (LODO),donor,D433,linear-PCA,linear-PCA,floor,-0.01265754595729815,predictions/C2/C2_LODO__linear-PCA__C2_lodo_D433.npz
T2,T2,C2,donor/Soskic,donor (LODO),donor,D434,linear-PCA,linear-PCA,floor,0.021239978529800918,predictions/C2/C2_LODO__linear-PCA__C2_lodo_D434.npz
T2,T2,C2,donor/Soskic,donor (LODO),donor,D435,linear-PCA,linear-PCA,floor,-0.03397320759608417,predictions/C2/C2_LODO__linear-PCA__C2_lodo_D435.npz
T2,T2,C2,donor/Soskic,donor (LODO),donor,D436,linear-PCA,linear-PCA,floor,0.050875157281826594,predictions/C2/C2_LODO__linear-PCA__C2_lodo_D436.npz
T2,T2,C2,donor/Soskic,donor (LODO),donor,D439,linear-PCA,linear-PCA,floor,0.01148470683673164,predictions/C2/C2_LODO__linear-PCA__C2_lodo_D439.npz
T2,T2,C2,donor/Soskic,donor (LODO),donor,D440,linear-PCA,linear-PCA,floor,0.04367345494121694,predictions/C2/C2_LODO__linear-PCA__C2_lodo_D440.npz
T2,T2,C2,donor/Soskic,donor (LODO),donor,D441,linear-PCA,linear-PCA,floor,0.049864442213524623,predictions/C2/C2_LODO__linear-PCA__C2_lodo_D441.npz
T2,T2,C2,donor/Soskic,donor (LODO),donor,D442,linear-PCA,linear-PCA,floor,0.03005687546696112,predictions/C2/C2_LODO__linear-PCA__C2_lodo_D442.npz
T2,T2,C2,donor/Soskic,donor (LODO),donor,D443,linear-PCA,linear-PCA,floor,0.04257144210816047,predictions/C2/C2_LODO__linear-PCA__C2_lodo_D443.npz
T2,T2,C2,donor/Soskic,donor (LODO),donor,D445,linear-PCA,linear-PCA,floor,-0.07713220829195121,predictions/C2/C2_LODO__linear-PCA__C2_lodo_D445.npz
T2,T2,C2,donor/Soskic,donor (LODO),donor,D446,linear-PCA,linear-PCA,floor,-0.028055454779108452,predictions/C2/C2_LODO__linear-PCA__C2_lodo_D446.npz
T2,T2,C2,donor/Soskic,donor (LODO),donor,D447,linear-PCA,linear-PCA,floor,0.03928119171691545,predictions/C2/C2_LODO__linear-PCA__C2_lodo_D447.npz
T2,T2,C2,donor/Soskic,donor (LODO),donor,D448,linear-PCA,linear-PCA,floor,-0.033380284270852406,predictions/C2/C2_LODO__linear-PCA__C2_lodo_D448.npz
T2,T2,C2,donor/Soskic,donor (LODO),donor,D449,linear-PCA,linear-PCA,floor,-0.0015014645462044784,predictions/C2/C2_LODO__linear-PCA__C2_lodo_D449.npz
T2,T2,C2,donor/Soskic,donor (LODO),donor,D450,linear-PCA,linear-PCA,floor,0.05047792951494581,predictions/C2/C2_LODO__linear-PCA__C2_lodo_D450.npz
T2,T2,C2,donor/Soskic,donor (LODO),donor,D451,linear-PCA,linear-PCA,floor,0.02039505964975205,predictions/C2/C2_LODO__linear-PCA__C2_lodo_D451.npz
T2,T2,C2,donor/Soskic,donor (LODO),donor,D452,linear-PCA,linear-PCA,floor,-0.005321028211476897,predictions/C2/C2_LODO__linear-PCA__C2_lodo_D452.npz
T2,T2,C2,donor/Soskic,donor (LODO),donor,D453,linear-PCA,linear-PCA,floor,-0.06135584870376559,predictions/C2/C2_LODO__linear-PCA__C2_lodo_D453.npz
T2,T2,C2,donor/Soskic,donor (LODO),donor,D454,linear-PCA,linear-PCA,floor,0.04854541520736323,predictions/C2/C2_LODO__linear-PCA__C2_lodo_D454.npz
T2,T2,C2,donor/Soskic,donor (LODO),donor,D455,linear-PCA,linear-PCA,floor,0.12461495287591945,predictions/C2/C2_LODO__linear-PCA__C2_lodo_D455.npz
T2,T2,C2,donor/Soskic,donor (LODO),donor,D456,linear-PCA,linear-PCA,floor,8.929342171681842e-05,predictions/C2/C2_LODO__linear-PCA__C2_lodo_D456.npz
T2,T2,C2,donor/Soskic,donor (LODO),donor,D457,linear-PCA,linear-PCA,floor,-0.005823314055857176,predictions/C2/C2_LODO__linear-PCA__C2_lodo_D457.npz
T2,T2,C2,donor/Soskic,donor (LODO),donor,D458,linear-PCA,linear-PCA,floor,-0.10810205139437314,predictions/C2/C2_LODO__linear-PCA__C2_lodo_D458.npz
T2,T2,C2,donor/Soskic,donor (LODO),donor,D459,linear-PCA,linear-PCA,floor,0.03283846008624974,predictions/C2/C2_LODO__linear-PCA__C2_lodo_D459.npz
T2,T2,C2,donor/Soskic,donor (LODO),donor,D460,linear-PCA,linear-PCA,floor,-0.05910758897986017,predictions/C2/C2_LODO__linear-PCA__C2_lodo_D460.npz
T2,T2,C2,donor/Soskic,donor (LODO),donor,D461,linear-PCA,linear-PCA,floor,-0.03531470040642061,predictions/C2/C2_LODO__linear-PCA__C2_lodo_D461.npz
T2,T2,C2,donor/Soskic,donor (LODO),donor,D462,linear-PCA,linear-PCA,floor,0.09149180598080137,predictions/C2/C2_LODO__linear-PCA__C2_lodo_D462.npz
T2,T2,C2,donor/Soskic,donor (LODO),donor,D463,linear-PCA,linear-PCA,floor,0.088998352574554,predictions/C2/C2_LODO__linear-PCA__C2_lodo_D463.npz
T2,T2,C2,donor/Soskic,donor (LODO),donor,D464,linear-PCA,linear-PCA,floor,0.08290274102646646,predictions/C2/C2_LODO__linear-PCA__C2_lodo_D464.npz
T2,T2,C2,donor/Soskic,donor (LODO),donor,D465,linear-PCA,linear-PCA,floor,0.06529709417151588,predictions/C2/C2_LODO__linear-PCA__C2_lodo_D465.npz
T2,T2,C2,donor/Soskic,donor (LODO),donor,D466,linear-PCA,linear-PCA,floor,0.09955535164908699,predictions/C2/C2_LODO__linear-PCA__C2_lodo_D466.npz
T2,T2,C2,donor/Soskic,donor (LODO),donor,D481,linear-PCA,linear-PCA,floor,0.10745046121325247,predictions/C2/C2_LODO__linear-PCA__C2_lodo_D481.npz
T2,T2,C2,donor/Soskic,donor (LODO),donor,D482,linear-PCA,linear-PCA,floor,0.009005286888713493,predictions/C2/C2_LODO__linear-PCA__C2_lodo_D482.npz
T2,T2,C2,donor/Soskic,donor (LODO),donor,D483,linear-PCA,linear-PCA,floor,-0.016193444882906388,predictions/C2/C2_LODO__linear-PCA__C2_lodo_D483.npz
T2,T2,C2,donor/Soskic,donor (LODO),donor,D484,linear-PCA,linear-PCA,floor,0.09353528863221691,predictions/C2/C2_LODO__linear-PCA__C2_lodo_D484.npz
T2,T2,C2,donor/Soskic,donor (LODO),donor,D485,linear-PCA,linear-PCA,floor,0.028503975465348413,predictions/C2/C2_LODO__linear-PCA__C2_lodo_D485.npz
T2,T2,C2,donor/Soskic,donor (LODO),donor,D348,scFoundation,scFoundation,adapted,0.11861858199982711,predictions/C2/C2__scFoundation__C2_soskic_LODO_D348.npz
T2,T2,C2,donor/Soskic,donor (LODO),donor,D349,scFoundation,scFoundation,adapted,0.09015240581971329,predictions/C2/C2__scFoundation__C2_soskic_LODO_D349.npz
T2,T2,C2,donor/Soskic,donor (LODO),donor,D350,scFoundation,scFoundation,adapted,0.07978214733141933,predictions/C2/C2__scFoundation__C2_soskic_LODO_D350.npz
T2,T2,C2,donor/Soskic,donor (LODO),donor,D351,scFoundation,scFoundation,adapted,0.09513994491268474,predictions/C2/C2__scFoundation__C2_soskic_LODO_D351.npz
T2,T2,C2,donor/Soskic,donor (LODO),donor,D352,scFoundation,scFoundation,adapted,0.1564686956848106,predictions/C2/C2__scFoundation__C2_soskic_LODO_D352.npz
T2,T2,C2,donor/Soskic,donor (LODO),donor,D353,scFoundation,scFoundation,adapted,0.09609228914190669,predictions/C2/C2__scFoundation__C2_soskic_LODO_D353.npz
T2,T2,C2,donor/Soskic,donor (LODO),donor,D354,scFoundation,scFoundation,adapted,0.08619428752496527,predictions/C2/C2__scFoundation__C2_soskic_LODO_D354.npz
T2,T2,C2,donor/Soskic,donor (LODO),donor,D355,scFoundation,scFoundation,adapted,0.12731652662100923,predictions/C2/C2__scFoundation__C2_soskic_LODO_D355.npz
T2,T2,C2,donor/Soskic,donor (LODO),donor,D356,scFoundation,scFoundation,adapted,0.051079416966589276,predictions/C2/C2__scFoundation__C2_soskic_LODO_D356.npz
T2,T2,C2,donor/Soskic,donor (LODO),donor,D357,scFoundation,scFoundation,adapted,0.15759345085343704,predictions/C2/C2__scFoundation__C2_soskic_LODO_D357.npz
T2,T2,C2,donor/Soskic,donor (LODO),donor,D358,scFoundation,scFoundation,adapted,0.17719570664188644,predictions/C2/C2__scFoundation__C2_soskic_LODO_D358.npz
T2,T2,C2,donor/Soskic,donor (LODO),donor,D359,scFoundation,scFoundation,adapted,0.23504122085318652,predictions/C2/C2__scFoundation__C2_soskic_LODO_D359.npz
T2,T2,C2,donor/Soskic,donor (LODO),donor,D363,scFoundation,scFoundation,adapted,0.08372321290633479,predictions/C2/C2__scFoundation__C2_soskic_LODO_D363.npz
T2,T2,C2,donor/Soskic,donor (LODO),donor,D364,scFoundation,scFoundation,adapted,0.08717972168109162,predictions/C2/C2__scFoundation__C2_soskic_LODO_D364.npz
T2,T2,C2,donor/Soskic,donor (LODO),donor,D365,scFoundation,scFoundation,adapted,0.16250424026933652,predictions/C2/C2__scFoundation__C2_soskic_LODO_D365.npz
T2,T2,C2,donor/Soskic,donor (LODO),donor,D366,scFoundation,scFoundation,adapted,0.0760401220878445,predictions/C2/C2__scFoundation__C2_soskic_LODO_D366.npz
T2,T2,C2,donor/Soskic,donor (LODO),donor,D367,scFoundation,scFoundation,adapted,0.13612725442307044,predictions/C2/C2__scFoundation__C2_soskic_LODO_D367.npz
T2,T2,C2,donor/Soskic,donor (LODO),donor,D368,scFoundation,scFoundation,adapted,0.07028106693097644,predictions/C2/C2__scFoundation__C2_soskic_LODO_D368.npz
T2,T2,C2,donor/Soskic,donor (LODO),donor,D369,scFoundation,scFoundation,adapted,0.1508821412569788,predictions/C2/C2__scFoundation__C2_soskic_LODO_D369.npz
T2,T2,C2,donor/Soskic,donor (LODO),donor,D370,scFoundation,scFoundation,adapted,0.11732447819426978,predictions/C2/C2__scFoundation__C2_soskic_LODO_D370.npz
T2,T2,C2,donor/Soskic,donor (LODO),donor,D371,scFoundation,scFoundation,adapted,0.07349613272912768,predictions/C2/C2__scFoundation__C2_soskic_LODO_D371.npz
T2,T2,C2,donor/Soskic,donor (LODO),donor,D372,scFoundation,scFoundation,adapted,0.051167492424496336,predictions/C2/C2__scFoundation__C2_soskic_LODO_D372.npz
T2,T2,C2,donor/Soskic,donor (LODO),donor,D373,scFoundation,scFoundation,adapted,0.09532436718121995,predictions/C2/C2__scFoundation__C2_soskic_LODO_D373.npz
T2,T2,C2,donor/Soskic,donor (LODO),donor,D374,scFoundation,scFoundation,adapted,0.06677185726659057,predictions/C2/C2__scFoundation__C2_soskic_LODO_D374.npz
T2,T2,C2,donor/Soskic,donor (LODO),donor,D378,scFoundation,scFoundation,adapted,0.15539320635636383,predictions/C2/C2__scFoundation__C2_soskic_LODO_D378.npz
T2,T2,C2,donor/Soskic,donor (LODO),donor,D379,scFoundation,scFoundation,adapted,0.037836384955388894,predictions/C2/C2__scFoundation__C2_soskic_LODO_D379.npz
T2,T2,C2,donor/Soskic,donor (LODO),donor,D380,scFoundation,scFoundation,adapted,0.10684096633024666,predictions/C2/C2__scFoundation__C2_soskic_LODO_D380.npz
T2,T2,C2,donor/Soskic,donor (LODO),donor,D381,scFoundation,scFoundation,adapted,0.08841461591572529,predictions/C2/C2__scFoundation__C2_soskic_LODO_D381.npz
T2,T2,C2,donor/Soskic,donor (LODO),donor,D382,scFoundation,scFoundation,adapted,0.11954122105989014,predictions/C2/C2__scFoundation__C2_soskic_LODO_D382.npz
T2,T2,C2,donor/Soskic,donor (LODO),donor,D383,scFoundation,scFoundation,adapted,0.15261746427988304,predictions/C2/C2__scFoundation__C2_soskic_LODO_D383.npz
T2,T2,C2,donor/Soskic,donor (LODO),donor,D387,scFoundation,scFoundation,adapted,0.22262789650047654,predictions/C2/C2__scFoundation__C2_soskic_LODO_D387.npz
T2,T2,C2,donor/Soskic,donor (LODO),donor,D388,scFoundation,scFoundation,adapted,0.20446719172012023,predictions/C2/C2__scFoundation__C2_soskic_LODO_D388.npz
T2,T2,C2,donor/Soskic,donor (LODO),donor,D389,scFoundation,scFoundation,adapted,0.08054017413600714,predictions/C2/C2__scFoundation__C2_soskic_LODO_D389.npz
T2,T2,C2,donor/Soskic,donor (LODO),donor,D390,scFoundation,scFoundation,adapted,0.08571533074204317,predictions/C2/C2__scFoundation__C2_soskic_LODO_D390.npz
T2,T2,C2,donor/Soskic,donor (LODO),donor,D391,scFoundation,scFoundation,adapted,0.1907606817013812,predictions/C2/C2__scFoundation__C2_soskic_LODO_D391.npz
T2,T2,C2,donor/Soskic,donor (LODO),donor,D392,scFoundation,scFoundation,adapted,0.04241416183720502,predictions/C2/C2__scFoundation__C2_soskic_LODO_D392.npz
T2,T2,C2,donor/Soskic,donor (LODO),donor,D393,scFoundation,scFoundation,adapted,0.10313034287854078,predictions/C2/C2__scFoundation__C2_soskic_LODO_D393.npz
T2,T2,C2,donor/Soskic,donor (LODO),donor,D394,scFoundation,scFoundation,adapted,0.17552512051497798,predictions/C2/C2__scFoundation__C2_soskic_LODO_D394.npz
T2,T2,C2,donor/Soskic,donor (LODO),donor,D395,scFoundation,scFoundation,adapted,0.07898895396994299,predictions/C2/C2__scFoundation__C2_soskic_LODO_D395.npz
T2,T2,C2,donor/Soskic,donor (LODO),donor,D396,scFoundation,scFoundation,adapted,0.05569410736635034,predictions/C2/C2__scFoundation__C2_soskic_LODO_D396.npz
T2,T2,C2,donor/Soskic,donor (LODO),donor,D397,scFoundation,scFoundation,adapted,0.11422393285655694,predictions/C2/C2__scFoundation__C2_soskic_LODO_D397.npz
T2,T2,C2,donor/Soskic,donor (LODO),donor,D398,scFoundation,scFoundation,adapted,0.12761152100575962,predictions/C2/C2__scFoundation__C2_soskic_LODO_D398.npz
T2,T2,C2,donor/Soskic,donor (LODO),donor,D405,scFoundation,scFoundation,adapted,0.17746425874707258,predictions/C2/C2__scFoundation__C2_soskic_LODO_D405.npz
T2,T2,C2,donor/Soskic,donor (LODO),donor,D406,scFoundation,scFoundation,adapted,0.1356796508611398,predictions/C2/C2__scFoundation__C2_soskic_LODO_D406.npz
T2,T2,C2,donor/Soskic,donor (LODO),donor,D407,scFoundation,scFoundation,adapted,0.13347086820632956,predictions/C2/C2__scFoundation__C2_soskic_LODO_D407.npz
T2,T2,C2,donor/Soskic,donor (LODO),donor,D408,scFoundation,scFoundation,adapted,0.0753301591359067,predictions/C2/C2__scFoundation__C2_soskic_LODO_D408.npz
T2,T2,C2,donor/Soskic,donor (LODO),donor,D409,scFoundation,scFoundation,adapted,0.06912784888844262,predictions/C2/C2__scFoundation__C2_soskic_LODO_D409.npz
T2,T2,C2,donor/Soskic,donor (LODO),donor,D410,scFoundation,scFoundation,adapted,0.1624357451328661,predictions/C2/C2__scFoundation__C2_soskic_LODO_D410.npz
T2,T2,C2,donor/Soskic,donor (LODO),donor,D411,scFoundation,scFoundation,adapted,0.12823326932027548,predictions/C2/C2__scFoundation__C2_soskic_LODO_D411.npz
T2,T2,C2,donor/Soskic,donor (LODO),donor,D412,scFoundation,scFoundation,adapted,0.0708200732097485,predictions/C2/C2__scFoundation__C2_soskic_LODO_D412.npz
T2,T2,C2,donor/Soskic,donor (LODO),donor,D413,scFoundation,scFoundation,adapted,0.07939242868269172,predictions/C2/C2__scFoundation__C2_soskic_LODO_D413.npz
T2,T2,C2,donor/Soskic,donor (LODO),donor,D414,scFoundation,scFoundation,adapted,0.08764561580077038,predictions/C2/C2__scFoundation__C2_soskic_LODO_D414.npz
T2,T2,C2,donor/Soskic,donor (LODO),donor,D415,scFoundation,scFoundation,adapted,0.11897482999025652,predictions/C2/C2__scFoundation__C2_soskic_LODO_D415.npz
T2,T2,C2,donor/Soskic,donor (LODO),donor,D416,scFoundation,scFoundation,adapted,0.09092425909271226,predictions/C2/C2__scFoundation__C2_soskic_LODO_D416.npz
T2,T2,C2,donor/Soskic,donor (LODO),donor,D417,scFoundation,scFoundation,adapted,0.0671953142951221,predictions/C2/C2__scFoundation__C2_soskic_LODO_D417.npz
T2,T2,C2,donor/Soskic,donor (LODO),donor,D418,scFoundation,scFoundation,adapted,0.11166973473771938,predictions/C2/C2__scFoundation__C2_soskic_LODO_D418.npz
T2,T2,C2,donor/Soskic,donor (LODO),donor,D419,scFoundation,scFoundation,adapted,-0.0013854761784876518,predictions/C2/C2__scFoundation__C2_soskic_LODO_D419.npz
T2,T2,C2,donor/Soskic,donor (LODO),donor,D420,scFoundation,scFoundation,adapted,0.08486956960882394,predictions/C2/C2__scFoundation__C2_soskic_LODO_D420.npz
T2,T2,C2,donor/Soskic,donor (LODO),donor,D421,scFoundation,scFoundation,adapted,0.011267697571075928,predictions/C2/C2__scFoundation__C2_soskic_LODO_D421.npz
T2,T2,C2,donor/Soskic,donor (LODO),donor,D422,scFoundation,scFoundation,adapted,-0.050112909202286254,predictions/C2/C2__scFoundation__C2_soskic_LODO_D422.npz
T2,T2,C2,donor/Soskic,donor (LODO),donor,D423,scFoundation,scFoundation,adapted,0.07848960179409142,predictions/C2/C2__scFoundation__C2_soskic_LODO_D423.npz
T2,T2,C2,donor/Soskic,donor (LODO),donor,D424,scFoundation,scFoundation,adapted,-0.021987043327031025,predictions/C2/C2__scFoundation__C2_soskic_LODO_D424.npz
T2,T2,C2,donor/Soskic,donor (LODO),donor,D425,scFoundation,scFoundation,adapted,-0.03213525254581823,predictions/C2/C2__scFoundation__C2_soskic_LODO_D425.npz
T2,T2,C2,donor/Soskic,donor (LODO),donor,D426,scFoundation,scFoundation,adapted,0.1303780237302056,predictions/C2/C2__scFoundation__C2_soskic_LODO_D426.npz
T2,T2,C2,donor/Soskic,donor (LODO),donor,D427,scFoundation,scFoundation,adapted,0.07884370415715271,predictions/C2/C2__scFoundation__C2_soskic_LODO_D427.npz
T2,T2,C2,donor/Soskic,donor (LODO),donor,D428,scFoundation,scFoundation,adapted,0.09595728453086388,predictions/C2/C2__scFoundation__C2_soskic_LODO_D428.npz
T2,T2,C2,donor/Soskic,donor (LODO),donor,D429,scFoundation,scFoundation,adapted,0.09718219394020282,predictions/C2/C2__scFoundation__C2_soskic_LODO_D429.npz
T2,T2,C2,donor/Soskic,donor (LODO),donor,D430,scFoundation,scFoundation,adapted,0.12280441267460995,predictions/C2/C2__scFoundation__C2_soskic_LODO_D430.npz
T2,T2,C2,donor/Soskic,donor (LODO),donor,D431,scFoundation,scFoundation,adapted,0.17029373299173386,predictions/C2/C2__scFoundation__C2_soskic_LODO_D431.npz
T2,T2,C2,donor/Soskic,donor (LODO),donor,D432,scFoundation,scFoundation,adapted,0.14728730818917363,predictions/C2/C2__scFoundation__C2_soskic_LODO_D432.npz
T2,T2,C2,donor/Soskic,donor (LODO),donor,D433,scFoundation,scFoundation,adapted,0.10755619606776833,predictions/C2/C2__scFoundation__C2_soskic_LODO_D433.npz
T2,T2,C2,donor/Soskic,donor (LODO),donor,D434,scFoundation,scFoundation,adapted,0.04193301748007863,predictions/C2/C2__scFoundation__C2_soskic_LODO_D434.npz
T2,T2,C2,donor/Soskic,donor (LODO),donor,D435,scFoundation,scFoundation,adapted,0.15244690252880239,predictions/C2/C2__scFoundation__C2_soskic_LODO_D435.npz
T2,T2,C2,donor/Soskic,donor (LODO),donor,D436,scFoundation,scFoundation,adapted,0.08126439381443325,predictions/C2/C2__scFoundation__C2_soskic_LODO_D436.npz
T2,T2,C2,donor/Soskic,donor (LODO),donor,D439,scFoundation,scFoundation,adapted,0.11560750052719777,predictions/C2/C2__scFoundation__C2_soskic_LODO_D439.npz
T2,T2,C2,donor/Soskic,donor (LODO),donor,D440,scFoundation,scFoundation,adapted,0.09016364713425482,predictions/C2/C2__scFoundation__C2_soskic_LODO_D440.npz
T2,T2,C2,donor/Soskic,donor (LODO),donor,D441,scFoundation,scFoundation,adapted,0.10200189167689608,predictions/C2/C2__scFoundation__C2_soskic_LODO_D441.npz
T2,T2,C2,donor/Soskic,donor (LODO),donor,D442,scFoundation,scFoundation,adapted,0.11569011006853543,predictions/C2/C2__scFoundation__C2_soskic_LODO_D442.npz
T2,T2,C2,donor/Soskic,donor (LODO),donor,D443,scFoundation,scFoundation,adapted,0.12651257331539464,predictions/C2/C2__scFoundation__C2_soskic_LODO_D443.npz
T2,T2,C2,donor/Soskic,donor (LODO),donor,D445,scFoundation,scFoundation,adapted,0.19626510701711156,predictions/C2/C2__scFoundation__C2_soskic_LODO_D445.npz
T2,T2,C2,donor/Soskic,donor (LODO),donor,D446,scFoundation,scFoundation,adapted,0.10862245941481646,predictions/C2/C2__scFoundation__C2_soskic_LODO_D446.npz
T2,T2,C2,donor/Soskic,donor (LODO),donor,D447,scFoundation,scFoundation,adapted,0.06641111730715776,predictions/C2/C2__scFoundation__C2_soskic_LODO_D447.npz
T2,T2,C2,donor/Soskic,donor (LODO),donor,D448,scFoundation,scFoundation,adapted,0.2382970523334873,predictions/C2/C2__scFoundation__C2_soskic_LODO_D448.npz
T2,T2,C2,donor/Soskic,donor (LODO),donor,D449,scFoundation,scFoundation,adapted,0.180390215406285,predictions/C2/C2__scFoundation__C2_soskic_LODO_D449.npz
T2,T2,C2,donor/Soskic,donor (LODO),donor,D450,scFoundation,scFoundation,adapted,0.21280083951765447,predictions/C2/C2__scFoundation__C2_soskic_LODO_D450.npz
T2,T2,C2,donor/Soskic,donor (LODO),donor,D451,scFoundation,scFoundation,adapted,0.07020640029072313,predictions/C2/C2__scFoundation__C2_soskic_LODO_D451.npz
T2,T2,C2,donor/Soskic,donor (LODO),donor,D452,scFoundation,scFoundation,adapted,0.16423128367829826,predictions/C2/C2__scFoundation__C2_soskic_LODO_D452.npz
T2,T2,C2,donor/Soskic,donor (LODO),donor,D453,scFoundation,scFoundation,adapted,0.2628280333388193,predictions/C2/C2__scFoundation__C2_soskic_LODO_D453.npz
T2,T2,C2,donor/Soskic,donor (LODO),donor,D454,scFoundation,scFoundation,adapted,0.3033626973274956,predictions/C2/C2__scFoundation__C2_soskic_LODO_D454.npz
T2,T2,C2,donor/Soskic,donor (LODO),donor,D455,scFoundation,scFoundation,adapted,0.13461616110690147,predictions/C2/C2__scFoundation__C2_soskic_LODO_D455.npz
T2,T2,C2,donor/Soskic,donor (LODO),donor,D456,scFoundation,scFoundation,adapted,0.19290753846047196,predictions/C2/C2__scFoundation__C2_soskic_LODO_D456.npz
T2,T2,C2,donor/Soskic,donor (LODO),donor,D457,scFoundation,scFoundation,adapted,0.07830439530215134,predictions/C2/C2__scFoundation__C2_soskic_LODO_D457.npz
T2,T2,C2,donor/Soskic,donor (LODO),donor,D458,scFoundation,scFoundation,adapted,0.17338325612083527,predictions/C2/C2__scFoundation__C2_soskic_LODO_D458.npz
T2,T2,C2,donor/Soskic,donor (LODO),donor,D459,scFoundation,scFoundation,adapted,0.10755607569178792,predictions/C2/C2__scFoundation__C2_soskic_LODO_D459.npz
T2,T2,C2,donor/Soskic,donor (LODO),donor,D460,scFoundation,scFoundation,adapted,0.13766989345800323,predictions/C2/C2__scFoundation__C2_soskic_LODO_D460.npz
T2,T2,C2,donor/Soskic,donor (LODO),donor,D461,scFoundation,scFoundation,adapted,0.22863633120453103,predictions/C2/C2__scFoundation__C2_soskic_LODO_D461.npz
T2,T2,C2,donor/Soskic,donor (LODO),donor,D462,scFoundation,scFoundation,adapted,0.1725524980717271,predictions/C2/C2__scFoundation__C2_soskic_LODO_D462.npz
T2,T2,C2,donor/Soskic,donor (LODO),donor,D463,scFoundation,scFoundation,adapted,0.29128439363333597,predictions/C2/C2__scFoundation__C2_soskic_LODO_D463.npz
T2,T2,C2,donor/Soskic,donor (LODO),donor,D464,scFoundation,scFoundation,adapted,0.19739155975888606,predictions/C2/C2__scFoundation__C2_soskic_LODO_D464.npz
T2,T2,C2,donor/Soskic,donor (LODO),donor,D465,scFoundation,scFoundation,adapted,0.2216581488575848,predictions/C2/C2__scFoundation__C2_soskic_LODO_D465.npz
T2,T2,C2,donor/Soskic,donor (LODO),donor,D466,scFoundation,scFoundation,adapted,0.2034601864005305,predictions/C2/C2__scFoundation__C2_soskic_LODO_D466.npz
T2,T2,C2,donor/Soskic,donor (LODO),donor,D481,scFoundation,scFoundation,adapted,0.15383125684985002,predictions/C2/C2__scFoundation__C2_soskic_LODO_D481.npz
T2,T2,C2,donor/Soskic,donor (LODO),donor,D482,scFoundation,scFoundation,adapted,0.19086921264222545,predictions/C2/C2__scFoundation__C2_soskic_LODO_D482.npz
T2,T2,C2,donor/Soskic,donor (LODO),donor,D483,scFoundation,scFoundation,adapted,0.0941988041607357,predictions/C2/C2__scFoundation__C2_soskic_LODO_D483.npz
T2,T2,C2,donor/Soskic,donor (LODO),donor,D484,scFoundation,scFoundation,adapted,0.07937090720694671,predictions/C2/C2__scFoundation__C2_soskic_LODO_D484.npz
T2,T2,C2,donor/Soskic,donor (LODO),donor,D485,scFoundation,scFoundation,adapted,0.08820304310055224,predictions/C2/C2__scFoundation__C2_soskic_LODO_D485.npz
T2,T2,C2,donor/Soskic,donor (LODO),donor,D348,scGPT,scGPT,adapted,0.21654628810885956,predictions/C2/C2__scGPT__C2_soskic_LODO_D348.npz
T2,T2,C2,donor/Soskic,donor (LODO),donor,D349,scGPT,scGPT,adapted,0.22805562263425433,predictions/C2/C2__scGPT__C2_soskic_LODO_D349.npz
T2,T2,C2,donor/Soskic,donor (LODO),donor,D350,scGPT,scGPT,adapted,0.17446461348524345,predictions/C2/C2__scGPT__C2_soskic_LODO_D350.npz
T2,T2,C2,donor/Soskic,donor (LODO),donor,D351,scGPT,scGPT,adapted,0.2312660821676705,predictions/C2/C2__scGPT__C2_soskic_LODO_D351.npz
T2,T2,C2,donor/Soskic,donor (LODO),donor,D352,scGPT,scGPT,adapted,0.2708632973165004,predictions/C2/C2__scGPT__C2_soskic_LODO_D352.npz
T2,T2,C2,donor/Soskic,donor (LODO),donor,D353,scGPT,scGPT,adapted,0.28950764938085405,predictions/C2/C2__scGPT__C2_soskic_LODO_D353.npz
T2,T2,C2,donor/Soskic,donor (LODO),donor,D354,scGPT,scGPT,adapted,0.2698863653415103,predictions/C2/C2__scGPT__C2_soskic_LODO_D354.npz
T2,T2,C2,donor/Soskic,donor (LODO),donor,D355,scGPT,scGPT,adapted,0.48778509258227826,predictions/C2/C2__scGPT__C2_soskic_LODO_D355.npz
T2,T2,C2,donor/Soskic,donor (LODO),donor,D356,scGPT,scGPT,adapted,0.2176687917012834,predictions/C2/C2__scGPT__C2_soskic_LODO_D356.npz
T2,T2,C2,donor/Soskic,donor (LODO),donor,D357,scGPT,scGPT,adapted,0.28956507355830713,predictions/C2/C2__scGPT__C2_soskic_LODO_D357.npz
T2,T2,C2,donor/Soskic,donor (LODO),donor,D358,scGPT,scGPT,adapted,0.354403787609172,predictions/C2/C2__scGPT__C2_soskic_LODO_D358.npz
T2,T2,C2,donor/Soskic,donor (LODO),donor,D359,scGPT,scGPT,adapted,0.36919383647838977,predictions/C2/C2__scGPT__C2_soskic_LODO_D359.npz
T2,T2,C2,donor/Soskic,donor (LODO),donor,D363,scGPT,scGPT,adapted,0.19666192987112346,predictions/C2/C2__scGPT__C2_soskic_LODO_D363.npz
T2,T2,C2,donor/Soskic,donor (LODO),donor,D364,scGPT,scGPT,adapted,0.2241545884150751,predictions/C2/C2__scGPT__C2_soskic_LODO_D364.npz
T2,T2,C2,donor/Soskic,donor (LODO),donor,D365,scGPT,scGPT,adapted,0.2928490632827827,predictions/C2/C2__scGPT__C2_soskic_LODO_D365.npz
T2,T2,C2,donor/Soskic,donor (LODO),donor,D366,scGPT,scGPT,adapted,0.1288174508524601,predictions/C2/C2__scGPT__C2_soskic_LODO_D366.npz
T2,T2,C2,donor/Soskic,donor (LODO),donor,D367,scGPT,scGPT,adapted,0.3139718519863598,predictions/C2/C2__scGPT__C2_soskic_LODO_D367.npz
T2,T2,C2,donor/Soskic,donor (LODO),donor,D368,scGPT,scGPT,adapted,0.2130699640471596,predictions/C2/C2__scGPT__C2_soskic_LODO_D368.npz
T2,T2,C2,donor/Soskic,donor (LODO),donor,D369,scGPT,scGPT,adapted,0.2566018720809458,predictions/C2/C2__scGPT__C2_soskic_LODO_D369.npz
T2,T2,C2,donor/Soskic,donor (LODO),donor,D370,scGPT,scGPT,adapted,0.22054974909014144,predictions/C2/C2__scGPT__C2_soskic_LODO_D370.npz
T2,T2,C2,donor/Soskic,donor (LODO),donor,D371,scGPT,scGPT,adapted,0.15532832659048956,predictions/C2/C2__scGPT__C2_soskic_LODO_D371.npz
T2,T2,C2,donor/Soskic,donor (LODO),donor,D372,scGPT,scGPT,adapted,0.16383107397243632,predictions/C2/C2__scGPT__C2_soskic_LODO_D372.npz
T2,T2,C2,donor/Soskic,donor (LODO),donor,D373,scGPT,scGPT,adapted,0.17650734394597573,predictions/C2/C2__scGPT__C2_soskic_LODO_D373.npz
T2,T2,C2,donor/Soskic,donor (LODO),donor,D374,scGPT,scGPT,adapted,0.13193484445985537,predictions/C2/C2__scGPT__C2_soskic_LODO_D374.npz
T2,T2,C2,donor/Soskic,donor (LODO),donor,D378,scGPT,scGPT,adapted,0.2657973824034231,predictions/C2/C2__scGPT__C2_soskic_LODO_D378.npz
T2,T2,C2,donor/Soskic,donor (LODO),donor,D379,scGPT,scGPT,adapted,0.10435440080673071,predictions/C2/C2__scGPT__C2_soskic_LODO_D379.npz
T2,T2,C2,donor/Soskic,donor (LODO),donor,D380,scGPT,scGPT,adapted,0.10621930963142062,predictions/C2/C2__scGPT__C2_soskic_LODO_D380.npz
T2,T2,C2,donor/Soskic,donor (LODO),donor,D381,scGPT,scGPT,adapted,0.2331196807043066,predictions/C2/C2__scGPT__C2_soskic_LODO_D381.npz
T2,T2,C2,donor/Soskic,donor (LODO),donor,D382,scGPT,scGPT,adapted,0.21523441752949013,predictions/C2/C2__scGPT__C2_soskic_LODO_D382.npz
T2,T2,C2,donor/Soskic,donor (LODO),donor,D383,scGPT,scGPT,adapted,0.2777113358282066,predictions/C2/C2__scGPT__C2_soskic_LODO_D383.npz
T2,T2,C2,donor/Soskic,donor (LODO),donor,D387,scGPT,scGPT,adapted,0.38407560729381635,predictions/C2/C2__scGPT__C2_soskic_LODO_D387.npz
T2,T2,C2,donor/Soskic,donor (LODO),donor,D388,scGPT,scGPT,adapted,0.32920824508511226,predictions/C2/C2__scGPT__C2_soskic_LODO_D388.npz
T2,T2,C2,donor/Soskic,donor (LODO),donor,D389,scGPT,scGPT,adapted,0.1940777928916077,predictions/C2/C2__scGPT__C2_soskic_LODO_D389.npz
T2,T2,C2,donor/Soskic,donor (LODO),donor,D390,scGPT,scGPT,adapted,0.22723437806487692,predictions/C2/C2__scGPT__C2_soskic_LODO_D390.npz
T2,T2,C2,donor/Soskic,donor (LODO),donor,D391,scGPT,scGPT,adapted,0.3132330221142967,predictions/C2/C2__scGPT__C2_soskic_LODO_D391.npz
T2,T2,C2,donor/Soskic,donor (LODO),donor,D392,scGPT,scGPT,adapted,0.2133173312927737,predictions/C2/C2__scGPT__C2_soskic_LODO_D392.npz
T2,T2,C2,donor/Soskic,donor (LODO),donor,D393,scGPT,scGPT,adapted,0.2588499753887761,predictions/C2/C2__scGPT__C2_soskic_LODO_D393.npz
T2,T2,C2,donor/Soskic,donor (LODO),donor,D394,scGPT,scGPT,adapted,0.32210862811137564,predictions/C2/C2__scGPT__C2_soskic_LODO_D394.npz
T2,T2,C2,donor/Soskic,donor (LODO),donor,D395,scGPT,scGPT,adapted,0.29037429105471,predictions/C2/C2__scGPT__C2_soskic_LODO_D395.npz
T2,T2,C2,donor/Soskic,donor (LODO),donor,D396,scGPT,scGPT,adapted,0.2601288557403719,predictions/C2/C2__scGPT__C2_soskic_LODO_D396.npz
T2,T2,C2,donor/Soskic,donor (LODO),donor,D397,scGPT,scGPT,adapted,0.2974647576350732,predictions/C2/C2__scGPT__C2_soskic_LODO_D397.npz
T2,T2,C2,donor/Soskic,donor (LODO),donor,D398,scGPT,scGPT,adapted,0.2927118863894509,predictions/C2/C2__scGPT__C2_soskic_LODO_D398.npz
T2,T2,C2,donor/Soskic,donor (LODO),donor,D405,scGPT,scGPT,adapted,0.2419482915774036,predictions/C2/C2__scGPT__C2_soskic_LODO_D405.npz
T2,T2,C2,donor/Soskic,donor (LODO),donor,D406,scGPT,scGPT,adapted,0.30286001792337036,predictions/C2/C2__scGPT__C2_soskic_LODO_D406.npz
T2,T2,C2,donor/Soskic,donor (LODO),donor,D407,scGPT,scGPT,adapted,0.24341321647721337,predictions/C2/C2__scGPT__C2_soskic_LODO_D407.npz
T2,T2,C2,donor/Soskic,donor (LODO),donor,D408,scGPT,scGPT,adapted,0.12100630440898358,predictions/C2/C2__scGPT__C2_soskic_LODO_D408.npz
T2,T2,C2,donor/Soskic,donor (LODO),donor,D409,scGPT,scGPT,adapted,0.21934595606774557,predictions/C2/C2__scGPT__C2_soskic_LODO_D409.npz
T2,T2,C2,donor/Soskic,donor (LODO),donor,D410,scGPT,scGPT,adapted,0.31083592038254443,predictions/C2/C2__scGPT__C2_soskic_LODO_D410.npz
T2,T2,C2,donor/Soskic,donor (LODO),donor,D411,scGPT,scGPT,adapted,0.16671765439205455,predictions/C2/C2__scGPT__C2_soskic_LODO_D411.npz
T2,T2,C2,donor/Soskic,donor (LODO),donor,D412,scGPT,scGPT,adapted,0.3004100526527941,predictions/C2/C2__scGPT__C2_soskic_LODO_D412.npz
T2,T2,C2,donor/Soskic,donor (LODO),donor,D413,scGPT,scGPT,adapted,0.166229079000395,predictions/C2/C2__scGPT__C2_soskic_LODO_D413.npz
T2,T2,C2,donor/Soskic,donor (LODO),donor,D414,scGPT,scGPT,adapted,0.17483695382645503,predictions/C2/C2__scGPT__C2_soskic_LODO_D414.npz
T2,T2,C2,donor/Soskic,donor (LODO),donor,D415,scGPT,scGPT,adapted,0.27909183882564903,predictions/C2/C2__scGPT__C2_soskic_LODO_D415.npz
T2,T2,C2,donor/Soskic,donor (LODO),donor,D416,scGPT,scGPT,adapted,0.2796495738868709,predictions/C2/C2__scGPT__C2_soskic_LODO_D416.npz
T2,T2,C2,donor/Soskic,donor (LODO),donor,D417,scGPT,scGPT,adapted,0.2831895577076272,predictions/C2/C2__scGPT__C2_soskic_LODO_D417.npz
T2,T2,C2,donor/Soskic,donor (LODO),donor,D418,scGPT,scGPT,adapted,0.2269298640816942,predictions/C2/C2__scGPT__C2_soskic_LODO_D418.npz
T2,T2,C2,donor/Soskic,donor (LODO),donor,D419,scGPT,scGPT,adapted,0.1379192673625337,predictions/C2/C2__scGPT__C2_soskic_LODO_D419.npz
T2,T2,C2,donor/Soskic,donor (LODO),donor,D420,scGPT,scGPT,adapted,0.28599327698055077,predictions/C2/C2__scGPT__C2_soskic_LODO_D420.npz
T2,T2,C2,donor/Soskic,donor (LODO),donor,D421,scGPT,scGPT,adapted,0.10961743745358814,predictions/C2/C2__scGPT__C2_soskic_LODO_D421.npz
T2,T2,C2,donor/Soskic,donor (LODO),donor,D422,scGPT,scGPT,adapted,-0.0797113427758629,predictions/C2/C2__scGPT__C2_soskic_LODO_D422.npz
T2,T2,C2,donor/Soskic,donor (LODO),donor,D423,scGPT,scGPT,adapted,0.14960336941069868,predictions/C2/C2__scGPT__C2_soskic_LODO_D423.npz
T2,T2,C2,donor/Soskic,donor (LODO),donor,D424,scGPT,scGPT,adapted,-0.012107763688034666,predictions/C2/C2__scGPT__C2_soskic_LODO_D424.npz
T2,T2,C2,donor/Soskic,donor (LODO),donor,D425,scGPT,scGPT,adapted,0.01973005936734345,predictions/C2/C2__scGPT__C2_soskic_LODO_D425.npz
T2,T2,C2,donor/Soskic,donor (LODO),donor,D426,scGPT,scGPT,adapted,0.23882650552085316,predictions/C2/C2__scGPT__C2_soskic_LODO_D426.npz
T2,T2,C2,donor/Soskic,donor (LODO),donor,D427,scGPT,scGPT,adapted,0.14765902865427943,predictions/C2/C2__scGPT__C2_soskic_LODO_D427.npz
T2,T2,C2,donor/Soskic,donor (LODO),donor,D428,scGPT,scGPT,adapted,0.18605377767498607,predictions/C2/C2__scGPT__C2_soskic_LODO_D428.npz
T2,T2,C2,donor/Soskic,donor (LODO),donor,D429,scGPT,scGPT,adapted,0.1507162243436035,predictions/C2/C2__scGPT__C2_soskic_LODO_D429.npz
T2,T2,C2,donor/Soskic,donor (LODO),donor,D430,scGPT,scGPT,adapted,0.36374069750953314,predictions/C2/C2__scGPT__C2_soskic_LODO_D430.npz
T2,T2,C2,donor/Soskic,donor (LODO),donor,D431,scGPT,scGPT,adapted,0.2556633965512247,predictions/C2/C2__scGPT__C2_soskic_LODO_D431.npz
T2,T2,C2,donor/Soskic,donor (LODO),donor,D432,scGPT,scGPT,adapted,0.25107376918018776,predictions/C2/C2__scGPT__C2_soskic_LODO_D432.npz
T2,T2,C2,donor/Soskic,donor (LODO),donor,D433,scGPT,scGPT,adapted,0.2378221867091558,predictions/C2/C2__scGPT__C2_soskic_LODO_D433.npz
T2,T2,C2,donor/Soskic,donor (LODO),donor,D434,scGPT,scGPT,adapted,0.10964592864022155,predictions/C2/C2__scGPT__C2_soskic_LODO_D434.npz
T2,T2,C2,donor/Soskic,donor (LODO),donor,D435,scGPT,scGPT,adapted,0.27622570970436927,predictions/C2/C2__scGPT__C2_soskic_LODO_D435.npz
T2,T2,C2,donor/Soskic,donor (LODO),donor,D436,scGPT,scGPT,adapted,0.25753133856431437,predictions/C2/C2__scGPT__C2_soskic_LODO_D436.npz
T2,T2,C2,donor/Soskic,donor (LODO),donor,D439,scGPT,scGPT,adapted,0.24038615213669529,predictions/C2/C2__scGPT__C2_soskic_LODO_D439.npz
T2,T2,C2,donor/Soskic,donor (LODO),donor,D440,scGPT,scGPT,adapted,0.21004148312489837,predictions/C2/C2__scGPT__C2_soskic_LODO_D440.npz
T2,T2,C2,donor/Soskic,donor (LODO),donor,D441,scGPT,scGPT,adapted,0.24741121528150165,predictions/C2/C2__scGPT__C2_soskic_LODO_D441.npz
T2,T2,C2,donor/Soskic,donor (LODO),donor,D442,scGPT,scGPT,adapted,0.2757581138387064,predictions/C2/C2__scGPT__C2_soskic_LODO_D442.npz
T2,T2,C2,donor/Soskic,donor (LODO),donor,D443,scGPT,scGPT,adapted,0.19595363139679461,predictions/C2/C2__scGPT__C2_soskic_LODO_D443.npz
T2,T2,C2,donor/Soskic,donor (LODO),donor,D445,scGPT,scGPT,adapted,0.2280798138942394,predictions/C2/C2__scGPT__C2_soskic_LODO_D445.npz
T2,T2,C2,donor/Soskic,donor (LODO),donor,D446,scGPT,scGPT,adapted,0.1728741059021304,predictions/C2/C2__scGPT__C2_soskic_LODO_D446.npz
T2,T2,C2,donor/Soskic,donor (LODO),donor,D447,scGPT,scGPT,adapted,0.2384540237635312,predictions/C2/C2__scGPT__C2_soskic_LODO_D447.npz
T2,T2,C2,donor/Soskic,donor (LODO),donor,D448,scGPT,scGPT,adapted,0.31105483957105035,predictions/C2/C2__scGPT__C2_soskic_LODO_D448.npz
T2,T2,C2,donor/Soskic,donor (LODO),donor,D449,scGPT,scGPT,adapted,0.29727165124739424,predictions/C2/C2__scGPT__C2_soskic_LODO_D449.npz
T2,T2,C2,donor/Soskic,donor (LODO),donor,D450,scGPT,scGPT,adapted,0.30732243867518977,predictions/C2/C2__scGPT__C2_soskic_LODO_D450.npz
T2,T2,C2,donor/Soskic,donor (LODO),donor,D451,scGPT,scGPT,adapted,0.5129362199191821,predictions/C2/C2__scGPT__C2_soskic_LODO_D451.npz
T2,T2,C2,donor/Soskic,donor (LODO),donor,D452,scGPT,scGPT,adapted,0.2553861726527347,predictions/C2/C2__scGPT__C2_soskic_LODO_D452.npz
T2,T2,C2,donor/Soskic,donor (LODO),donor,D453,scGPT,scGPT,adapted,0.38621187512134225,predictions/C2/C2__scGPT__C2_soskic_LODO_D453.npz
T2,T2,C2,donor/Soskic,donor (LODO),donor,D454,scGPT,scGPT,adapted,0.54448749140876,predictions/C2/C2__scGPT__C2_soskic_LODO_D454.npz
T2,T2,C2,donor/Soskic,donor (LODO),donor,D455,scGPT,scGPT,adapted,0.17167335224064698,predictions/C2/C2__scGPT__C2_soskic_LODO_D455.npz
T2,T2,C2,donor/Soskic,donor (LODO),donor,D456,scGPT,scGPT,adapted,0.31143046771342675,predictions/C2/C2__scGPT__C2_soskic_LODO_D456.npz
T2,T2,C2,donor/Soskic,donor (LODO),donor,D457,scGPT,scGPT,adapted,0.25309998212162815,predictions/C2/C2__scGPT__C2_soskic_LODO_D457.npz
T2,T2,C2,donor/Soskic,donor (LODO),donor,D458,scGPT,scGPT,adapted,0.28859833774336585,predictions/C2/C2__scGPT__C2_soskic_LODO_D458.npz
T2,T2,C2,donor/Soskic,donor (LODO),donor,D459,scGPT,scGPT,adapted,0.3782443741957429,predictions/C2/C2__scGPT__C2_soskic_LODO_D459.npz
T2,T2,C2,donor/Soskic,donor (LODO),donor,D460,scGPT,scGPT,adapted,0.3347745849600472,predictions/C2/C2__scGPT__C2_soskic_LODO_D460.npz
T2,T2,C2,donor/Soskic,donor (LODO),donor,D461,scGPT,scGPT,adapted,0.3326165556176937,predictions/C2/C2__scGPT__C2_soskic_LODO_D461.npz
T2,T2,C2,donor/Soskic,donor (LODO),donor,D462,scGPT,scGPT,adapted,0.25987557281565504,predictions/C2/C2__scGPT__C2_soskic_LODO_D462.npz
T2,T2,C2,donor/Soskic,donor (LODO),donor,D463,scGPT,scGPT,adapted,0.44551586775414787,predictions/C2/C2__scGPT__C2_soskic_LODO_D463.npz
T2,T2,C2,donor/Soskic,donor (LODO),donor,D464,scGPT,scGPT,adapted,0.4604468373150062,predictions/C2/C2__scGPT__C2_soskic_LODO_D464.npz
T2,T2,C2,donor/Soskic,donor (LODO),donor,D465,scGPT,scGPT,adapted,0.37694463886467655,predictions/C2/C2__scGPT__C2_soskic_LODO_D465.npz
T2,T2,C2,donor/Soskic,donor (LODO),donor,D466,scGPT,scGPT,adapted,0.3096268457982652,predictions/C2/C2__scGPT__C2_soskic_LODO_D466.npz
T2,T2,C2,donor/Soskic,donor (LODO),donor,D481,scGPT,scGPT,adapted,0.2867310824026169,predictions/C2/C2__scGPT__C2_soskic_LODO_D481.npz
T2,T2,C2,donor/Soskic,donor (LODO),donor,D482,scGPT,scGPT,adapted,0.30669301467949805,predictions/C2/C2__scGPT__C2_soskic_LODO_D482.npz
T2,T2,C2,donor/Soskic,donor (LODO),donor,D483,scGPT,scGPT,adapted,0.293232774498991,predictions/C2/C2__scGPT__C2_soskic_LODO_D483.npz
T2,T2,C2,donor/Soskic,donor (LODO),donor,D484,scGPT,scGPT,adapted,0.21968184659686987,predictions/C2/C2__scGPT__C2_soskic_LODO_D484.npz
T2,T2,C2,donor/Soskic,donor (LODO),donor,D485,scGPT,scGPT,adapted,0.19548805679363346,predictions/C2/C2__scGPT__C2_soskic_LODO_D485.npz
T2,T2,C2,donor/Soskic,donor (LODO),donor,D348,scGen,scGen,native,0.12883221143539922,predictions/C2/C2_LODO__scGen__C2_lodo_D348.npz
T2,T2,C2,donor/Soskic,donor (LODO),donor,D349,scGen,scGen,native,0.11455552496383913,predictions/C2/C2_LODO__scGen__C2_lodo_D349.npz
T2,T2,C2,donor/Soskic,donor (LODO),donor,D350,scGen,scGen,native,0.16961825669382394,predictions/C2/C2_LODO__scGen__C2_lodo_D350.npz
T2,T2,C2,donor/Soskic,donor (LODO),donor,D351,scGen,scGen,native,0.11564233579781205,predictions/C2/C2_LODO__scGen__C2_lodo_D351.npz
T2,T2,C2,donor/Soskic,donor (LODO),donor,D352,scGen,scGen,native,0.17317131212333994,predictions/C2/C2_LODO__scGen__C2_lodo_D352.npz
T2,T2,C2,donor/Soskic,donor (LODO),donor,D353,scGen,scGen,native,0.2033574736662074,predictions/C2/C2_LODO__scGen__C2_lodo_D353.npz
T2,T2,C2,donor/Soskic,donor (LODO),donor,D354,scGen,scGen,native,0.06528564276499235,predictions/C2/C2_LODO__scGen__C2_lodo_D354.npz
T2,T2,C2,donor/Soskic,donor (LODO),donor,D355,scGen,scGen,native,0.05982194969802615,predictions/C2/C2_LODO__scGen__C2_lodo_D355.npz
T2,T2,C2,donor/Soskic,donor (LODO),donor,D356,scGen,scGen,native,0.09210113418740215,predictions/C2/C2_LODO__scGen__C2_lodo_D356.npz
T2,T2,C2,donor/Soskic,donor (LODO),donor,D357,scGen,scGen,native,0.16063517658466897,predictions/C2/C2_LODO__scGen__C2_lodo_D357.npz
T2,T2,C2,donor/Soskic,donor (LODO),donor,D358,scGen,scGen,native,0.1735344234850881,predictions/C2/C2_LODO__scGen__C2_lodo_D358.npz
T2,T2,C2,donor/Soskic,donor (LODO),donor,D359,scGen,scGen,native,0.13659958234403552,predictions/C2/C2_LODO__scGen__C2_lodo_D359.npz
T2,T2,C2,donor/Soskic,donor (LODO),donor,D363,scGen,scGen,native,0.09981675198818019,predictions/C2/C2_LODO__scGen__C2_lodo_D363.npz
T2,T2,C2,donor/Soskic,donor (LODO),donor,D364,scGen,scGen,native,0.06010769534957507,predictions/C2/C2_LODO__scGen__C2_lodo_D364.npz
T2,T2,C2,donor/Soskic,donor (LODO),donor,D365,scGen,scGen,native,0.16295014665360444,predictions/C2/C2_LODO__scGen__C2_lodo_D365.npz
T2,T2,C2,donor/Soskic,donor (LODO),donor,D366,scGen,scGen,native,0.07633805319890118,predictions/C2/C2_LODO__scGen__C2_lodo_D366.npz
T2,T2,C2,donor/Soskic,donor (LODO),donor,D367,scGen,scGen,native,0.12082882034893237,predictions/C2/C2_LODO__scGen__C2_lodo_D367.npz
T2,T2,C2,donor/Soskic,donor (LODO),donor,D368,scGen,scGen,native,0.10444714394825487,predictions/C2/C2_LODO__scGen__C2_lodo_D368.npz
T2,T2,C2,donor/Soskic,donor (LODO),donor,D369,scGen,scGen,native,0.09317737463123577,predictions/C2/C2_LODO__scGen__C2_lodo_D369.npz
T2,T2,C2,donor/Soskic,donor (LODO),donor,D370,scGen,scGen,native,0.060705629361140406,predictions/C2/C2_LODO__scGen__C2_lodo_D370.npz
T2,T2,C2,donor/Soskic,donor (LODO),donor,D371,scGen,scGen,native,0.09168112590197562,predictions/C2/C2_LODO__scGen__C2_lodo_D371.npz
T2,T2,C2,donor/Soskic,donor (LODO),donor,D372,scGen,scGen,native,0.08438870359591732,predictions/C2/C2_LODO__scGen__C2_lodo_D372.npz
T2,T2,C2,donor/Soskic,donor (LODO),donor,D373,scGen,scGen,native,0.10578242723170972,predictions/C2/C2_LODO__scGen__C2_lodo_D373.npz
T2,T2,C2,donor/Soskic,donor (LODO),donor,D374,scGen,scGen,native,0.07942639486311809,predictions/C2/C2_LODO__scGen__C2_lodo_D374.npz
T2,T2,C2,donor/Soskic,donor (LODO),donor,D378,scGen,scGen,native,0.1763165986897549,predictions/C2/C2_LODO__scGen__C2_lodo_D378.npz
T2,T2,C2,donor/Soskic,donor (LODO),donor,D379,scGen,scGen,native,0.13342070316230092,predictions/C2/C2_LODO__scGen__C2_lodo_D379.npz
T2,T2,C2,donor/Soskic,donor (LODO),donor,D380,scGen,scGen,native,0.12703060821907936,predictions/C2/C2_LODO__scGen__C2_lodo_D380.npz
T2,T2,C2,donor/Soskic,donor (LODO),donor,D381,scGen,scGen,native,0.14373541236023066,predictions/C2/C2_LODO__scGen__C2_lodo_D381.npz
T2,T2,C2,donor/Soskic,donor (LODO),donor,D382,scGen,scGen,native,0.1454617546548543,predictions/C2/C2_LODO__scGen__C2_lodo_D382.npz
T2,T2,C2,donor/Soskic,donor (LODO),donor,D383,scGen,scGen,native,0.13181733064048107,predictions/C2/C2_LODO__scGen__C2_lodo_D383.npz
T2,T2,C2,donor/Soskic,donor (LODO),donor,D387,scGen,scGen,native,0.27373618242622444,predictions/C2/C2_LODO__scGen__C2_lodo_D387.npz
T2,T2,C2,donor/Soskic,donor (LODO),donor,D388,scGen,scGen,native,0.27654136007283703,predictions/C2/C2_LODO__scGen__C2_lodo_D388.npz
T2,T2,C2,donor/Soskic,donor (LODO),donor,D389,scGen,scGen,native,0.12874449299033677,predictions/C2/C2_LODO__scGen__C2_lodo_D389.npz
T2,T2,C2,donor/Soskic,donor (LODO),donor,D390,scGen,scGen,native,0.17024462912286684,predictions/C2/C2_LODO__scGen__C2_lodo_D390.npz
T2,T2,C2,donor/Soskic,donor (LODO),donor,D391,scGen,scGen,native,0.2887179758099466,predictions/C2/C2_LODO__scGen__C2_lodo_D391.npz
T2,T2,C2,donor/Soskic,donor (LODO),donor,D392,scGen,scGen,native,0.09417618121350345,predictions/C2/C2_LODO__scGen__C2_lodo_D392.npz
T2,T2,C2,donor/Soskic,donor (LODO),donor,D393,scGen,scGen,native,0.11339275292579476,predictions/C2/C2_LODO__scGen__C2_lodo_D393.npz
T2,T2,C2,donor/Soskic,donor (LODO),donor,D394,scGen,scGen,native,0.030258489312771822,predictions/C2/C2_LODO__scGen__C2_lodo_D394.npz
T2,T2,C2,donor/Soskic,donor (LODO),donor,D395,scGen,scGen,native,0.1425742232967417,predictions/C2/C2_LODO__scGen__C2_lodo_D395.npz
T2,T2,C2,donor/Soskic,donor (LODO),donor,D396,scGen,scGen,native,0.0992849597553302,predictions/C2/C2_LODO__scGen__C2_lodo_D396.npz
T2,T2,C2,donor/Soskic,donor (LODO),donor,D397,scGen,scGen,native,0.15054765993368896,predictions/C2/C2_LODO__scGen__C2_lodo_D397.npz
T2,T2,C2,donor/Soskic,donor (LODO),donor,D398,scGen,scGen,native,0.1406930103602718,predictions/C2/C2_LODO__scGen__C2_lodo_D398.npz
T2,T2,C2,donor/Soskic,donor (LODO),donor,D405,scGen,scGen,native,0.15797327036936537,predictions/C2/C2_LODO__scGen__C2_lodo_D405.npz
T2,T2,C2,donor/Soskic,donor (LODO),donor,D406,scGen,scGen,native,0.11598234172988232,predictions/C2/C2_LODO__scGen__C2_lodo_D406.npz
T2,T2,C2,donor/Soskic,donor (LODO),donor,D407,scGen,scGen,native,0.11250314713684073,predictions/C2/C2_LODO__scGen__C2_lodo_D407.npz
T2,T2,C2,donor/Soskic,donor (LODO),donor,D408,scGen,scGen,native,0.10785638025078292,predictions/C2/C2_LODO__scGen__C2_lodo_D408.npz
T2,T2,C2,donor/Soskic,donor (LODO),donor,D409,scGen,scGen,native,0.07827871818019275,predictions/C2/C2_LODO__scGen__C2_lodo_D409.npz
T2,T2,C2,donor/Soskic,donor (LODO),donor,D410,scGen,scGen,native,0.2007418215221067,predictions/C2/C2_LODO__scGen__C2_lodo_D410.npz
T2,T2,C2,donor/Soskic,donor (LODO),donor,D411,scGen,scGen,native,0.15314851396445872,predictions/C2/C2_LODO__scGen__C2_lodo_D411.npz
T2,T2,C2,donor/Soskic,donor (LODO),donor,D412,scGen,scGen,native,0.25966124243526745,predictions/C2/C2_LODO__scGen__C2_lodo_D412.npz
T2,T2,C2,donor/Soskic,donor (LODO),donor,D413,scGen,scGen,native,0.12786880786580154,predictions/C2/C2_LODO__scGen__C2_lodo_D413.npz
T2,T2,C2,donor/Soskic,donor (LODO),donor,D414,scGen,scGen,native,0.1292915970189835,predictions/C2/C2_LODO__scGen__C2_lodo_D414.npz
T2,T2,C2,donor/Soskic,donor (LODO),donor,D415,scGen,scGen,native,0.18446570793082517,predictions/C2/C2_LODO__scGen__C2_lodo_D415.npz
T2,T2,C2,donor/Soskic,donor (LODO),donor,D416,scGen,scGen,native,0.16470913615752858,predictions/C2/C2_LODO__scGen__C2_lodo_D416.npz
T2,T2,C2,donor/Soskic,donor (LODO),donor,D417,scGen,scGen,native,0.2206357115500472,predictions/C2/C2_LODO__scGen__C2_lodo_D417.npz
T2,T2,C2,donor/Soskic,donor (LODO),donor,D418,scGen,scGen,native,0.15132203210014564,predictions/C2/C2_LODO__scGen__C2_lodo_D418.npz
T2,T2,C2,donor/Soskic,donor (LODO),donor,D419,scGen,scGen,native,0.045263745140850575,predictions/C2/C2_LODO__scGen__C2_lodo_D419.npz
T2,T2,C2,donor/Soskic,donor (LODO),donor,D420,scGen,scGen,native,0.16267718627944627,predictions/C2/C2_LODO__scGen__C2_lodo_D420.npz
T2,T2,C2,donor/Soskic,donor (LODO),donor,D421,scGen,scGen,native,0.09357130609508464,predictions/C2/C2_LODO__scGen__C2_lodo_D421.npz
T2,T2,C2,donor/Soskic,donor (LODO),donor,D422,scGen,scGen,native,-0.12378730432471084,predictions/C2/C2_LODO__scGen__C2_lodo_D422.npz
T2,T2,C2,donor/Soskic,donor (LODO),donor,D423,scGen,scGen,native,0.04452849045327721,predictions/C2/C2_LODO__scGen__C2_lodo_D423.npz
T2,T2,C2,donor/Soskic,donor (LODO),donor,D424,scGen,scGen,native,0.022641170841226573,predictions/C2/C2_LODO__scGen__C2_lodo_D424.npz
T2,T2,C2,donor/Soskic,donor (LODO),donor,D425,scGen,scGen,native,0.09983742755720151,predictions/C2/C2_LODO__scGen__C2_lodo_D425.npz
T2,T2,C2,donor/Soskic,donor (LODO),donor,D426,scGen,scGen,native,0.1570954964239396,predictions/C2/C2_LODO__scGen__C2_lodo_D426.npz
T2,T2,C2,donor/Soskic,donor (LODO),donor,D427,scGen,scGen,native,0.020041621695391712,predictions/C2/C2_LODO__scGen__C2_lodo_D427.npz
T2,T2,C2,donor/Soskic,donor (LODO),donor,D428,scGen,scGen,native,0.14718065021680604,predictions/C2/C2_LODO__scGen__C2_lodo_D428.npz
T2,T2,C2,donor/Soskic,donor (LODO),donor,D429,scGen,scGen,native,0.06301268504862985,predictions/C2/C2_LODO__scGen__C2_lodo_D429.npz
T2,T2,C2,donor/Soskic,donor (LODO),donor,D430,scGen,scGen,native,0.24394697898021864,predictions/C2/C2_LODO__scGen__C2_lodo_D430.npz
T2,T2,C2,donor/Soskic,donor (LODO),donor,D431,scGen,scGen,native,0.1478624805940574,predictions/C2/C2_LODO__scGen__C2_lodo_D431.npz
T2,T2,C2,donor/Soskic,donor (LODO),donor,D432,scGen,scGen,native,0.11490549585734151,predictions/C2/C2_LODO__scGen__C2_lodo_D432.npz
T2,T2,C2,donor/Soskic,donor (LODO),donor,D433,scGen,scGen,native,0.1441945045639128,predictions/C2/C2_LODO__scGen__C2_lodo_D433.npz
T2,T2,C2,donor/Soskic,donor (LODO),donor,D434,scGen,scGen,native,0.12796678734385813,predictions/C2/C2_LODO__scGen__C2_lodo_D434.npz
T2,T2,C2,donor/Soskic,donor (LODO),donor,D435,scGen,scGen,native,0.1872763555035761,predictions/C2/C2_LODO__scGen__C2_lodo_D435.npz
T2,T2,C2,donor/Soskic,donor (LODO),donor,D436,scGen,scGen,native,0.14033229447537426,predictions/C2/C2_LODO__scGen__C2_lodo_D436.npz
T2,T2,C2,donor/Soskic,donor (LODO),donor,D439,scGen,scGen,native,0.17442039162709327,predictions/C2/C2_LODO__scGen__C2_lodo_D439.npz
T2,T2,C2,donor/Soskic,donor (LODO),donor,D440,scGen,scGen,native,0.1739916044292119,predictions/C2/C2_LODO__scGen__C2_lodo_D440.npz
T2,T2,C2,donor/Soskic,donor (LODO),donor,D441,scGen,scGen,native,0.15682588670327358,predictions/C2/C2_LODO__scGen__C2_lodo_D441.npz
T2,T2,C2,donor/Soskic,donor (LODO),donor,D442,scGen,scGen,native,0.1681057453428039,predictions/C2/C2_LODO__scGen__C2_lodo_D442.npz
T2,T2,C2,donor/Soskic,donor (LODO),donor,D443,scGen,scGen,native,0.08982554757736916,predictions/C2/C2_LODO__scGen__C2_lodo_D443.npz
T2,T2,C2,donor/Soskic,donor (LODO),donor,D445,scGen,scGen,native,0.21203606868134411,predictions/C2/C2_LODO__scGen__C2_lodo_D445.npz
T2,T2,C2,donor/Soskic,donor (LODO),donor,D446,scGen,scGen,native,0.10881641500037298,predictions/C2/C2_LODO__scGen__C2_lodo_D446.npz
T2,T2,C2,donor/Soskic,donor (LODO),donor,D447,scGen,scGen,native,0.10471623795835149,predictions/C2/C2_LODO__scGen__C2_lodo_D447.npz
T2,T2,C2,donor/Soskic,donor (LODO),donor,D448,scGen,scGen,native,0.1788977663491208,predictions/C2/C2_LODO__scGen__C2_lodo_D448.npz
T2,T2,C2,donor/Soskic,donor (LODO),donor,D449,scGen,scGen,native,0.1771564824045693,predictions/C2/C2_LODO__scGen__C2_lodo_D449.npz
T2,T2,C2,donor/Soskic,donor (LODO),donor,D450,scGen,scGen,native,0.24278736450888594,predictions/C2/C2_LODO__scGen__C2_lodo_D450.npz
T2,T2,C2,donor/Soskic,donor (LODO),donor,D451,scGen,scGen,native,0.07012030124994834,predictions/C2/C2_LODO__scGen__C2_lodo_D451.npz
T2,T2,C2,donor/Soskic,donor (LODO),donor,D452,scGen,scGen,native,0.14379888097518131,predictions/C2/C2_LODO__scGen__C2_lodo_D452.npz
T2,T2,C2,donor/Soskic,donor (LODO),donor,D453,scGen,scGen,native,0.29881856842036963,predictions/C2/C2_LODO__scGen__C2_lodo_D453.npz
T2,T2,C2,donor/Soskic,donor (LODO),donor,D454,scGen,scGen,native,0.3530100070211354,predictions/C2/C2_LODO__scGen__C2_lodo_D454.npz
T2,T2,C2,donor/Soskic,donor (LODO),donor,D455,scGen,scGen,native,0.1195309646395386,predictions/C2/C2_LODO__scGen__C2_lodo_D455.npz
T2,T2,C2,donor/Soskic,donor (LODO),donor,D456,scGen,scGen,native,0.201712199141167,predictions/C2/C2_LODO__scGen__C2_lodo_D456.npz
T2,T2,C2,donor/Soskic,donor (LODO),donor,D457,scGen,scGen,native,0.2252942559698495,predictions/C2/C2_LODO__scGen__C2_lodo_D457.npz
T2,T2,C2,donor/Soskic,donor (LODO),donor,D458,scGen,scGen,native,0.17800869907260228,predictions/C2/C2_LODO__scGen__C2_lodo_D458.npz
T2,T2,C2,donor/Soskic,donor (LODO),donor,D459,scGen,scGen,native,0.19560322262030402,predictions/C2/C2_LODO__scGen__C2_lodo_D459.npz
T2,T2,C2,donor/Soskic,donor (LODO),donor,D460,scGen,scGen,native,0.22742290058358494,predictions/C2/C2_LODO__scGen__C2_lodo_D460.npz
T2,T2,C2,donor/Soskic,donor (LODO),donor,D461,scGen,scGen,native,0.1571186155159463,predictions/C2/C2_LODO__scGen__C2_lodo_D461.npz
T2,T2,C2,donor/Soskic,donor (LODO),donor,D462,scGen,scGen,native,0.12151616571268951,predictions/C2/C2_LODO__scGen__C2_lodo_D462.npz
T2,T2,C2,donor/Soskic,donor (LODO),donor,D463,scGen,scGen,native,0.4051738915245343,predictions/C2/C2_LODO__scGen__C2_lodo_D463.npz
T2,T2,C2,donor/Soskic,donor (LODO),donor,D464,scGen,scGen,native,0.35533385680115065,predictions/C2/C2_LODO__scGen__C2_lodo_D464.npz
T2,T2,C2,donor/Soskic,donor (LODO),donor,D465,scGen,scGen,native,0.3056550933264426,predictions/C2/C2_LODO__scGen__C2_lodo_D465.npz
T2,T2,C2,donor/Soskic,donor (LODO),donor,D466,scGen,scGen,native,0.20204962415288324,predictions/C2/C2_LODO__scGen__C2_lodo_D466.npz
T2,T2,C2,donor/Soskic,donor (LODO),donor,D481,scGen,scGen,native,0.20349637461916262,predictions/C2/C2_LODO__scGen__C2_lodo_D481.npz
T2,T2,C2,donor/Soskic,donor (LODO),donor,D482,scGen,scGen,native,0.18760947222542482,predictions/C2/C2_LODO__scGen__C2_lodo_D482.npz
T2,T2,C2,donor/Soskic,donor (LODO),donor,D483,scGen,scGen,native,0.17736903603050735,predictions/C2/C2_LODO__scGen__C2_lodo_D483.npz
T2,T2,C2,donor/Soskic,donor (LODO),donor,D484,scGen,scGen,native,0.08581880027303594,predictions/C2/C2_LODO__scGen__C2_lodo_D484.npz
T2,T2,C2,donor/Soskic,donor (LODO),donor,D485,scGen,scGen,native,0.08273241810902315,predictions/C2/C2_LODO__scGen__C2_lodo_D485.npz
T2,T2,C2,donor/Soskic,donor (LODO),donor,D348,scPRAM,scPRAM,native,0.14106086946277457,predictions/C2/C2__scPRAM__C2_soskic_LODO_D348.npz
T2,T2,C2,donor/Soskic,donor (LODO),donor,D349,scPRAM,scPRAM,native,0.19690406750548173,predictions/C2/C2__scPRAM__C2_soskic_LODO_D349.npz
T2,T2,C2,donor/Soskic,donor (LODO),donor,D350,scPRAM,scPRAM,native,0.2395567123938581,predictions/C2/C2__scPRAM__C2_soskic_LODO_D350.npz
T2,T2,C2,donor/Soskic,donor (LODO),donor,D351,scPRAM,scPRAM,native,0.18595494504738144,predictions/C2/C2__scPRAM__C2_soskic_LODO_D351.npz
T2,T2,C2,donor/Soskic,donor (LODO),donor,D352,scPRAM,scPRAM,native,0.07319265518837366,predictions/C2/C2__scPRAM__C2_soskic_LODO_D352.npz
T2,T2,C2,donor/Soskic,donor (LODO),donor,D353,scPRAM,scPRAM,native,0.22717451003832007,predictions/C2/C2__scPRAM__C2_soskic_LODO_D353.npz
T2,T2,C2,donor/Soskic,donor (LODO),donor,D354,scPRAM,scPRAM,native,-0.046319507465660464,predictions/C2/C2__scPRAM__C2_soskic_LODO_D354.npz
T2,T2,C2,donor/Soskic,donor (LODO),donor,D355,scPRAM,scPRAM,native,0.146267787401145,predictions/C2/C2__scPRAM__C2_soskic_LODO_D355.npz
T2,T2,C2,donor/Soskic,donor (LODO),donor,D356,scPRAM,scPRAM,native,0.16498382897639796,predictions/C2/C2__scPRAM__C2_soskic_LODO_D356.npz
T2,T2,C2,donor/Soskic,donor (LODO),donor,D357,scPRAM,scPRAM,native,0.08686543153336215,predictions/C2/C2__scPRAM__C2_soskic_LODO_D357.npz
T2,T2,C2,donor/Soskic,donor (LODO),donor,D358,scPRAM,scPRAM,native,0.3004235855836576,predictions/C2/C2__scPRAM__C2_soskic_LODO_D358.npz
T2,T2,C2,donor/Soskic,donor (LODO),donor,D359,scPRAM,scPRAM,native,0.315804283551435,predictions/C2/C2__scPRAM__C2_soskic_LODO_D359.npz
T2,T2,C2,donor/Soskic,donor (LODO),donor,D363,scPRAM,scPRAM,native,0.2541089757984277,predictions/C2/C2__scPRAM__C2_soskic_LODO_D363.npz
T2,T2,C2,donor/Soskic,donor (LODO),donor,D364,scPRAM,scPRAM,native,0.1102705849981461,predictions/C2/C2__scPRAM__C2_soskic_LODO_D364.npz
T2,T2,C2,donor/Soskic,donor (LODO),donor,D365,scPRAM,scPRAM,native,0.2849408380265295,predictions/C2/C2__scPRAM__C2_soskic_LODO_D365.npz
T2,T2,C2,donor/Soskic,donor (LODO),donor,D366,scPRAM,scPRAM,native,0.2088725663606611,predictions/C2/C2__scPRAM__C2_soskic_LODO_D366.npz
T2,T2,C2,donor/Soskic,donor (LODO),donor,D367,scPRAM,scPRAM,native,0.2831137938888394,predictions/C2/C2__scPRAM__C2_soskic_LODO_D367.npz
T2,T2,C2,donor/Soskic,donor (LODO),donor,D368,scPRAM,scPRAM,native,0.09119951194043296,predictions/C2/C2__scPRAM__C2_soskic_LODO_D368.npz
T2,T2,C2,donor/Soskic,donor (LODO),donor,D369,scPRAM,scPRAM,native,0.29151300099083816,predictions/C2/C2__scPRAM__C2_soskic_LODO_D369.npz
T2,T2,C2,donor/Soskic,donor (LODO),donor,D370,scPRAM,scPRAM,native,0.16942495583815018,predictions/C2/C2__scPRAM__C2_soskic_LODO_D370.npz
T2,T2,C2,donor/Soskic,donor (LODO),donor,D371,scPRAM,scPRAM,native,0.12187948161907744,predictions/C2/C2__scPRAM__C2_soskic_LODO_D371.npz
T2,T2,C2,donor/Soskic,donor (LODO),donor,D372,scPRAM,scPRAM,native,0.14916924563428335,predictions/C2/C2__scPRAM__C2_soskic_LODO_D372.npz
T2,T2,C2,donor/Soskic,donor (LODO),donor,D373,scPRAM,scPRAM,native,0.22396783207966803,predictions/C2/C2__scPRAM__C2_soskic_LODO_D373.npz
T2,T2,C2,donor/Soskic,donor (LODO),donor,D374,scPRAM,scPRAM,native,0.12867308847630604,predictions/C2/C2__scPRAM__C2_soskic_LODO_D374.npz
T2,T2,C2,donor/Soskic,donor (LODO),donor,D378,scPRAM,scPRAM,native,0.09891669640987276,predictions/C2/C2__scPRAM__C2_soskic_LODO_D378.npz
T2,T2,C2,donor/Soskic,donor (LODO),donor,D379,scPRAM,scPRAM,native,0.058806536275837734,predictions/C2/C2__scPRAM__C2_soskic_LODO_D379.npz
T2,T2,C2,donor/Soskic,donor (LODO),donor,D380,scPRAM,scPRAM,native,0.06522944421791214,predictions/C2/C2__scPRAM__C2_soskic_LODO_D380.npz
T2,T2,C2,donor/Soskic,donor (LODO),donor,D381,scPRAM,scPRAM,native,0.1501130570576878,predictions/C2/C2__scPRAM__C2_soskic_LODO_D381.npz
T2,T2,C2,donor/Soskic,donor (LODO),donor,D382,scPRAM,scPRAM,native,0.14556604391172073,predictions/C2/C2__scPRAM__C2_soskic_LODO_D382.npz
T2,T2,C2,donor/Soskic,donor (LODO),donor,D383,scPRAM,scPRAM,native,0.23497659094152584,predictions/C2/C2__scPRAM__C2_soskic_LODO_D383.npz
T2,T2,C2,donor/Soskic,donor (LODO),donor,D387,scPRAM,scPRAM,native,0.10576771091304829,predictions/C2/C2__scPRAM__C2_soskic_LODO_D387.npz
T2,T2,C2,donor/Soskic,donor (LODO),donor,D388,scPRAM,scPRAM,native,0.20580937339295505,predictions/C2/C2__scPRAM__C2_soskic_LODO_D388.npz
T2,T2,C2,donor/Soskic,donor (LODO),donor,D389,scPRAM,scPRAM,native,0.11794827058347607,predictions/C2/C2__scPRAM__C2_soskic_LODO_D389.npz
T2,T2,C2,donor/Soskic,donor (LODO),donor,D390,scPRAM,scPRAM,native,0.23923900410605725,predictions/C2/C2__scPRAM__C2_soskic_LODO_D390.npz
T2,T2,C2,donor/Soskic,donor (LODO),donor,D391,scPRAM,scPRAM,native,0.24857598661872116,predictions/C2/C2__scPRAM__C2_soskic_LODO_D391.npz
T2,T2,C2,donor/Soskic,donor (LODO),donor,D392,scPRAM,scPRAM,native,0.029888089514010473,predictions/C2/C2__scPRAM__C2_soskic_LODO_D392.npz
T2,T2,C2,donor/Soskic,donor (LODO),donor,D393,scPRAM,scPRAM,native,0.1250368572978838,predictions/C2/C2__scPRAM__C2_soskic_LODO_D393.npz
T2,T2,C2,donor/Soskic,donor (LODO),donor,D394,scPRAM,scPRAM,native,0.16812689930935143,predictions/C2/C2__scPRAM__C2_soskic_LODO_D394.npz
T2,T2,C2,donor/Soskic,donor (LODO),donor,D395,scPRAM,scPRAM,native,0.18495062500559348,predictions/C2/C2__scPRAM__C2_soskic_LODO_D395.npz
T2,T2,C2,donor/Soskic,donor (LODO),donor,D396,scPRAM,scPRAM,native,0.18447687007654645,predictions/C2/C2__scPRAM__C2_soskic_LODO_D396.npz
T2,T2,C2,donor/Soskic,donor (LODO),donor,D397,scPRAM,scPRAM,native,0.0996908111507491,predictions/C2/C2__scPRAM__C2_soskic_LODO_D397.npz
T2,T2,C2,donor/Soskic,donor (LODO),donor,D398,scPRAM,scPRAM,native,0.16723691834064203,predictions/C2/C2__scPRAM__C2_soskic_LODO_D398.npz
T2,T2,C2,donor/Soskic,donor (LODO),donor,D405,scPRAM,scPRAM,native,0.10680497742247118,predictions/C2/C2__scPRAM__C2_soskic_LODO_D405.npz
T2,T2,C2,donor/Soskic,donor (LODO),donor,D406,scPRAM,scPRAM,native,0.19336583034630767,predictions/C2/C2__scPRAM__C2_soskic_LODO_D406.npz
T2,T2,C2,donor/Soskic,donor (LODO),donor,D407,scPRAM,scPRAM,native,0.18241208134171777,predictions/C2/C2__scPRAM__C2_soskic_LODO_D407.npz
T2,T2,C2,donor/Soskic,donor (LODO),donor,D408,scPRAM,scPRAM,native,0.09707899861463753,predictions/C2/C2__scPRAM__C2_soskic_LODO_D408.npz
T2,T2,C2,donor/Soskic,donor (LODO),donor,D409,scPRAM,scPRAM,native,0.235553232345552,predictions/C2/C2__scPRAM__C2_soskic_LODO_D409.npz
T2,T2,C2,donor/Soskic,donor (LODO),donor,D410,scPRAM,scPRAM,native,0.2381985166864142,predictions/C2/C2__scPRAM__C2_soskic_LODO_D410.npz
T2,T2,C2,donor/Soskic,donor (LODO),donor,D411,scPRAM,scPRAM,native,0.021170662357906628,predictions/C2/C2__scPRAM__C2_soskic_LODO_D411.npz
T2,T2,C2,donor/Soskic,donor (LODO),donor,D412,scPRAM,scPRAM,native,0.03799491289261995,predictions/C2/C2__scPRAM__C2_soskic_LODO_D412.npz
T2,T2,C2,donor/Soskic,donor (LODO),donor,D413,scPRAM,scPRAM,native,0.08344554223510481,predictions/C2/C2__scPRAM__C2_soskic_LODO_D413.npz
T2,T2,C2,donor/Soskic,donor (LODO),donor,D414,scPRAM,scPRAM,native,0.07026733638346609,predictions/C2/C2__scPRAM__C2_soskic_LODO_D414.npz
T2,T2,C2,donor/Soskic,donor (LODO),donor,D415,scPRAM,scPRAM,native,0.2165351330186267,predictions/C2/C2__scPRAM__C2_soskic_LODO_D415.npz
T2,T2,C2,donor/Soskic,donor (LODO),donor,D416,scPRAM,scPRAM,native,0.14449179176184876,predictions/C2/C2__scPRAM__C2_soskic_LODO_D416.npz
T2,T2,C2,donor/Soskic,donor (LODO),donor,D417,scPRAM,scPRAM,native,0.011563740632420782,predictions/C2/C2__scPRAM__C2_soskic_LODO_D417.npz
T2,T2,C2,donor/Soskic,donor (LODO),donor,D418,scPRAM,scPRAM,native,0.10620564284416194,predictions/C2/C2__scPRAM__C2_soskic_LODO_D418.npz
T2,T2,C2,donor/Soskic,donor (LODO),donor,D419,scPRAM,scPRAM,native,0.009663698388398841,predictions/C2/C2__scPRAM__C2_soskic_LODO_D419.npz
T2,T2,C2,donor/Soskic,donor (LODO),donor,D420,scPRAM,scPRAM,native,0.26217253303159205,predictions/C2/C2__scPRAM__C2_soskic_LODO_D420.npz
T2,T2,C2,donor/Soskic,donor (LODO),donor,D421,scPRAM,scPRAM,native,0.0554782543799245,predictions/C2/C2__scPRAM__C2_soskic_LODO_D421.npz
T2,T2,C2,donor/Soskic,donor (LODO),donor,D422,scPRAM,scPRAM,native,-0.15599287054852048,predictions/C2/C2__scPRAM__C2_soskic_LODO_D422.npz
T2,T2,C2,donor/Soskic,donor (LODO),donor,D423,scPRAM,scPRAM,native,0.0788226202048627,predictions/C2/C2__scPRAM__C2_soskic_LODO_D423.npz
T2,T2,C2,donor/Soskic,donor (LODO),donor,D424,scPRAM,scPRAM,native,-0.017092749121695436,predictions/C2/C2__scPRAM__C2_soskic_LODO_D424.npz
T2,T2,C2,donor/Soskic,donor (LODO),donor,D425,scPRAM,scPRAM,native,-0.07997042674689332,predictions/C2/C2__scPRAM__C2_soskic_LODO_D425.npz
T2,T2,C2,donor/Soskic,donor (LODO),donor,D426,scPRAM,scPRAM,native,0.14078127219934897,predictions/C2/C2__scPRAM__C2_soskic_LODO_D426.npz
T2,T2,C2,donor/Soskic,donor (LODO),donor,D427,scPRAM,scPRAM,native,0.2272919398491779,predictions/C2/C2__scPRAM__C2_soskic_LODO_D427.npz
T2,T2,C2,donor/Soskic,donor (LODO),donor,D428,scPRAM,scPRAM,native,0.057571422037494976,predictions/C2/C2__scPRAM__C2_soskic_LODO_D428.npz
T2,T2,C2,donor/Soskic,donor (LODO),donor,D429,scPRAM,scPRAM,native,0.1450997046491949,predictions/C2/C2__scPRAM__C2_soskic_LODO_D429.npz
T2,T2,C2,donor/Soskic,donor (LODO),donor,D430,scPRAM,scPRAM,native,0.29261703466957306,predictions/C2/C2__scPRAM__C2_soskic_LODO_D430.npz
T2,T2,C2,donor/Soskic,donor (LODO),donor,D431,scPRAM,scPRAM,native,0.16752204506380095,predictions/C2/C2__scPRAM__C2_soskic_LODO_D431.npz
T2,T2,C2,donor/Soskic,donor (LODO),donor,D432,scPRAM,scPRAM,native,0.2638328318329307,predictions/C2/C2__scPRAM__C2_soskic_LODO_D432.npz
T2,T2,C2,donor/Soskic,donor (LODO),donor,D433,scPRAM,scPRAM,native,0.1890107859512924,predictions/C2/C2__scPRAM__C2_soskic_LODO_D433.npz
T2,T2,C2,donor/Soskic,donor (LODO),donor,D434,scPRAM,scPRAM,native,0.08605300454595634,predictions/C2/C2__scPRAM__C2_soskic_LODO_D434.npz
T2,T2,C2,donor/Soskic,donor (LODO),donor,D435,scPRAM,scPRAM,native,0.20107323824421616,predictions/C2/C2__scPRAM__C2_soskic_LODO_D435.npz
T2,T2,C2,donor/Soskic,donor (LODO),donor,D436,scPRAM,scPRAM,native,0.07612617902332197,predictions/C2/C2__scPRAM__C2_soskic_LODO_D436.npz
T2,T2,C2,donor/Soskic,donor (LODO),donor,D439,scPRAM,scPRAM,native,0.14958646925112323,predictions/C2/C2__scPRAM__C2_soskic_LODO_D439.npz
T2,T2,C2,donor/Soskic,donor (LODO),donor,D440,scPRAM,scPRAM,native,0.17022923200276135,predictions/C2/C2__scPRAM__C2_soskic_LODO_D440.npz
T2,T2,C2,donor/Soskic,donor (LODO),donor,D441,scPRAM,scPRAM,native,0.11851267203908195,predictions/C2/C2__scPRAM__C2_soskic_LODO_D441.npz
T2,T2,C2,donor/Soskic,donor (LODO),donor,D442,scPRAM,scPRAM,native,0.11514349527713426,predictions/C2/C2__scPRAM__C2_soskic_LODO_D442.npz
T2,T2,C2,donor/Soskic,donor (LODO),donor,D443,scPRAM,scPRAM,native,0.12001164276498118,predictions/C2/C2__scPRAM__C2_soskic_LODO_D443.npz
T2,T2,C2,donor/Soskic,donor (LODO),donor,D445,scPRAM,scPRAM,native,0.16750277740311928,predictions/C2/C2__scPRAM__C2_soskic_LODO_D445.npz
T2,T2,C2,donor/Soskic,donor (LODO),donor,D446,scPRAM,scPRAM,native,0.09938087098178866,predictions/C2/C2__scPRAM__C2_soskic_LODO_D446.npz
T2,T2,C2,donor/Soskic,donor (LODO),donor,D447,scPRAM,scPRAM,native,0.4953621421531519,predictions/C2/C2__scPRAM__C2_soskic_LODO_D447.npz
T2,T2,C2,donor/Soskic,donor (LODO),donor,D448,scPRAM,scPRAM,native,0.24905034026633718,predictions/C2/C2__scPRAM__C2_soskic_LODO_D448.npz
T2,T2,C2,donor/Soskic,donor (LODO),donor,D449,scPRAM,scPRAM,native,0.19959296649689123,predictions/C2/C2__scPRAM__C2_soskic_LODO_D449.npz
T2,T2,C2,donor/Soskic,donor (LODO),donor,D450,scPRAM,scPRAM,native,0.14202945517867255,predictions/C2/C2__scPRAM__C2_soskic_LODO_D450.npz
T2,T2,C2,donor/Soskic,donor (LODO),donor,D451,scPRAM,scPRAM,native,0.0053910917462629965,predictions/C2/C2__scPRAM__C2_soskic_LODO_D451.npz
T2,T2,C2,donor/Soskic,donor (LODO),donor,D452,scPRAM,scPRAM,native,0.22261920445368313,predictions/C2/C2__scPRAM__C2_soskic_LODO_D452.npz
T2,T2,C2,donor/Soskic,donor (LODO),donor,D453,scPRAM,scPRAM,native,0.26047537645349184,predictions/C2/C2__scPRAM__C2_soskic_LODO_D453.npz
T2,T2,C2,donor/Soskic,donor (LODO),donor,D454,scPRAM,scPRAM,native,0.2780704664898772,predictions/C2/C2__scPRAM__C2_soskic_LODO_D454.npz
T2,T2,C2,donor/Soskic,donor (LODO),donor,D455,scPRAM,scPRAM,native,0.15726597593824687,predictions/C2/C2__scPRAM__C2_soskic_LODO_D455.npz
T2,T2,C2,donor/Soskic,donor (LODO),donor,D456,scPRAM,scPRAM,native,0.08481831272030622,predictions/C2/C2__scPRAM__C2_soskic_LODO_D456.npz
T2,T2,C2,donor/Soskic,donor (LODO),donor,D457,scPRAM,scPRAM,native,0.19173084890934278,predictions/C2/C2__scPRAM__C2_soskic_LODO_D457.npz
T2,T2,C2,donor/Soskic,donor (LODO),donor,D458,scPRAM,scPRAM,native,0.16272833854365104,predictions/C2/C2__scPRAM__C2_soskic_LODO_D458.npz
T2,T2,C2,donor/Soskic,donor (LODO),donor,D459,scPRAM,scPRAM,native,0.4355054973946453,predictions/C2/C2__scPRAM__C2_soskic_LODO_D459.npz
T2,T2,C2,donor/Soskic,donor (LODO),donor,D460,scPRAM,scPRAM,native,0.14903968671609963,predictions/C2/C2__scPRAM__C2_soskic_LODO_D460.npz
T2,T2,C2,donor/Soskic,donor (LODO),donor,D461,scPRAM,scPRAM,native,0.16204177330319147,predictions/C2/C2__scPRAM__C2_soskic_LODO_D461.npz
T2,T2,C2,donor/Soskic,donor (LODO),donor,D462,scPRAM,scPRAM,native,0.12512243970133166,predictions/C2/C2__scPRAM__C2_soskic_LODO_D462.npz
T2,T2,C2,donor/Soskic,donor (LODO),donor,D463,scPRAM,scPRAM,native,0.29800468104321365,predictions/C2/C2__scPRAM__C2_soskic_LODO_D463.npz
T2,T2,C2,donor/Soskic,donor (LODO),donor,D464,scPRAM,scPRAM,native,0.3365655130176395,predictions/C2/C2__scPRAM__C2_soskic_LODO_D464.npz
T2,T2,C2,donor/Soskic,donor (LODO),donor,D465,scPRAM,scPRAM,native,0.3065210657072699,predictions/C2/C2__scPRAM__C2_soskic_LODO_D465.npz
T2,T2,C2,donor/Soskic,donor (LODO),donor,D466,scPRAM,scPRAM,native,0.1653270309381444,predictions/C2/C2__scPRAM__C2_soskic_LODO_D466.npz
T2,T2,C2,donor/Soskic,donor (LODO),donor,D481,scPRAM,scPRAM,native,0.13293801154106538,predictions/C2/C2__scPRAM__C2_soskic_LODO_D481.npz
T2,T2,C2,donor/Soskic,donor (LODO),donor,D482,scPRAM,scPRAM,native,0.1031061770860659,predictions/C2/C2__scPRAM__C2_soskic_LODO_D482.npz
T2,T2,C2,donor/Soskic,donor (LODO),donor,D483,scPRAM,scPRAM,native,0.1511941962958885,predictions/C2/C2__scPRAM__C2_soskic_LODO_D483.npz
T2,T2,C2,donor/Soskic,donor (LODO),donor,D484,scPRAM,scPRAM,native,0.12770765779633192,predictions/C2/C2__scPRAM__C2_soskic_LODO_D484.npz
T2,T2,C2,donor/Soskic,donor (LODO),donor,D485,scPRAM,scPRAM,native,0.26497344837237835,predictions/C2/C2__scPRAM__C2_soskic_LODO_D485.npz
T3,T3,C3,gene/CRISPR,unseen-perturbation (LO-gene 10%),dataset,chen,AttentionPert,AttentionPert,native,0.20839530722189695,predictions/C3/C3_LO_gene__AttentionPert__C3_true_lo_gene_10__chen.npz
T3,T3,C3,gene/CRISPR,unseen-perturbation (LO-gene 10%),dataset,mccutcheon_CRISPRa,AttentionPert,AttentionPert,native,0.3213628227840932,predictions/C3/C3_LO_gene__AttentionPert__C3_true_lo_gene_10__mccutcheon_CRISPRa.npz
T3,T3,C3,gene/CRISPR,unseen-perturbation (LO-gene 10%),dataset,mccutcheon_CRISPRi,AttentionPert,AttentionPert,native,0.12994650951309258,predictions/C3/C3_LO_gene__AttentionPert__C3_true_lo_gene_10__mccutcheon_CRISPRi.npz
T3,T3,C3,gene/CRISPR,unseen-perturbation (LO-gene 10%),dataset,schmidt,AttentionPert,AttentionPert,native,0.33042956173805177,predictions/C3/C3_LO_gene__AttentionPert__C3_true_lo_gene_10__schmidt.npz
T3,T3,C3,gene/CRISPR,unseen-perturbation (LO-gene 10%),dataset,shifrut,AttentionPert,AttentionPert,native,0.14438642419024977,predictions/C3/C3_LO_gene__AttentionPert__C3_true_lo_gene_10__shifrut.npz
T3,T3,C3,gene/CRISPR,unseen-perturbation (LO-gene 10%),dataset,chen,Biolord,Biolord,native,0.3782527690994462,predictions/C3_LO_gene__Biolord__C3_true_lo_gene_10__chen.npz
T3,T3,C3,gene/CRISPR,unseen-perturbation (LO-gene 10%),dataset,mccutcheon_CRISPRa,Biolord,Biolord,native,0.4567718551596923,predictions/C3_LO_gene__Biolord__C3_true_lo_gene_10__mccutcheon_CRISPRa.npz
T3,T3,C3,gene/CRISPR,unseen-perturbation (LO-gene 10%),dataset,mccutcheon_CRISPRi,Biolord,Biolord,native,0.3200599629594275,predictions/C3_LO_gene__Biolord__C3_true_lo_gene_10__mccutcheon_CRISPRi.npz
T3,T3,C3,gene/CRISPR,unseen-perturbation (LO-gene 10%),dataset,schmidt,Biolord,Biolord,native,0.4981262519237667,predictions/C3_LO_gene__Biolord__C3_true_lo_gene_10__schmidt.npz
T3,T3,C3,gene/CRISPR,unseen-perturbation (LO-gene 10%),dataset,shifrut,Biolord,Biolord,native,0.3173572304819091,predictions/C3_LO_gene__Biolord__C3_true_lo_gene_10__shifrut.npz
T3,T3,C3,gene/CRISPR,unseen-perturbation (LO-gene 10%),dataset,chen,CINEMA-OT,CINEMA-OT,diagnostic,0.46259645241556996,predictions/C3/C3_LO_gene__CINEMA-OT__C3_true_lo_gene_10__chen.npz
T3,T3,C3,gene/CRISPR,unseen-perturbation (LO-gene 10%),dataset,mccutcheon_CRISPRa,CINEMA-OT,CINEMA-OT,diagnostic,0.5529154511849891,predictions/C3/C3_LO_gene__CINEMA-OT__C3_true_lo_gene_10__mccutcheon_CRISPRa.npz
T3,T3,C3,gene/CRISPR,unseen-perturbation (LO-gene 10%),dataset,mccutcheon_CRISPRi,CINEMA-OT,CINEMA-OT,diagnostic,0.4333195174180829,predictions/C3/C3_LO_gene__CINEMA-OT__C3_true_lo_gene_10__mccutcheon_CRISPRi.npz
T3,T3,C3,gene/CRISPR,unseen-perturbation (LO-gene 10%),dataset,schmidt,CINEMA-OT,CINEMA-OT,diagnostic,0.45310440733265656,predictions/C3/C3_LO_gene__CINEMA-OT__C3_true_lo_gene_10__schmidt.npz
T3,T3,C3,gene/CRISPR,unseen-perturbation (LO-gene 10%),dataset,shifrut,CINEMA-OT,CINEMA-OT,diagnostic,0.38738776694625804,predictions/C3/C3_LO_gene__CINEMA-OT__C3_true_lo_gene_10__shifrut.npz
T3,T3,C3,gene/CRISPR,unseen-perturbation (LO-gene 10%),dataset,chen,CellFlow,CellFlow,native,0.3436622487341155,predictions/C3_LO_gene__CellFlow__C3_true_lo_gene_10__chen.npz
T3,T3,C3,gene/CRISPR,unseen-perturbation (LO-gene 10%),dataset,mccutcheon_CRISPRa,CellFlow,CellFlow,native,0.17534030267276568,predictions/C3_LO_gene__CellFlow__C3_true_lo_gene_10__mccutcheon_CRISPRa.npz
T3,T3,C3,gene/CRISPR,unseen-perturbation (LO-gene 10%),dataset,mccutcheon_CRISPRi,CellFlow,CellFlow,native,0.3038201152835858,predictions/C3_LO_gene__CellFlow__C3_true_lo_gene_10__mccutcheon_CRISPRi.npz
T3,T3,C3,gene/CRISPR,unseen-perturbation (LO-gene 10%),dataset,schmidt,CellFlow,CellFlow,native,0.4096690507782074,predictions/C3_LO_gene__CellFlow__C3_true_lo_gene_10__schmidt.npz
T3,T3,C3,gene/CRISPR,unseen-perturbation (LO-gene 10%),dataset,shifrut,CellFlow,CellFlow,native,0.37245565129725844,predictions/C3_LO_gene__CellFlow__C3_true_lo_gene_10__shifrut.npz
T3,T3,C3,gene/CRISPR,unseen-perturbation (LO-gene 10%),dataset,chen,GEARS,GEARS,native,0.19766963594569145,predictions/C3/C3_LO_gene__GEARS__C3_true_lo_gene_10__chen.npz
T3,T3,C3,gene/CRISPR,unseen-perturbation (LO-gene 10%),dataset,mccutcheon_CRISPRa,GEARS,GEARS,native,0.3339466236849527,predictions/C3/C3_LO_gene__GEARS__C3_true_lo_gene_10__mccutcheon_CRISPRa.npz
T3,T3,C3,gene/CRISPR,unseen-perturbation (LO-gene 10%),dataset,mccutcheon_CRISPRi,GEARS,GEARS,native,0.009893987374978236,predictions/C3/C3_LO_gene__GEARS__C3_true_lo_gene_10__mccutcheon_CRISPRi.npz
T3,T3,C3,gene/CRISPR,unseen-perturbation (LO-gene 10%),dataset,schmidt,GEARS,GEARS,native,0.3185476623563565,predictions/C3/C3_LO_gene__GEARS__C3_true_lo_gene_10__schmidt.npz
T3,T3,C3,gene/CRISPR,unseen-perturbation (LO-gene 10%),dataset,shifrut,GEARS,GEARS,native,0.17491535125388885,predictions/C3/C3_LO_gene__GEARS__C3_true_lo_gene_10__shifrut.npz
T3,T3,C3,gene/CRISPR,unseen-perturbation (LO-gene 10%),dataset,chen,PerturbNet,PerturbNet,native,0.32013531897189357,predictions/C3_LO_gene__PerturbNet__C3_true_lo_gene_10__chen.npz
T3,T3,C3,gene/CRISPR,unseen-perturbation (LO-gene 10%),dataset,mccutcheon_CRISPRa,PerturbNet,PerturbNet,native,0.4257241869175292,predictions/C3_LO_gene__PerturbNet__C3_true_lo_gene_10__mccutcheon_CRISPRa.npz
T3,T3,C3,gene/CRISPR,unseen-perturbation (LO-gene 10%),dataset,mccutcheon_CRISPRi,PerturbNet,PerturbNet,native,0.2888869607315873,predictions/C3_LO_gene__PerturbNet__C3_true_lo_gene_10__mccutcheon_CRISPRi.npz
T3,T3,C3,gene/CRISPR,unseen-perturbation (LO-gene 10%),dataset,schmidt,PerturbNet,PerturbNet,native,0.46126896479862733,predictions/C3_LO_gene__PerturbNet__C3_true_lo_gene_10__schmidt.npz
T3,T3,C3,gene/CRISPR,unseen-perturbation (LO-gene 10%),dataset,shifrut,PerturbNet,PerturbNet,native,0.312449785287674,predictions/C3_LO_gene__PerturbNet__C3_true_lo_gene_10__shifrut.npz
T3,T3,C3,gene/CRISPR,unseen-perturbation (LO-gene 10%),dataset,chen,cell-mean,cell-mean,floor,0.5161272861419791,predictions/C3/C3_LO_gene__cell-mean__C3_true_lo_gene_10__chen.npz
T3,T3,C3,gene/CRISPR,unseen-perturbation (LO-gene 10%),dataset,mccutcheon_CRISPRa,cell-mean,cell-mean,floor,0.5917022210811875,predictions/C3/C3_LO_gene__cell-mean__C3_true_lo_gene_10__mccutcheon_CRISPRa.npz
T3,T3,C3,gene/CRISPR,unseen-perturbation (LO-gene 10%),dataset,mccutcheon_CRISPRi,cell-mean,cell-mean,floor,0.4568211452495244,predictions/C3/C3_LO_gene__cell-mean__C3_true_lo_gene_10__mccutcheon_CRISPRi.npz
T3,T3,C3,gene/CRISPR,unseen-perturbation (LO-gene 10%),dataset,schmidt,cell-mean,cell-mean,floor,0.45579178267895043,predictions/C3/C3_LO_gene__cell-mean__C3_true_lo_gene_10__schmidt.npz
T3,T3,C3,gene/CRISPR,unseen-perturbation (LO-gene 10%),dataset,shifrut,cell-mean,cell-mean,floor,0.44821560011367867,predictions/C3/C3_LO_gene__cell-mean__C3_true_lo_gene_10__shifrut.npz
T3,T3,C3,gene/CRISPR,unseen-perturbation (LO-gene 10%),dataset,chen,linear-PCA,linear-PCA,floor,0.3918871493165301,predictions/C3/C3_LO_gene__linear-PCA__C3_true_lo_gene_10__chen.npz
T3,T3,C3,gene/CRISPR,unseen-perturbation (LO-gene 10%),dataset,mccutcheon_CRISPRa,linear-PCA,linear-PCA,floor,0.4486456095219666,predictions/C3/C3_LO_gene__linear-PCA__C3_true_lo_gene_10__mccutcheon_CRISPRa.npz
T3,T3,C3,gene/CRISPR,unseen-perturbation (LO-gene 10%),dataset,mccutcheon_CRISPRi,linear-PCA,linear-PCA,floor,0.0858271501634954,predictions/C3/C3_LO_gene__linear-PCA__C3_true_lo_gene_10__mccutcheon_CRISPRi.npz
T3,T3,C3,gene/CRISPR,unseen-perturbation (LO-gene 10%),dataset,schmidt,linear-PCA,linear-PCA,floor,0.271160287009302,predictions/C3/C3_LO_gene__linear-PCA__C3_true_lo_gene_10__schmidt.npz
T3,T3,C3,gene/CRISPR,unseen-perturbation (LO-gene 10%),dataset,shifrut,linear-PCA,linear-PCA,floor,0.28534475476922894,predictions/C3/C3_LO_gene__linear-PCA__C3_true_lo_gene_10__shifrut.npz
T3,T3,C3,gene/CRISPR,unseen-perturbation (LO-gene 10%),dataset,chen,scGPT,scGPT,native,0.3859064820746299,predictions/C3/C3_LO_gene__scGPT__C3_true_lo_gene_10__chen.npz
T3,T3,C3,gene/CRISPR,unseen-perturbation (LO-gene 10%),dataset,mccutcheon_CRISPRa,scGPT,scGPT,native,0.33149455281183393,predictions/C3/C3_LO_gene__scGPT__C3_true_lo_gene_10__mccutcheon_CRISPRa.npz
T3,T3,C3,gene/CRISPR,unseen-perturbation (LO-gene 10%),dataset,mccutcheon_CRISPRi,scGPT,scGPT,native,0.0027788405187689214,predictions/C3/C3_LO_gene__scGPT__C3_true_lo_gene_10__mccutcheon_CRISPRi.npz
T3,T3,C3,gene/CRISPR,unseen-perturbation (LO-gene 10%),dataset,schmidt,scGPT,scGPT,native,0.2808351362850464,predictions/C3/C3_LO_gene__scGPT__C3_true_lo_gene_10__schmidt.npz
T3,T3,C3,gene/CRISPR,unseen-perturbation (LO-gene 10%),dataset,shifrut,scGPT,scGPT,native,-0.17425221994690682,predictions/C3/C3_LO_gene__scGPT__C3_true_lo_gene_10__shifrut.npz
T4,T4,C4,complex/Frangieh,"unseen-KO (modality, RNA)",modality-fold,C4_modality_lo_ko_25,AttentionPert,AttentionPert,native,0.5142311348174518,predictions/C4/C4_Axis2__AttentionPert__C4_modality_lo_ko_25.npz
T4,T4,C4,complex/Frangieh,"unseen-KO (modality, RNA)",modality-fold,C4_modality_lo_ko_50,AttentionPert,AttentionPert,native,0.5016334840765589,predictions/C4/C4_Axis2__AttentionPert__C4_modality_lo_ko_50.npz
T4,T4,C4,complex/Frangieh,"unseen-KO (modality, RNA)",modality-fold,C4_modality_lo_ko_25,Biolord,Biolord,native,0.6264579209728364,predictions/C4_Axis2__Biolord__C4_modality_lo_ko_25.npz
T4,T4,C4,complex/Frangieh,"unseen-KO (modality, RNA)",modality-fold,C4_modality_lo_ko_50,Biolord,Biolord,native,0.5990873045584996,predictions/C4_Axis2__Biolord__C4_modality_lo_ko_50.npz
T4,T4,C4,complex/Frangieh,"unseen-KO (modality, RNA)",modality-fold,C4_modality_lo_ko_25,CellFlow,CellFlow,native,0.5021610709224367,predictions/C4_Axis2__CellFlow__C4_modality_lo_ko_25.npz
T4,T4,C4,complex/Frangieh,"unseen-KO (modality, RNA)",modality-fold,C4_modality_lo_ko_50,CellFlow,CellFlow,native,0.4825605189550563,predictions/C4_Axis2__CellFlow__C4_modality_lo_ko_50.npz
T4,T4,C4,complex/Frangieh,"unseen-KO (modality, RNA)",modality-fold,C4_modality_lo_ko_25,GEARS,GEARS,native,0.468826781824024,predictions/C4/C4_Axis2__GEARS__C4_modality_lo_ko_25.npz
T4,T4,C4,complex/Frangieh,"unseen-KO (modality, RNA)",modality-fold,C4_modality_lo_ko_50,GEARS,GEARS,native,0.4145659320752334,predictions/C4/C4_Axis2__GEARS__C4_modality_lo_ko_50.npz
T4,T4,C4,complex/Frangieh,"unseen-KO (modality, RNA)",modality-fold,C4_modality_lo_ko_25,PerturbNet,PerturbNet,native,0.6111098926608751,predictions/C4_Axis2__PerturbNet__C4_modality_lo_ko_25.npz
T4,T4,C4,complex/Frangieh,"unseen-KO (modality, RNA)",modality-fold,C4_modality_lo_ko_50,PerturbNet,PerturbNet,native,0.5851416197983073,predictions/C4_Axis2__PerturbNet__C4_modality_lo_ko_50.npz
T4,T4,C4,complex/Frangieh,"unseen-KO (modality, RNA)",modality-fold,C4_modality_lo_ko_25,cell-mean,cell-mean,floor,0.6719523842604803,predictions/C4/C4_Axis2__cell-mean__C4_modality_lo_ko_25.npz
T4,T4,C4,complex/Frangieh,"unseen-KO (modality, RNA)",modality-fold,C4_modality_lo_ko_50,cell-mean,cell-mean,floor,0.6505081998808627,predictions/C4/C4_Axis2__cell-mean__C4_modality_lo_ko_50.npz
T4,T4,C4,complex/Frangieh,"unseen-KO (modality, RNA)",modality-fold,C4_modality_lo_ko_25,linear-PCA,linear-PCA,floor,0.29149318799724927,predictions/C4/C4_Axis2__linear-PCA__C4_modality_lo_ko_25.npz
T4,T4,C4,complex/Frangieh,"unseen-KO (modality, RNA)",modality-fold,C4_modality_lo_ko_50,linear-PCA,linear-PCA,floor,0.2751580313018566,predictions/C4/C4_Axis2__linear-PCA__C4_modality_lo_ko_50.npz
T4,T4,C4,complex/Frangieh,"unseen-KO (modality, RNA)",modality-fold,C4_modality_lo_ko_25,linear-shift-KOemb,linear-shift-KOemb,diagnostic,0.6172898131197707,predictions/C4/C4_Axis2__linear-shift-KOemb__C4_modality_lo_ko_25.npz
T4,T4,C4,complex/Frangieh,"unseen-KO (modality, RNA)",modality-fold,C4_modality_lo_ko_50,linear-shift-KOemb,linear-shift-KOemb,diagnostic,0.6180576555777835,predictions/C4/C4_Axis2__linear-shift-KOemb__C4_modality_lo_ko_50.npz
T4,T4,C4,complex/Frangieh,"unseen-KO (modality, RNA)",modality-fold,C4_modality_lo_ko_25,scGPT,scGPT,native,0.5724107069579517,predictions/C4/C4_Axis2__scGPT__C4_modality_lo_ko_25.npz
T4,T4,C4,complex/Frangieh,"unseen-KO (modality, RNA)",modality-fold,C4_modality_lo_ko_50,scGPT,scGPT,native,0.541210974377705,predictions/C4/C4_Axis2__scGPT__C4_modality_lo_ko_50.npz
T5c,T5,C5,small-mol/OP3,cell-context (LOCT),lineage,B,Biolord,Biolord,native,0.11659766566279259,predictions/C5_LOCT__Biolord__C5_loct_B.npz
T5c,T5,C5,small-mol/OP3,cell-context (LOCT),lineage,Mono,Biolord,Biolord,native,0.06225666659212706,predictions/C5_LOCT__Biolord__C5_loct_Mono.npz
T5c,T5,C5,small-mol/OP3,cell-context (LOCT),lineage,NK,Biolord,Biolord,native,0.05383444433187623,predictions/C5_LOCT__Biolord__C5_loct_NK.npz
T5c,T5,C5,small-mol/OP3,cell-context (LOCT),lineage,T_cells,Biolord,Biolord,native,0.08213132107655759,predictions/C5_LOCT__Biolord__C5_loct_T_cells.npz
T5c,T5,C5,small-mol/OP3,cell-context (LOCT),lineage,B,CINEMA-OT,CINEMA-OT,diagnostic,0.27297268296135513,predictions/C5/C1_LOCT__CINEMA-OT__C5_loct_B.npz
T5c,T5,C5,small-mol/OP3,cell-context (LOCT),lineage,Mono,CINEMA-OT,CINEMA-OT,diagnostic,0.1898790792145425,predictions/C5/C1_LOCT__CINEMA-OT__C5_loct_Mono.npz
T5c,T5,C5,small-mol/OP3,cell-context (LOCT),lineage,NK,CINEMA-OT,CINEMA-OT,diagnostic,0.2515329053724629,predictions/C5/C1_LOCT__CINEMA-OT__C5_loct_NK.npz
T5c,T5,C5,small-mol/OP3,cell-context (LOCT),lineage,T_cells,CINEMA-OT,CINEMA-OT,diagnostic,0.2988785600163919,predictions/C5/C1_LOCT__CINEMA-OT__C5_loct_T_cells.npz
T5c,T5,C5,small-mol/OP3,cell-context (LOCT),lineage,B,CellFlow,CellFlow,native,0.10031796437416915,predictions/C5_LOCT__CellFlow__C5_loct_B.npz
T5c,T5,C5,small-mol/OP3,cell-context (LOCT),lineage,Mono,CellFlow,CellFlow,native,0.06858944630536244,predictions/C5_LOCT__CellFlow__C5_loct_Mono.npz
T5c,T5,C5,small-mol/OP3,cell-context (LOCT),lineage,NK,CellFlow,CellFlow,native,0.09279681756303652,predictions/C5_LOCT__CellFlow__C5_loct_NK.npz
T5c,T5,C5,small-mol/OP3,cell-context (LOCT),lineage,T_cells,CellFlow,CellFlow,native,0.15357761670570186,predictions/C5_LOCT__CellFlow__C5_loct_T_cells.npz
T5c,T5,C5,small-mol/OP3,cell-context (LOCT),lineage,B,CellOT,CellOT,native,0.059821272232449,predictions/C5_LOCT__CellOT__C5_loct_B.npz
T5c,T5,C5,small-mol/OP3,cell-context (LOCT),lineage,Mono,CellOT,CellOT,native,0.04412586837544825,predictions/C5_LOCT__CellOT__C5_loct_Mono.npz
T5c,T5,C5,small-mol/OP3,cell-context (LOCT),lineage,NK,CellOT,CellOT,native,0.1641414166275829,predictions/C5_LOCT__CellOT__C5_loct_NK.npz
T5c,T5,C5,small-mol/OP3,cell-context (LOCT),lineage,T_cells,CellOT,CellOT,native,0.13786420255465803,predictions/C5_LOCT__CellOT__C5_loct_T_cells.npz
T5c,T5,C5,small-mol/OP3,cell-context (LOCT),lineage,B,FP-ridge,FP-ridge,diagnostic,0.41557680280232406,predictions/C5/C1_LOCT__FP-ridge__C5_loct_B.npz
T5c,T5,C5,small-mol/OP3,cell-context (LOCT),lineage,Mono,FP-ridge,FP-ridge,diagnostic,0.30570868567599013,predictions/C5/C1_LOCT__FP-ridge__C5_loct_Mono.npz
T5c,T5,C5,small-mol/OP3,cell-context (LOCT),lineage,NK,FP-ridge,FP-ridge,diagnostic,0.3898076443662576,predictions/C5/C1_LOCT__FP-ridge__C5_loct_NK.npz
T5c,T5,C5,small-mol/OP3,cell-context (LOCT),lineage,T_cells,FP-ridge,FP-ridge,diagnostic,0.4387038968031221,predictions/C5/C1_LOCT__FP-ridge__C5_loct_T_cells.npz
T5c,T5,C5,small-mol/OP3,cell-context (LOCT),lineage,B,PRnet,PRnet,native,0.13320019362773755,predictions/C5_LOCT__PRnet__C5_loct_B.npz
T5c,T5,C5,small-mol/OP3,cell-context (LOCT),lineage,Mono,PRnet,PRnet,native,0.04120661628001475,predictions/C5_LOCT__PRnet__C5_loct_Mono.npz
T5c,T5,C5,small-mol/OP3,cell-context (LOCT),lineage,NK,PRnet,PRnet,native,0.07808120548245313,predictions/C5_LOCT__PRnet__C5_loct_NK.npz
T5c,T5,C5,small-mol/OP3,cell-context (LOCT),lineage,T_cells,PRnet,PRnet,native,0.1252356570186401,predictions/C5_LOCT__PRnet__C5_loct_T_cells.npz
T5c,T5,C5,small-mol/OP3,cell-context (LOCT),lineage,B,cell-mean,cell-mean,floor,0.0741336363764497,predictions/C5/C1_LOCT__cell-mean__C5_loct_B.npz
T5c,T5,C5,small-mol/OP3,cell-context (LOCT),lineage,Mono,cell-mean,cell-mean,floor,0.018724629695881116,predictions/C5/C1_LOCT__cell-mean__C5_loct_Mono.npz
T5c,T5,C5,small-mol/OP3,cell-context (LOCT),lineage,NK,cell-mean,cell-mean,floor,-0.004159008082909935,predictions/C5/C1_LOCT__cell-mean__C5_loct_NK.npz
T5c,T5,C5,small-mol/OP3,cell-context (LOCT),lineage,T_cells,cell-mean,cell-mean,floor,0.011216014583171443,predictions/C5/C1_LOCT__cell-mean__C5_loct_T_cells.npz
T5c,T5,C5,small-mol/OP3,cell-context (LOCT),lineage,B,linear-PCA,linear-PCA,floor,0.2997303625528866,predictions/C5/C1_LOCT__linear-PCA__C5_loct_B.npz
T5c,T5,C5,small-mol/OP3,cell-context (LOCT),lineage,Mono,linear-PCA,linear-PCA,floor,0.18464485458250002,predictions/C5/C1_LOCT__linear-PCA__C5_loct_Mono.npz
T5c,T5,C5,small-mol/OP3,cell-context (LOCT),lineage,NK,linear-PCA,linear-PCA,floor,0.2593769112419187,predictions/C5/C1_LOCT__linear-PCA__C5_loct_NK.npz
T5c,T5,C5,small-mol/OP3,cell-context (LOCT),lineage,T_cells,linear-PCA,linear-PCA,floor,0.3339668867283791,predictions/C5/C1_LOCT__linear-PCA__C5_loct_T_cells.npz
T5c,T5,C5,small-mol/OP3,cell-context (LOCT),lineage,B,scFoundation,scFoundation,adapted,0.04966792107852179,predictions/C5/C1_LOCT__scFoundation__C5_loct_B.npz
T5c,T5,C5,small-mol/OP3,cell-context (LOCT),lineage,Mono,scFoundation,scFoundation,adapted,0.05895084140190594,predictions/C5/C1_LOCT__scFoundation__C5_loct_Mono.npz
T5c,T5,C5,small-mol/OP3,cell-context (LOCT),lineage,NK,scFoundation,scFoundation,adapted,0.03525620410888529,predictions/C5/C1_LOCT__scFoundation__C5_loct_NK.npz
T5c,T5,C5,small-mol/OP3,cell-context (LOCT),lineage,T_cells,scFoundation,scFoundation,adapted,0.0767304812133874,predictions/C5/C1_LOCT__scFoundation__C5_loct_T_cells.npz
T5c,T5,C5,small-mol/OP3,cell-context (LOCT),lineage,B,scGPT,scGPT,adapted,0.069745197199877,predictions/C5/C1_LOCT__scGPT__C5_loct_B.npz
T5c,T5,C5,small-mol/OP3,cell-context (LOCT),lineage,Mono,scGPT,scGPT,adapted,0.014461921445601805,predictions/C5/C1_LOCT__scGPT__C5_loct_Mono.npz
T5c,T5,C5,small-mol/OP3,cell-context (LOCT),lineage,NK,scGPT,scGPT,adapted,-0.007575875741954584,predictions/C5/C1_LOCT__scGPT__C5_loct_NK.npz
T5c,T5,C5,small-mol/OP3,cell-context (LOCT),lineage,T_cells,scGPT,scGPT,adapted,0.022199828071576926,predictions/C5/C1_LOCT__scGPT__C5_loct_T_cells.npz
T5c,T5,C5,small-mol/OP3,cell-context (LOCT),lineage,B,scPRAM,scPRAM,native,-0.02399670857777483,predictions/C5_LOCT__scPRAM__C5_loct_B.npz
T5c,T5,C5,small-mol/OP3,cell-context (LOCT),lineage,Mono,scPRAM,scPRAM,native,0.007090496627701175,predictions/C5_LOCT__scPRAM__C5_loct_Mono.npz
T5c,T5,C5,small-mol/OP3,cell-context (LOCT),lineage,NK,scPRAM,scPRAM,native,-0.009602097574848742,predictions/C5_LOCT__scPRAM__C5_loct_NK.npz
T5c,T5,C5,small-mol/OP3,cell-context (LOCT),lineage,T_cells,scPRAM,scPRAM,native,-0.008273477335415034,predictions/C5_LOCT__scPRAM__C5_loct_T_cells.npz
T5u,T5,C5,small-mol/OP3,unseen-compound,compound,perturbation=5-(9-Isopropyl-8-methyl-2-morpholino-9H-purin-6-yl)pyrimidin-2-amine,Biolord,Biolord,native,0.2059891091688485,predictions/C5_unseen_cpd__Biolord__C5_global_compound_holdout.npz
T5u,T5,C5,small-mol/OP3,unseen-compound,compound,perturbation=ABT-199 (GDC-0199),Biolord,Biolord,native,0.1298689467312074,predictions/C5_unseen_cpd__Biolord__C5_global_compound_holdout.npz
T5u,T5,C5,small-mol/OP3,unseen-compound,compound,perturbation=AT 7867,Biolord,Biolord,native,0.1728632047901137,predictions/C5_unseen_cpd__Biolord__C5_global_compound_holdout.npz
T5u,T5,C5,small-mol/OP3,unseen-compound,compound,perturbation=AZD3514,Biolord,Biolord,native,0.134850004733858,predictions/C5_unseen_cpd__Biolord__C5_global_compound_holdout.npz
T5u,T5,C5,small-mol/OP3,unseen-compound,compound,perturbation=BMS-536924,Biolord,Biolord,native,0.23925621283566845,predictions/C5_unseen_cpd__Biolord__C5_global_compound_holdout.npz
T5u,T5,C5,small-mol/OP3,unseen-compound,compound,perturbation=Cabozantinib,Biolord,Biolord,native,0.044664969482966936,predictions/C5_unseen_cpd__Biolord__C5_global_compound_holdout.npz
T5u,T5,C5,small-mol/OP3,unseen-compound,compound,perturbation=Clomipramine,Biolord,Biolord,native,0.10462620827945118,predictions/C5_unseen_cpd__Biolord__C5_global_compound_holdout.npz
T5u,T5,C5,small-mol/OP3,unseen-compound,compound,perturbation=Clotrimazole,Biolord,Biolord,native,0.11450826620561472,predictions/C5_unseen_cpd__Biolord__C5_global_compound_holdout.npz
T5u,T5,C5,small-mol/OP3,unseen-compound,compound,perturbation=GSK-1070916,Biolord,Biolord,native,0.14121110573153678,predictions/C5_unseen_cpd__Biolord__C5_global_compound_holdout.npz
T5u,T5,C5,small-mol/OP3,unseen-compound,compound,perturbation=HYDROXYUREA,Biolord,Biolord,native,0.014480807514765118,predictions/C5_unseen_cpd__Biolord__C5_global_compound_holdout.npz
T5u,T5,C5,small-mol/OP3,unseen-compound,compound,perturbation=IN1451,Biolord,Biolord,native,0.08137421419929688,predictions/C5_unseen_cpd__Biolord__C5_global_compound_holdout.npz
T5u,T5,C5,small-mol/OP3,unseen-compound,compound,perturbation=LY2090314,Biolord,Biolord,native,0.022228154194597477,predictions/C5_unseen_cpd__Biolord__C5_global_compound_holdout.npz
T5u,T5,C5,small-mol/OP3,unseen-compound,compound,perturbation=Lapatinib,Biolord,Biolord,native,0.12421031971430357,predictions/C5_unseen_cpd__Biolord__C5_global_compound_holdout.npz
T5u,T5,C5,small-mol/OP3,unseen-compound,compound,perturbation=Masitinib,Biolord,Biolord,native,0.1332325915611507,predictions/C5_unseen_cpd__Biolord__C5_global_compound_holdout.npz
T5u,T5,C5,small-mol/OP3,unseen-compound,compound,perturbation=Mometasone Furoate,Biolord,Biolord,native,0.32949836767140017,predictions/C5_unseen_cpd__Biolord__C5_global_compound_holdout.npz
T5u,T5,C5,small-mol/OP3,unseen-compound,compound,perturbation=Navitoclax,Biolord,Biolord,native,0.14828238121711346,predictions/C5_unseen_cpd__Biolord__C5_global_compound_holdout.npz
T5u,T5,C5,small-mol/OP3,unseen-compound,compound,perturbation=PRT-062607,Biolord,Biolord,native,0.32541368501957,predictions/C5_unseen_cpd__Biolord__C5_global_compound_holdout.npz
T5u,T5,C5,small-mol/OP3,unseen-compound,compound,perturbation=Perhexiline,Biolord,Biolord,native,0.1613536036074889,predictions/C5_unseen_cpd__Biolord__C5_global_compound_holdout.npz
T5u,T5,C5,small-mol/OP3,unseen-compound,compound,perturbation=Pitavastatin Calcium,Biolord,Biolord,native,-0.08946423477518296,predictions/C5_unseen_cpd__Biolord__C5_global_compound_holdout.npz
T5u,T5,C5,small-mol/OP3,unseen-compound,compound,perturbation=Proscillaridin A;Proscillaridin-A,Biolord,Biolord,native,-0.04478679839661658,predictions/C5_unseen_cpd__Biolord__C5_global_compound_holdout.npz
T5u,T5,C5,small-mol/OP3,unseen-compound,compound,perturbation=Ricolinostat,Biolord,Biolord,native,0.07418573064098365,predictions/C5_unseen_cpd__Biolord__C5_global_compound_holdout.npz
T5u,T5,C5,small-mol/OP3,unseen-compound,compound,perturbation=SCH-58261,Biolord,Biolord,native,0.10155488899361038,predictions/C5_unseen_cpd__Biolord__C5_global_compound_holdout.npz
T5u,T5,C5,small-mol/OP3,unseen-compound,compound,perturbation=Selumetinib,Biolord,Biolord,native,0.21857813105499896,predictions/C5_unseen_cpd__Biolord__C5_global_compound_holdout.npz
T5u,T5,C5,small-mol/OP3,unseen-compound,compound,perturbation=TL_HRAS26,Biolord,Biolord,native,0.11142274107595479,predictions/C5_unseen_cpd__Biolord__C5_global_compound_holdout.npz
T5u,T5,C5,small-mol/OP3,unseen-compound,compound,perturbation=Tivozanib,Biolord,Biolord,native,0.13261433758590543,predictions/C5_unseen_cpd__Biolord__C5_global_compound_holdout.npz
T5u,T5,C5,small-mol/OP3,unseen-compound,compound,perturbation=Topotecan,Biolord,Biolord,native,0.1370405693107498,predictions/C5_unseen_cpd__Biolord__C5_global_compound_holdout.npz
T5u,T5,C5,small-mol/OP3,unseen-compound,compound,perturbation=Vorinostat,Biolord,Biolord,native,0.2734045220775922,predictions/C5_unseen_cpd__Biolord__C5_global_compound_holdout.npz
T5u,T5,C5,small-mol/OP3,unseen-compound,compound,perturbation=YK 4-279,Biolord,Biolord,native,0.0044425097792267915,predictions/C5_unseen_cpd__Biolord__C5_global_compound_holdout.npz
T5u,T5,C5,small-mol/OP3,unseen-compound,compound,perturbation=5-(9-Isopropyl-8-methyl-2-morpholino-9H-purin-6-yl)pyrimidin-2-amine,CINEMA-OT,CINEMA-OT,diagnostic,0.3168422172509682,predictions/C5/C5_unseen_cpd__CINEMA-OT__C5_global_compound_holdout.npz
T5u,T5,C5,small-mol/OP3,unseen-compound,compound,perturbation=ABT-199 (GDC-0199),CINEMA-OT,CINEMA-OT,diagnostic,0.11388686925076255,predictions/C5/C5_unseen_cpd__CINEMA-OT__C5_global_compound_holdout.npz
T5u,T5,C5,small-mol/OP3,unseen-compound,compound,perturbation=AT 7867,CINEMA-OT,CINEMA-OT,diagnostic,0.2395696766281079,predictions/C5/C5_unseen_cpd__CINEMA-OT__C5_global_compound_holdout.npz
T5u,T5,C5,small-mol/OP3,unseen-compound,compound,perturbation=AZD3514,CINEMA-OT,CINEMA-OT,diagnostic,0.18429045207015787,predictions/C5/C5_unseen_cpd__CINEMA-OT__C5_global_compound_holdout.npz
T5u,T5,C5,small-mol/OP3,unseen-compound,compound,perturbation=BMS-536924,CINEMA-OT,CINEMA-OT,diagnostic,0.274913183401727,predictions/C5/C5_unseen_cpd__CINEMA-OT__C5_global_compound_holdout.npz
T5u,T5,C5,small-mol/OP3,unseen-compound,compound,perturbation=Cabozantinib,CINEMA-OT,CINEMA-OT,diagnostic,0.14043519456050935,predictions/C5/C5_unseen_cpd__CINEMA-OT__C5_global_compound_holdout.npz
T5u,T5,C5,small-mol/OP3,unseen-compound,compound,perturbation=Clomipramine,CINEMA-OT,CINEMA-OT,diagnostic,0.21333328952849287,predictions/C5/C5_unseen_cpd__CINEMA-OT__C5_global_compound_holdout.npz
T5u,T5,C5,small-mol/OP3,unseen-compound,compound,perturbation=Clotrimazole,CINEMA-OT,CINEMA-OT,diagnostic,0.1743518159473132,predictions/C5/C5_unseen_cpd__CINEMA-OT__C5_global_compound_holdout.npz
T5u,T5,C5,small-mol/OP3,unseen-compound,compound,perturbation=GSK-1070916,CINEMA-OT,CINEMA-OT,diagnostic,0.18506702580081463,predictions/C5/C5_unseen_cpd__CINEMA-OT__C5_global_compound_holdout.npz
T5u,T5,C5,small-mol/OP3,unseen-compound,compound,perturbation=HYDROXYUREA,CINEMA-OT,CINEMA-OT,diagnostic,0.18217101465629182,predictions/C5/C5_unseen_cpd__CINEMA-OT__C5_global_compound_holdout.npz
T5u,T5,C5,small-mol/OP3,unseen-compound,compound,perturbation=IN1451,CINEMA-OT,CINEMA-OT,diagnostic,0.18085519612382334,predictions/C5/C5_unseen_cpd__CINEMA-OT__C5_global_compound_holdout.npz
T5u,T5,C5,small-mol/OP3,unseen-compound,compound,perturbation=LY2090314,CINEMA-OT,CINEMA-OT,diagnostic,0.097653199005033,predictions/C5/C5_unseen_cpd__CINEMA-OT__C5_global_compound_holdout.npz
T5u,T5,C5,small-mol/OP3,unseen-compound,compound,perturbation=Lapatinib,CINEMA-OT,CINEMA-OT,diagnostic,0.14275864007958325,predictions/C5/C5_unseen_cpd__CINEMA-OT__C5_global_compound_holdout.npz
T5u,T5,C5,small-mol/OP3,unseen-compound,compound,perturbation=Masitinib,CINEMA-OT,CINEMA-OT,diagnostic,0.21223995165331327,predictions/C5/C5_unseen_cpd__CINEMA-OT__C5_global_compound_holdout.npz
T5u,T5,C5,small-mol/OP3,unseen-compound,compound,perturbation=Mometasone Furoate,CINEMA-OT,CINEMA-OT,diagnostic,0.30275305303558553,predictions/C5/C5_unseen_cpd__CINEMA-OT__C5_global_compound_holdout.npz
T5u,T5,C5,small-mol/OP3,unseen-compound,compound,perturbation=Navitoclax,CINEMA-OT,CINEMA-OT,diagnostic,0.106624509478973,predictions/C5/C5_unseen_cpd__CINEMA-OT__C5_global_compound_holdout.npz
T5u,T5,C5,small-mol/OP3,unseen-compound,compound,perturbation=PRT-062607,CINEMA-OT,CINEMA-OT,diagnostic,0.2812481439595622,predictions/C5/C5_unseen_cpd__CINEMA-OT__C5_global_compound_holdout.npz
T5u,T5,C5,small-mol/OP3,unseen-compound,compound,perturbation=Perhexiline,CINEMA-OT,CINEMA-OT,diagnostic,0.2694178509430282,predictions/C5/C5_unseen_cpd__CINEMA-OT__C5_global_compound_holdout.npz
T5u,T5,C5,small-mol/OP3,unseen-compound,compound,perturbation=Pitavastatin Calcium,CINEMA-OT,CINEMA-OT,diagnostic,0.03256950969456713,predictions/C5/C5_unseen_cpd__CINEMA-OT__C5_global_compound_holdout.npz
T5u,T5,C5,small-mol/OP3,unseen-compound,compound,perturbation=Proscillaridin A;Proscillaridin-A,CINEMA-OT,CINEMA-OT,diagnostic,0.10652030347124232,predictions/C5/C5_unseen_cpd__CINEMA-OT__C5_global_compound_holdout.npz
T5u,T5,C5,small-mol/OP3,unseen-compound,compound,perturbation=Ricolinostat,CINEMA-OT,CINEMA-OT,diagnostic,0.11048038028617455,predictions/C5/C5_unseen_cpd__CINEMA-OT__C5_global_compound_holdout.npz
T5u,T5,C5,small-mol/OP3,unseen-compound,compound,perturbation=SCH-58261,CINEMA-OT,CINEMA-OT,diagnostic,0.14900466220247482,predictions/C5/C5_unseen_cpd__CINEMA-OT__C5_global_compound_holdout.npz
T5u,T5,C5,small-mol/OP3,unseen-compound,compound,perturbation=Selumetinib,CINEMA-OT,CINEMA-OT,diagnostic,0.23296511645979784,predictions/C5/C5_unseen_cpd__CINEMA-OT__C5_global_compound_holdout.npz
T5u,T5,C5,small-mol/OP3,unseen-compound,compound,perturbation=TL_HRAS26,CINEMA-OT,CINEMA-OT,diagnostic,0.183286634117655,predictions/C5/C5_unseen_cpd__CINEMA-OT__C5_global_compound_holdout.npz
T5u,T5,C5,small-mol/OP3,unseen-compound,compound,perturbation=Tivozanib,CINEMA-OT,CINEMA-OT,diagnostic,0.18929877695399822,predictions/C5/C5_unseen_cpd__CINEMA-OT__C5_global_compound_holdout.npz
T5u,T5,C5,small-mol/OP3,unseen-compound,compound,perturbation=Topotecan,CINEMA-OT,CINEMA-OT,diagnostic,0.1622757074836356,predictions/C5/C5_unseen_cpd__CINEMA-OT__C5_global_compound_holdout.npz
T5u,T5,C5,small-mol/OP3,unseen-compound,compound,perturbation=Vorinostat,CINEMA-OT,CINEMA-OT,diagnostic,-0.11529033825762741,predictions/C5/C5_unseen_cpd__CINEMA-OT__C5_global_compound_holdout.npz
T5u,T5,C5,small-mol/OP3,unseen-compound,compound,perturbation=YK 4-279,CINEMA-OT,CINEMA-OT,diagnostic,0.14143759863505956,predictions/C5/C5_unseen_cpd__CINEMA-OT__C5_global_compound_holdout.npz
T5u,T5,C5,small-mol/OP3,unseen-compound,compound,perturbation=5-(9-Isopropyl-8-methyl-2-morpholino-9H-purin-6-yl)pyrimidin-2-amine,CPA,chemCPA,native,0.12637739546963744,predictions/C5/C5__chemCPA__C5_global_compound_holdout.npz
T5u,T5,C5,small-mol/OP3,unseen-compound,compound,perturbation=ABT-199 (GDC-0199),CPA,chemCPA,native,0.13082015196242644,predictions/C5/C5__chemCPA__C5_global_compound_holdout.npz
T5u,T5,C5,small-mol/OP3,unseen-compound,compound,perturbation=AT 7867,CPA,chemCPA,native,0.13588509603567717,predictions/C5/C5__chemCPA__C5_global_compound_holdout.npz
T5u,T5,C5,small-mol/OP3,unseen-compound,compound,perturbation=AZD3514,CPA,chemCPA,native,0.11538239796297704,predictions/C5/C5__chemCPA__C5_global_compound_holdout.npz
T5u,T5,C5,small-mol/OP3,unseen-compound,compound,perturbation=BMS-536924,CPA,chemCPA,native,0.13150561066969885,predictions/C5/C5__chemCPA__C5_global_compound_holdout.npz
T5u,T5,C5,small-mol/OP3,unseen-compound,compound,perturbation=Cabozantinib,CPA,chemCPA,native,0.11159238286138068,predictions/C5/C5__chemCPA__C5_global_compound_holdout.npz
T5u,T5,C5,small-mol/OP3,unseen-compound,compound,perturbation=Clomipramine,CPA,chemCPA,native,0.13142081735745517,predictions/C5/C5__chemCPA__C5_global_compound_holdout.npz
T5u,T5,C5,small-mol/OP3,unseen-compound,compound,perturbation=Clotrimazole,CPA,chemCPA,native,0.12808727420004157,predictions/C5/C5__chemCPA__C5_global_compound_holdout.npz
T5u,T5,C5,small-mol/OP3,unseen-compound,compound,perturbation=GSK-1070916,CPA,chemCPA,native,0.13034224999004845,predictions/C5/C5__chemCPA__C5_global_compound_holdout.npz
T5u,T5,C5,small-mol/OP3,unseen-compound,compound,perturbation=HYDROXYUREA,CPA,chemCPA,native,0.12753713490900254,predictions/C5/C5__chemCPA__C5_global_compound_holdout.npz
T5u,T5,C5,small-mol/OP3,unseen-compound,compound,perturbation=IN1451,CPA,chemCPA,native,0.06594022495513094,predictions/C5/C5__chemCPA__C5_global_compound_holdout.npz
T5u,T5,C5,small-mol/OP3,unseen-compound,compound,perturbation=LY2090314,CPA,chemCPA,native,0.18173821563883416,predictions/C5/C5__chemCPA__C5_global_compound_holdout.npz
T5u,T5,C5,small-mol/OP3,unseen-compound,compound,perturbation=Lapatinib,CPA,chemCPA,native,0.13244586581117263,predictions/C5/C5__chemCPA__C5_global_compound_holdout.npz
T5u,T5,C5,small-mol/OP3,unseen-compound,compound,perturbation=Masitinib,CPA,chemCPA,native,0.12498182933906522,predictions/C5/C5__chemCPA__C5_global_compound_holdout.npz
T5u,T5,C5,small-mol/OP3,unseen-compound,compound,perturbation=Mometasone Furoate,CPA,chemCPA,native,0.10680217447263837,predictions/C5/C5__chemCPA__C5_global_compound_holdout.npz
T5u,T5,C5,small-mol/OP3,unseen-compound,compound,perturbation=Navitoclax,CPA,chemCPA,native,0.1432561632055109,predictions/C5/C5__chemCPA__C5_global_compound_holdout.npz
T5u,T5,C5,small-mol/OP3,unseen-compound,compound,perturbation=PRT-062607,CPA,chemCPA,native,0.11524581998857326,predictions/C5/C5__chemCPA__C5_global_compound_holdout.npz
T5u,T5,C5,small-mol/OP3,unseen-compound,compound,perturbation=Perhexiline,CPA,chemCPA,native,0.11816943070585667,predictions/C5/C5__chemCPA__C5_global_compound_holdout.npz
T5u,T5,C5,small-mol/OP3,unseen-compound,compound,perturbation=Pitavastatin Calcium,CPA,chemCPA,native,0.09185531956299257,predictions/C5/C5__chemCPA__C5_global_compound_holdout.npz
T5u,T5,C5,small-mol/OP3,unseen-compound,compound,perturbation=Proscillaridin A;Proscillaridin-A,CPA,chemCPA,native,0.1020823010866572,predictions/C5/C5__chemCPA__C5_global_compound_holdout.npz
T5u,T5,C5,small-mol/OP3,unseen-compound,compound,perturbation=Ricolinostat,CPA,chemCPA,native,0.0704475571988562,predictions/C5/C5__chemCPA__C5_global_compound_holdout.npz
T5u,T5,C5,small-mol/OP3,unseen-compound,compound,perturbation=SCH-58261,CPA,chemCPA,native,0.11855148383081691,predictions/C5/C5__chemCPA__C5_global_compound_holdout.npz
T5u,T5,C5,small-mol/OP3,unseen-compound,compound,perturbation=Selumetinib,CPA,chemCPA,native,0.1185888985991101,predictions/C5/C5__chemCPA__C5_global_compound_holdout.npz
T5u,T5,C5,small-mol/OP3,unseen-compound,compound,perturbation=TL_HRAS26,CPA,chemCPA,native,0.13743182036138132,predictions/C5/C5__chemCPA__C5_global_compound_holdout.npz
T5u,T5,C5,small-mol/OP3,unseen-compound,compound,perturbation=Tivozanib,CPA,chemCPA,native,0.12063920011729182,predictions/C5/C5__chemCPA__C5_global_compound_holdout.npz
T5u,T5,C5,small-mol/OP3,unseen-compound,compound,perturbation=Topotecan,CPA,chemCPA,native,0.16152868625574593,predictions/C5/C5__chemCPA__C5_global_compound_holdout.npz
T5u,T5,C5,small-mol/OP3,unseen-compound,compound,perturbation=Vorinostat,CPA,chemCPA,native,-0.18030116277965674,predictions/C5/C5__chemCPA__C5_global_compound_holdout.npz
T5u,T5,C5,small-mol/OP3,unseen-compound,compound,perturbation=YK 4-279,CPA,chemCPA,native,0.12615384590795148,predictions/C5/C5__chemCPA__C5_global_compound_holdout.npz
T5u,T5,C5,small-mol/OP3,unseen-compound,compound,perturbation=5-(9-Isopropyl-8-methyl-2-morpholino-9H-purin-6-yl)pyrimidin-2-amine,CellFlow,CellFlow,native,0.322547776974679,predictions/C5_unseen_cpd__CellFlow__C5_global_compound_holdout.npz
T5u,T5,C5,small-mol/OP3,unseen-compound,compound,perturbation=ABT-199 (GDC-0199),CellFlow,CellFlow,native,0.1163333825210797,predictions/C5_unseen_cpd__CellFlow__C5_global_compound_holdout.npz
T5u,T5,C5,small-mol/OP3,unseen-compound,compound,perturbation=AT 7867,CellFlow,CellFlow,native,0.215927741249972,predictions/C5_unseen_cpd__CellFlow__C5_global_compound_holdout.npz
T5u,T5,C5,small-mol/OP3,unseen-compound,compound,perturbation=AZD3514,CellFlow,CellFlow,native,0.18598428458671235,predictions/C5_unseen_cpd__CellFlow__C5_global_compound_holdout.npz
T5u,T5,C5,small-mol/OP3,unseen-compound,compound,perturbation=BMS-536924,CellFlow,CellFlow,native,0.23787011032311428,predictions/C5_unseen_cpd__CellFlow__C5_global_compound_holdout.npz
T5u,T5,C5,small-mol/OP3,unseen-compound,compound,perturbation=Cabozantinib,CellFlow,CellFlow,native,0.09419158524233931,predictions/C5_unseen_cpd__CellFlow__C5_global_compound_holdout.npz
T5u,T5,C5,small-mol/OP3,unseen-compound,compound,perturbation=Clomipramine,CellFlow,CellFlow,native,0.17259029146977334,predictions/C5_unseen_cpd__CellFlow__C5_global_compound_holdout.npz
T5u,T5,C5,small-mol/OP3,unseen-compound,compound,perturbation=Clotrimazole,CellFlow,CellFlow,native,0.15609257688870384,predictions/C5_unseen_cpd__CellFlow__C5_global_compound_holdout.npz
T5u,T5,C5,small-mol/OP3,unseen-compound,compound,perturbation=GSK-1070916,CellFlow,CellFlow,native,0.16004133397266346,predictions/C5_unseen_cpd__CellFlow__C5_global_compound_holdout.npz
T5u,T5,C5,small-mol/OP3,unseen-compound,compound,perturbation=HYDROXYUREA,CellFlow,CellFlow,native,0.15029670421385452,predictions/C5_unseen_cpd__CellFlow__C5_global_compound_holdout.npz
T5u,T5,C5,small-mol/OP3,unseen-compound,compound,perturbation=IN1451,CellFlow,CellFlow,native,0.20283784385616882,predictions/C5_unseen_cpd__CellFlow__C5_global_compound_holdout.npz
T5u,T5,C5,small-mol/OP3,unseen-compound,compound,perturbation=LY2090314,CellFlow,CellFlow,native,0.044610359422898614,predictions/C5_unseen_cpd__CellFlow__C5_global_compound_holdout.npz
T5u,T5,C5,small-mol/OP3,unseen-compound,compound,perturbation=Lapatinib,CellFlow,CellFlow,native,0.11002140743979405,predictions/C5_unseen_cpd__CellFlow__C5_global_compound_holdout.npz
T5u,T5,C5,small-mol/OP3,unseen-compound,compound,perturbation=Masitinib,CellFlow,CellFlow,native,0.2091263479041175,predictions/C5_unseen_cpd__CellFlow__C5_global_compound_holdout.npz
T5u,T5,C5,small-mol/OP3,unseen-compound,compound,perturbation=Mometasone Furoate,CellFlow,CellFlow,native,0.348991472753856,predictions/C5_unseen_cpd__CellFlow__C5_global_compound_holdout.npz
T5u,T5,C5,small-mol/OP3,unseen-compound,compound,perturbation=Navitoclax,CellFlow,CellFlow,native,0.14302568772666613,predictions/C5_unseen_cpd__CellFlow__C5_global_compound_holdout.npz
T5u,T5,C5,small-mol/OP3,unseen-compound,compound,perturbation=PRT-062607,CellFlow,CellFlow,native,0.3113710122370642,predictions/C5_unseen_cpd__CellFlow__C5_global_compound_holdout.npz
T5u,T5,C5,small-mol/OP3,unseen-compound,compound,perturbation=Perhexiline,CellFlow,CellFlow,native,0.2534153321614594,predictions/C5_unseen_cpd__CellFlow__C5_global_compound_holdout.npz
T5u,T5,C5,small-mol/OP3,unseen-compound,compound,perturbation=Pitavastatin Calcium,CellFlow,CellFlow,native,0.07311344605356465,predictions/C5_unseen_cpd__CellFlow__C5_global_compound_holdout.npz
T5u,T5,C5,small-mol/OP3,unseen-compound,compound,perturbation=Proscillaridin A;Proscillaridin-A,CellFlow,CellFlow,native,0.09933748088021918,predictions/C5_unseen_cpd__CellFlow__C5_global_compound_holdout.npz
T5u,T5,C5,small-mol/OP3,unseen-compound,compound,perturbation=Ricolinostat,CellFlow,CellFlow,native,0.09785861439618058,predictions/C5_unseen_cpd__CellFlow__C5_global_compound_holdout.npz
T5u,T5,C5,small-mol/OP3,unseen-compound,compound,perturbation=SCH-58261,CellFlow,CellFlow,native,0.1270423447787974,predictions/C5_unseen_cpd__CellFlow__C5_global_compound_holdout.npz
T5u,T5,C5,small-mol/OP3,unseen-compound,compound,perturbation=Selumetinib,CellFlow,CellFlow,native,0.21731032730122846,predictions/C5_unseen_cpd__CellFlow__C5_global_compound_holdout.npz
T5u,T5,C5,small-mol/OP3,unseen-compound,compound,perturbation=TL_HRAS26,CellFlow,CellFlow,native,0.1524058612379324,predictions/C5_unseen_cpd__CellFlow__C5_global_compound_holdout.npz
T5u,T5,C5,small-mol/OP3,unseen-compound,compound,perturbation=Tivozanib,CellFlow,CellFlow,native,0.16789828535389062,predictions/C5_unseen_cpd__CellFlow__C5_global_compound_holdout.npz
T5u,T5,C5,small-mol/OP3,unseen-compound,compound,perturbation=Topotecan,CellFlow,CellFlow,native,0.14051092903331433,predictions/C5_unseen_cpd__CellFlow__C5_global_compound_holdout.npz
T5u,T5,C5,small-mol/OP3,unseen-compound,compound,perturbation=Vorinostat,CellFlow,CellFlow,native,-0.011871090150905712,predictions/C5_unseen_cpd__CellFlow__C5_global_compound_holdout.npz
T5u,T5,C5,small-mol/OP3,unseen-compound,compound,perturbation=YK 4-279,CellFlow,CellFlow,native,0.15213525693883828,predictions/C5_unseen_cpd__CellFlow__C5_global_compound_holdout.npz
T5u,T5,C5,small-mol/OP3,unseen-compound,compound,perturbation=5-(9-Isopropyl-8-methyl-2-morpholino-9H-purin-6-yl)pyrimidin-2-amine,FP-ridge,FP-ridge,diagnostic,0.33277275455782973,predictions/C5/C5_unseen_cpd__FP-ridge__C5_global_compound_holdout.npz
T5u,T5,C5,small-mol/OP3,unseen-compound,compound,perturbation=ABT-199 (GDC-0199),FP-ridge,FP-ridge,diagnostic,0.07386492563624225,predictions/C5/C5_unseen_cpd__FP-ridge__C5_global_compound_holdout.npz
T5u,T5,C5,small-mol/OP3,unseen-compound,compound,perturbation=AT 7867,FP-ridge,FP-ridge,diagnostic,0.19998257669107794,predictions/C5/C5_unseen_cpd__FP-ridge__C5_global_compound_holdout.npz
T5u,T5,C5,small-mol/OP3,unseen-compound,compound,perturbation=AZD3514,FP-ridge,FP-ridge,diagnostic,0.16107158324890042,predictions/C5/C5_unseen_cpd__FP-ridge__C5_global_compound_holdout.npz
T5u,T5,C5,small-mol/OP3,unseen-compound,compound,perturbation=BMS-536924,FP-ridge,FP-ridge,diagnostic,0.16169563479421462,predictions/C5/C5_unseen_cpd__FP-ridge__C5_global_compound_holdout.npz
T5u,T5,C5,small-mol/OP3,unseen-compound,compound,perturbation=Cabozantinib,FP-ridge,FP-ridge,diagnostic,0.1189191479861611,predictions/C5/C5_unseen_cpd__FP-ridge__C5_global_compound_holdout.npz
T5u,T5,C5,small-mol/OP3,unseen-compound,compound,perturbation=Clomipramine,FP-ridge,FP-ridge,diagnostic,0.12773446948849615,predictions/C5/C5_unseen_cpd__FP-ridge__C5_global_compound_holdout.npz
T5u,T5,C5,small-mol/OP3,unseen-compound,compound,perturbation=Clotrimazole,FP-ridge,FP-ridge,diagnostic,0.15344756907121102,predictions/C5/C5_unseen_cpd__FP-ridge__C5_global_compound_holdout.npz
T5u,T5,C5,small-mol/OP3,unseen-compound,compound,perturbation=GSK-1070916,FP-ridge,FP-ridge,diagnostic,0.16594649668858052,predictions/C5/C5_unseen_cpd__FP-ridge__C5_global_compound_holdout.npz
T5u,T5,C5,small-mol/OP3,unseen-compound,compound,perturbation=HYDROXYUREA,FP-ridge,FP-ridge,diagnostic,0.14235190579528476,predictions/C5/C5_unseen_cpd__FP-ridge__C5_global_compound_holdout.npz
T5u,T5,C5,small-mol/OP3,unseen-compound,compound,perturbation=IN1451,FP-ridge,FP-ridge,diagnostic,0.12124885046425776,predictions/C5/C5_unseen_cpd__FP-ridge__C5_global_compound_holdout.npz
T5u,T5,C5,small-mol/OP3,unseen-compound,compound,perturbation=LY2090314,FP-ridge,FP-ridge,diagnostic,0.03090121789184228,predictions/C5/C5_unseen_cpd__FP-ridge__C5_global_compound_holdout.npz
T5u,T5,C5,small-mol/OP3,unseen-compound,compound,perturbation=Lapatinib,FP-ridge,FP-ridge,diagnostic,0.12471878050145338,predictions/C5/C5_unseen_cpd__FP-ridge__C5_global_compound_holdout.npz
T5u,T5,C5,small-mol/OP3,unseen-compound,compound,perturbation=Masitinib,FP-ridge,FP-ridge,diagnostic,0.17377747665000426,predictions/C5/C5_unseen_cpd__FP-ridge__C5_global_compound_holdout.npz
T5u,T5,C5,small-mol/OP3,unseen-compound,compound,perturbation=Mometasone Furoate,FP-ridge,FP-ridge,diagnostic,0.3585185277883637,predictions/C5/C5_unseen_cpd__FP-ridge__C5_global_compound_holdout.npz
T5u,T5,C5,small-mol/OP3,unseen-compound,compound,perturbation=Navitoclax,FP-ridge,FP-ridge,diagnostic,0.11844654247063824,predictions/C5/C5_unseen_cpd__FP-ridge__C5_global_compound_holdout.npz
T5u,T5,C5,small-mol/OP3,unseen-compound,compound,perturbation=PRT-062607,FP-ridge,FP-ridge,diagnostic,0.31842298180178397,predictions/C5/C5_unseen_cpd__FP-ridge__C5_global_compound_holdout.npz
T5u,T5,C5,small-mol/OP3,unseen-compound,compound,perturbation=Perhexiline,FP-ridge,FP-ridge,diagnostic,0.2331277440401263,predictions/C5/C5_unseen_cpd__FP-ridge__C5_global_compound_holdout.npz
T5u,T5,C5,small-mol/OP3,unseen-compound,compound,perturbation=Pitavastatin Calcium,FP-ridge,FP-ridge,diagnostic,0.17923136639222637,predictions/C5/C5_unseen_cpd__FP-ridge__C5_global_compound_holdout.npz
T5u,T5,C5,small-mol/OP3,unseen-compound,compound,perturbation=Proscillaridin A;Proscillaridin-A,FP-ridge,FP-ridge,diagnostic,0.06487531382093838,predictions/C5/C5_unseen_cpd__FP-ridge__C5_global_compound_holdout.npz
T5u,T5,C5,small-mol/OP3,unseen-compound,compound,perturbation=Ricolinostat,FP-ridge,FP-ridge,diagnostic,0.09614350799540097,predictions/C5/C5_unseen_cpd__FP-ridge__C5_global_compound_holdout.npz
T5u,T5,C5,small-mol/OP3,unseen-compound,compound,perturbation=SCH-58261,FP-ridge,FP-ridge,diagnostic,0.13234278184867782,predictions/C5/C5_unseen_cpd__FP-ridge__C5_global_compound_holdout.npz
T5u,T5,C5,small-mol/OP3,unseen-compound,compound,perturbation=Selumetinib,FP-ridge,FP-ridge,diagnostic,0.2214493753970837,predictions/C5/C5_unseen_cpd__FP-ridge__C5_global_compound_holdout.npz
T5u,T5,C5,small-mol/OP3,unseen-compound,compound,perturbation=TL_HRAS26,FP-ridge,FP-ridge,diagnostic,0.14989128661426052,predictions/C5/C5_unseen_cpd__FP-ridge__C5_global_compound_holdout.npz
T5u,T5,C5,small-mol/OP3,unseen-compound,compound,perturbation=Tivozanib,FP-ridge,FP-ridge,diagnostic,0.17614693702144046,predictions/C5/C5_unseen_cpd__FP-ridge__C5_global_compound_holdout.npz
T5u,T5,C5,small-mol/OP3,unseen-compound,compound,perturbation=Topotecan,FP-ridge,FP-ridge,diagnostic,0.14241832860956294,predictions/C5/C5_unseen_cpd__FP-ridge__C5_global_compound_holdout.npz
T5u,T5,C5,small-mol/OP3,unseen-compound,compound,perturbation=Vorinostat,FP-ridge,FP-ridge,diagnostic,0.11500404136624168,predictions/C5/C5_unseen_cpd__FP-ridge__C5_global_compound_holdout.npz
T5u,T5,C5,small-mol/OP3,unseen-compound,compound,perturbation=YK 4-279,FP-ridge,FP-ridge,diagnostic,0.20315860905670413,predictions/C5/C5_unseen_cpd__FP-ridge__C5_global_compound_holdout.npz
T5u,T5,C5,small-mol/OP3,unseen-compound,compound,perturbation=5-(9-Isopropyl-8-methyl-2-morpholino-9H-purin-6-yl)pyrimidin-2-amine,PRnet,PRnet,native,0.1969775334673438,predictions/C5_unseen_cpd__PRnet__C5_global_compound_holdout.npz
T5u,T5,C5,small-mol/OP3,unseen-compound,compound,perturbation=ABT-199 (GDC-0199),PRnet,PRnet,native,0.14413428254492405,predictions/C5_unseen_cpd__PRnet__C5_global_compound_holdout.npz
T5u,T5,C5,small-mol/OP3,unseen-compound,compound,perturbation=AT 7867,PRnet,PRnet,native,0.17323026513116782,predictions/C5_unseen_cpd__PRnet__C5_global_compound_holdout.npz
T5u,T5,C5,small-mol/OP3,unseen-compound,compound,perturbation=AZD3514,PRnet,PRnet,native,0.13586760818885724,predictions/C5_unseen_cpd__PRnet__C5_global_compound_holdout.npz
T5u,T5,C5,small-mol/OP3,unseen-compound,compound,perturbation=BMS-536924,PRnet,PRnet,native,0.22341237411953255,predictions/C5_unseen_cpd__PRnet__C5_global_compound_holdout.npz
T5u,T5,C5,small-mol/OP3,unseen-compound,compound,perturbation=Cabozantinib,PRnet,PRnet,native,0.12125394034103054,predictions/C5_unseen_cpd__PRnet__C5_global_compound_holdout.npz
T5u,T5,C5,small-mol/OP3,unseen-compound,compound,perturbation=Clomipramine,PRnet,PRnet,native,0.1845925352299988,predictions/C5_unseen_cpd__PRnet__C5_global_compound_holdout.npz
T5u,T5,C5,small-mol/OP3,unseen-compound,compound,perturbation=Clotrimazole,PRnet,PRnet,native,0.11613237590785605,predictions/C5_unseen_cpd__PRnet__C5_global_compound_holdout.npz
T5u,T5,C5,small-mol/OP3,unseen-compound,compound,perturbation=GSK-1070916,PRnet,PRnet,native,0.14055840057241498,predictions/C5_unseen_cpd__PRnet__C5_global_compound_holdout.npz
T5u,T5,C5,small-mol/OP3,unseen-compound,compound,perturbation=HYDROXYUREA,PRnet,PRnet,native,0.1283486120952198,predictions/C5_unseen_cpd__PRnet__C5_global_compound_holdout.npz
T5u,T5,C5,small-mol/OP3,unseen-compound,compound,perturbation=IN1451,PRnet,PRnet,native,0.1679997910032342,predictions/C5_unseen_cpd__PRnet__C5_global_compound_holdout.npz
T5u,T5,C5,small-mol/OP3,unseen-compound,compound,perturbation=LY2090314,PRnet,PRnet,native,0.0622382663849094,predictions/C5_unseen_cpd__PRnet__C5_global_compound_holdout.npz
T5u,T5,C5,small-mol/OP3,unseen-compound,compound,perturbation=Lapatinib,PRnet,PRnet,native,0.052436987697818016,predictions/C5_unseen_cpd__PRnet__C5_global_compound_holdout.npz
T5u,T5,C5,small-mol/OP3,unseen-compound,compound,perturbation=Masitinib,PRnet,PRnet,native,0.08997275778337635,predictions/C5_unseen_cpd__PRnet__C5_global_compound_holdout.npz
T5u,T5,C5,small-mol/OP3,unseen-compound,compound,perturbation=Mometasone Furoate,PRnet,PRnet,native,0.30407223351322993,predictions/C5_unseen_cpd__PRnet__C5_global_compound_holdout.npz
T5u,T5,C5,small-mol/OP3,unseen-compound,compound,perturbation=Navitoclax,PRnet,PRnet,native,0.14846731227326454,predictions/C5_unseen_cpd__PRnet__C5_global_compound_holdout.npz
T5u,T5,C5,small-mol/OP3,unseen-compound,compound,perturbation=PRT-062607,PRnet,PRnet,native,0.2715182017861299,predictions/C5_unseen_cpd__PRnet__C5_global_compound_holdout.npz
T5u,T5,C5,small-mol/OP3,unseen-compound,compound,perturbation=Perhexiline,PRnet,PRnet,native,0.2058497945490223,predictions/C5_unseen_cpd__PRnet__C5_global_compound_holdout.npz
T5u,T5,C5,small-mol/OP3,unseen-compound,compound,perturbation=Pitavastatin Calcium,PRnet,PRnet,native,-0.02656914266848708,predictions/C5_unseen_cpd__PRnet__C5_global_compound_holdout.npz
T5u,T5,C5,small-mol/OP3,unseen-compound,compound,perturbation=Proscillaridin A;Proscillaridin-A,PRnet,PRnet,native,0.12088894937318372,predictions/C5_unseen_cpd__PRnet__C5_global_compound_holdout.npz
T5u,T5,C5,small-mol/OP3,unseen-compound,compound,perturbation=Ricolinostat,PRnet,PRnet,native,0.028318857813513582,predictions/C5_unseen_cpd__PRnet__C5_global_compound_holdout.npz
T5u,T5,C5,small-mol/OP3,unseen-compound,compound,perturbation=SCH-58261,PRnet,PRnet,native,0.13059583069152603,predictions/C5_unseen_cpd__PRnet__C5_global_compound_holdout.npz
T5u,T5,C5,small-mol/OP3,unseen-compound,compound,perturbation=Selumetinib,PRnet,PRnet,native,0.18370124755799264,predictions/C5_unseen_cpd__PRnet__C5_global_compound_holdout.npz
T5u,T5,C5,small-mol/OP3,unseen-compound,compound,perturbation=TL_HRAS26,PRnet,PRnet,native,0.14936162684316706,predictions/C5_unseen_cpd__PRnet__C5_global_compound_holdout.npz
T5u,T5,C5,small-mol/OP3,unseen-compound,compound,perturbation=Tivozanib,PRnet,PRnet,native,0.14738642638297603,predictions/C5_unseen_cpd__PRnet__C5_global_compound_holdout.npz
T5u,T5,C5,small-mol/OP3,unseen-compound,compound,perturbation=Topotecan,PRnet,PRnet,native,0.12050038970642057,predictions/C5_unseen_cpd__PRnet__C5_global_compound_holdout.npz
T5u,T5,C5,small-mol/OP3,unseen-compound,compound,perturbation=Vorinostat,PRnet,PRnet,native,-0.11004192488587382,predictions/C5_unseen_cpd__PRnet__C5_global_compound_holdout.npz
T5u,T5,C5,small-mol/OP3,unseen-compound,compound,perturbation=YK 4-279,PRnet,PRnet,native,0.14921508110757387,predictions/C5_unseen_cpd__PRnet__C5_global_compound_holdout.npz
T5u,T5,C5,small-mol/OP3,unseen-compound,compound,perturbation=5-(9-Isopropyl-8-methyl-2-morpholino-9H-purin-6-yl)pyrimidin-2-amine,PerturbNet,PerturbNet,native,0.35916162050915357,predictions/C5_unseen_cpd__PerturbNet__C5_global_compound_holdout.npz
T5u,T5,C5,small-mol/OP3,unseen-compound,compound,perturbation=ABT-199 (GDC-0199),PerturbNet,PerturbNet,native,0.055228329960233594,predictions/C5_unseen_cpd__PerturbNet__C5_global_compound_holdout.npz
T5u,T5,C5,small-mol/OP3,unseen-compound,compound,perturbation=AT 7867,PerturbNet,PerturbNet,native,0.2525378209759694,predictions/C5_unseen_cpd__PerturbNet__C5_global_compound_holdout.npz
T5u,T5,C5,small-mol/OP3,unseen-compound,compound,perturbation=AZD3514,PerturbNet,PerturbNet,native,0.17482506412891796,predictions/C5_unseen_cpd__PerturbNet__C5_global_compound_holdout.npz
T5u,T5,C5,small-mol/OP3,unseen-compound,compound,perturbation=BMS-536924,PerturbNet,PerturbNet,native,0.2956284796935872,predictions/C5_unseen_cpd__PerturbNet__C5_global_compound_holdout.npz
T5u,T5,C5,small-mol/OP3,unseen-compound,compound,perturbation=Cabozantinib,PerturbNet,PerturbNet,native,0.08456075799855331,predictions/C5_unseen_cpd__PerturbNet__C5_global_compound_holdout.npz
T5u,T5,C5,small-mol/OP3,unseen-compound,compound,perturbation=Clomipramine,PerturbNet,PerturbNet,native,0.21234493345079522,predictions/C5_unseen_cpd__PerturbNet__C5_global_compound_holdout.npz
T5u,T5,C5,small-mol/OP3,unseen-compound,compound,perturbation=Clotrimazole,PerturbNet,PerturbNet,native,0.1405700909650059,predictions/C5_unseen_cpd__PerturbNet__C5_global_compound_holdout.npz
T5u,T5,C5,small-mol/OP3,unseen-compound,compound,perturbation=GSK-1070916,PerturbNet,PerturbNet,native,0.12073634700020125,predictions/C5_unseen_cpd__PerturbNet__C5_global_compound_holdout.npz
T5u,T5,C5,small-mol/OP3,unseen-compound,compound,perturbation=HYDROXYUREA,PerturbNet,PerturbNet,native,0.16209255293564506,predictions/C5_unseen_cpd__PerturbNet__C5_global_compound_holdout.npz
T5u,T5,C5,small-mol/OP3,unseen-compound,compound,perturbation=IN1451,PerturbNet,PerturbNet,native,0.14174036921991512,predictions/C5_unseen_cpd__PerturbNet__C5_global_compound_holdout.npz
T5u,T5,C5,small-mol/OP3,unseen-compound,compound,perturbation=LY2090314,PerturbNet,PerturbNet,native,0.06033687256929442,predictions/C5_unseen_cpd__PerturbNet__C5_global_compound_holdout.npz
T5u,T5,C5,small-mol/OP3,unseen-compound,compound,perturbation=Lapatinib,PerturbNet,PerturbNet,native,0.12998053163490358,predictions/C5_unseen_cpd__PerturbNet__C5_global_compound_holdout.npz
T5u,T5,C5,small-mol/OP3,unseen-compound,compound,perturbation=Masitinib,PerturbNet,PerturbNet,native,0.18524967202039294,predictions/C5_unseen_cpd__PerturbNet__C5_global_compound_holdout.npz
T5u,T5,C5,small-mol/OP3,unseen-compound,compound,perturbation=Mometasone Furoate,PerturbNet,PerturbNet,native,0.3586511630659285,predictions/C5_unseen_cpd__PerturbNet__C5_global_compound_holdout.npz
T5u,T5,C5,small-mol/OP3,unseen-compound,compound,perturbation=Navitoclax,PerturbNet,PerturbNet,native,0.005517811760435167,predictions/C5_unseen_cpd__PerturbNet__C5_global_compound_holdout.npz
T5u,T5,C5,small-mol/OP3,unseen-compound,compound,perturbation=PRT-062607,PerturbNet,PerturbNet,native,0.3208295104670944,predictions/C5_unseen_cpd__PerturbNet__C5_global_compound_holdout.npz
T5u,T5,C5,small-mol/OP3,unseen-compound,compound,perturbation=Perhexiline,PerturbNet,PerturbNet,native,0.24477703868554934,predictions/C5_unseen_cpd__PerturbNet__C5_global_compound_holdout.npz
T5u,T5,C5,small-mol/OP3,unseen-compound,compound,perturbation=Pitavastatin Calcium,PerturbNet,PerturbNet,native,0.16530269911231282,predictions/C5_unseen_cpd__PerturbNet__C5_global_compound_holdout.npz
T5u,T5,C5,small-mol/OP3,unseen-compound,compound,perturbation=Proscillaridin A;Proscillaridin-A,PerturbNet,PerturbNet,native,0.12228882962624704,predictions/C5_unseen_cpd__PerturbNet__C5_global_compound_holdout.npz
T5u,T5,C5,small-mol/OP3,unseen-compound,compound,perturbation=Ricolinostat,PerturbNet,PerturbNet,native,0.08931705744961432,predictions/C5_unseen_cpd__PerturbNet__C5_global_compound_holdout.npz
T5u,T5,C5,small-mol/OP3,unseen-compound,compound,perturbation=SCH-58261,PerturbNet,PerturbNet,native,0.12691000108924141,predictions/C5_unseen_cpd__PerturbNet__C5_global_compound_holdout.npz
T5u,T5,C5,small-mol/OP3,unseen-compound,compound,perturbation=Selumetinib,PerturbNet,PerturbNet,native,0.2207010612121953,predictions/C5_unseen_cpd__PerturbNet__C5_global_compound_holdout.npz
T5u,T5,C5,small-mol/OP3,unseen-compound,compound,perturbation=TL_HRAS26,PerturbNet,PerturbNet,native,0.1720546332323442,predictions/C5_unseen_cpd__PerturbNet__C5_global_compound_holdout.npz
T5u,T5,C5,small-mol/OP3,unseen-compound,compound,perturbation=Tivozanib,PerturbNet,PerturbNet,native,0.1248143443176101,predictions/C5_unseen_cpd__PerturbNet__C5_global_compound_holdout.npz
T5u,T5,C5,small-mol/OP3,unseen-compound,compound,perturbation=Topotecan,PerturbNet,PerturbNet,native,0.16793780726694235,predictions/C5_unseen_cpd__PerturbNet__C5_global_compound_holdout.npz
T5u,T5,C5,small-mol/OP3,unseen-compound,compound,perturbation=Vorinostat,PerturbNet,PerturbNet,native,-0.16585853663793812,predictions/C5_unseen_cpd__PerturbNet__C5_global_compound_holdout.npz
T5u,T5,C5,small-mol/OP3,unseen-compound,compound,perturbation=YK 4-279,PerturbNet,PerturbNet,native,0.19404908013267474,predictions/C5_unseen_cpd__PerturbNet__C5_global_compound_holdout.npz
T5u,T5,C5,small-mol/OP3,unseen-compound,compound,perturbation=5-(9-Isopropyl-8-methyl-2-morpholino-9H-purin-6-yl)pyrimidin-2-amine,cell-mean,cell-mean,floor,0.31372118265273863,predictions/C5/C5_unseen_cpd__cell-mean__C5_global_compound_holdout.npz
T5u,T5,C5,small-mol/OP3,unseen-compound,compound,perturbation=ABT-199 (GDC-0199),cell-mean,cell-mean,floor,0.118619974267478,predictions/C5/C5_unseen_cpd__cell-mean__C5_global_compound_holdout.npz
T5u,T5,C5,small-mol/OP3,unseen-compound,compound,perturbation=AT 7867,cell-mean,cell-mean,floor,0.24118504971418642,predictions/C5/C5_unseen_cpd__cell-mean__C5_global_compound_holdout.npz
T5u,T5,C5,small-mol/OP3,unseen-compound,compound,perturbation=AZD3514,cell-mean,cell-mean,floor,0.18579870623042244,predictions/C5/C5_unseen_cpd__cell-mean__C5_global_compound_holdout.npz
T5u,T5,C5,small-mol/OP3,unseen-compound,compound,perturbation=BMS-536924,cell-mean,cell-mean,floor,0.2715612958386495,predictions/C5/C5_unseen_cpd__cell-mean__C5_global_compound_holdout.npz
T5u,T5,C5,small-mol/OP3,unseen-compound,compound,perturbation=Cabozantinib,cell-mean,cell-mean,floor,0.14242075136343418,predictions/C5/C5_unseen_cpd__cell-mean__C5_global_compound_holdout.npz
T5u,T5,C5,small-mol/OP3,unseen-compound,compound,perturbation=Clomipramine,cell-mean,cell-mean,floor,0.21230112979734062,predictions/C5/C5_unseen_cpd__cell-mean__C5_global_compound_holdout.npz
T5u,T5,C5,small-mol/OP3,unseen-compound,compound,perturbation=Clotrimazole,cell-mean,cell-mean,floor,0.17622135910632006,predictions/C5/C5_unseen_cpd__cell-mean__C5_global_compound_holdout.npz
T5u,T5,C5,small-mol/OP3,unseen-compound,compound,perturbation=GSK-1070916,cell-mean,cell-mean,floor,0.18526001124144278,predictions/C5/C5_unseen_cpd__cell-mean__C5_global_compound_holdout.npz
T5u,T5,C5,small-mol/OP3,unseen-compound,compound,perturbation=HYDROXYUREA,cell-mean,cell-mean,floor,0.18379698775980063,predictions/C5/C5_unseen_cpd__cell-mean__C5_global_compound_holdout.npz
T5u,T5,C5,small-mol/OP3,unseen-compound,compound,perturbation=IN1451,cell-mean,cell-mean,floor,0.17606069046317663,predictions/C5/C5_unseen_cpd__cell-mean__C5_global_compound_holdout.npz
T5u,T5,C5,small-mol/OP3,unseen-compound,compound,perturbation=LY2090314,cell-mean,cell-mean,floor,0.10372569338439486,predictions/C5/C5_unseen_cpd__cell-mean__C5_global_compound_holdout.npz
T5u,T5,C5,small-mol/OP3,unseen-compound,compound,perturbation=Lapatinib,cell-mean,cell-mean,floor,0.14471492025786353,predictions/C5/C5_unseen_cpd__cell-mean__C5_global_compound_holdout.npz
T5u,T5,C5,small-mol/OP3,unseen-compound,compound,perturbation=Masitinib,cell-mean,cell-mean,floor,0.21167911616354385,predictions/C5/C5_unseen_cpd__cell-mean__C5_global_compound_holdout.npz
T5u,T5,C5,small-mol/OP3,unseen-compound,compound,perturbation=Mometasone Furoate,cell-mean,cell-mean,floor,0.30389866024649836,predictions/C5/C5_unseen_cpd__cell-mean__C5_global_compound_holdout.npz
T5u,T5,C5,small-mol/OP3,unseen-compound,compound,perturbation=Navitoclax,cell-mean,cell-mean,floor,0.110307397717826,predictions/C5/C5_unseen_cpd__cell-mean__C5_global_compound_holdout.npz
T5u,T5,C5,small-mol/OP3,unseen-compound,compound,perturbation=PRT-062607,cell-mean,cell-mean,floor,0.2801363368200379,predictions/C5/C5_unseen_cpd__cell-mean__C5_global_compound_holdout.npz
T5u,T5,C5,small-mol/OP3,unseen-compound,compound,perturbation=Perhexiline,cell-mean,cell-mean,floor,0.26727103581198863,predictions/C5/C5_unseen_cpd__cell-mean__C5_global_compound_holdout.npz
T5u,T5,C5,small-mol/OP3,unseen-compound,compound,perturbation=Pitavastatin Calcium,cell-mean,cell-mean,floor,0.03836546586453685,predictions/C5/C5_unseen_cpd__cell-mean__C5_global_compound_holdout.npz
T5u,T5,C5,small-mol/OP3,unseen-compound,compound,perturbation=Proscillaridin A;Proscillaridin-A,cell-mean,cell-mean,floor,0.10786435673896577,predictions/C5/C5_unseen_cpd__cell-mean__C5_global_compound_holdout.npz
T5u,T5,C5,small-mol/OP3,unseen-compound,compound,perturbation=Ricolinostat,cell-mean,cell-mean,floor,0.10761231493147891,predictions/C5/C5_unseen_cpd__cell-mean__C5_global_compound_holdout.npz
T5u,T5,C5,small-mol/OP3,unseen-compound,compound,perturbation=SCH-58261,cell-mean,cell-mean,floor,0.15266139570845672,predictions/C5/C5_unseen_cpd__cell-mean__C5_global_compound_holdout.npz
T5u,T5,C5,small-mol/OP3,unseen-compound,compound,perturbation=Selumetinib,cell-mean,cell-mean,floor,0.2362292295853377,predictions/C5/C5_unseen_cpd__cell-mean__C5_global_compound_holdout.npz
T5u,T5,C5,small-mol/OP3,unseen-compound,compound,perturbation=TL_HRAS26,cell-mean,cell-mean,floor,0.1854875484586932,predictions/C5/C5_unseen_cpd__cell-mean__C5_global_compound_holdout.npz
T5u,T5,C5,small-mol/OP3,unseen-compound,compound,perturbation=Tivozanib,cell-mean,cell-mean,floor,0.18941917703463224,predictions/C5/C5_unseen_cpd__cell-mean__C5_global_compound_holdout.npz
T5u,T5,C5,small-mol/OP3,unseen-compound,compound,perturbation=Topotecan,cell-mean,cell-mean,floor,0.16483860231909464,predictions/C5/C5_unseen_cpd__cell-mean__C5_global_compound_holdout.npz
T5u,T5,C5,small-mol/OP3,unseen-compound,compound,perturbation=Vorinostat,cell-mean,cell-mean,floor,-0.13518227704707034,predictions/C5/C5_unseen_cpd__cell-mean__C5_global_compound_holdout.npz
T5u,T5,C5,small-mol/OP3,unseen-compound,compound,perturbation=YK 4-279,cell-mean,cell-mean,floor,0.14505220004325575,predictions/C5/C5_unseen_cpd__cell-mean__C5_global_compound_holdout.npz
T5u,T5,C5,small-mol/OP3,unseen-compound,compound,perturbation=5-(9-Isopropyl-8-methyl-2-morpholino-9H-purin-6-yl)pyrimidin-2-amine,linear-PCA,linear-PCA,floor,0.31634863850789186,predictions/C5/C5_unseen_cpd__linear-PCA__C5_global_compound_holdout.npz
T5u,T5,C5,small-mol/OP3,unseen-compound,compound,perturbation=ABT-199 (GDC-0199),linear-PCA,linear-PCA,floor,0.08508863412082926,predictions/C5/C5_unseen_cpd__linear-PCA__C5_global_compound_holdout.npz
T5u,T5,C5,small-mol/OP3,unseen-compound,compound,perturbation=AT 7867,linear-PCA,linear-PCA,floor,0.22801532296344984,predictions/C5/C5_unseen_cpd__linear-PCA__C5_global_compound_holdout.npz
T5u,T5,C5,small-mol/OP3,unseen-compound,compound,perturbation=AZD3514,linear-PCA,linear-PCA,floor,0.15750103692444745,predictions/C5/C5_unseen_cpd__linear-PCA__C5_global_compound_holdout.npz
T5u,T5,C5,small-mol/OP3,unseen-compound,compound,perturbation=BMS-536924,linear-PCA,linear-PCA,floor,0.2668809727663306,predictions/C5/C5_unseen_cpd__linear-PCA__C5_global_compound_holdout.npz
T5u,T5,C5,small-mol/OP3,unseen-compound,compound,perturbation=Cabozantinib,linear-PCA,linear-PCA,floor,0.11397707723286322,predictions/C5/C5_unseen_cpd__linear-PCA__C5_global_compound_holdout.npz
T5u,T5,C5,small-mol/OP3,unseen-compound,compound,perturbation=Clomipramine,linear-PCA,linear-PCA,floor,0.1966294412322824,predictions/C5/C5_unseen_cpd__linear-PCA__C5_global_compound_holdout.npz
T5u,T5,C5,small-mol/OP3,unseen-compound,compound,perturbation=Clotrimazole,linear-PCA,linear-PCA,floor,0.15334915554670842,predictions/C5/C5_unseen_cpd__linear-PCA__C5_global_compound_holdout.npz
T5u,T5,C5,small-mol/OP3,unseen-compound,compound,perturbation=GSK-1070916,linear-PCA,linear-PCA,floor,0.1641687465243299,predictions/C5/C5_unseen_cpd__linear-PCA__C5_global_compound_holdout.npz
T5u,T5,C5,small-mol/OP3,unseen-compound,compound,perturbation=HYDROXYUREA,linear-PCA,linear-PCA,floor,0.16348439478231397,predictions/C5/C5_unseen_cpd__linear-PCA__C5_global_compound_holdout.npz
T5u,T5,C5,small-mol/OP3,unseen-compound,compound,perturbation=IN1451,linear-PCA,linear-PCA,floor,0.13451582947551072,predictions/C5/C5_unseen_cpd__linear-PCA__C5_global_compound_holdout.npz
T5u,T5,C5,small-mol/OP3,unseen-compound,compound,perturbation=LY2090314,linear-PCA,linear-PCA,floor,0.08486181103600948,predictions/C5/C5_unseen_cpd__linear-PCA__C5_global_compound_holdout.npz
T5u,T5,C5,small-mol/OP3,unseen-compound,compound,perturbation=Lapatinib,linear-PCA,linear-PCA,floor,0.11658757345995827,predictions/C5/C5_unseen_cpd__linear-PCA__C5_global_compound_holdout.npz
T5u,T5,C5,small-mol/OP3,unseen-compound,compound,perturbation=Masitinib,linear-PCA,linear-PCA,floor,0.19438398123947653,predictions/C5/C5_unseen_cpd__linear-PCA__C5_global_compound_holdout.npz
T5u,T5,C5,small-mol/OP3,unseen-compound,compound,perturbation=Mometasone Furoate,linear-PCA,linear-PCA,floor,0.3039781882110194,predictions/C5/C5_unseen_cpd__linear-PCA__C5_global_compound_holdout.npz
T5u,T5,C5,small-mol/OP3,unseen-compound,compound,perturbation=Navitoclax,linear-PCA,linear-PCA,floor,0.07680123623604655,predictions/C5/C5_unseen_cpd__linear-PCA__C5_global_compound_holdout.npz
T5u,T5,C5,small-mol/OP3,unseen-compound,compound,perturbation=PRT-062607,linear-PCA,linear-PCA,floor,0.27676612203646034,predictions/C5/C5_unseen_cpd__linear-PCA__C5_global_compound_holdout.npz
T5u,T5,C5,small-mol/OP3,unseen-compound,compound,perturbation=Perhexiline,linear-PCA,linear-PCA,floor,0.25922566724439483,predictions/C5/C5_unseen_cpd__linear-PCA__C5_global_compound_holdout.npz
T5u,T5,C5,small-mol/OP3,unseen-compound,compound,perturbation=Pitavastatin Calcium,linear-PCA,linear-PCA,floor,-0.003514823364133751,predictions/C5/C5_unseen_cpd__linear-PCA__C5_global_compound_holdout.npz
T5u,T5,C5,small-mol/OP3,unseen-compound,compound,perturbation=Proscillaridin A;Proscillaridin-A,linear-PCA,linear-PCA,floor,0.07244015961421148,predictions/C5/C5_unseen_cpd__linear-PCA__C5_global_compound_holdout.npz
T5u,T5,C5,small-mol/OP3,unseen-compound,compound,perturbation=Ricolinostat,linear-PCA,linear-PCA,floor,0.08395806527095967,predictions/C5/C5_unseen_cpd__linear-PCA__C5_global_compound_holdout.npz
T5u,T5,C5,small-mol/OP3,unseen-compound,compound,perturbation=SCH-58261,linear-PCA,linear-PCA,floor,0.13029819734947862,predictions/C5/C5_unseen_cpd__linear-PCA__C5_global_compound_holdout.npz
T5u,T5,C5,small-mol/OP3,unseen-compound,compound,perturbation=Selumetinib,linear-PCA,linear-PCA,floor,0.2177090542295857,predictions/C5/C5_unseen_cpd__linear-PCA__C5_global_compound_holdout.npz
T5u,T5,C5,small-mol/OP3,unseen-compound,compound,perturbation=TL_HRAS26,linear-PCA,linear-PCA,floor,0.1650002228739034,predictions/C5/C5_unseen_cpd__linear-PCA__C5_global_compound_holdout.npz
T5u,T5,C5,small-mol/OP3,unseen-compound,compound,perturbation=Tivozanib,linear-PCA,linear-PCA,floor,0.17001150748944452,predictions/C5/C5_unseen_cpd__linear-PCA__C5_global_compound_holdout.npz
T5u,T5,C5,small-mol/OP3,unseen-compound,compound,perturbation=Topotecan,linear-PCA,linear-PCA,floor,0.1321363107203096,predictions/C5/C5_unseen_cpd__linear-PCA__C5_global_compound_holdout.npz
T5u,T5,C5,small-mol/OP3,unseen-compound,compound,perturbation=Vorinostat,linear-PCA,linear-PCA,floor,-0.1823682908908282,predictions/C5/C5_unseen_cpd__linear-PCA__C5_global_compound_holdout.npz
T5u,T5,C5,small-mol/OP3,unseen-compound,compound,perturbation=YK 4-279,linear-PCA,linear-PCA,floor,0.11638305024051242,predictions/C5/C5_unseen_cpd__linear-PCA__C5_global_compound_holdout.npz
