task_key,unit,model,execution_status,program,n_strata,n_measured,measured_genes,program_corr,correlation_status,pearson_delta,obs_program_sd,pred_program_sd,identity_corr,identity_mae,target_level,observed_zero_fraction,bundle_path,observation_cache
T3,chen,AttentionPert,native,TCR_activation,30,9,CD69;EGR2;IL2RA;IRF4;NFKBIA;NR4A3;REL;TNFRSF4;TNFRSF9,-0.10651116907575355,estimable (descriptive),0.206300103117411,0.00441968411560779,0.002855697263140924,0.9999999999999998,0.0,rank score of observed mean expression,0.2209696261682243,predictions/C3/C3_LO_gene__AttentionPert__C3_true_lo_gene_10__chen.npz,results/_paper/program_observations/T3__chen.npz
T3,chen,AttentionPert,native,IL2_STAT5,30,9,BCL2;CISH;IL2;IL2RA;IL2RB;IL2RG;SOCS1;STAT5A;STAT5B,-0.13533291930893404,estimable (descriptive),0.206300103117411,0.0023610929556309957,0.0024298102913861822,1.0,0.0,rank score of observed mean expression,0.31007593457943927,predictions/C3/C3_LO_gene__AttentionPert__C3_true_lo_gene_10__chen.npz,results/_paper/program_observations/T3__chen.npz
T3,chen,AttentionPert,native,proliferation,30,8,BIRC5;CENPF;MKI67;PCNA;STMN1;TOP2A;TYMS;UBE2C,,constant observed rank-program score,0.206300103117411,0.0,0.0,,0.0,rank score of observed mean expression,0.8527745327102804,predictions/C3/C3_LO_gene__AttentionPert__C3_true_lo_gene_10__chen.npz,results/_paper/program_observations/T3__chen.npz
T3,chen,AttentionPert,native,effector_cytokine,30,4,CCL5;GZMB;NKG7;TNF,,constant observed rank-program score,0.206300103117411,0.0,0.0,,0.0,rank score of observed mean expression,0.6102219626168224,predictions/C3/C3_LO_gene__AttentionPert__C3_true_lo_gene_10__chen.npz,results/_paper/program_observations/T3__chen.npz
T3,chen,AttentionPert,native,Treg_exhaustion,30,6,CTLA4;FOXP3;IL2RA;LAG3;PDCD1;TNFRSF18,-0.06224344302649821,estimable (descriptive),0.206300103117411,0.014128598088650454,0.01114660995909729,1.0,0.0,rank score of observed mean expression,0.17333528037383178,predictions/C3/C3_LO_gene__AttentionPert__C3_true_lo_gene_10__chen.npz,results/_paper/program_observations/T3__chen.npz
T3,mccutcheon_CRISPRa,AttentionPert,native,TCR_activation,2,3,IL2RA;NFKBIA;NR4A1,,constant observed rank-program score,0.3201761200268088,0.0,0.0,,0.0,rank score of observed mean expression,0.99606962380685,predictions/C3/C3_LO_gene__AttentionPert__C3_true_lo_gene_10__mccutcheon_CRISPRa.npz,results/_paper/program_observations/T3__mccutcheon_CRISPRa.npz
T3,mccutcheon_CRISPRa,AttentionPert,native,IL2_STAT5,2,6,BCL2;CISH;IL2RA;IL2RB;IL2RG;SOCS1,,constant observed rank-program score,0.3201761200268088,0.0,0.0,,0.0,rank score of observed mean expression,0.9696799550814149,predictions/C3/C3_LO_gene__AttentionPert__C3_true_lo_gene_10__mccutcheon_CRISPRa.npz,results/_paper/program_observations/T3__mccutcheon_CRISPRa.npz
T3,mccutcheon_CRISPRa,AttentionPert,native,proliferation,2,11,BIRC5;CCNB1;CCNB2;CDK1;CENPF;MKI67;PCNA;STMN1;TOP2A;TYMS;UBE2C,,constant observed rank-program score,0.3201761200268088,0.0,0.0,,0.0,rank score of observed mean expression,0.5727119595732735,predictions/C3/C3_LO_gene__AttentionPert__C3_true_lo_gene_10__mccutcheon_CRISPRa.npz,results/_paper/program_observations/T3__mccutcheon_CRISPRa.npz
T3,mccutcheon_CRISPRa,AttentionPert,native,effector_cytokine,2,6,CCL5;GNLY;GZMA;GZMB;NKG7;PRF1,,constant observed rank-program score,0.3201761200268088,0.0,0.0,,0.0,rank score of observed mean expression,0.6193149915777653,predictions/C3/C3_LO_gene__AttentionPert__C3_true_lo_gene_10__mccutcheon_CRISPRa.npz,results/_paper/program_observations/T3__mccutcheon_CRISPRa.npz
T3,mccutcheon_CRISPRa,AttentionPert,native,Treg_exhaustion,2,5,ENTPD1;FOXP3;IL2RA;LAG3;TIGIT,,constant observed rank-program score,0.3201761200268088,0.0,0.0,,0.0,rank score of observed mean expression,0.9938236945536215,predictions/C3/C3_LO_gene__AttentionPert__C3_true_lo_gene_10__mccutcheon_CRISPRa.npz,results/_paper/program_observations/T3__mccutcheon_CRISPRa.npz
T3,mccutcheon_CRISPRi,AttentionPert,native,TCR_activation,2,3,IL2RA;NFKBIA;NR4A1,,constant observed rank-program score,0.1287371277773687,0.0,0.0,,0.0,rank score of observed mean expression,0.9966254218222722,predictions/C3/C3_LO_gene__AttentionPert__C3_true_lo_gene_10__mccutcheon_CRISPRi.npz,results/_paper/program_observations/T3__mccutcheon_CRISPRi.npz
T3,mccutcheon_CRISPRi,AttentionPert,native,IL2_STAT5,2,5,CISH;IL2RA;IL2RB;IL2RG;SOCS1,,constant observed rank-program score,0.1287371277773687,0.0,0.0,,0.0,rank score of observed mean expression,0.9820022497187851,predictions/C3/C3_LO_gene__AttentionPert__C3_true_lo_gene_10__mccutcheon_CRISPRi.npz,results/_paper/program_observations/T3__mccutcheon_CRISPRi.npz
T3,mccutcheon_CRISPRi,AttentionPert,native,proliferation,2,11,BIRC5;CCNB1;CCNB2;CDK1;CENPF;MKI67;PCNA;STMN1;TOP2A;TYMS;UBE2C,,constant observed rank-program score,0.1287371277773687,0.0,0.0,,0.0,rank score of observed mean expression,0.6051743532058492,predictions/C3/C3_LO_gene__AttentionPert__C3_true_lo_gene_10__mccutcheon_CRISPRi.npz,results/_paper/program_observations/T3__mccutcheon_CRISPRi.npz
T3,mccutcheon_CRISPRi,AttentionPert,native,effector_cytokine,2,6,CCL5;GNLY;GZMA;GZMB;NKG7;PRF1,,constant observed rank-program score,0.1287371277773687,0.0,0.0,,0.0,rank score of observed mean expression,0.6507311586051744,predictions/C3/C3_LO_gene__AttentionPert__C3_true_lo_gene_10__mccutcheon_CRISPRi.npz,results/_paper/program_observations/T3__mccutcheon_CRISPRi.npz
T3,mccutcheon_CRISPRi,AttentionPert,native,Treg_exhaustion,2,5,ENTPD1;FOXP3;IL2RA;LAG3;TIGIT,,constant observed rank-program score,0.1287371277773687,0.0,0.0,,0.0,rank score of observed mean expression,0.9983127109111362,predictions/C3/C3_LO_gene__AttentionPert__C3_true_lo_gene_10__mccutcheon_CRISPRi.npz,results/_paper/program_observations/T3__mccutcheon_CRISPRi.npz
T3,schmidt,AttentionPert,native,TCR_activation,7,6,CD28;IL2RA;IRF4;NFKBIA;TNFRSF4;TNFRSF9,,constant observed rank-program score,0.3761022574160742,0.0,0.0,,0.0,rank score of observed mean expression,0.7271745002701242,predictions/C3/C3_LO_gene__AttentionPert__C3_true_lo_gene_10__schmidt.npz,results/_paper/program_observations/T3__schmidt.npz
T3,schmidt,AttentionPert,native,IL2_STAT5,7,8,BCL2;CISH;IL2;IL2RA;IL2RB;IL2RG;SOCS1;STAT5B,,constant observed rank-program score,0.3761022574160742,0.0,0.0,,0.0,rank score of observed mean expression,0.6861156131820637,predictions/C3/C3_LO_gene__AttentionPert__C3_true_lo_gene_10__schmidt.npz,results/_paper/program_observations/T3__schmidt.npz
T3,schmidt,AttentionPert,native,proliferation,7,8,CCNB1;CDK1;CENPF;MKI67;PCNA;STMN1;TOP2A;TYMS,,constant observed rank-program score,0.3761022574160742,0.0,0.0,,0.0,rank score of observed mean expression,0.833063209076175,predictions/C3/C3_LO_gene__AttentionPert__C3_true_lo_gene_10__schmidt.npz,results/_paper/program_observations/T3__schmidt.npz
T3,schmidt,AttentionPert,native,effector_cytokine,7,8,CCL4;CCL5;GNLY;GZMA;GZMB;IFNG;NKG7;TBX21,,constant observed rank-program score,0.3761022574160742,0.0,0.0,,0.0,rank score of observed mean expression,0.5678011885467315,predictions/C3/C3_LO_gene__AttentionPert__C3_true_lo_gene_10__schmidt.npz,results/_paper/program_observations/T3__schmidt.npz
T3,schmidt,AttentionPert,native,Treg_exhaustion,7,3,HAVCR2;IL2RA;LAG3,,constant observed rank-program score,0.3761022574160742,0.0,0.0,,0.0,rank score of observed mean expression,0.7428417071853053,predictions/C3/C3_LO_gene__AttentionPert__C3_true_lo_gene_10__schmidt.npz,results/_paper/program_observations/T3__schmidt.npz
T3,shifrut,AttentionPert,native,TCR_activation,2,4,IL2RA;NFKBIA;REL;TNFRSF9,,constant observed rank-program score,0.1465515812250193,0.0,0.0,,0.0,rank score of observed mean expression,0.9330413016270338,predictions/C3/C3_LO_gene__AttentionPert__C3_true_lo_gene_10__shifrut.npz,results/_paper/program_observations/T3__shifrut.npz
T3,shifrut,AttentionPert,native,IL2_STAT5,2,4,IL2RA;IL2RG;MYC;SOCS1,,constant observed rank-program score,0.1465515812250193,0.0,0.0,,0.0,rank score of observed mean expression,0.7984981226533167,predictions/C3/C3_LO_gene__AttentionPert__C3_true_lo_gene_10__shifrut.npz,results/_paper/program_observations/T3__shifrut.npz
T3,shifrut,AttentionPert,native,proliferation,2,8,BIRC5;CENPF;MKI67;PCNA;STMN1;TOP2A;TYMS;UBE2C,,constant observed rank-program score,0.1465515812250193,0.0,0.0,,0.0,rank score of observed mean expression,0.727784730913642,predictions/C3/C3_LO_gene__AttentionPert__C3_true_lo_gene_10__shifrut.npz,results/_paper/program_observations/T3__shifrut.npz
T3,shifrut,AttentionPert,native,effector_cytokine,2,7,CCL4;CCL5;GNLY;GZMA;GZMB;NKG7;PRF1,,constant observed rank-program score,0.1465515812250193,0.0,0.0,,0.0,rank score of observed mean expression,0.3141426783479349,predictions/C3/C3_LO_gene__AttentionPert__C3_true_lo_gene_10__shifrut.npz,results/_paper/program_observations/T3__shifrut.npz
T3,shifrut,AttentionPert,native,Treg_exhaustion,2,5,ENTPD1;HAVCR2;IL2RA;LAG3;PDCD1,,constant observed rank-program score,0.1465515812250193,0.0,0.0,,0.0,rank score of observed mean expression,0.9374217772215269,predictions/C3/C3_LO_gene__AttentionPert__C3_true_lo_gene_10__shifrut.npz,results/_paper/program_observations/T3__shifrut.npz
T3,chen,Biolord,native,TCR_activation,30,9,CD69;EGR2;IL2RA;IRF4;NFKBIA;NR4A3;REL;TNFRSF4;TNFRSF9,0.13659040664458666,estimable (descriptive),0.3744598949447439,0.00441968411560779,0.0011361379000131822,0.9999999999999998,0.0,rank score of observed mean expression,0.2209696261682243,predictions/C3_LO_gene__Biolord__C3_true_lo_gene_10__chen.npz,results/_paper/program_observations/T3__chen.npz
T3,chen,Biolord,native,IL2_STAT5,30,9,BCL2;CISH;IL2;IL2RA;IL2RB;IL2RG;SOCS1;STAT5A;STAT5B,0.058693116204234494,estimable (descriptive),0.3744598949447439,0.0023610929556309957,0.00027715980642769943,1.0,0.0,rank score of observed mean expression,0.31007593457943927,predictions/C3_LO_gene__Biolord__C3_true_lo_gene_10__chen.npz,results/_paper/program_observations/T3__chen.npz
T3,chen,Biolord,native,proliferation,30,8,BIRC5;CENPF;MKI67;PCNA;STMN1;TOP2A;TYMS;UBE2C,,constant observed rank-program score,0.3744598949447439,0.0,0.0,,0.0,rank score of observed mean expression,0.8527745327102804,predictions/C3_LO_gene__Biolord__C3_true_lo_gene_10__chen.npz,results/_paper/program_observations/T3__chen.npz
T3,chen,Biolord,native,effector_cytokine,30,4,CCL5;GZMB;NKG7;TNF,,constant observed rank-program score,0.3744598949447439,0.0,0.0,,0.0,rank score of observed mean expression,0.6102219626168224,predictions/C3_LO_gene__Biolord__C3_true_lo_gene_10__chen.npz,results/_paper/program_observations/T3__chen.npz
T3,chen,Biolord,native,Treg_exhaustion,30,6,CTLA4;FOXP3;IL2RA;LAG3;PDCD1;TNFRSF18,-0.08009639362009745,estimable (descriptive),0.3744598949447439,0.014128598088650454,0.0023837153281027704,1.0,0.0,rank score of observed mean expression,0.17333528037383178,predictions/C3_LO_gene__Biolord__C3_true_lo_gene_10__chen.npz,results/_paper/program_observations/T3__chen.npz
T3,mccutcheon_CRISPRa,Biolord,native,TCR_activation,2,3,IL2RA;NFKBIA;NR4A1,,constant observed rank-program score,0.4590175763047919,0.0,0.0,,0.0,rank score of observed mean expression,0.99606962380685,predictions/C3_LO_gene__Biolord__C3_true_lo_gene_10__mccutcheon_CRISPRa.npz,results/_paper/program_observations/T3__mccutcheon_CRISPRa.npz
T3,mccutcheon_CRISPRa,Biolord,native,IL2_STAT5,2,6,BCL2;CISH;IL2RA;IL2RB;IL2RG;SOCS1,,constant observed rank-program score,0.4590175763047919,0.0,0.0,,0.0,rank score of observed mean expression,0.9696799550814149,predictions/C3_LO_gene__Biolord__C3_true_lo_gene_10__mccutcheon_CRISPRa.npz,results/_paper/program_observations/T3__mccutcheon_CRISPRa.npz
T3,mccutcheon_CRISPRa,Biolord,native,proliferation,2,11,BIRC5;CCNB1;CCNB2;CDK1;CENPF;MKI67;PCNA;STMN1;TOP2A;TYMS;UBE2C,,constant observed rank-program score,0.4590175763047919,0.0,0.0,,0.0,rank score of observed mean expression,0.5727119595732735,predictions/C3_LO_gene__Biolord__C3_true_lo_gene_10__mccutcheon_CRISPRa.npz,results/_paper/program_observations/T3__mccutcheon_CRISPRa.npz
T3,mccutcheon_CRISPRa,Biolord,native,effector_cytokine,2,6,CCL5;GNLY;GZMA;GZMB;NKG7;PRF1,,constant observed rank-program score,0.4590175763047919,0.0,0.0,,0.0,rank score of observed mean expression,0.6193149915777653,predictions/C3_LO_gene__Biolord__C3_true_lo_gene_10__mccutcheon_CRISPRa.npz,results/_paper/program_observations/T3__mccutcheon_CRISPRa.npz
T3,mccutcheon_CRISPRa,Biolord,native,Treg_exhaustion,2,5,ENTPD1;FOXP3;IL2RA;LAG3;TIGIT,,constant observed rank-program score,0.4590175763047919,0.0,0.0,,0.0,rank score of observed mean expression,0.9938236945536215,predictions/C3_LO_gene__Biolord__C3_true_lo_gene_10__mccutcheon_CRISPRa.npz,results/_paper/program_observations/T3__mccutcheon_CRISPRa.npz
T3,mccutcheon_CRISPRi,Biolord,native,TCR_activation,2,3,IL2RA;NFKBIA;NR4A1,,constant observed rank-program score,0.323951534404079,0.0,0.0,,0.0,rank score of observed mean expression,0.9966254218222722,predictions/C3_LO_gene__Biolord__C3_true_lo_gene_10__mccutcheon_CRISPRi.npz,results/_paper/program_observations/T3__mccutcheon_CRISPRi.npz
T3,mccutcheon_CRISPRi,Biolord,native,IL2_STAT5,2,5,CISH;IL2RA;IL2RB;IL2RG;SOCS1,,constant observed rank-program score,0.323951534404079,0.0,0.0,,0.0,rank score of observed mean expression,0.9820022497187851,predictions/C3_LO_gene__Biolord__C3_true_lo_gene_10__mccutcheon_CRISPRi.npz,results/_paper/program_observations/T3__mccutcheon_CRISPRi.npz
T3,mccutcheon_CRISPRi,Biolord,native,proliferation,2,11,BIRC5;CCNB1;CCNB2;CDK1;CENPF;MKI67;PCNA;STMN1;TOP2A;TYMS;UBE2C,,constant observed rank-program score,0.323951534404079,0.0,0.0,,0.0,rank score of observed mean expression,0.6051743532058492,predictions/C3_LO_gene__Biolord__C3_true_lo_gene_10__mccutcheon_CRISPRi.npz,results/_paper/program_observations/T3__mccutcheon_CRISPRi.npz
T3,mccutcheon_CRISPRi,Biolord,native,effector_cytokine,2,6,CCL5;GNLY;GZMA;GZMB;NKG7;PRF1,,constant observed rank-program score,0.323951534404079,0.0,0.0,,0.0,rank score of observed mean expression,0.6507311586051744,predictions/C3_LO_gene__Biolord__C3_true_lo_gene_10__mccutcheon_CRISPRi.npz,results/_paper/program_observations/T3__mccutcheon_CRISPRi.npz
T3,mccutcheon_CRISPRi,Biolord,native,Treg_exhaustion,2,5,ENTPD1;FOXP3;IL2RA;LAG3;TIGIT,,constant observed rank-program score,0.323951534404079,0.0,0.0,,0.0,rank score of observed mean expression,0.9983127109111362,predictions/C3_LO_gene__Biolord__C3_true_lo_gene_10__mccutcheon_CRISPRi.npz,results/_paper/program_observations/T3__mccutcheon_CRISPRi.npz
T3,schmidt,Biolord,native,TCR_activation,7,6,CD28;IL2RA;IRF4;NFKBIA;TNFRSF4;TNFRSF9,,constant observed rank-program score,0.5346045190858292,0.0,0.0,,0.0,rank score of observed mean expression,0.7271745002701242,predictions/C3_LO_gene__Biolord__C3_true_lo_gene_10__schmidt.npz,results/_paper/program_observations/T3__schmidt.npz
T3,schmidt,Biolord,native,IL2_STAT5,7,8,BCL2;CISH;IL2;IL2RA;IL2RB;IL2RG;SOCS1;STAT5B,,constant observed rank-program score,0.5346045190858292,0.0,0.0,,0.0,rank score of observed mean expression,0.6861156131820637,predictions/C3_LO_gene__Biolord__C3_true_lo_gene_10__schmidt.npz,results/_paper/program_observations/T3__schmidt.npz
T3,schmidt,Biolord,native,proliferation,7,8,CCNB1;CDK1;CENPF;MKI67;PCNA;STMN1;TOP2A;TYMS,,constant observed rank-program score,0.5346045190858292,0.0,0.0,,0.0,rank score of observed mean expression,0.833063209076175,predictions/C3_LO_gene__Biolord__C3_true_lo_gene_10__schmidt.npz,results/_paper/program_observations/T3__schmidt.npz
T3,schmidt,Biolord,native,effector_cytokine,7,8,CCL4;CCL5;GNLY;GZMA;GZMB;IFNG;NKG7;TBX21,,constant observed rank-program score,0.5346045190858292,0.0,0.0,,0.0,rank score of observed mean expression,0.5678011885467315,predictions/C3_LO_gene__Biolord__C3_true_lo_gene_10__schmidt.npz,results/_paper/program_observations/T3__schmidt.npz
T3,schmidt,Biolord,native,Treg_exhaustion,7,3,HAVCR2;IL2RA;LAG3,,constant observed rank-program score,0.5346045190858292,0.0,0.0,,0.0,rank score of observed mean expression,0.7428417071853053,predictions/C3_LO_gene__Biolord__C3_true_lo_gene_10__schmidt.npz,results/_paper/program_observations/T3__schmidt.npz
T3,shifrut,Biolord,native,TCR_activation,2,4,IL2RA;NFKBIA;REL;TNFRSF9,,constant observed rank-program score,0.3175479331844314,0.0,0.0,,0.0,rank score of observed mean expression,0.9330413016270338,predictions/C3_LO_gene__Biolord__C3_true_lo_gene_10__shifrut.npz,results/_paper/program_observations/T3__shifrut.npz
T3,shifrut,Biolord,native,IL2_STAT5,2,4,IL2RA;IL2RG;MYC;SOCS1,,constant observed rank-program score,0.3175479331844314,0.0,0.0,,0.0,rank score of observed mean expression,0.7984981226533167,predictions/C3_LO_gene__Biolord__C3_true_lo_gene_10__shifrut.npz,results/_paper/program_observations/T3__shifrut.npz
T3,shifrut,Biolord,native,proliferation,2,8,BIRC5;CENPF;MKI67;PCNA;STMN1;TOP2A;TYMS;UBE2C,,constant observed rank-program score,0.3175479331844314,0.0,0.0,,0.0,rank score of observed mean expression,0.727784730913642,predictions/C3_LO_gene__Biolord__C3_true_lo_gene_10__shifrut.npz,results/_paper/program_observations/T3__shifrut.npz
T3,shifrut,Biolord,native,effector_cytokine,2,7,CCL4;CCL5;GNLY;GZMA;GZMB;NKG7;PRF1,,constant observed rank-program score,0.3175479331844314,0.0,0.0007142857142857159,,0.0,rank score of observed mean expression,0.3141426783479349,predictions/C3_LO_gene__Biolord__C3_true_lo_gene_10__shifrut.npz,results/_paper/program_observations/T3__shifrut.npz
T3,shifrut,Biolord,native,Treg_exhaustion,2,5,ENTPD1;HAVCR2;IL2RA;LAG3;PDCD1,,constant observed rank-program score,0.3175479331844314,0.0,0.0,,0.0,rank score of observed mean expression,0.9374217772215269,predictions/C3_LO_gene__Biolord__C3_true_lo_gene_10__shifrut.npz,results/_paper/program_observations/T3__shifrut.npz
T3,chen,CellFlow,native,TCR_activation,30,9,CD69;EGR2;IL2RA;IRF4;NFKBIA;NR4A3;REL;TNFRSF4;TNFRSF9,-0.08238693239123353,estimable (descriptive),0.3410207521720667,0.00441968411560779,0.0012808604789474496,0.9999999999999998,0.0,rank score of observed mean expression,0.2209696261682243,predictions/v2_native/C3_LO_gene__CellFlow__C3_true_lo_gene_10__chen.npz,results/_paper/program_observations/T3__chen.npz
T3,chen,CellFlow,native,IL2_STAT5,30,9,BCL2;CISH;IL2;IL2RA;IL2RB;IL2RG;SOCS1;STAT5A;STAT5B,-0.21647263809276235,estimable (descriptive),0.3410207521720667,0.0023610929556309957,0.0005689737591013785,1.0,0.0,rank score of observed mean expression,0.31007593457943927,predictions/v2_native/C3_LO_gene__CellFlow__C3_true_lo_gene_10__chen.npz,results/_paper/program_observations/T3__chen.npz
T3,chen,CellFlow,native,proliferation,30,8,BIRC5;CENPF;MKI67;PCNA;STMN1;TOP2A;TYMS;UBE2C,,constant observed rank-program score,0.3410207521720667,0.0,0.0,,0.0,rank score of observed mean expression,0.8527745327102804,predictions/v2_native/C3_LO_gene__CellFlow__C3_true_lo_gene_10__chen.npz,results/_paper/program_observations/T3__chen.npz
T3,chen,CellFlow,native,effector_cytokine,30,4,CCL5;GZMB;NKG7;TNF,,constant observed rank-program score,0.3410207521720667,0.0,0.0,,0.0,rank score of observed mean expression,0.6102219626168224,predictions/v2_native/C3_LO_gene__CellFlow__C3_true_lo_gene_10__chen.npz,results/_paper/program_observations/T3__chen.npz
T3,chen,CellFlow,native,Treg_exhaustion,30,6,CTLA4;FOXP3;IL2RA;LAG3;PDCD1;TNFRSF18,0.012962886865992201,estimable (descriptive),0.3410207521720667,0.014128598088650454,0.006066758241067098,1.0,0.0,rank score of observed mean expression,0.17333528037383178,predictions/v2_native/C3_LO_gene__CellFlow__C3_true_lo_gene_10__chen.npz,results/_paper/program_observations/T3__chen.npz
T3,mccutcheon_CRISPRa,CellFlow,native,TCR_activation,2,3,IL2RA;NFKBIA;NR4A1,,constant observed rank-program score,0.1746128608742975,0.0,0.0,,0.0,rank score of observed mean expression,0.99606962380685,predictions/v2_native/C3_LO_gene__CellFlow__C3_true_lo_gene_10__mccutcheon_CRISPRa.npz,results/_paper/program_observations/T3__mccutcheon_CRISPRa.npz
T3,mccutcheon_CRISPRa,CellFlow,native,IL2_STAT5,2,6,BCL2;CISH;IL2RA;IL2RB;IL2RG;SOCS1,,constant observed rank-program score,0.1746128608742975,0.0,0.0,,0.0,rank score of observed mean expression,0.9696799550814149,predictions/v2_native/C3_LO_gene__CellFlow__C3_true_lo_gene_10__mccutcheon_CRISPRa.npz,results/_paper/program_observations/T3__mccutcheon_CRISPRa.npz
T3,mccutcheon_CRISPRa,CellFlow,native,proliferation,2,11,BIRC5;CCNB1;CCNB2;CDK1;CENPF;MKI67;PCNA;STMN1;TOP2A;TYMS;UBE2C,,constant observed rank-program score,0.1746128608742975,0.0,0.0,,0.0,rank score of observed mean expression,0.5727119595732735,predictions/v2_native/C3_LO_gene__CellFlow__C3_true_lo_gene_10__mccutcheon_CRISPRa.npz,results/_paper/program_observations/T3__mccutcheon_CRISPRa.npz
T3,mccutcheon_CRISPRa,CellFlow,native,effector_cytokine,2,6,CCL5;GNLY;GZMA;GZMB;NKG7;PRF1,,constant observed rank-program score,0.1746128608742975,0.0,0.0,,0.0,rank score of observed mean expression,0.6193149915777653,predictions/v2_native/C3_LO_gene__CellFlow__C3_true_lo_gene_10__mccutcheon_CRISPRa.npz,results/_paper/program_observations/T3__mccutcheon_CRISPRa.npz
T3,mccutcheon_CRISPRa,CellFlow,native,Treg_exhaustion,2,5,ENTPD1;FOXP3;IL2RA;LAG3;TIGIT,,constant observed rank-program score,0.1746128608742975,0.0,0.0,,0.0,rank score of observed mean expression,0.9938236945536215,predictions/v2_native/C3_LO_gene__CellFlow__C3_true_lo_gene_10__mccutcheon_CRISPRa.npz,results/_paper/program_observations/T3__mccutcheon_CRISPRa.npz
T3,mccutcheon_CRISPRi,CellFlow,native,TCR_activation,2,3,IL2RA;NFKBIA;NR4A1,,constant observed rank-program score,0.3041617165742362,0.0,0.0,,0.0,rank score of observed mean expression,0.9966254218222722,predictions/v2_native/C3_LO_gene__CellFlow__C3_true_lo_gene_10__mccutcheon_CRISPRi.npz,results/_paper/program_observations/T3__mccutcheon_CRISPRi.npz
T3,mccutcheon_CRISPRi,CellFlow,native,IL2_STAT5,2,5,CISH;IL2RA;IL2RB;IL2RG;SOCS1,,constant observed rank-program score,0.3041617165742362,0.0,0.0,,0.0,rank score of observed mean expression,0.9820022497187851,predictions/v2_native/C3_LO_gene__CellFlow__C3_true_lo_gene_10__mccutcheon_CRISPRi.npz,results/_paper/program_observations/T3__mccutcheon_CRISPRi.npz
T3,mccutcheon_CRISPRi,CellFlow,native,proliferation,2,11,BIRC5;CCNB1;CCNB2;CDK1;CENPF;MKI67;PCNA;STMN1;TOP2A;TYMS;UBE2C,,constant observed rank-program score,0.3041617165742362,0.0,0.0,,0.0,rank score of observed mean expression,0.6051743532058492,predictions/v2_native/C3_LO_gene__CellFlow__C3_true_lo_gene_10__mccutcheon_CRISPRi.npz,results/_paper/program_observations/T3__mccutcheon_CRISPRi.npz
T3,mccutcheon_CRISPRi,CellFlow,native,effector_cytokine,2,6,CCL5;GNLY;GZMA;GZMB;NKG7;PRF1,,constant observed rank-program score,0.3041617165742362,0.0,0.0,,0.0,rank score of observed mean expression,0.6507311586051744,predictions/v2_native/C3_LO_gene__CellFlow__C3_true_lo_gene_10__mccutcheon_CRISPRi.npz,results/_paper/program_observations/T3__mccutcheon_CRISPRi.npz
T3,mccutcheon_CRISPRi,CellFlow,native,Treg_exhaustion,2,5,ENTPD1;FOXP3;IL2RA;LAG3;TIGIT,,constant observed rank-program score,0.3041617165742362,0.0,0.0,,0.0,rank score of observed mean expression,0.9983127109111362,predictions/v2_native/C3_LO_gene__CellFlow__C3_true_lo_gene_10__mccutcheon_CRISPRi.npz,results/_paper/program_observations/T3__mccutcheon_CRISPRi.npz
T3,schmidt,CellFlow,native,TCR_activation,7,6,CD28;IL2RA;IRF4;NFKBIA;TNFRSF4;TNFRSF9,,constant observed rank-program score,0.4399262168726624,0.0,0.0,,0.0,rank score of observed mean expression,0.7271745002701242,predictions/v2_native/C3_LO_gene__CellFlow__C3_true_lo_gene_10__schmidt.npz,results/_paper/program_observations/T3__schmidt.npz
T3,schmidt,CellFlow,native,IL2_STAT5,7,8,BCL2;CISH;IL2;IL2RA;IL2RB;IL2RG;SOCS1;STAT5B,,constant observed rank-program score,0.4399262168726624,0.0,0.0,,0.0,rank score of observed mean expression,0.6861156131820637,predictions/v2_native/C3_LO_gene__CellFlow__C3_true_lo_gene_10__schmidt.npz,results/_paper/program_observations/T3__schmidt.npz
T3,schmidt,CellFlow,native,proliferation,7,8,CCNB1;CDK1;CENPF;MKI67;PCNA;STMN1;TOP2A;TYMS,,constant observed rank-program score,0.4399262168726624,0.0,0.0,,0.0,rank score of observed mean expression,0.833063209076175,predictions/v2_native/C3_LO_gene__CellFlow__C3_true_lo_gene_10__schmidt.npz,results/_paper/program_observations/T3__schmidt.npz
T3,schmidt,CellFlow,native,effector_cytokine,7,8,CCL4;CCL5;GNLY;GZMA;GZMB;IFNG;NKG7;TBX21,,constant observed rank-program score,0.4399262168726624,0.0,0.0,,0.0,rank score of observed mean expression,0.5678011885467315,predictions/v2_native/C3_LO_gene__CellFlow__C3_true_lo_gene_10__schmidt.npz,results/_paper/program_observations/T3__schmidt.npz
T3,schmidt,CellFlow,native,Treg_exhaustion,7,3,HAVCR2;IL2RA;LAG3,,constant observed rank-program score,0.4399262168726624,0.0,0.0,,0.0,rank score of observed mean expression,0.7428417071853053,predictions/v2_native/C3_LO_gene__CellFlow__C3_true_lo_gene_10__schmidt.npz,results/_paper/program_observations/T3__schmidt.npz
T3,shifrut,CellFlow,native,TCR_activation,2,4,IL2RA;NFKBIA;REL;TNFRSF9,,constant observed rank-program score,0.3759533467371301,0.0,0.0,,0.0,rank score of observed mean expression,0.9330413016270338,predictions/v2_native/C3_LO_gene__CellFlow__C3_true_lo_gene_10__shifrut.npz,results/_paper/program_observations/T3__shifrut.npz
T3,shifrut,CellFlow,native,IL2_STAT5,2,4,IL2RA;IL2RG;MYC;SOCS1,,constant observed rank-program score,0.3759533467371301,0.0,0.0,,0.0,rank score of observed mean expression,0.7984981226533167,predictions/v2_native/C3_LO_gene__CellFlow__C3_true_lo_gene_10__shifrut.npz,results/_paper/program_observations/T3__shifrut.npz
T3,shifrut,CellFlow,native,proliferation,2,8,BIRC5;CENPF;MKI67;PCNA;STMN1;TOP2A;TYMS;UBE2C,,constant observed rank-program score,0.3759533467371301,0.0,0.0,,0.0,rank score of observed mean expression,0.727784730913642,predictions/v2_native/C3_LO_gene__CellFlow__C3_true_lo_gene_10__shifrut.npz,results/_paper/program_observations/T3__shifrut.npz
T3,shifrut,CellFlow,native,effector_cytokine,2,7,CCL4;CCL5;GNLY;GZMA;GZMB;NKG7;PRF1,,constant observed rank-program score,0.3759533467371301,0.0,0.0,,0.0,rank score of observed mean expression,0.3141426783479349,predictions/v2_native/C3_LO_gene__CellFlow__C3_true_lo_gene_10__shifrut.npz,results/_paper/program_observations/T3__shifrut.npz
T3,shifrut,CellFlow,native,Treg_exhaustion,2,5,ENTPD1;HAVCR2;IL2RA;LAG3;PDCD1,,constant observed rank-program score,0.3759533467371301,0.0,0.0,,0.0,rank score of observed mean expression,0.9374217772215269,predictions/v2_native/C3_LO_gene__CellFlow__C3_true_lo_gene_10__shifrut.npz,results/_paper/program_observations/T3__shifrut.npz
T3,chen,GEARS,native,TCR_activation,30,9,CD69;EGR2;IL2RA;IRF4;NFKBIA;NR4A3;REL;TNFRSF4;TNFRSF9,0.37358026698340785,estimable (descriptive),0.1932091675665593,0.00441968411560779,0.004394940350661321,0.9999999999999998,0.0,rank score of observed mean expression,0.2209696261682243,predictions/C3/C3_LO_gene__GEARS__C3_true_lo_gene_10__chen.npz,results/_paper/program_observations/T3__chen.npz
T3,chen,GEARS,native,IL2_STAT5,30,9,BCL2;CISH;IL2;IL2RA;IL2RB;IL2RG;SOCS1;STAT5A;STAT5B,0.2865679875520709,estimable (descriptive),0.1932091675665593,0.0023610929556309957,0.003219453898088996,1.0,0.0,rank score of observed mean expression,0.31007593457943927,predictions/C3/C3_LO_gene__GEARS__C3_true_lo_gene_10__chen.npz,results/_paper/program_observations/T3__chen.npz
T3,chen,GEARS,native,proliferation,30,8,BIRC5;CENPF;MKI67;PCNA;STMN1;TOP2A;TYMS;UBE2C,,constant observed rank-program score,0.1932091675665593,0.0,0.0,,0.0,rank score of observed mean expression,0.8527745327102804,predictions/C3/C3_LO_gene__GEARS__C3_true_lo_gene_10__chen.npz,results/_paper/program_observations/T3__chen.npz
T3,chen,GEARS,native,effector_cytokine,30,4,CCL5;GZMB;NKG7;TNF,,constant observed rank-program score,0.1932091675665593,0.0,0.0,,0.0,rank score of observed mean expression,0.6102219626168224,predictions/C3/C3_LO_gene__GEARS__C3_true_lo_gene_10__chen.npz,results/_paper/program_observations/T3__chen.npz
T3,chen,GEARS,native,Treg_exhaustion,30,6,CTLA4;FOXP3;IL2RA;LAG3;PDCD1;TNFRSF18,0.1048905023749457,estimable (descriptive),0.1932091675665593,0.014128598088650454,0.011883695646650592,1.0,0.0,rank score of observed mean expression,0.17333528037383178,predictions/C3/C3_LO_gene__GEARS__C3_true_lo_gene_10__chen.npz,results/_paper/program_observations/T3__chen.npz
T3,mccutcheon_CRISPRa,GEARS,native,TCR_activation,2,3,IL2RA;NFKBIA;NR4A1,,constant observed rank-program score,0.3395100076042519,0.0,0.0,,0.0,rank score of observed mean expression,0.99606962380685,predictions/C3/C3_LO_gene__GEARS__C3_true_lo_gene_10__mccutcheon_CRISPRa.npz,results/_paper/program_observations/T3__mccutcheon_CRISPRa.npz
T3,mccutcheon_CRISPRa,GEARS,native,IL2_STAT5,2,6,BCL2;CISH;IL2RA;IL2RB;IL2RG;SOCS1,,constant observed rank-program score,0.3395100076042519,0.0,0.0,,0.0,rank score of observed mean expression,0.9696799550814149,predictions/C3/C3_LO_gene__GEARS__C3_true_lo_gene_10__mccutcheon_CRISPRa.npz,results/_paper/program_observations/T3__mccutcheon_CRISPRa.npz
T3,mccutcheon_CRISPRa,GEARS,native,proliferation,2,11,BIRC5;CCNB1;CCNB2;CDK1;CENPF;MKI67;PCNA;STMN1;TOP2A;TYMS;UBE2C,,constant observed rank-program score,0.3395100076042519,0.0,0.0,,0.0,rank score of observed mean expression,0.5727119595732735,predictions/C3/C3_LO_gene__GEARS__C3_true_lo_gene_10__mccutcheon_CRISPRa.npz,results/_paper/program_observations/T3__mccutcheon_CRISPRa.npz
T3,mccutcheon_CRISPRa,GEARS,native,effector_cytokine,2,6,CCL5;GNLY;GZMA;GZMB;NKG7;PRF1,,constant observed rank-program score,0.3395100076042519,0.0,0.0,,0.0,rank score of observed mean expression,0.6193149915777653,predictions/C3/C3_LO_gene__GEARS__C3_true_lo_gene_10__mccutcheon_CRISPRa.npz,results/_paper/program_observations/T3__mccutcheon_CRISPRa.npz
T3,mccutcheon_CRISPRa,GEARS,native,Treg_exhaustion,2,5,ENTPD1;FOXP3;IL2RA;LAG3;TIGIT,,constant observed rank-program score,0.3395100076042519,0.0,0.0,,0.0,rank score of observed mean expression,0.9938236945536215,predictions/C3/C3_LO_gene__GEARS__C3_true_lo_gene_10__mccutcheon_CRISPRa.npz,results/_paper/program_observations/T3__mccutcheon_CRISPRa.npz
T3,mccutcheon_CRISPRi,GEARS,native,TCR_activation,2,3,IL2RA;NFKBIA;NR4A1,,constant observed rank-program score,0.0067843690973274,0.0,0.0,,0.0,rank score of observed mean expression,0.9966254218222722,predictions/C3/C3_LO_gene__GEARS__C3_true_lo_gene_10__mccutcheon_CRISPRi.npz,results/_paper/program_observations/T3__mccutcheon_CRISPRi.npz
T3,mccutcheon_CRISPRi,GEARS,native,IL2_STAT5,2,5,CISH;IL2RA;IL2RB;IL2RG;SOCS1,,constant observed rank-program score,0.0067843690973274,0.0,0.0,,0.0,rank score of observed mean expression,0.9820022497187851,predictions/C3/C3_LO_gene__GEARS__C3_true_lo_gene_10__mccutcheon_CRISPRi.npz,results/_paper/program_observations/T3__mccutcheon_CRISPRi.npz
T3,mccutcheon_CRISPRi,GEARS,native,proliferation,2,11,BIRC5;CCNB1;CCNB2;CDK1;CENPF;MKI67;PCNA;STMN1;TOP2A;TYMS;UBE2C,,constant observed rank-program score,0.0067843690973274,0.0,0.0,,0.0,rank score of observed mean expression,0.6051743532058492,predictions/C3/C3_LO_gene__GEARS__C3_true_lo_gene_10__mccutcheon_CRISPRi.npz,results/_paper/program_observations/T3__mccutcheon_CRISPRi.npz
T3,mccutcheon_CRISPRi,GEARS,native,effector_cytokine,2,6,CCL5;GNLY;GZMA;GZMB;NKG7;PRF1,,constant observed rank-program score,0.0067843690973274,0.0,0.0,,0.0,rank score of observed mean expression,0.6507311586051744,predictions/C3/C3_LO_gene__GEARS__C3_true_lo_gene_10__mccutcheon_CRISPRi.npz,results/_paper/program_observations/T3__mccutcheon_CRISPRi.npz
T3,mccutcheon_CRISPRi,GEARS,native,Treg_exhaustion,2,5,ENTPD1;FOXP3;IL2RA;LAG3;TIGIT,,constant observed rank-program score,0.0067843690973274,0.0,0.0,,0.0,rank score of observed mean expression,0.9983127109111362,predictions/C3/C3_LO_gene__GEARS__C3_true_lo_gene_10__mccutcheon_CRISPRi.npz,results/_paper/program_observations/T3__mccutcheon_CRISPRi.npz
T3,schmidt,GEARS,native,TCR_activation,7,6,CD28;IL2RA;IRF4;NFKBIA;TNFRSF4;TNFRSF9,,constant observed rank-program score,0.3503342372702421,0.0,0.0,,0.0,rank score of observed mean expression,0.7271745002701242,predictions/C3/C3_LO_gene__GEARS__C3_true_lo_gene_10__schmidt.npz,results/_paper/program_observations/T3__schmidt.npz
T3,schmidt,GEARS,native,IL2_STAT5,7,8,BCL2;CISH;IL2;IL2RA;IL2RB;IL2RG;SOCS1;STAT5B,,constant observed rank-program score,0.3503342372702421,0.0,0.0,,0.0,rank score of observed mean expression,0.6861156131820637,predictions/C3/C3_LO_gene__GEARS__C3_true_lo_gene_10__schmidt.npz,results/_paper/program_observations/T3__schmidt.npz
T3,schmidt,GEARS,native,proliferation,7,8,CCNB1;CDK1;CENPF;MKI67;PCNA;STMN1;TOP2A;TYMS,,constant observed rank-program score,0.3503342372702421,0.0,0.0,,0.0,rank score of observed mean expression,0.833063209076175,predictions/C3/C3_LO_gene__GEARS__C3_true_lo_gene_10__schmidt.npz,results/_paper/program_observations/T3__schmidt.npz
T3,schmidt,GEARS,native,effector_cytokine,7,8,CCL4;CCL5;GNLY;GZMA;GZMB;IFNG;NKG7;TBX21,,constant observed rank-program score,0.3503342372702421,0.0,0.0,,0.0,rank score of observed mean expression,0.5678011885467315,predictions/C3/C3_LO_gene__GEARS__C3_true_lo_gene_10__schmidt.npz,results/_paper/program_observations/T3__schmidt.npz
T3,schmidt,GEARS,native,Treg_exhaustion,7,3,HAVCR2;IL2RA;LAG3,,constant observed rank-program score,0.3503342372702421,0.0,0.0,,0.0,rank score of observed mean expression,0.7428417071853053,predictions/C3/C3_LO_gene__GEARS__C3_true_lo_gene_10__schmidt.npz,results/_paper/program_observations/T3__schmidt.npz
T3,shifrut,GEARS,native,TCR_activation,2,4,IL2RA;NFKBIA;REL;TNFRSF9,,constant observed rank-program score,0.1745993705098823,0.0,0.0,,0.0,rank score of observed mean expression,0.9330413016270338,predictions/C3/C3_LO_gene__GEARS__C3_true_lo_gene_10__shifrut.npz,results/_paper/program_observations/T3__shifrut.npz
T3,shifrut,GEARS,native,IL2_STAT5,2,4,IL2RA;IL2RG;MYC;SOCS1,,constant observed rank-program score,0.1745993705098823,0.0,0.0,,0.0,rank score of observed mean expression,0.7984981226533167,predictions/C3/C3_LO_gene__GEARS__C3_true_lo_gene_10__shifrut.npz,results/_paper/program_observations/T3__shifrut.npz
T3,shifrut,GEARS,native,proliferation,2,8,BIRC5;CENPF;MKI67;PCNA;STMN1;TOP2A;TYMS;UBE2C,,constant observed rank-program score,0.1745993705098823,0.0,0.0,,0.0,rank score of observed mean expression,0.727784730913642,predictions/C3/C3_LO_gene__GEARS__C3_true_lo_gene_10__shifrut.npz,results/_paper/program_observations/T3__shifrut.npz
T3,shifrut,GEARS,native,effector_cytokine,2,7,CCL4;CCL5;GNLY;GZMA;GZMB;NKG7;PRF1,,constant observed rank-program score,0.1745993705098823,0.0,0.0,,0.0,rank score of observed mean expression,0.3141426783479349,predictions/C3/C3_LO_gene__GEARS__C3_true_lo_gene_10__shifrut.npz,results/_paper/program_observations/T3__shifrut.npz
T3,shifrut,GEARS,native,Treg_exhaustion,2,5,ENTPD1;HAVCR2;IL2RA;LAG3;PDCD1,,constant observed rank-program score,0.1745993705098823,0.0,0.0,,0.0,rank score of observed mean expression,0.9374217772215269,predictions/C3/C3_LO_gene__GEARS__C3_true_lo_gene_10__shifrut.npz,results/_paper/program_observations/T3__shifrut.npz
T3,chen,PertAdapt,native,TCR_activation,30,9,CD69;EGR2;IL2RA;IRF4;NFKBIA;NR4A3;REL;TNFRSF4;TNFRSF9,-0.1118717858687682,estimable (descriptive),0.1689429441965289,0.00441968411560779,0.004993823345387609,0.9999999999999998,0.0,rank score of observed mean expression,0.2209696261682243,predictions/v2_native/C3_LO_gene__PertAdapt__C3_true_lo_gene_10__chen.npz,results/_paper/program_observations/T3__chen.npz
T3,chen,PertAdapt,native,IL2_STAT5,30,9,BCL2;CISH;IL2;IL2RA;IL2RB;IL2RG;SOCS1;STAT5A;STAT5B,-0.2727545994065852,estimable (descriptive),0.1689429441965289,0.0023610929556309957,0.004741464065189306,1.0,0.0,rank score of observed mean expression,0.31007593457943927,predictions/v2_native/C3_LO_gene__PertAdapt__C3_true_lo_gene_10__chen.npz,results/_paper/program_observations/T3__chen.npz
T3,chen,PertAdapt,native,proliferation,30,8,BIRC5;CENPF;MKI67;PCNA;STMN1;TOP2A;TYMS;UBE2C,,constant observed rank-program score,0.1689429441965289,0.0,0.0,,0.0,rank score of observed mean expression,0.8527745327102804,predictions/v2_native/C3_LO_gene__PertAdapt__C3_true_lo_gene_10__chen.npz,results/_paper/program_observations/T3__chen.npz
T3,chen,PertAdapt,native,effector_cytokine,30,4,CCL5;GZMB;NKG7;TNF,,constant observed rank-program score,0.1689429441965289,0.0,0.0,,0.0,rank score of observed mean expression,0.6102219626168224,predictions/v2_native/C3_LO_gene__PertAdapt__C3_true_lo_gene_10__chen.npz,results/_paper/program_observations/T3__chen.npz
T3,chen,PertAdapt,native,Treg_exhaustion,30,6,CTLA4;FOXP3;IL2RA;LAG3;PDCD1;TNFRSF18,0.0358591313542642,estimable (descriptive),0.1689429441965289,0.014128598088650454,0.011257919023546968,1.0,0.0,rank score of observed mean expression,0.17333528037383178,predictions/v2_native/C3_LO_gene__PertAdapt__C3_true_lo_gene_10__chen.npz,results/_paper/program_observations/T3__chen.npz
T3,mccutcheon_CRISPRa,PertAdapt,native,TCR_activation,2,3,IL2RA;NFKBIA;NR4A1,,constant observed rank-program score,0.398881531347824,0.0,0.0,,0.0,rank score of observed mean expression,0.99606962380685,predictions/v2_native/C3_LO_gene__PertAdapt__C3_true_lo_gene_10__mccutcheon_CRISPRa.npz,results/_paper/program_observations/T3__mccutcheon_CRISPRa.npz
T3,mccutcheon_CRISPRa,PertAdapt,native,IL2_STAT5,2,6,BCL2;CISH;IL2RA;IL2RB;IL2RG;SOCS1,,constant observed rank-program score,0.398881531347824,0.0,0.0,,0.0,rank score of observed mean expression,0.9696799550814149,predictions/v2_native/C3_LO_gene__PertAdapt__C3_true_lo_gene_10__mccutcheon_CRISPRa.npz,results/_paper/program_observations/T3__mccutcheon_CRISPRa.npz
T3,mccutcheon_CRISPRa,PertAdapt,native,proliferation,2,11,BIRC5;CCNB1;CCNB2;CDK1;CENPF;MKI67;PCNA;STMN1;TOP2A;TYMS;UBE2C,,constant observed rank-program score,0.398881531347824,0.0,0.0,,0.0,rank score of observed mean expression,0.5727119595732735,predictions/v2_native/C3_LO_gene__PertAdapt__C3_true_lo_gene_10__mccutcheon_CRISPRa.npz,results/_paper/program_observations/T3__mccutcheon_CRISPRa.npz
T3,mccutcheon_CRISPRa,PertAdapt,native,effector_cytokine,2,6,CCL5;GNLY;GZMA;GZMB;NKG7;PRF1,,constant observed rank-program score,0.398881531347824,0.0,0.0,,0.0,rank score of observed mean expression,0.6193149915777653,predictions/v2_native/C3_LO_gene__PertAdapt__C3_true_lo_gene_10__mccutcheon_CRISPRa.npz,results/_paper/program_observations/T3__mccutcheon_CRISPRa.npz
T3,mccutcheon_CRISPRa,PertAdapt,native,Treg_exhaustion,2,5,ENTPD1;FOXP3;IL2RA;LAG3;TIGIT,,constant observed rank-program score,0.398881531347824,0.0,0.0,,0.0,rank score of observed mean expression,0.9938236945536215,predictions/v2_native/C3_LO_gene__PertAdapt__C3_true_lo_gene_10__mccutcheon_CRISPRa.npz,results/_paper/program_observations/T3__mccutcheon_CRISPRa.npz
T3,mccutcheon_CRISPRi,PertAdapt,native,TCR_activation,2,3,IL2RA;NFKBIA;NR4A1,,constant observed rank-program score,0.2335159844345828,0.0,0.0,,0.0,rank score of observed mean expression,0.9966254218222722,predictions/v2_native/C3_LO_gene__PertAdapt__C3_true_lo_gene_10__mccutcheon_CRISPRi.npz,results/_paper/program_observations/T3__mccutcheon_CRISPRi.npz
T3,mccutcheon_CRISPRi,PertAdapt,native,IL2_STAT5,2,5,CISH;IL2RA;IL2RB;IL2RG;SOCS1,,constant observed rank-program score,0.2335159844345828,0.0,0.0,,0.0,rank score of observed mean expression,0.9820022497187851,predictions/v2_native/C3_LO_gene__PertAdapt__C3_true_lo_gene_10__mccutcheon_CRISPRi.npz,results/_paper/program_observations/T3__mccutcheon_CRISPRi.npz
T3,mccutcheon_CRISPRi,PertAdapt,native,proliferation,2,11,BIRC5;CCNB1;CCNB2;CDK1;CENPF;MKI67;PCNA;STMN1;TOP2A;TYMS;UBE2C,,constant observed rank-program score,0.2335159844345828,0.0,0.0,,0.0,rank score of observed mean expression,0.6051743532058492,predictions/v2_native/C3_LO_gene__PertAdapt__C3_true_lo_gene_10__mccutcheon_CRISPRi.npz,results/_paper/program_observations/T3__mccutcheon_CRISPRi.npz
T3,mccutcheon_CRISPRi,PertAdapt,native,effector_cytokine,2,6,CCL5;GNLY;GZMA;GZMB;NKG7;PRF1,,constant observed rank-program score,0.2335159844345828,0.0,0.0,,0.0,rank score of observed mean expression,0.6507311586051744,predictions/v2_native/C3_LO_gene__PertAdapt__C3_true_lo_gene_10__mccutcheon_CRISPRi.npz,results/_paper/program_observations/T3__mccutcheon_CRISPRi.npz
T3,mccutcheon_CRISPRi,PertAdapt,native,Treg_exhaustion,2,5,ENTPD1;FOXP3;IL2RA;LAG3;TIGIT,,constant observed rank-program score,0.2335159844345828,0.0,0.0,,0.0,rank score of observed mean expression,0.9983127109111362,predictions/v2_native/C3_LO_gene__PertAdapt__C3_true_lo_gene_10__mccutcheon_CRISPRi.npz,results/_paper/program_observations/T3__mccutcheon_CRISPRi.npz
T3,schmidt,PertAdapt,native,TCR_activation,7,6,CD28;IL2RA;IRF4;NFKBIA;TNFRSF4;TNFRSF9,,constant observed rank-program score,0.2707313760625104,0.0,0.0,,0.0,rank score of observed mean expression,0.7271745002701242,predictions/v2_native/C3_LO_gene__PertAdapt__C3_true_lo_gene_10__schmidt.npz,results/_paper/program_observations/T3__schmidt.npz
T3,schmidt,PertAdapt,native,IL2_STAT5,7,8,BCL2;CISH;IL2;IL2RA;IL2RB;IL2RG;SOCS1;STAT5B,,constant observed rank-program score,0.2707313760625104,0.0,0.010082567295352217,,0.0,rank score of observed mean expression,0.6861156131820637,predictions/v2_native/C3_LO_gene__PertAdapt__C3_true_lo_gene_10__schmidt.npz,results/_paper/program_observations/T3__schmidt.npz
T3,schmidt,PertAdapt,native,proliferation,7,8,CCNB1;CDK1;CENPF;MKI67;PCNA;STMN1;TOP2A;TYMS,,constant observed rank-program score,0.2707313760625104,0.0,0.0,,0.0,rank score of observed mean expression,0.833063209076175,predictions/v2_native/C3_LO_gene__PertAdapt__C3_true_lo_gene_10__schmidt.npz,results/_paper/program_observations/T3__schmidt.npz
T3,schmidt,PertAdapt,native,effector_cytokine,7,8,CCL4;CCL5;GNLY;GZMA;GZMB;IFNG;NKG7;TBX21,,constant observed rank-program score,0.2707313760625104,0.0,0.0,,0.0,rank score of observed mean expression,0.5678011885467315,predictions/v2_native/C3_LO_gene__PertAdapt__C3_true_lo_gene_10__schmidt.npz,results/_paper/program_observations/T3__schmidt.npz
T3,schmidt,PertAdapt,native,Treg_exhaustion,7,3,HAVCR2;IL2RA;LAG3,,constant observed rank-program score,0.2707313760625104,0.0,0.0,,0.0,rank score of observed mean expression,0.7428417071853053,predictions/v2_native/C3_LO_gene__PertAdapt__C3_true_lo_gene_10__schmidt.npz,results/_paper/program_observations/T3__schmidt.npz
T3,shifrut,PertAdapt,native,TCR_activation,2,4,IL2RA;NFKBIA;REL;TNFRSF9,,constant observed rank-program score,0.128580407263555,0.0,0.0,,0.0,rank score of observed mean expression,0.9330413016270338,predictions/v2_native/C3_LO_gene__PertAdapt__C3_true_lo_gene_10__shifrut.npz,results/_paper/program_observations/T3__shifrut.npz
T3,shifrut,PertAdapt,native,IL2_STAT5,2,4,IL2RA;IL2RG;MYC;SOCS1,,constant observed rank-program score,0.128580407263555,0.0,0.0,,0.0,rank score of observed mean expression,0.7984981226533167,predictions/v2_native/C3_LO_gene__PertAdapt__C3_true_lo_gene_10__shifrut.npz,results/_paper/program_observations/T3__shifrut.npz
T3,shifrut,PertAdapt,native,proliferation,2,8,BIRC5;CENPF;MKI67;PCNA;STMN1;TOP2A;TYMS;UBE2C,,constant observed rank-program score,0.128580407263555,0.0,0.0,,0.0,rank score of observed mean expression,0.727784730913642,predictions/v2_native/C3_LO_gene__PertAdapt__C3_true_lo_gene_10__shifrut.npz,results/_paper/program_observations/T3__shifrut.npz
T3,shifrut,PertAdapt,native,effector_cytokine,2,7,CCL4;CCL5;GNLY;GZMA;GZMB;NKG7;PRF1,,constant observed rank-program score,0.128580407263555,0.0,0.0,,0.0,rank score of observed mean expression,0.3141426783479349,predictions/v2_native/C3_LO_gene__PertAdapt__C3_true_lo_gene_10__shifrut.npz,results/_paper/program_observations/T3__shifrut.npz
T3,shifrut,PertAdapt,native,Treg_exhaustion,2,5,ENTPD1;HAVCR2;IL2RA;LAG3;PDCD1,,constant observed rank-program score,0.128580407263555,0.0,0.0,,0.0,rank score of observed mean expression,0.9374217772215269,predictions/v2_native/C3_LO_gene__PertAdapt__C3_true_lo_gene_10__shifrut.npz,results/_paper/program_observations/T3__shifrut.npz
T3,chen,PerturbNet,native,TCR_activation,30,9,CD69;EGR2;IL2RA;IRF4;NFKBIA;NR4A3;REL;TNFRSF4;TNFRSF9,0.038664018363526016,estimable (descriptive),0.3214094770722494,0.00441968411560779,0.002006846990243563,0.9999999999999998,0.0,rank score of observed mean expression,0.2209696261682243,predictions/v2_native/C3_LO_gene__PerturbNet__C3_true_lo_gene_10__chen.npz,results/_paper/program_observations/T3__chen.npz
T3,chen,PerturbNet,native,IL2_STAT5,30,9,BCL2;CISH;IL2;IL2RA;IL2RB;IL2RG;SOCS1;STAT5A;STAT5B,-0.021989597347459387,estimable (descriptive),0.3214094770722494,0.0023610929556309957,0.0006869347033700524,1.0,0.0,rank score of observed mean expression,0.31007593457943927,predictions/v2_native/C3_LO_gene__PerturbNet__C3_true_lo_gene_10__chen.npz,results/_paper/program_observations/T3__chen.npz
T3,chen,PerturbNet,native,proliferation,30,8,BIRC5;CENPF;MKI67;PCNA;STMN1;TOP2A;TYMS;UBE2C,,constant observed rank-program score,0.3214094770722494,0.0,0.0,,0.0,rank score of observed mean expression,0.8527745327102804,predictions/v2_native/C3_LO_gene__PerturbNet__C3_true_lo_gene_10__chen.npz,results/_paper/program_observations/T3__chen.npz
T3,chen,PerturbNet,native,effector_cytokine,30,4,CCL5;GZMB;NKG7;TNF,,constant observed rank-program score,0.3214094770722494,0.0,0.0,,0.0,rank score of observed mean expression,0.6102219626168224,predictions/v2_native/C3_LO_gene__PerturbNet__C3_true_lo_gene_10__chen.npz,results/_paper/program_observations/T3__chen.npz
T3,chen,PerturbNet,native,Treg_exhaustion,30,6,CTLA4;FOXP3;IL2RA;LAG3;PDCD1;TNFRSF18,0.004518807877296193,estimable (descriptive),0.3214094770722494,0.014128598088650454,0.00899176578052675,1.0,0.0,rank score of observed mean expression,0.17333528037383178,predictions/v2_native/C3_LO_gene__PerturbNet__C3_true_lo_gene_10__chen.npz,results/_paper/program_observations/T3__chen.npz
T3,mccutcheon_CRISPRa,PerturbNet,native,TCR_activation,2,3,IL2RA;NFKBIA;NR4A1,,constant observed rank-program score,0.4308603019538005,0.0,0.0,,0.0,rank score of observed mean expression,0.99606962380685,predictions/v2_native/C3_LO_gene__PerturbNet__C3_true_lo_gene_10__mccutcheon_CRISPRa.npz,results/_paper/program_observations/T3__mccutcheon_CRISPRa.npz
T3,mccutcheon_CRISPRa,PerturbNet,native,IL2_STAT5,2,6,BCL2;CISH;IL2RA;IL2RB;IL2RG;SOCS1,,constant observed rank-program score,0.4308603019538005,0.0,0.0,,0.0,rank score of observed mean expression,0.9696799550814149,predictions/v2_native/C3_LO_gene__PerturbNet__C3_true_lo_gene_10__mccutcheon_CRISPRa.npz,results/_paper/program_observations/T3__mccutcheon_CRISPRa.npz
T3,mccutcheon_CRISPRa,PerturbNet,native,proliferation,2,11,BIRC5;CCNB1;CCNB2;CDK1;CENPF;MKI67;PCNA;STMN1;TOP2A;TYMS;UBE2C,,constant observed rank-program score,0.4308603019538005,0.0,0.0,,0.0,rank score of observed mean expression,0.5727119595732735,predictions/v2_native/C3_LO_gene__PerturbNet__C3_true_lo_gene_10__mccutcheon_CRISPRa.npz,results/_paper/program_observations/T3__mccutcheon_CRISPRa.npz
T3,mccutcheon_CRISPRa,PerturbNet,native,effector_cytokine,2,6,CCL5;GNLY;GZMA;GZMB;NKG7;PRF1,,constant observed rank-program score,0.4308603019538005,0.0,0.0,,0.0,rank score of observed mean expression,0.6193149915777653,predictions/v2_native/C3_LO_gene__PerturbNet__C3_true_lo_gene_10__mccutcheon_CRISPRa.npz,results/_paper/program_observations/T3__mccutcheon_CRISPRa.npz
T3,mccutcheon_CRISPRa,PerturbNet,native,Treg_exhaustion,2,5,ENTPD1;FOXP3;IL2RA;LAG3;TIGIT,,constant observed rank-program score,0.4308603019538005,0.0,0.0,,0.0,rank score of observed mean expression,0.9938236945536215,predictions/v2_native/C3_LO_gene__PerturbNet__C3_true_lo_gene_10__mccutcheon_CRISPRa.npz,results/_paper/program_observations/T3__mccutcheon_CRISPRa.npz
T3,mccutcheon_CRISPRi,PerturbNet,native,TCR_activation,2,3,IL2RA;NFKBIA;NR4A1,,constant observed rank-program score,0.2879626377139674,0.0,0.0,,0.0,rank score of observed mean expression,0.9966254218222722,predictions/v2_native/C3_LO_gene__PerturbNet__C3_true_lo_gene_10__mccutcheon_CRISPRi.npz,results/_paper/program_observations/T3__mccutcheon_CRISPRi.npz
T3,mccutcheon_CRISPRi,PerturbNet,native,IL2_STAT5,2,5,CISH;IL2RA;IL2RB;IL2RG;SOCS1,,constant observed rank-program score,0.2879626377139674,0.0,0.0,,0.0,rank score of observed mean expression,0.9820022497187851,predictions/v2_native/C3_LO_gene__PerturbNet__C3_true_lo_gene_10__mccutcheon_CRISPRi.npz,results/_paper/program_observations/T3__mccutcheon_CRISPRi.npz
T3,mccutcheon_CRISPRi,PerturbNet,native,proliferation,2,11,BIRC5;CCNB1;CCNB2;CDK1;CENPF;MKI67;PCNA;STMN1;TOP2A;TYMS;UBE2C,,constant observed rank-program score,0.2879626377139674,0.0,0.0,,0.0,rank score of observed mean expression,0.6051743532058492,predictions/v2_native/C3_LO_gene__PerturbNet__C3_true_lo_gene_10__mccutcheon_CRISPRi.npz,results/_paper/program_observations/T3__mccutcheon_CRISPRi.npz
T3,mccutcheon_CRISPRi,PerturbNet,native,effector_cytokine,2,6,CCL5;GNLY;GZMA;GZMB;NKG7;PRF1,,constant observed rank-program score,0.2879626377139674,0.0,0.0,,0.0,rank score of observed mean expression,0.6507311586051744,predictions/v2_native/C3_LO_gene__PerturbNet__C3_true_lo_gene_10__mccutcheon_CRISPRi.npz,results/_paper/program_observations/T3__mccutcheon_CRISPRi.npz
T3,mccutcheon_CRISPRi,PerturbNet,native,Treg_exhaustion,2,5,ENTPD1;FOXP3;IL2RA;LAG3;TIGIT,,constant observed rank-program score,0.2879626377139674,0.0,0.0,,0.0,rank score of observed mean expression,0.9983127109111362,predictions/v2_native/C3_LO_gene__PerturbNet__C3_true_lo_gene_10__mccutcheon_CRISPRi.npz,results/_paper/program_observations/T3__mccutcheon_CRISPRi.npz
T3,schmidt,PerturbNet,native,TCR_activation,7,6,CD28;IL2RA;IRF4;NFKBIA;TNFRSF4;TNFRSF9,,constant observed rank-program score,0.497406711118343,0.0,0.0,,0.0,rank score of observed mean expression,0.7271745002701242,predictions/v2_native/C3_LO_gene__PerturbNet__C3_true_lo_gene_10__schmidt.npz,results/_paper/program_observations/T3__schmidt.npz
T3,schmidt,PerturbNet,native,IL2_STAT5,7,8,BCL2;CISH;IL2;IL2RA;IL2RB;IL2RG;SOCS1;STAT5B,,constant observed rank-program score,0.497406711118343,0.0,0.0,,0.0,rank score of observed mean expression,0.6861156131820637,predictions/v2_native/C3_LO_gene__PerturbNet__C3_true_lo_gene_10__schmidt.npz,results/_paper/program_observations/T3__schmidt.npz
T3,schmidt,PerturbNet,native,proliferation,7,8,CCNB1;CDK1;CENPF;MKI67;PCNA;STMN1;TOP2A;TYMS,,constant observed rank-program score,0.497406711118343,0.0,0.0,,0.0,rank score of observed mean expression,0.833063209076175,predictions/v2_native/C3_LO_gene__PerturbNet__C3_true_lo_gene_10__schmidt.npz,results/_paper/program_observations/T3__schmidt.npz
T3,schmidt,PerturbNet,native,effector_cytokine,7,8,CCL4;CCL5;GNLY;GZMA;GZMB;IFNG;NKG7;TBX21,,constant observed rank-program score,0.497406711118343,0.0,0.0,,0.0,rank score of observed mean expression,0.5678011885467315,predictions/v2_native/C3_LO_gene__PerturbNet__C3_true_lo_gene_10__schmidt.npz,results/_paper/program_observations/T3__schmidt.npz
T3,schmidt,PerturbNet,native,Treg_exhaustion,7,3,HAVCR2;IL2RA;LAG3,,constant observed rank-program score,0.497406711118343,0.0,0.0,,0.0,rank score of observed mean expression,0.7428417071853053,predictions/v2_native/C3_LO_gene__PerturbNet__C3_true_lo_gene_10__schmidt.npz,results/_paper/program_observations/T3__schmidt.npz
T3,shifrut,PerturbNet,native,TCR_activation,2,4,IL2RA;NFKBIA;REL;TNFRSF9,,constant observed rank-program score,0.3184552216726398,0.0,0.0,,0.0,rank score of observed mean expression,0.9330413016270338,predictions/v2_native/C3_LO_gene__PerturbNet__C3_true_lo_gene_10__shifrut.npz,results/_paper/program_observations/T3__shifrut.npz
T3,shifrut,PerturbNet,native,IL2_STAT5,2,4,IL2RA;IL2RG;MYC;SOCS1,,constant observed rank-program score,0.3184552216726398,0.0,0.0,,0.0,rank score of observed mean expression,0.7984981226533167,predictions/v2_native/C3_LO_gene__PerturbNet__C3_true_lo_gene_10__shifrut.npz,results/_paper/program_observations/T3__shifrut.npz
T3,shifrut,PerturbNet,native,proliferation,2,8,BIRC5;CENPF;MKI67;PCNA;STMN1;TOP2A;TYMS;UBE2C,,constant observed rank-program score,0.3184552216726398,0.0,0.0,,0.0,rank score of observed mean expression,0.727784730913642,predictions/v2_native/C3_LO_gene__PerturbNet__C3_true_lo_gene_10__shifrut.npz,results/_paper/program_observations/T3__shifrut.npz
T3,shifrut,PerturbNet,native,effector_cytokine,2,7,CCL4;CCL5;GNLY;GZMA;GZMB;NKG7;PRF1,,constant observed rank-program score,0.3184552216726398,0.0,0.0,,0.0,rank score of observed mean expression,0.3141426783479349,predictions/v2_native/C3_LO_gene__PerturbNet__C3_true_lo_gene_10__shifrut.npz,results/_paper/program_observations/T3__shifrut.npz
T3,shifrut,PerturbNet,native,Treg_exhaustion,2,5,ENTPD1;HAVCR2;IL2RA;LAG3;PDCD1,,constant observed rank-program score,0.3184552216726398,0.0,0.0,,0.0,rank score of observed mean expression,0.9374217772215269,predictions/v2_native/C3_LO_gene__PerturbNet__C3_true_lo_gene_10__shifrut.npz,results/_paper/program_observations/T3__shifrut.npz
T3,chen,STATE,native,TCR_activation,30,9,CD69;EGR2;IL2RA;IRF4;NFKBIA;NR4A3;REL;TNFRSF4;TNFRSF9,-0.2214080163748955,estimable (descriptive),0.1024120102859736,0.00441968411560779,0.003728803836637989,0.9999999999999998,0.0,rank score of observed mean expression,0.2209696261682243,predictions/v2_native/C3_LO_gene__STATE__C3_true_lo_gene_10__chen.npz,results/_paper/program_observations/T3__chen.npz
T3,chen,STATE,native,IL2_STAT5,30,9,BCL2;CISH;IL2;IL2RA;IL2RB;IL2RG;SOCS1;STAT5A;STAT5B,-0.012455798067641907,estimable (descriptive),0.1024120102859736,0.0023610929556309957,0.0023321572579898023,1.0,0.0,rank score of observed mean expression,0.31007593457943927,predictions/v2_native/C3_LO_gene__STATE__C3_true_lo_gene_10__chen.npz,results/_paper/program_observations/T3__chen.npz
T3,chen,STATE,native,proliferation,30,8,BIRC5;CENPF;MKI67;PCNA;STMN1;TOP2A;TYMS;UBE2C,,constant observed rank-program score,0.1024120102859736,0.0,0.0,,0.0,rank score of observed mean expression,0.8527745327102804,predictions/v2_native/C3_LO_gene__STATE__C3_true_lo_gene_10__chen.npz,results/_paper/program_observations/T3__chen.npz
T3,chen,STATE,native,effector_cytokine,30,4,CCL5;GZMB;NKG7;TNF,,constant observed rank-program score,0.1024120102859736,0.0,0.0,,0.0,rank score of observed mean expression,0.6102219626168224,predictions/v2_native/C3_LO_gene__STATE__C3_true_lo_gene_10__chen.npz,results/_paper/program_observations/T3__chen.npz
T3,chen,STATE,native,Treg_exhaustion,30,6,CTLA4;FOXP3;IL2RA;LAG3;PDCD1;TNFRSF18,0.17607124056231296,estimable (descriptive),0.1024120102859736,0.014128598088650454,0.0075459497761840005,1.0,0.0,rank score of observed mean expression,0.17333528037383178,predictions/v2_native/C3_LO_gene__STATE__C3_true_lo_gene_10__chen.npz,results/_paper/program_observations/T3__chen.npz
T3,mccutcheon_CRISPRa,STATE,native,TCR_activation,2,3,IL2RA;NFKBIA;NR4A1,,constant observed rank-program score,0.1839577533581198,0.0,0.0,,0.0,rank score of observed mean expression,0.99606962380685,predictions/v2_native/C3_LO_gene__STATE__C3_true_lo_gene_10__mccutcheon_CRISPRa.npz,results/_paper/program_observations/T3__mccutcheon_CRISPRa.npz
T3,mccutcheon_CRISPRa,STATE,native,IL2_STAT5,2,6,BCL2;CISH;IL2RA;IL2RB;IL2RG;SOCS1,,constant observed rank-program score,0.1839577533581198,0.0,0.0,,0.0,rank score of observed mean expression,0.9696799550814149,predictions/v2_native/C3_LO_gene__STATE__C3_true_lo_gene_10__mccutcheon_CRISPRa.npz,results/_paper/program_observations/T3__mccutcheon_CRISPRa.npz
T3,mccutcheon_CRISPRa,STATE,native,proliferation,2,11,BIRC5;CCNB1;CCNB2;CDK1;CENPF;MKI67;PCNA;STMN1;TOP2A;TYMS;UBE2C,,constant observed rank-program score,0.1839577533581198,0.0,0.0,,0.0,rank score of observed mean expression,0.5727119595732735,predictions/v2_native/C3_LO_gene__STATE__C3_true_lo_gene_10__mccutcheon_CRISPRa.npz,results/_paper/program_observations/T3__mccutcheon_CRISPRa.npz
T3,mccutcheon_CRISPRa,STATE,native,effector_cytokine,2,6,CCL5;GNLY;GZMA;GZMB;NKG7;PRF1,,constant observed rank-program score,0.1839577533581198,0.0,0.0,,0.0,rank score of observed mean expression,0.6193149915777653,predictions/v2_native/C3_LO_gene__STATE__C3_true_lo_gene_10__mccutcheon_CRISPRa.npz,results/_paper/program_observations/T3__mccutcheon_CRISPRa.npz
T3,mccutcheon_CRISPRa,STATE,native,Treg_exhaustion,2,5,ENTPD1;FOXP3;IL2RA;LAG3;TIGIT,,constant observed rank-program score,0.1839577533581198,0.0,0.0,,0.0,rank score of observed mean expression,0.9938236945536215,predictions/v2_native/C3_LO_gene__STATE__C3_true_lo_gene_10__mccutcheon_CRISPRa.npz,results/_paper/program_observations/T3__mccutcheon_CRISPRa.npz
T3,mccutcheon_CRISPRi,STATE,native,TCR_activation,2,3,IL2RA;NFKBIA;NR4A1,,constant observed rank-program score,0.0540112882699793,0.0,0.0,,0.0,rank score of observed mean expression,0.9966254218222722,predictions/v2_native/C3_LO_gene__STATE__C3_true_lo_gene_10__mccutcheon_CRISPRi.npz,results/_paper/program_observations/T3__mccutcheon_CRISPRi.npz
T3,mccutcheon_CRISPRi,STATE,native,IL2_STAT5,2,5,CISH;IL2RA;IL2RB;IL2RG;SOCS1,,constant observed rank-program score,0.0540112882699793,0.0,0.0,,0.0,rank score of observed mean expression,0.9820022497187851,predictions/v2_native/C3_LO_gene__STATE__C3_true_lo_gene_10__mccutcheon_CRISPRi.npz,results/_paper/program_observations/T3__mccutcheon_CRISPRi.npz
T3,mccutcheon_CRISPRi,STATE,native,proliferation,2,11,BIRC5;CCNB1;CCNB2;CDK1;CENPF;MKI67;PCNA;STMN1;TOP2A;TYMS;UBE2C,,constant observed rank-program score,0.0540112882699793,0.0,0.0,,0.0,rank score of observed mean expression,0.6051743532058492,predictions/v2_native/C3_LO_gene__STATE__C3_true_lo_gene_10__mccutcheon_CRISPRi.npz,results/_paper/program_observations/T3__mccutcheon_CRISPRi.npz
T3,mccutcheon_CRISPRi,STATE,native,effector_cytokine,2,6,CCL5;GNLY;GZMA;GZMB;NKG7;PRF1,,constant observed rank-program score,0.0540112882699793,0.0,0.0,,0.0,rank score of observed mean expression,0.6507311586051744,predictions/v2_native/C3_LO_gene__STATE__C3_true_lo_gene_10__mccutcheon_CRISPRi.npz,results/_paper/program_observations/T3__mccutcheon_CRISPRi.npz
T3,mccutcheon_CRISPRi,STATE,native,Treg_exhaustion,2,5,ENTPD1;FOXP3;IL2RA;LAG3;TIGIT,,constant observed rank-program score,0.0540112882699793,0.0,0.0,,0.0,rank score of observed mean expression,0.9983127109111362,predictions/v2_native/C3_LO_gene__STATE__C3_true_lo_gene_10__mccutcheon_CRISPRi.npz,results/_paper/program_observations/T3__mccutcheon_CRISPRi.npz
T3,schmidt,STATE,native,TCR_activation,7,6,CD28;IL2RA;IRF4;NFKBIA;TNFRSF4;TNFRSF9,,constant observed rank-program score,0.3315695308232292,0.0,0.0,,0.0,rank score of observed mean expression,0.7271745002701242,predictions/v2_native/C3_LO_gene__STATE__C3_true_lo_gene_10__schmidt.npz,results/_paper/program_observations/T3__schmidt.npz
T3,schmidt,STATE,native,IL2_STAT5,7,8,BCL2;CISH;IL2;IL2RA;IL2RB;IL2RG;SOCS1;STAT5B,,constant observed rank-program score,0.3315695308232292,0.0,0.0,,0.0,rank score of observed mean expression,0.6861156131820637,predictions/v2_native/C3_LO_gene__STATE__C3_true_lo_gene_10__schmidt.npz,results/_paper/program_observations/T3__schmidt.npz
T3,schmidt,STATE,native,proliferation,7,8,CCNB1;CDK1;CENPF;MKI67;PCNA;STMN1;TOP2A;TYMS,,constant observed rank-program score,0.3315695308232292,0.0,0.0,,0.0,rank score of observed mean expression,0.833063209076175,predictions/v2_native/C3_LO_gene__STATE__C3_true_lo_gene_10__schmidt.npz,results/_paper/program_observations/T3__schmidt.npz
T3,schmidt,STATE,native,effector_cytokine,7,8,CCL4;CCL5;GNLY;GZMA;GZMB;IFNG;NKG7;TBX21,,constant observed rank-program score,0.3315695308232292,0.0,0.0,,0.0,rank score of observed mean expression,0.5678011885467315,predictions/v2_native/C3_LO_gene__STATE__C3_true_lo_gene_10__schmidt.npz,results/_paper/program_observations/T3__schmidt.npz
T3,schmidt,STATE,native,Treg_exhaustion,7,3,HAVCR2;IL2RA;LAG3,,constant observed rank-program score,0.3315695308232292,0.0,0.0,,0.0,rank score of observed mean expression,0.7428417071853053,predictions/v2_native/C3_LO_gene__STATE__C3_true_lo_gene_10__schmidt.npz,results/_paper/program_observations/T3__schmidt.npz
T3,shifrut,STATE,native,TCR_activation,2,4,IL2RA;NFKBIA;REL;TNFRSF9,,constant observed rank-program score,0.0453942616506479,0.0,0.0,,0.0,rank score of observed mean expression,0.9330413016270338,predictions/v2_native/C3_LO_gene__STATE__C3_true_lo_gene_10__shifrut.npz,results/_paper/program_observations/T3__shifrut.npz
T3,shifrut,STATE,native,IL2_STAT5,2,4,IL2RA;IL2RG;MYC;SOCS1,,constant observed rank-program score,0.0453942616506479,0.0,0.0,,0.0,rank score of observed mean expression,0.7984981226533167,predictions/v2_native/C3_LO_gene__STATE__C3_true_lo_gene_10__shifrut.npz,results/_paper/program_observations/T3__shifrut.npz
T3,shifrut,STATE,native,proliferation,2,8,BIRC5;CENPF;MKI67;PCNA;STMN1;TOP2A;TYMS;UBE2C,,constant observed rank-program score,0.0453942616506479,0.0,0.0,,0.0,rank score of observed mean expression,0.727784730913642,predictions/v2_native/C3_LO_gene__STATE__C3_true_lo_gene_10__shifrut.npz,results/_paper/program_observations/T3__shifrut.npz
T3,shifrut,STATE,native,effector_cytokine,2,7,CCL4;CCL5;GNLY;GZMA;GZMB;NKG7;PRF1,,constant observed rank-program score,0.0453942616506479,0.0,0.002142857142857141,,0.0,rank score of observed mean expression,0.3141426783479349,predictions/v2_native/C3_LO_gene__STATE__C3_true_lo_gene_10__shifrut.npz,results/_paper/program_observations/T3__shifrut.npz
T3,shifrut,STATE,native,Treg_exhaustion,2,5,ENTPD1;HAVCR2;IL2RA;LAG3;PDCD1,,constant observed rank-program score,0.0453942616506479,0.0,0.0,,0.0,rank score of observed mean expression,0.9374217772215269,predictions/v2_native/C3_LO_gene__STATE__C3_true_lo_gene_10__shifrut.npz,results/_paper/program_observations/T3__shifrut.npz
T3,chen,cell-mean,floor,TCR_activation,30,9,CD69;EGR2;IL2RA;IRF4;NFKBIA;NR4A3;REL;TNFRSF4;TNFRSF9,,constant predicted rank-program score,0.5165414816363149,0.00441968411560779,2.0816681711721685e-17,0.9999999999999998,0.0,rank score of observed mean expression,0.2209696261682243,predictions/C3/C3_LO_gene__cell-mean__C3_true_lo_gene_10__chen.npz,results/_paper/program_observations/T3__chen.npz
T3,chen,cell-mean,floor,IL2_STAT5,30,9,BCL2;CISH;IL2;IL2RA;IL2RB;IL2RG;SOCS1;STAT5A;STAT5B,,constant predicted rank-program score,0.5165414816363149,0.0023610929556309957,1.3877787807814457e-17,1.0,0.0,rank score of observed mean expression,0.31007593457943927,predictions/C3/C3_LO_gene__cell-mean__C3_true_lo_gene_10__chen.npz,results/_paper/program_observations/T3__chen.npz
T3,chen,cell-mean,floor,proliferation,30,8,BIRC5;CENPF;MKI67;PCNA;STMN1;TOP2A;TYMS;UBE2C,,constant observed rank-program score,0.5165414816363149,0.0,0.0,,0.0,rank score of observed mean expression,0.8527745327102804,predictions/C3/C3_LO_gene__cell-mean__C3_true_lo_gene_10__chen.npz,results/_paper/program_observations/T3__chen.npz
T3,chen,cell-mean,floor,effector_cytokine,30,4,CCL5;GZMB;NKG7;TNF,,constant observed rank-program score,0.5165414816363149,0.0,0.0,,0.0,rank score of observed mean expression,0.6102219626168224,predictions/C3/C3_LO_gene__cell-mean__C3_true_lo_gene_10__chen.npz,results/_paper/program_observations/T3__chen.npz
T3,chen,cell-mean,floor,Treg_exhaustion,30,6,CTLA4;FOXP3;IL2RA;LAG3;PDCD1;TNFRSF18,,constant predicted rank-program score,0.5165414816363149,0.014128598088650454,2.7755575615628914e-17,1.0,0.0,rank score of observed mean expression,0.17333528037383178,predictions/C3/C3_LO_gene__cell-mean__C3_true_lo_gene_10__chen.npz,results/_paper/program_observations/T3__chen.npz
T3,mccutcheon_CRISPRa,cell-mean,floor,TCR_activation,2,3,IL2RA;NFKBIA;NR4A1,,constant observed rank-program score,0.5939835283886649,0.0,0.0,,0.0,rank score of observed mean expression,0.99606962380685,predictions/C3/C3_LO_gene__cell-mean__C3_true_lo_gene_10__mccutcheon_CRISPRa.npz,results/_paper/program_observations/T3__mccutcheon_CRISPRa.npz
T3,mccutcheon_CRISPRa,cell-mean,floor,IL2_STAT5,2,6,BCL2;CISH;IL2RA;IL2RB;IL2RG;SOCS1,,constant observed rank-program score,0.5939835283886649,0.0,0.0,,0.0,rank score of observed mean expression,0.9696799550814149,predictions/C3/C3_LO_gene__cell-mean__C3_true_lo_gene_10__mccutcheon_CRISPRa.npz,results/_paper/program_observations/T3__mccutcheon_CRISPRa.npz
T3,mccutcheon_CRISPRa,cell-mean,floor,proliferation,2,11,BIRC5;CCNB1;CCNB2;CDK1;CENPF;MKI67;PCNA;STMN1;TOP2A;TYMS;UBE2C,,constant observed rank-program score,0.5939835283886649,0.0,0.0,,0.0,rank score of observed mean expression,0.5727119595732735,predictions/C3/C3_LO_gene__cell-mean__C3_true_lo_gene_10__mccutcheon_CRISPRa.npz,results/_paper/program_observations/T3__mccutcheon_CRISPRa.npz
T3,mccutcheon_CRISPRa,cell-mean,floor,effector_cytokine,2,6,CCL5;GNLY;GZMA;GZMB;NKG7;PRF1,,constant observed rank-program score,0.5939835283886649,0.0,0.0,,0.0,rank score of observed mean expression,0.6193149915777653,predictions/C3/C3_LO_gene__cell-mean__C3_true_lo_gene_10__mccutcheon_CRISPRa.npz,results/_paper/program_observations/T3__mccutcheon_CRISPRa.npz
T3,mccutcheon_CRISPRa,cell-mean,floor,Treg_exhaustion,2,5,ENTPD1;FOXP3;IL2RA;LAG3;TIGIT,,constant observed rank-program score,0.5939835283886649,0.0,0.0,,0.0,rank score of observed mean expression,0.9938236945536215,predictions/C3/C3_LO_gene__cell-mean__C3_true_lo_gene_10__mccutcheon_CRISPRa.npz,results/_paper/program_observations/T3__mccutcheon_CRISPRa.npz
T3,mccutcheon_CRISPRi,cell-mean,floor,TCR_activation,2,3,IL2RA;NFKBIA;NR4A1,,constant observed rank-program score,0.4568569338722511,0.0,0.0,,0.0,rank score of observed mean expression,0.9966254218222722,predictions/C3/C3_LO_gene__cell-mean__C3_true_lo_gene_10__mccutcheon_CRISPRi.npz,results/_paper/program_observations/T3__mccutcheon_CRISPRi.npz
T3,mccutcheon_CRISPRi,cell-mean,floor,IL2_STAT5,2,5,CISH;IL2RA;IL2RB;IL2RG;SOCS1,,constant observed rank-program score,0.4568569338722511,0.0,0.0,,0.0,rank score of observed mean expression,0.9820022497187851,predictions/C3/C3_LO_gene__cell-mean__C3_true_lo_gene_10__mccutcheon_CRISPRi.npz,results/_paper/program_observations/T3__mccutcheon_CRISPRi.npz
T3,mccutcheon_CRISPRi,cell-mean,floor,proliferation,2,11,BIRC5;CCNB1;CCNB2;CDK1;CENPF;MKI67;PCNA;STMN1;TOP2A;TYMS;UBE2C,,constant observed rank-program score,0.4568569338722511,0.0,0.0,,0.0,rank score of observed mean expression,0.6051743532058492,predictions/C3/C3_LO_gene__cell-mean__C3_true_lo_gene_10__mccutcheon_CRISPRi.npz,results/_paper/program_observations/T3__mccutcheon_CRISPRi.npz
T3,mccutcheon_CRISPRi,cell-mean,floor,effector_cytokine,2,6,CCL5;GNLY;GZMA;GZMB;NKG7;PRF1,,constant observed rank-program score,0.4568569338722511,0.0,0.0,,0.0,rank score of observed mean expression,0.6507311586051744,predictions/C3/C3_LO_gene__cell-mean__C3_true_lo_gene_10__mccutcheon_CRISPRi.npz,results/_paper/program_observations/T3__mccutcheon_CRISPRi.npz
T3,mccutcheon_CRISPRi,cell-mean,floor,Treg_exhaustion,2,5,ENTPD1;FOXP3;IL2RA;LAG3;TIGIT,,constant observed rank-program score,0.4568569338722511,0.0,0.0,,0.0,rank score of observed mean expression,0.9983127109111362,predictions/C3/C3_LO_gene__cell-mean__C3_true_lo_gene_10__mccutcheon_CRISPRi.npz,results/_paper/program_observations/T3__mccutcheon_CRISPRi.npz
T3,schmidt,cell-mean,floor,TCR_activation,7,6,CD28;IL2RA;IRF4;NFKBIA;TNFRSF4;TNFRSF9,,constant observed rank-program score,0.4908668180308413,0.0,0.0,,0.0,rank score of observed mean expression,0.7271745002701242,predictions/C3/C3_LO_gene__cell-mean__C3_true_lo_gene_10__schmidt.npz,results/_paper/program_observations/T3__schmidt.npz
T3,schmidt,cell-mean,floor,IL2_STAT5,7,8,BCL2;CISH;IL2;IL2RA;IL2RB;IL2RG;SOCS1;STAT5B,,constant observed rank-program score,0.4908668180308413,0.0,0.0,,0.0,rank score of observed mean expression,0.6861156131820637,predictions/C3/C3_LO_gene__cell-mean__C3_true_lo_gene_10__schmidt.npz,results/_paper/program_observations/T3__schmidt.npz
T3,schmidt,cell-mean,floor,proliferation,7,8,CCNB1;CDK1;CENPF;MKI67;PCNA;STMN1;TOP2A;TYMS,,constant observed rank-program score,0.4908668180308413,0.0,0.0,,0.0,rank score of observed mean expression,0.833063209076175,predictions/C3/C3_LO_gene__cell-mean__C3_true_lo_gene_10__schmidt.npz,results/_paper/program_observations/T3__schmidt.npz
T3,schmidt,cell-mean,floor,effector_cytokine,7,8,CCL4;CCL5;GNLY;GZMA;GZMB;IFNG;NKG7;TBX21,,constant observed rank-program score,0.4908668180308413,0.0,0.0,,0.0,rank score of observed mean expression,0.5678011885467315,predictions/C3/C3_LO_gene__cell-mean__C3_true_lo_gene_10__schmidt.npz,results/_paper/program_observations/T3__schmidt.npz
T3,schmidt,cell-mean,floor,Treg_exhaustion,7,3,HAVCR2;IL2RA;LAG3,,constant observed rank-program score,0.4908668180308413,0.0,0.0,,0.0,rank score of observed mean expression,0.7428417071853053,predictions/C3/C3_LO_gene__cell-mean__C3_true_lo_gene_10__schmidt.npz,results/_paper/program_observations/T3__schmidt.npz
T3,shifrut,cell-mean,floor,TCR_activation,2,4,IL2RA;NFKBIA;REL;TNFRSF9,,constant observed rank-program score,0.451803269057297,0.0,0.0,,0.0,rank score of observed mean expression,0.9330413016270338,predictions/C3/C3_LO_gene__cell-mean__C3_true_lo_gene_10__shifrut.npz,results/_paper/program_observations/T3__shifrut.npz
T3,shifrut,cell-mean,floor,IL2_STAT5,2,4,IL2RA;IL2RG;MYC;SOCS1,,constant observed rank-program score,0.451803269057297,0.0,0.0,,0.0,rank score of observed mean expression,0.7984981226533167,predictions/C3/C3_LO_gene__cell-mean__C3_true_lo_gene_10__shifrut.npz,results/_paper/program_observations/T3__shifrut.npz
T3,shifrut,cell-mean,floor,proliferation,2,8,BIRC5;CENPF;MKI67;PCNA;STMN1;TOP2A;TYMS;UBE2C,,constant observed rank-program score,0.451803269057297,0.0,0.0,,0.0,rank score of observed mean expression,0.727784730913642,predictions/C3/C3_LO_gene__cell-mean__C3_true_lo_gene_10__shifrut.npz,results/_paper/program_observations/T3__shifrut.npz
T3,shifrut,cell-mean,floor,effector_cytokine,2,7,CCL4;CCL5;GNLY;GZMA;GZMB;NKG7;PRF1,,constant observed rank-program score,0.451803269057297,0.0,0.0,,0.0,rank score of observed mean expression,0.3141426783479349,predictions/C3/C3_LO_gene__cell-mean__C3_true_lo_gene_10__shifrut.npz,results/_paper/program_observations/T3__shifrut.npz
T3,shifrut,cell-mean,floor,Treg_exhaustion,2,5,ENTPD1;HAVCR2;IL2RA;LAG3;PDCD1,,constant observed rank-program score,0.451803269057297,0.0,0.0,,0.0,rank score of observed mean expression,0.9374217772215269,predictions/C3/C3_LO_gene__cell-mean__C3_true_lo_gene_10__shifrut.npz,results/_paper/program_observations/T3__shifrut.npz
T3,chen,linear-PCA,floor,TCR_activation,30,9,CD69;EGR2;IL2RA;IRF4;NFKBIA;NR4A3;REL;TNFRSF4;TNFRSF9,,constant predicted rank-program score,0.389627628172583,0.00441968411560779,1.3877787807814457e-17,0.9999999999999998,0.0,rank score of observed mean expression,0.2209696261682243,predictions/C3/C3_LO_gene__linear-PCA__C3_true_lo_gene_10__chen.npz,results/_paper/program_observations/T3__chen.npz
T3,chen,linear-PCA,floor,IL2_STAT5,30,9,BCL2;CISH;IL2;IL2RA;IL2RB;IL2RG;SOCS1;STAT5A;STAT5B,,constant predicted rank-program score,0.389627628172583,0.0023610929556309957,1.3877787807814457e-17,1.0,0.0,rank score of observed mean expression,0.31007593457943927,predictions/C3/C3_LO_gene__linear-PCA__C3_true_lo_gene_10__chen.npz,results/_paper/program_observations/T3__chen.npz
T3,chen,linear-PCA,floor,proliferation,30,8,BIRC5;CENPF;MKI67;PCNA;STMN1;TOP2A;TYMS;UBE2C,,constant observed rank-program score,0.389627628172583,0.0,0.0,,0.0,rank score of observed mean expression,0.8527745327102804,predictions/C3/C3_LO_gene__linear-PCA__C3_true_lo_gene_10__chen.npz,results/_paper/program_observations/T3__chen.npz
T3,chen,linear-PCA,floor,effector_cytokine,30,4,CCL5;GZMB;NKG7;TNF,,constant observed rank-program score,0.389627628172583,0.0,0.0,,0.0,rank score of observed mean expression,0.6102219626168224,predictions/C3/C3_LO_gene__linear-PCA__C3_true_lo_gene_10__chen.npz,results/_paper/program_observations/T3__chen.npz
T3,chen,linear-PCA,floor,Treg_exhaustion,30,6,CTLA4;FOXP3;IL2RA;LAG3;PDCD1;TNFRSF18,,constant predicted rank-program score,0.389627628172583,0.014128598088650454,2.7755575615628914e-17,1.0,0.0,rank score of observed mean expression,0.17333528037383178,predictions/C3/C3_LO_gene__linear-PCA__C3_true_lo_gene_10__chen.npz,results/_paper/program_observations/T3__chen.npz
T3,mccutcheon_CRISPRa,linear-PCA,floor,TCR_activation,2,3,IL2RA;NFKBIA;NR4A1,,constant observed rank-program score,0.450092995889933,0.0,0.0,,0.0,rank score of observed mean expression,0.99606962380685,predictions/C3/C3_LO_gene__linear-PCA__C3_true_lo_gene_10__mccutcheon_CRISPRa.npz,results/_paper/program_observations/T3__mccutcheon_CRISPRa.npz
T3,mccutcheon_CRISPRa,linear-PCA,floor,IL2_STAT5,2,6,BCL2;CISH;IL2RA;IL2RB;IL2RG;SOCS1,,constant observed rank-program score,0.450092995889933,0.0,0.0,,0.0,rank score of observed mean expression,0.9696799550814149,predictions/C3/C3_LO_gene__linear-PCA__C3_true_lo_gene_10__mccutcheon_CRISPRa.npz,results/_paper/program_observations/T3__mccutcheon_CRISPRa.npz
T3,mccutcheon_CRISPRa,linear-PCA,floor,proliferation,2,11,BIRC5;CCNB1;CCNB2;CDK1;CENPF;MKI67;PCNA;STMN1;TOP2A;TYMS;UBE2C,,constant observed rank-program score,0.450092995889933,0.0,0.0,,0.0,rank score of observed mean expression,0.5727119595732735,predictions/C3/C3_LO_gene__linear-PCA__C3_true_lo_gene_10__mccutcheon_CRISPRa.npz,results/_paper/program_observations/T3__mccutcheon_CRISPRa.npz
T3,mccutcheon_CRISPRa,linear-PCA,floor,effector_cytokine,2,6,CCL5;GNLY;GZMA;GZMB;NKG7;PRF1,,constant observed rank-program score,0.450092995889933,0.0,0.0,,0.0,rank score of observed mean expression,0.6193149915777653,predictions/C3/C3_LO_gene__linear-PCA__C3_true_lo_gene_10__mccutcheon_CRISPRa.npz,results/_paper/program_observations/T3__mccutcheon_CRISPRa.npz
T3,mccutcheon_CRISPRa,linear-PCA,floor,Treg_exhaustion,2,5,ENTPD1;FOXP3;IL2RA;LAG3;TIGIT,,constant observed rank-program score,0.450092995889933,0.0,0.0,,0.0,rank score of observed mean expression,0.9938236945536215,predictions/C3/C3_LO_gene__linear-PCA__C3_true_lo_gene_10__mccutcheon_CRISPRa.npz,results/_paper/program_observations/T3__mccutcheon_CRISPRa.npz
T3,mccutcheon_CRISPRi,linear-PCA,floor,TCR_activation,2,3,IL2RA;NFKBIA;NR4A1,,constant observed rank-program score,0.0837681668210604,0.0,0.0,,0.0,rank score of observed mean expression,0.9966254218222722,predictions/C3/C3_LO_gene__linear-PCA__C3_true_lo_gene_10__mccutcheon_CRISPRi.npz,results/_paper/program_observations/T3__mccutcheon_CRISPRi.npz
T3,mccutcheon_CRISPRi,linear-PCA,floor,IL2_STAT5,2,5,CISH;IL2RA;IL2RB;IL2RG;SOCS1,,constant observed rank-program score,0.0837681668210604,0.0,0.0,,0.0,rank score of observed mean expression,0.9820022497187851,predictions/C3/C3_LO_gene__linear-PCA__C3_true_lo_gene_10__mccutcheon_CRISPRi.npz,results/_paper/program_observations/T3__mccutcheon_CRISPRi.npz
T3,mccutcheon_CRISPRi,linear-PCA,floor,proliferation,2,11,BIRC5;CCNB1;CCNB2;CDK1;CENPF;MKI67;PCNA;STMN1;TOP2A;TYMS;UBE2C,,constant observed rank-program score,0.0837681668210604,0.0,0.0,,0.0,rank score of observed mean expression,0.6051743532058492,predictions/C3/C3_LO_gene__linear-PCA__C3_true_lo_gene_10__mccutcheon_CRISPRi.npz,results/_paper/program_observations/T3__mccutcheon_CRISPRi.npz
T3,mccutcheon_CRISPRi,linear-PCA,floor,effector_cytokine,2,6,CCL5;GNLY;GZMA;GZMB;NKG7;PRF1,,constant observed rank-program score,0.0837681668210604,0.0,0.0,,0.0,rank score of observed mean expression,0.6507311586051744,predictions/C3/C3_LO_gene__linear-PCA__C3_true_lo_gene_10__mccutcheon_CRISPRi.npz,results/_paper/program_observations/T3__mccutcheon_CRISPRi.npz
T3,mccutcheon_CRISPRi,linear-PCA,floor,Treg_exhaustion,2,5,ENTPD1;FOXP3;IL2RA;LAG3;TIGIT,,constant observed rank-program score,0.0837681668210604,0.0,0.0,,0.0,rank score of observed mean expression,0.9983127109111362,predictions/C3/C3_LO_gene__linear-PCA__C3_true_lo_gene_10__mccutcheon_CRISPRi.npz,results/_paper/program_observations/T3__mccutcheon_CRISPRi.npz
T3,schmidt,linear-PCA,floor,TCR_activation,7,6,CD28;IL2RA;IRF4;NFKBIA;TNFRSF4;TNFRSF9,,constant observed rank-program score,0.2960190049241712,0.0,0.0,,0.0,rank score of observed mean expression,0.7271745002701242,predictions/C3/C3_LO_gene__linear-PCA__C3_true_lo_gene_10__schmidt.npz,results/_paper/program_observations/T3__schmidt.npz
T3,schmidt,linear-PCA,floor,IL2_STAT5,7,8,BCL2;CISH;IL2;IL2RA;IL2RB;IL2RG;SOCS1;STAT5B,,constant observed rank-program score,0.2960190049241712,0.0,0.0,,0.0,rank score of observed mean expression,0.6861156131820637,predictions/C3/C3_LO_gene__linear-PCA__C3_true_lo_gene_10__schmidt.npz,results/_paper/program_observations/T3__schmidt.npz
T3,schmidt,linear-PCA,floor,proliferation,7,8,CCNB1;CDK1;CENPF;MKI67;PCNA;STMN1;TOP2A;TYMS,,constant observed rank-program score,0.2960190049241712,0.0,0.0,,0.0,rank score of observed mean expression,0.833063209076175,predictions/C3/C3_LO_gene__linear-PCA__C3_true_lo_gene_10__schmidt.npz,results/_paper/program_observations/T3__schmidt.npz
T3,schmidt,linear-PCA,floor,effector_cytokine,7,8,CCL4;CCL5;GNLY;GZMA;GZMB;IFNG;NKG7;TBX21,,constant observed rank-program score,0.2960190049241712,0.0,0.0,,0.0,rank score of observed mean expression,0.5678011885467315,predictions/C3/C3_LO_gene__linear-PCA__C3_true_lo_gene_10__schmidt.npz,results/_paper/program_observations/T3__schmidt.npz
T3,schmidt,linear-PCA,floor,Treg_exhaustion,7,3,HAVCR2;IL2RA;LAG3,,constant observed rank-program score,0.2960190049241712,0.0,0.0,,0.0,rank score of observed mean expression,0.7428417071853053,predictions/C3/C3_LO_gene__linear-PCA__C3_true_lo_gene_10__schmidt.npz,results/_paper/program_observations/T3__schmidt.npz
T3,shifrut,linear-PCA,floor,TCR_activation,2,4,IL2RA;NFKBIA;REL;TNFRSF9,,constant observed rank-program score,0.2864643402881888,0.0,0.0,,0.0,rank score of observed mean expression,0.9330413016270338,predictions/C3/C3_LO_gene__linear-PCA__C3_true_lo_gene_10__shifrut.npz,results/_paper/program_observations/T3__shifrut.npz
T3,shifrut,linear-PCA,floor,IL2_STAT5,2,4,IL2RA;IL2RG;MYC;SOCS1,,constant observed rank-program score,0.2864643402881888,0.0,0.0,,0.0,rank score of observed mean expression,0.7984981226533167,predictions/C3/C3_LO_gene__linear-PCA__C3_true_lo_gene_10__shifrut.npz,results/_paper/program_observations/T3__shifrut.npz
T3,shifrut,linear-PCA,floor,proliferation,2,8,BIRC5;CENPF;MKI67;PCNA;STMN1;TOP2A;TYMS;UBE2C,,constant observed rank-program score,0.2864643402881888,0.0,0.0,,0.0,rank score of observed mean expression,0.727784730913642,predictions/C3/C3_LO_gene__linear-PCA__C3_true_lo_gene_10__shifrut.npz,results/_paper/program_observations/T3__shifrut.npz
T3,shifrut,linear-PCA,floor,effector_cytokine,2,7,CCL4;CCL5;GNLY;GZMA;GZMB;NKG7;PRF1,,constant observed rank-program score,0.2864643402881888,0.0,0.0,,0.0,rank score of observed mean expression,0.3141426783479349,predictions/C3/C3_LO_gene__linear-PCA__C3_true_lo_gene_10__shifrut.npz,results/_paper/program_observations/T3__shifrut.npz
T3,shifrut,linear-PCA,floor,Treg_exhaustion,2,5,ENTPD1;HAVCR2;IL2RA;LAG3;PDCD1,,constant observed rank-program score,0.2864643402881888,0.0,0.0,,0.0,rank score of observed mean expression,0.9374217772215269,predictions/C3/C3_LO_gene__linear-PCA__C3_true_lo_gene_10__shifrut.npz,results/_paper/program_observations/T3__shifrut.npz
T3,chen,linear-shift-KOemb,diagnostic,TCR_activation,30,9,CD69;EGR2;IL2RA;IRF4;NFKBIA;NR4A3;REL;TNFRSF4;TNFRSF9,-0.031122609389122653,estimable (descriptive),0.5094139108399026,0.00441968411560779,0.00019945054841238785,0.9999999999999998,0.0,rank score of observed mean expression,0.2209696261682243,predictions/v2_native/C3_LO_gene__linear-shift-KOemb__C3_true_lo_gene_10__chen.npz,results/_paper/program_observations/T3__chen.npz
T3,chen,linear-shift-KOemb,diagnostic,IL2_STAT5,30,9,BCL2;CISH;IL2;IL2RA;IL2RB;IL2RG;SOCS1;STAT5A;STAT5B,,constant predicted rank-program score,0.5094139108399026,0.0023610929556309957,1.3877787807814457e-17,1.0,0.0,rank score of observed mean expression,0.31007593457943927,predictions/v2_native/C3_LO_gene__linear-shift-KOemb__C3_true_lo_gene_10__chen.npz,results/_paper/program_observations/T3__chen.npz
T3,chen,linear-shift-KOemb,diagnostic,proliferation,30,8,BIRC5;CENPF;MKI67;PCNA;STMN1;TOP2A;TYMS;UBE2C,,constant observed rank-program score,0.5094139108399026,0.0,0.0,,0.0,rank score of observed mean expression,0.8527745327102804,predictions/v2_native/C3_LO_gene__linear-shift-KOemb__C3_true_lo_gene_10__chen.npz,results/_paper/program_observations/T3__chen.npz
T3,chen,linear-shift-KOemb,diagnostic,effector_cytokine,30,4,CCL5;GZMB;NKG7;TNF,,constant observed rank-program score,0.5094139108399026,0.0,0.0,,0.0,rank score of observed mean expression,0.6102219626168224,predictions/v2_native/C3_LO_gene__linear-shift-KOemb__C3_true_lo_gene_10__chen.npz,results/_paper/program_observations/T3__chen.npz
T3,chen,linear-shift-KOemb,diagnostic,Treg_exhaustion,30,6,CTLA4;FOXP3;IL2RA;LAG3;PDCD1;TNFRSF18,0.021859748247017953,estimable (descriptive),0.5094139108399026,0.014128598088650454,0.002678215731820877,1.0,0.0,rank score of observed mean expression,0.17333528037383178,predictions/v2_native/C3_LO_gene__linear-shift-KOemb__C3_true_lo_gene_10__chen.npz,results/_paper/program_observations/T3__chen.npz
T3,mccutcheon_CRISPRa,linear-shift-KOemb,diagnostic,TCR_activation,2,3,IL2RA;NFKBIA;NR4A1,,constant observed rank-program score,0.5962135295592771,0.0,0.0,,0.0,rank score of observed mean expression,0.99606962380685,predictions/v2_native/C3_LO_gene__linear-shift-KOemb__C3_true_lo_gene_10__mccutcheon_CRISPRa.npz,results/_paper/program_observations/T3__mccutcheon_CRISPRa.npz
T3,mccutcheon_CRISPRa,linear-shift-KOemb,diagnostic,IL2_STAT5,2,6,BCL2;CISH;IL2RA;IL2RB;IL2RG;SOCS1,,constant observed rank-program score,0.5962135295592771,0.0,0.0,,0.0,rank score of observed mean expression,0.9696799550814149,predictions/v2_native/C3_LO_gene__linear-shift-KOemb__C3_true_lo_gene_10__mccutcheon_CRISPRa.npz,results/_paper/program_observations/T3__mccutcheon_CRISPRa.npz
T3,mccutcheon_CRISPRa,linear-shift-KOemb,diagnostic,proliferation,2,11,BIRC5;CCNB1;CCNB2;CDK1;CENPF;MKI67;PCNA;STMN1;TOP2A;TYMS;UBE2C,,constant observed rank-program score,0.5962135295592771,0.0,0.0,,0.0,rank score of observed mean expression,0.5727119595732735,predictions/v2_native/C3_LO_gene__linear-shift-KOemb__C3_true_lo_gene_10__mccutcheon_CRISPRa.npz,results/_paper/program_observations/T3__mccutcheon_CRISPRa.npz
T3,mccutcheon_CRISPRa,linear-shift-KOemb,diagnostic,effector_cytokine,2,6,CCL5;GNLY;GZMA;GZMB;NKG7;PRF1,,constant observed rank-program score,0.5962135295592771,0.0,0.0,,0.0,rank score of observed mean expression,0.6193149915777653,predictions/v2_native/C3_LO_gene__linear-shift-KOemb__C3_true_lo_gene_10__mccutcheon_CRISPRa.npz,results/_paper/program_observations/T3__mccutcheon_CRISPRa.npz
T3,mccutcheon_CRISPRa,linear-shift-KOemb,diagnostic,Treg_exhaustion,2,5,ENTPD1;FOXP3;IL2RA;LAG3;TIGIT,,constant observed rank-program score,0.5962135295592771,0.0,0.0,,0.0,rank score of observed mean expression,0.9938236945536215,predictions/v2_native/C3_LO_gene__linear-shift-KOemb__C3_true_lo_gene_10__mccutcheon_CRISPRa.npz,results/_paper/program_observations/T3__mccutcheon_CRISPRa.npz
T3,mccutcheon_CRISPRi,linear-shift-KOemb,diagnostic,TCR_activation,2,3,IL2RA;NFKBIA;NR4A1,,constant observed rank-program score,0.4299584209793265,0.0,0.0,,0.0,rank score of observed mean expression,0.9966254218222722,predictions/v2_native/C3_LO_gene__linear-shift-KOemb__C3_true_lo_gene_10__mccutcheon_CRISPRi.npz,results/_paper/program_observations/T3__mccutcheon_CRISPRi.npz
T3,mccutcheon_CRISPRi,linear-shift-KOemb,diagnostic,IL2_STAT5,2,5,CISH;IL2RA;IL2RB;IL2RG;SOCS1,,constant observed rank-program score,0.4299584209793265,0.0,0.0,,0.0,rank score of observed mean expression,0.9820022497187851,predictions/v2_native/C3_LO_gene__linear-shift-KOemb__C3_true_lo_gene_10__mccutcheon_CRISPRi.npz,results/_paper/program_observations/T3__mccutcheon_CRISPRi.npz
T3,mccutcheon_CRISPRi,linear-shift-KOemb,diagnostic,proliferation,2,11,BIRC5;CCNB1;CCNB2;CDK1;CENPF;MKI67;PCNA;STMN1;TOP2A;TYMS;UBE2C,,constant observed rank-program score,0.4299584209793265,0.0,0.0,,0.0,rank score of observed mean expression,0.6051743532058492,predictions/v2_native/C3_LO_gene__linear-shift-KOemb__C3_true_lo_gene_10__mccutcheon_CRISPRi.npz,results/_paper/program_observations/T3__mccutcheon_CRISPRi.npz
T3,mccutcheon_CRISPRi,linear-shift-KOemb,diagnostic,effector_cytokine,2,6,CCL5;GNLY;GZMA;GZMB;NKG7;PRF1,,constant observed rank-program score,0.4299584209793265,0.0,0.0,,0.0,rank score of observed mean expression,0.6507311586051744,predictions/v2_native/C3_LO_gene__linear-shift-KOemb__C3_true_lo_gene_10__mccutcheon_CRISPRi.npz,results/_paper/program_observations/T3__mccutcheon_CRISPRi.npz
T3,mccutcheon_CRISPRi,linear-shift-KOemb,diagnostic,Treg_exhaustion,2,5,ENTPD1;FOXP3;IL2RA;LAG3;TIGIT,,constant observed rank-program score,0.4299584209793265,0.0,0.0,,0.0,rank score of observed mean expression,0.9983127109111362,predictions/v2_native/C3_LO_gene__linear-shift-KOemb__C3_true_lo_gene_10__mccutcheon_CRISPRi.npz,results/_paper/program_observations/T3__mccutcheon_CRISPRi.npz
T3,schmidt,linear-shift-KOemb,diagnostic,TCR_activation,7,6,CD28;IL2RA;IRF4;NFKBIA;TNFRSF4;TNFRSF9,,constant observed rank-program score,0.4892249091003568,0.0,0.0,,0.0,rank score of observed mean expression,0.7271745002701242,predictions/v2_native/C3_LO_gene__linear-shift-KOemb__C3_true_lo_gene_10__schmidt.npz,results/_paper/program_observations/T3__schmidt.npz
T3,schmidt,linear-shift-KOemb,diagnostic,IL2_STAT5,7,8,BCL2;CISH;IL2;IL2RA;IL2RB;IL2RG;SOCS1;STAT5B,,constant observed rank-program score,0.4892249091003568,0.0,0.0,,0.0,rank score of observed mean expression,0.6861156131820637,predictions/v2_native/C3_LO_gene__linear-shift-KOemb__C3_true_lo_gene_10__schmidt.npz,results/_paper/program_observations/T3__schmidt.npz
T3,schmidt,linear-shift-KOemb,diagnostic,proliferation,7,8,CCNB1;CDK1;CENPF;MKI67;PCNA;STMN1;TOP2A;TYMS,,constant observed rank-program score,0.4892249091003568,0.0,0.0,,0.0,rank score of observed mean expression,0.833063209076175,predictions/v2_native/C3_LO_gene__linear-shift-KOemb__C3_true_lo_gene_10__schmidt.npz,results/_paper/program_observations/T3__schmidt.npz
T3,schmidt,linear-shift-KOemb,diagnostic,effector_cytokine,7,8,CCL4;CCL5;GNLY;GZMA;GZMB;IFNG;NKG7;TBX21,,constant observed rank-program score,0.4892249091003568,0.0,0.0,,0.0,rank score of observed mean expression,0.5678011885467315,predictions/v2_native/C3_LO_gene__linear-shift-KOemb__C3_true_lo_gene_10__schmidt.npz,results/_paper/program_observations/T3__schmidt.npz
T3,schmidt,linear-shift-KOemb,diagnostic,Treg_exhaustion,7,3,HAVCR2;IL2RA;LAG3,,constant observed rank-program score,0.4892249091003568,0.0,0.0,,0.0,rank score of observed mean expression,0.7428417071853053,predictions/v2_native/C3_LO_gene__linear-shift-KOemb__C3_true_lo_gene_10__schmidt.npz,results/_paper/program_observations/T3__schmidt.npz
T3,shifrut,linear-shift-KOemb,diagnostic,TCR_activation,2,4,IL2RA;NFKBIA;REL;TNFRSF9,,constant observed rank-program score,0.4455647919342105,0.0,0.0,,0.0,rank score of observed mean expression,0.9330413016270338,predictions/v2_native/C3_LO_gene__linear-shift-KOemb__C3_true_lo_gene_10__shifrut.npz,results/_paper/program_observations/T3__shifrut.npz
T3,shifrut,linear-shift-KOemb,diagnostic,IL2_STAT5,2,4,IL2RA;IL2RG;MYC;SOCS1,,constant observed rank-program score,0.4455647919342105,0.0,0.0,,0.0,rank score of observed mean expression,0.7984981226533167,predictions/v2_native/C3_LO_gene__linear-shift-KOemb__C3_true_lo_gene_10__shifrut.npz,results/_paper/program_observations/T3__shifrut.npz
T3,shifrut,linear-shift-KOemb,diagnostic,proliferation,2,8,BIRC5;CENPF;MKI67;PCNA;STMN1;TOP2A;TYMS;UBE2C,,constant observed rank-program score,0.4455647919342105,0.0,0.0,,0.0,rank score of observed mean expression,0.727784730913642,predictions/v2_native/C3_LO_gene__linear-shift-KOemb__C3_true_lo_gene_10__shifrut.npz,results/_paper/program_observations/T3__shifrut.npz
T3,shifrut,linear-shift-KOemb,diagnostic,effector_cytokine,2,7,CCL4;CCL5;GNLY;GZMA;GZMB;NKG7;PRF1,,constant observed rank-program score,0.4455647919342105,0.0,0.0,,0.0,rank score of observed mean expression,0.3141426783479349,predictions/v2_native/C3_LO_gene__linear-shift-KOemb__C3_true_lo_gene_10__shifrut.npz,results/_paper/program_observations/T3__shifrut.npz
T3,shifrut,linear-shift-KOemb,diagnostic,Treg_exhaustion,2,5,ENTPD1;HAVCR2;IL2RA;LAG3;PDCD1,,constant observed rank-program score,0.4455647919342105,0.0,0.0,,0.0,rank score of observed mean expression,0.9374217772215269,predictions/v2_native/C3_LO_gene__linear-shift-KOemb__C3_true_lo_gene_10__shifrut.npz,results/_paper/program_observations/T3__shifrut.npz
T3,chen,scFoundation,native,TCR_activation,30,9,CD69;EGR2;IL2RA;IRF4;NFKBIA;NR4A3;REL;TNFRSF4;TNFRSF9,0.09105981723220316,estimable (descriptive),0.2260698401166946,0.00441968411560779,0.001976889799271483,0.9999999999999998,0.0,rank score of observed mean expression,0.2209696261682243,predictions/v2_native/C3_LO_gene__scFoundation__C3_true_lo_gene_10__chen.npz,results/_paper/program_observations/T3__chen.npz
T3,chen,scFoundation,native,IL2_STAT5,30,9,BCL2;CISH;IL2;IL2RA;IL2RB;IL2RG;SOCS1;STAT5A;STAT5B,0.1190185855456902,estimable (descriptive),0.2260698401166946,0.0023610929556309957,0.0009665176556073994,1.0,0.0,rank score of observed mean expression,0.31007593457943927,predictions/v2_native/C3_LO_gene__scFoundation__C3_true_lo_gene_10__chen.npz,results/_paper/program_observations/T3__chen.npz
T3,chen,scFoundation,native,proliferation,30,8,BIRC5;CENPF;MKI67;PCNA;STMN1;TOP2A;TYMS;UBE2C,,constant observed rank-program score,0.2260698401166946,0.0,0.0,,0.0,rank score of observed mean expression,0.8527745327102804,predictions/v2_native/C3_LO_gene__scFoundation__C3_true_lo_gene_10__chen.npz,results/_paper/program_observations/T3__chen.npz
T3,chen,scFoundation,native,effector_cytokine,30,4,CCL5;GZMB;NKG7;TNF,,constant observed rank-program score,0.2260698401166946,0.0,0.0,,0.0,rank score of observed mean expression,0.6102219626168224,predictions/v2_native/C3_LO_gene__scFoundation__C3_true_lo_gene_10__chen.npz,results/_paper/program_observations/T3__chen.npz
T3,chen,scFoundation,native,Treg_exhaustion,30,6,CTLA4;FOXP3;IL2RA;LAG3;PDCD1;TNFRSF18,0.31136723691625245,estimable (descriptive),0.2260698401166946,0.014128598088650454,0.0038026144352550193,1.0,0.0,rank score of observed mean expression,0.17333528037383178,predictions/v2_native/C3_LO_gene__scFoundation__C3_true_lo_gene_10__chen.npz,results/_paper/program_observations/T3__chen.npz
T3,mccutcheon_CRISPRa,scFoundation,native,TCR_activation,2,3,IL2RA;NFKBIA;NR4A1,,constant observed rank-program score,0.2506981616477443,0.0,0.0,,0.0,rank score of observed mean expression,0.99606962380685,predictions/v2_native/C3_LO_gene__scFoundation__C3_true_lo_gene_10__mccutcheon_CRISPRa.npz,results/_paper/program_observations/T3__mccutcheon_CRISPRa.npz
T3,mccutcheon_CRISPRa,scFoundation,native,IL2_STAT5,2,6,BCL2;CISH;IL2RA;IL2RB;IL2RG;SOCS1,,constant observed rank-program score,0.2506981616477443,0.0,0.0,,0.0,rank score of observed mean expression,0.9696799550814149,predictions/v2_native/C3_LO_gene__scFoundation__C3_true_lo_gene_10__mccutcheon_CRISPRa.npz,results/_paper/program_observations/T3__mccutcheon_CRISPRa.npz
T3,mccutcheon_CRISPRa,scFoundation,native,proliferation,2,11,BIRC5;CCNB1;CCNB2;CDK1;CENPF;MKI67;PCNA;STMN1;TOP2A;TYMS;UBE2C,,constant observed rank-program score,0.2506981616477443,0.0,0.0,,0.0,rank score of observed mean expression,0.5727119595732735,predictions/v2_native/C3_LO_gene__scFoundation__C3_true_lo_gene_10__mccutcheon_CRISPRa.npz,results/_paper/program_observations/T3__mccutcheon_CRISPRa.npz
T3,mccutcheon_CRISPRa,scFoundation,native,effector_cytokine,2,6,CCL5;GNLY;GZMA;GZMB;NKG7;PRF1,,constant observed rank-program score,0.2506981616477443,0.0,0.0,,0.0,rank score of observed mean expression,0.6193149915777653,predictions/v2_native/C3_LO_gene__scFoundation__C3_true_lo_gene_10__mccutcheon_CRISPRa.npz,results/_paper/program_observations/T3__mccutcheon_CRISPRa.npz
T3,mccutcheon_CRISPRa,scFoundation,native,Treg_exhaustion,2,5,ENTPD1;FOXP3;IL2RA;LAG3;TIGIT,,constant observed rank-program score,0.2506981616477443,0.0,0.0,,0.0,rank score of observed mean expression,0.9938236945536215,predictions/v2_native/C3_LO_gene__scFoundation__C3_true_lo_gene_10__mccutcheon_CRISPRa.npz,results/_paper/program_observations/T3__mccutcheon_CRISPRa.npz
T3,mccutcheon_CRISPRi,scFoundation,native,TCR_activation,2,3,IL2RA;NFKBIA;NR4A1,,constant observed rank-program score,0.1045547822968941,0.0,0.0,,0.0,rank score of observed mean expression,0.9966254218222722,predictions/v2_native/C3_LO_gene__scFoundation__C3_true_lo_gene_10__mccutcheon_CRISPRi.npz,results/_paper/program_observations/T3__mccutcheon_CRISPRi.npz
T3,mccutcheon_CRISPRi,scFoundation,native,IL2_STAT5,2,5,CISH;IL2RA;IL2RB;IL2RG;SOCS1,,constant observed rank-program score,0.1045547822968941,0.0,0.0,,0.0,rank score of observed mean expression,0.9820022497187851,predictions/v2_native/C3_LO_gene__scFoundation__C3_true_lo_gene_10__mccutcheon_CRISPRi.npz,results/_paper/program_observations/T3__mccutcheon_CRISPRi.npz
T3,mccutcheon_CRISPRi,scFoundation,native,proliferation,2,11,BIRC5;CCNB1;CCNB2;CDK1;CENPF;MKI67;PCNA;STMN1;TOP2A;TYMS;UBE2C,,constant observed rank-program score,0.1045547822968941,0.0,0.0,,0.0,rank score of observed mean expression,0.6051743532058492,predictions/v2_native/C3_LO_gene__scFoundation__C3_true_lo_gene_10__mccutcheon_CRISPRi.npz,results/_paper/program_observations/T3__mccutcheon_CRISPRi.npz
T3,mccutcheon_CRISPRi,scFoundation,native,effector_cytokine,2,6,CCL5;GNLY;GZMA;GZMB;NKG7;PRF1,,constant observed rank-program score,0.1045547822968941,0.0,0.0,,0.0,rank score of observed mean expression,0.6507311586051744,predictions/v2_native/C3_LO_gene__scFoundation__C3_true_lo_gene_10__mccutcheon_CRISPRi.npz,results/_paper/program_observations/T3__mccutcheon_CRISPRi.npz
T3,mccutcheon_CRISPRi,scFoundation,native,Treg_exhaustion,2,5,ENTPD1;FOXP3;IL2RA;LAG3;TIGIT,,constant observed rank-program score,0.1045547822968941,0.0,0.0,,0.0,rank score of observed mean expression,0.9983127109111362,predictions/v2_native/C3_LO_gene__scFoundation__C3_true_lo_gene_10__mccutcheon_CRISPRi.npz,results/_paper/program_observations/T3__mccutcheon_CRISPRi.npz
T3,schmidt,scFoundation,native,TCR_activation,7,6,CD28;IL2RA;IRF4;NFKBIA;TNFRSF4;TNFRSF9,,constant observed rank-program score,0.0807274818352242,0.0,0.0,,0.0,rank score of observed mean expression,0.7271745002701242,predictions/v2_native/C3_LO_gene__scFoundation__C3_true_lo_gene_10__schmidt.npz,results/_paper/program_observations/T3__schmidt.npz
T3,schmidt,scFoundation,native,IL2_STAT5,7,8,BCL2;CISH;IL2;IL2RA;IL2RB;IL2RG;SOCS1;STAT5B,,constant observed rank-program score,0.0807274818352242,0.0,0.0,,0.0,rank score of observed mean expression,0.6861156131820637,predictions/v2_native/C3_LO_gene__scFoundation__C3_true_lo_gene_10__schmidt.npz,results/_paper/program_observations/T3__schmidt.npz
T3,schmidt,scFoundation,native,proliferation,7,8,CCNB1;CDK1;CENPF;MKI67;PCNA;STMN1;TOP2A;TYMS,,constant observed rank-program score,0.0807274818352242,0.0,0.0,,0.0,rank score of observed mean expression,0.833063209076175,predictions/v2_native/C3_LO_gene__scFoundation__C3_true_lo_gene_10__schmidt.npz,results/_paper/program_observations/T3__schmidt.npz
T3,schmidt,scFoundation,native,effector_cytokine,7,8,CCL4;CCL5;GNLY;GZMA;GZMB;IFNG;NKG7;TBX21,,constant observed rank-program score,0.0807274818352242,0.0,0.0,,0.0,rank score of observed mean expression,0.5678011885467315,predictions/v2_native/C3_LO_gene__scFoundation__C3_true_lo_gene_10__schmidt.npz,results/_paper/program_observations/T3__schmidt.npz
T3,schmidt,scFoundation,native,Treg_exhaustion,7,3,HAVCR2;IL2RA;LAG3,,constant observed rank-program score,0.0807274818352242,0.0,0.0,,0.0,rank score of observed mean expression,0.7428417071853053,predictions/v2_native/C3_LO_gene__scFoundation__C3_true_lo_gene_10__schmidt.npz,results/_paper/program_observations/T3__schmidt.npz
T3,shifrut,scFoundation,native,TCR_activation,2,4,IL2RA;NFKBIA;REL;TNFRSF9,,constant observed rank-program score,-0.0107241486815058,0.0,0.0,,0.0,rank score of observed mean expression,0.9330413016270338,predictions/v2_native/C3_LO_gene__scFoundation__C3_true_lo_gene_10__shifrut.npz,results/_paper/program_observations/T3__shifrut.npz
T3,shifrut,scFoundation,native,IL2_STAT5,2,4,IL2RA;IL2RG;MYC;SOCS1,,constant observed rank-program score,-0.0107241486815058,0.0,0.0,,0.0,rank score of observed mean expression,0.7984981226533167,predictions/v2_native/C3_LO_gene__scFoundation__C3_true_lo_gene_10__shifrut.npz,results/_paper/program_observations/T3__shifrut.npz
T3,shifrut,scFoundation,native,proliferation,2,8,BIRC5;CENPF;MKI67;PCNA;STMN1;TOP2A;TYMS;UBE2C,,constant observed rank-program score,-0.0107241486815058,0.0,0.0,,0.0,rank score of observed mean expression,0.727784730913642,predictions/v2_native/C3_LO_gene__scFoundation__C3_true_lo_gene_10__shifrut.npz,results/_paper/program_observations/T3__shifrut.npz
T3,shifrut,scFoundation,native,effector_cytokine,2,7,CCL4;CCL5;GNLY;GZMA;GZMB;NKG7;PRF1,,constant observed rank-program score,-0.0107241486815058,0.0,0.0,,0.0,rank score of observed mean expression,0.3141426783479349,predictions/v2_native/C3_LO_gene__scFoundation__C3_true_lo_gene_10__shifrut.npz,results/_paper/program_observations/T3__shifrut.npz
T3,shifrut,scFoundation,native,Treg_exhaustion,2,5,ENTPD1;HAVCR2;IL2RA;LAG3;PDCD1,,constant observed rank-program score,-0.0107241486815058,0.0,0.0,,0.0,rank score of observed mean expression,0.9374217772215269,predictions/v2_native/C3_LO_gene__scFoundation__C3_true_lo_gene_10__shifrut.npz,results/_paper/program_observations/T3__shifrut.npz
T3,chen,scGPT,native,TCR_activation,30,9,CD69;EGR2;IL2RA;IRF4;NFKBIA;NR4A3;REL;TNFRSF4;TNFRSF9,0.08866214535404918,estimable (descriptive),0.3876211829423824,0.00441968411560779,0.0010501812502783548,0.9999999999999998,0.0,rank score of observed mean expression,0.2209696261682243,predictions/C3/C3_LO_gene__scGPT__C3_true_lo_gene_10__chen.npz,results/_paper/program_observations/T3__chen.npz
T3,chen,scGPT,native,IL2_STAT5,30,9,BCL2;CISH;IL2;IL2RA;IL2RB;IL2RG;SOCS1;STAT5A;STAT5B,,constant predicted rank-program score,0.3876211829423824,0.0023610929556309957,1.3877787807814457e-17,1.0,0.0,rank score of observed mean expression,0.31007593457943927,predictions/C3/C3_LO_gene__scGPT__C3_true_lo_gene_10__chen.npz,results/_paper/program_observations/T3__chen.npz
T3,chen,scGPT,native,proliferation,30,8,BIRC5;CENPF;MKI67;PCNA;STMN1;TOP2A;TYMS;UBE2C,,constant observed rank-program score,0.3876211829423824,0.0,0.0,,0.0,rank score of observed mean expression,0.8527745327102804,predictions/C3/C3_LO_gene__scGPT__C3_true_lo_gene_10__chen.npz,results/_paper/program_observations/T3__chen.npz
T3,chen,scGPT,native,effector_cytokine,30,4,CCL5;GZMB;NKG7;TNF,,constant observed rank-program score,0.3876211829423824,0.0,0.0,,0.0,rank score of observed mean expression,0.6102219626168224,predictions/C3/C3_LO_gene__scGPT__C3_true_lo_gene_10__chen.npz,results/_paper/program_observations/T3__chen.npz
T3,chen,scGPT,native,Treg_exhaustion,30,6,CTLA4;FOXP3;IL2RA;LAG3;PDCD1;TNFRSF18,0.3919915058318678,estimable (descriptive),0.3876211829423824,0.014128598088650454,0.0029402485827553847,1.0,0.0,rank score of observed mean expression,0.17333528037383178,predictions/C3/C3_LO_gene__scGPT__C3_true_lo_gene_10__chen.npz,results/_paper/program_observations/T3__chen.npz
T3,mccutcheon_CRISPRa,scGPT,native,TCR_activation,2,3,IL2RA;NFKBIA;NR4A1,,constant observed rank-program score,0.3340238455479416,0.0,0.0,,0.0,rank score of observed mean expression,0.99606962380685,predictions/C3/C3_LO_gene__scGPT__C3_true_lo_gene_10__mccutcheon_CRISPRa.npz,results/_paper/program_observations/T3__mccutcheon_CRISPRa.npz
T3,mccutcheon_CRISPRa,scGPT,native,IL2_STAT5,2,6,BCL2;CISH;IL2RA;IL2RB;IL2RG;SOCS1,,constant observed rank-program score,0.3340238455479416,0.0,0.0,,0.0,rank score of observed mean expression,0.9696799550814149,predictions/C3/C3_LO_gene__scGPT__C3_true_lo_gene_10__mccutcheon_CRISPRa.npz,results/_paper/program_observations/T3__mccutcheon_CRISPRa.npz
T3,mccutcheon_CRISPRa,scGPT,native,proliferation,2,11,BIRC5;CCNB1;CCNB2;CDK1;CENPF;MKI67;PCNA;STMN1;TOP2A;TYMS;UBE2C,,constant observed rank-program score,0.3340238455479416,0.0,0.0,,0.0,rank score of observed mean expression,0.5727119595732735,predictions/C3/C3_LO_gene__scGPT__C3_true_lo_gene_10__mccutcheon_CRISPRa.npz,results/_paper/program_observations/T3__mccutcheon_CRISPRa.npz
T3,mccutcheon_CRISPRa,scGPT,native,effector_cytokine,2,6,CCL5;GNLY;GZMA;GZMB;NKG7;PRF1,,constant observed rank-program score,0.3340238455479416,0.0,0.0,,0.0,rank score of observed mean expression,0.6193149915777653,predictions/C3/C3_LO_gene__scGPT__C3_true_lo_gene_10__mccutcheon_CRISPRa.npz,results/_paper/program_observations/T3__mccutcheon_CRISPRa.npz
T3,mccutcheon_CRISPRa,scGPT,native,Treg_exhaustion,2,5,ENTPD1;FOXP3;IL2RA;LAG3;TIGIT,,constant observed rank-program score,0.3340238455479416,0.0,0.0,,0.0,rank score of observed mean expression,0.9938236945536215,predictions/C3/C3_LO_gene__scGPT__C3_true_lo_gene_10__mccutcheon_CRISPRa.npz,results/_paper/program_observations/T3__mccutcheon_CRISPRa.npz
T3,mccutcheon_CRISPRi,scGPT,native,TCR_activation,2,3,IL2RA;NFKBIA;NR4A1,,constant observed rank-program score,0.0038209638484298,0.0,0.0,,0.0,rank score of observed mean expression,0.9966254218222722,predictions/C3/C3_LO_gene__scGPT__C3_true_lo_gene_10__mccutcheon_CRISPRi.npz,results/_paper/program_observations/T3__mccutcheon_CRISPRi.npz
T3,mccutcheon_CRISPRi,scGPT,native,IL2_STAT5,2,5,CISH;IL2RA;IL2RB;IL2RG;SOCS1,,constant observed rank-program score,0.0038209638484298,0.0,0.0,,0.0,rank score of observed mean expression,0.9820022497187851,predictions/C3/C3_LO_gene__scGPT__C3_true_lo_gene_10__mccutcheon_CRISPRi.npz,results/_paper/program_observations/T3__mccutcheon_CRISPRi.npz
T3,mccutcheon_CRISPRi,scGPT,native,proliferation,2,11,BIRC5;CCNB1;CCNB2;CDK1;CENPF;MKI67;PCNA;STMN1;TOP2A;TYMS;UBE2C,,constant observed rank-program score,0.0038209638484298,0.0,0.0,,0.0,rank score of observed mean expression,0.6051743532058492,predictions/C3/C3_LO_gene__scGPT__C3_true_lo_gene_10__mccutcheon_CRISPRi.npz,results/_paper/program_observations/T3__mccutcheon_CRISPRi.npz
T3,mccutcheon_CRISPRi,scGPT,native,effector_cytokine,2,6,CCL5;GNLY;GZMA;GZMB;NKG7;PRF1,,constant observed rank-program score,0.0038209638484298,0.0,0.0,,0.0,rank score of observed mean expression,0.6507311586051744,predictions/C3/C3_LO_gene__scGPT__C3_true_lo_gene_10__mccutcheon_CRISPRi.npz,results/_paper/program_observations/T3__mccutcheon_CRISPRi.npz
T3,mccutcheon_CRISPRi,scGPT,native,Treg_exhaustion,2,5,ENTPD1;FOXP3;IL2RA;LAG3;TIGIT,,constant observed rank-program score,0.0038209638484298,0.0,0.0,,0.0,rank score of observed mean expression,0.9983127109111362,predictions/C3/C3_LO_gene__scGPT__C3_true_lo_gene_10__mccutcheon_CRISPRi.npz,results/_paper/program_observations/T3__mccutcheon_CRISPRi.npz
T3,schmidt,scGPT,native,TCR_activation,7,6,CD28;IL2RA;IRF4;NFKBIA;TNFRSF4;TNFRSF9,,constant observed rank-program score,0.2916060660764714,0.0,0.0,,0.0,rank score of observed mean expression,0.7271745002701242,predictions/C3/C3_LO_gene__scGPT__C3_true_lo_gene_10__schmidt.npz,results/_paper/program_observations/T3__schmidt.npz
T3,schmidt,scGPT,native,IL2_STAT5,7,8,BCL2;CISH;IL2;IL2RA;IL2RB;IL2RG;SOCS1;STAT5B,,constant observed rank-program score,0.2916060660764714,0.0,0.0,,0.0,rank score of observed mean expression,0.6861156131820637,predictions/C3/C3_LO_gene__scGPT__C3_true_lo_gene_10__schmidt.npz,results/_paper/program_observations/T3__schmidt.npz
T3,schmidt,scGPT,native,proliferation,7,8,CCNB1;CDK1;CENPF;MKI67;PCNA;STMN1;TOP2A;TYMS,,constant observed rank-program score,0.2916060660764714,0.0,0.0,,0.0,rank score of observed mean expression,0.833063209076175,predictions/C3/C3_LO_gene__scGPT__C3_true_lo_gene_10__schmidt.npz,results/_paper/program_observations/T3__schmidt.npz
T3,schmidt,scGPT,native,effector_cytokine,7,8,CCL4;CCL5;GNLY;GZMA;GZMB;IFNG;NKG7;TBX21,,constant observed rank-program score,0.2916060660764714,0.0,0.0,,0.0,rank score of observed mean expression,0.5678011885467315,predictions/C3/C3_LO_gene__scGPT__C3_true_lo_gene_10__schmidt.npz,results/_paper/program_observations/T3__schmidt.npz
T3,schmidt,scGPT,native,Treg_exhaustion,7,3,HAVCR2;IL2RA;LAG3,,constant observed rank-program score,0.2916060660764714,0.0,0.0,,0.0,rank score of observed mean expression,0.7428417071853053,predictions/C3/C3_LO_gene__scGPT__C3_true_lo_gene_10__schmidt.npz,results/_paper/program_observations/T3__schmidt.npz
T3,shifrut,scGPT,native,TCR_activation,2,4,IL2RA;NFKBIA;REL;TNFRSF9,,constant observed rank-program score,-0.1729715559749393,0.0,0.0,,0.0,rank score of observed mean expression,0.9330413016270338,predictions/C3/C3_LO_gene__scGPT__C3_true_lo_gene_10__shifrut.npz,results/_paper/program_observations/T3__shifrut.npz
T3,shifrut,scGPT,native,IL2_STAT5,2,4,IL2RA;IL2RG;MYC;SOCS1,,constant observed rank-program score,-0.1729715559749393,0.0,0.0,,0.0,rank score of observed mean expression,0.7984981226533167,predictions/C3/C3_LO_gene__scGPT__C3_true_lo_gene_10__shifrut.npz,results/_paper/program_observations/T3__shifrut.npz
T3,shifrut,scGPT,native,proliferation,2,8,BIRC5;CENPF;MKI67;PCNA;STMN1;TOP2A;TYMS;UBE2C,,constant observed rank-program score,-0.1729715559749393,0.0,0.0,,0.0,rank score of observed mean expression,0.727784730913642,predictions/C3/C3_LO_gene__scGPT__C3_true_lo_gene_10__shifrut.npz,results/_paper/program_observations/T3__shifrut.npz
T3,shifrut,scGPT,native,effector_cytokine,2,7,CCL4;CCL5;GNLY;GZMA;GZMB;NKG7;PRF1,,constant observed rank-program score,-0.1729715559749393,0.0,0.0014285714285714318,,0.0,rank score of observed mean expression,0.3141426783479349,predictions/C3/C3_LO_gene__scGPT__C3_true_lo_gene_10__shifrut.npz,results/_paper/program_observations/T3__shifrut.npz
T3,shifrut,scGPT,native,Treg_exhaustion,2,5,ENTPD1;HAVCR2;IL2RA;LAG3;PDCD1,,constant observed rank-program score,-0.1729715559749393,0.0,0.0,,0.0,rank score of observed mean expression,0.9374217772215269,predictions/C3/C3_LO_gene__scGPT__C3_true_lo_gene_10__shifrut.npz,results/_paper/program_observations/T3__shifrut.npz
T5c,B,CPA,native,type_I_IFN,141,20,BST2;HERC5;IFI44L;IFI6;IFIT1;IFIT2;IFIT3;IFITM1;IFITM3;IRF7;ISG15;ISG20;LY6E;MX1;MX2;OAS1;OAS2;STAT1;STAT2;XAF1,,constant predicted rank-program score,0.110743505348698,0.041509444433335006,0.0,1.0,0.0,rank score of observed mean expression,0.2066542288557214,predictions/v2_native/C5_LOCT__CPA__C5_loct_B.npz,results/_paper/program_observations/T5c__B.npz
T5c,B,CPA,native,inflammatory_NFkB,141,7,BIRC3;IER3;NFKB1;NFKBIA;REL;SOD2;TNFAIP3,,constant predicted rank-program score,0.110743505348698,0.009843655870432054,0.0,0.9999999999999998,0.0,rank score of observed mean expression,0.766728855721393,predictions/v2_native/C5_LOCT__CPA__C5_loct_B.npz,results/_paper/program_observations/T5c__B.npz
T5c,B,CPA,native,effector_lymphocyte,141,11,CCL3;CCL4;CCL5;CD69;CST7;GNLY;GZMA;GZMB;KLRD1;NKG7;PRF1,,constant observed rank-program score,0.110743505348698,0.0,0.0,,0.0,rank score of observed mean expression,0.9657960199004975,predictions/v2_native/C5_LOCT__CPA__C5_loct_B.npz,results/_paper/program_observations/T5c__B.npz
T5c,Mono,CPA,native,type_I_IFN,140,20,BST2;HERC5;IFI44L;IFI6;IFIT1;IFIT2;IFIT3;IFITM1;IFITM3;IRF7;ISG15;ISG20;LY6E;MX1;MX2;OAS1;OAS2;STAT1;STAT2;XAF1,0.04837356864489178,estimable (descriptive),-0.016325189831306,0.02218947971909395,0.001987110891187896,1.0,0.0,rank score of observed mean expression,0.22122432807237669,predictions/v2_native/C5_LOCT__CPA__C5_loct_Mono.npz,results/_paper/program_observations/T5c__Mono.npz
T5c,Mono,CPA,native,inflammatory_NFkB,140,7,BIRC3;IER3;NFKB1;NFKBIA;REL;SOD2;TNFAIP3,,constant predicted rank-program score,-0.016325189831306,0.040546879763539566,0.0,1.0,0.0,rank score of observed mean expression,0.469061612626296,predictions/v2_native/C5_LOCT__CPA__C5_loct_Mono.npz,results/_paper/program_observations/T5c__Mono.npz
T5c,Mono,CPA,native,effector_lymphocyte,140,11,CCL3;CCL4;CCL5;CD69;CST7;GNLY;GZMA;GZMB;KLRD1;NKG7;PRF1,,constant predicted rank-program score,-0.016325189831306,0.007736213860229866,0.0,1.0,0.0,rank score of observed mean expression,0.8686521825265799,predictions/v2_native/C5_LOCT__CPA__C5_loct_Mono.npz,results/_paper/program_observations/T5c__Mono.npz
T5c,NK,CPA,native,type_I_IFN,141,20,BST2;HERC5;IFI44L;IFI6;IFIT1;IFIT2;IFIT3;IFITM1;IFITM3;IRF7;ISG15;ISG20;LY6E;MX1;MX2;OAS1;OAS2;STAT1;STAT2;XAF1,,constant predicted rank-program score,0.1040326124579465,0.04827082172251798,0.0,0.9999999999999999,0.0,rank score of observed mean expression,0.41823341610500175,predictions/v2_native/C5_LOCT__CPA__C5_loct_NK.npz,results/_paper/program_observations/T5c__NK.npz
T5c,NK,CPA,native,inflammatory_NFkB,141,7,BIRC3;IER3;NFKB1;NFKBIA;REL;SOD2;TNFAIP3,,constant predicted rank-program score,0.1040326124579465,0.013882072690286941,0.0,0.9999999999999999,0.0,rank score of observed mean expression,0.8240510819439517,predictions/v2_native/C5_LOCT__CPA__C5_loct_NK.npz,results/_paper/program_observations/T5c__NK.npz
T5c,NK,CPA,native,effector_lymphocyte,141,11,CCL3;CCL4;CCL5;CD69;CST7;GNLY;GZMA;GZMB;KLRD1;NKG7;PRF1,0.06913457564009359,estimable (descriptive),0.1040326124579465,0.06637406841630467,0.004763049274465714,0.9999999999999998,0.0,rank score of observed mean expression,0.00021284143313231643,predictions/v2_native/C5_LOCT__CPA__C5_loct_NK.npz,results/_paper/program_observations/T5c__NK.npz
T5c,T_cells,CPA,native,type_I_IFN,141,20,BST2;HERC5;IFI44L;IFI6;IFIT1;IFIT2;IFIT3;IFITM1;IFITM3;IRF7;ISG15;ISG20;LY6E;MX1;MX2;OAS1;OAS2;STAT1;STAT2;XAF1,0.0718371181586078,estimable (descriptive),0.0439848037492369,0.026511883862075914,0.0014810134146487324,1.0,0.0,rank score of observed mean expression,0.5204702793029362,predictions/v2_native/C5_LOCT__CPA__C5_loct_T_cells.npz,results/_paper/program_observations/T5c__T_cells.npz
T5c,T_cells,CPA,native,inflammatory_NFkB,141,7,BIRC3;IER3;NFKB1;NFKBIA;REL;SOD2;TNFAIP3,,constant observed rank-program score,0.0439848037492369,0.0,0.0,,0.0,rank score of observed mean expression,0.8765218429219385,predictions/v2_native/C5_LOCT__CPA__C5_loct_T_cells.npz,results/_paper/program_observations/T5c__T_cells.npz
T5c,T_cells,CPA,native,effector_lymphocyte,141,11,CCL3;CCL4;CCL5;CD69;CST7;GNLY;GZMA;GZMB;KLRD1;NKG7;PRF1,,constant observed rank-program score,0.0439848037492369,0.0,0.025130933884225565,,0.0,rank score of observed mean expression,0.6610169491525424,predictions/v2_native/C5_LOCT__CPA__C5_loct_T_cells.npz,results/_paper/program_observations/T5c__T_cells.npz
T5c,B,CellFlow,native,type_I_IFN,141,20,BST2;HERC5;IFI44L;IFI6;IFIT1;IFIT2;IFIT3;IFITM1;IFITM3;IRF7;ISG15;ISG20;LY6E;MX1;MX2;OAS1;OAS2;STAT1;STAT2;XAF1,0.6949571558971898,estimable (descriptive),0.1003179643741691,0.041509444433335006,0.0071137120513795156,1.0,0.0,rank score of observed mean expression,0.2066542288557214,predictions/C5_LOCT__CellFlow__C5_loct_B.npz,results/_paper/program_observations/T5c__B.npz
T5c,B,CellFlow,native,inflammatory_NFkB,141,7,BIRC3;IER3;NFKB1;NFKBIA;REL;SOD2;TNFAIP3,,constant predicted rank-program score,0.1003179643741691,0.009843655870432054,0.0,0.9999999999999998,0.0,rank score of observed mean expression,0.766728855721393,predictions/C5_LOCT__CellFlow__C5_loct_B.npz,results/_paper/program_observations/T5c__B.npz
T5c,B,CellFlow,native,effector_lymphocyte,141,11,CCL3;CCL4;CCL5;CD69;CST7;GNLY;GZMA;GZMB;KLRD1;NKG7;PRF1,,constant observed rank-program score,0.1003179643741691,0.0,0.0,,0.0,rank score of observed mean expression,0.9657960199004975,predictions/C5_LOCT__CellFlow__C5_loct_B.npz,results/_paper/program_observations/T5c__B.npz
T5c,Mono,CellFlow,native,type_I_IFN,140,20,BST2;HERC5;IFI44L;IFI6;IFIT1;IFIT2;IFIT3;IFITM1;IFITM3;IRF7;ISG15;ISG20;LY6E;MX1;MX2;OAS1;OAS2;STAT1;STAT2;XAF1,0.5095991507916044,estimable (descriptive),0.0685894463053624,0.02218947971909395,0.01910351233866352,1.0,0.0,rank score of observed mean expression,0.22122432807237669,predictions/C5_LOCT__CellFlow__C5_loct_Mono.npz,results/_paper/program_observations/T5c__Mono.npz
T5c,Mono,CellFlow,native,inflammatory_NFkB,140,7,BIRC3;IER3;NFKB1;NFKBIA;REL;SOD2;TNFAIP3,,constant predicted rank-program score,0.0685894463053624,0.040546879763539566,0.0,1.0,0.0,rank score of observed mean expression,0.469061612626296,predictions/C5_LOCT__CellFlow__C5_loct_Mono.npz,results/_paper/program_observations/T5c__Mono.npz
T5c,Mono,CellFlow,native,effector_lymphocyte,140,11,CCL3;CCL4;CCL5;CD69;CST7;GNLY;GZMA;GZMB;KLRD1;NKG7;PRF1,,constant predicted rank-program score,0.0685894463053624,0.007736213860229866,0.0,1.0,0.0,rank score of observed mean expression,0.8686521825265799,predictions/C5_LOCT__CellFlow__C5_loct_Mono.npz,results/_paper/program_observations/T5c__Mono.npz
T5c,NK,CellFlow,native,type_I_IFN,141,20,BST2;HERC5;IFI44L;IFI6;IFIT1;IFIT2;IFIT3;IFITM1;IFITM3;IRF7;ISG15;ISG20;LY6E;MX1;MX2;OAS1;OAS2;STAT1;STAT2;XAF1,0.749656686831028,estimable (descriptive),0.0927968175630365,0.04827082172251798,0.01351250336152471,0.9999999999999999,0.0,rank score of observed mean expression,0.41823341610500175,predictions/C5_LOCT__CellFlow__C5_loct_NK.npz,results/_paper/program_observations/T5c__NK.npz
T5c,NK,CellFlow,native,inflammatory_NFkB,141,7,BIRC3;IER3;NFKB1;NFKBIA;REL;SOD2;TNFAIP3,,constant predicted rank-program score,0.0927968175630365,0.013882072690286941,0.0,0.9999999999999999,0.0,rank score of observed mean expression,0.8240510819439517,predictions/C5_LOCT__CellFlow__C5_loct_NK.npz,results/_paper/program_observations/T5c__NK.npz
T5c,NK,CellFlow,native,effector_lymphocyte,141,11,CCL3;CCL4;CCL5;CD69;CST7;GNLY;GZMA;GZMB;KLRD1;NKG7;PRF1,-0.2922492554886697,estimable (descriptive),0.0927968175630365,0.06637406841630467,0.013883730924620717,0.9999999999999998,0.0,rank score of observed mean expression,0.00021284143313231643,predictions/C5_LOCT__CellFlow__C5_loct_NK.npz,results/_paper/program_observations/T5c__NK.npz
T5c,T_cells,CellFlow,native,type_I_IFN,141,20,BST2;HERC5;IFI44L;IFI6;IFIT1;IFIT2;IFIT3;IFITM1;IFITM3;IRF7;ISG15;ISG20;LY6E;MX1;MX2;OAS1;OAS2;STAT1;STAT2;XAF1,0.6481539024381376,estimable (descriptive),0.1535776167057018,0.026511883862075914,0.015130360054622826,1.0,0.0,rank score of observed mean expression,0.5204702793029362,predictions/C5_LOCT__CellFlow__C5_loct_T_cells.npz,results/_paper/program_observations/T5c__T_cells.npz
T5c,T_cells,CellFlow,native,inflammatory_NFkB,141,7,BIRC3;IER3;NFKB1;NFKBIA;REL;SOD2;TNFAIP3,,constant observed rank-program score,0.1535776167057018,0.0,0.0,,0.0,rank score of observed mean expression,0.8765218429219385,predictions/C5_LOCT__CellFlow__C5_loct_T_cells.npz,results/_paper/program_observations/T5c__T_cells.npz
T5c,T_cells,CellFlow,native,effector_lymphocyte,141,11,CCL3;CCL4;CCL5;CD69;CST7;GNLY;GZMA;GZMB;KLRD1;NKG7;PRF1,,constant observed rank-program score,0.1535776167057018,0.0,0.044284236823861144,,0.0,rank score of observed mean expression,0.6610169491525424,predictions/C5_LOCT__CellFlow__C5_loct_T_cells.npz,results/_paper/program_observations/T5c__T_cells.npz
T5c,B,CellOT,native,type_I_IFN,141,20,BST2;HERC5;IFI44L;IFI6;IFIT1;IFIT2;IFIT3;IFITM1;IFITM3;IRF7;ISG15;ISG20;LY6E;MX1;MX2;OAS1;OAS2;STAT1;STAT2;XAF1,0.756907079307584,estimable (descriptive),0.1480183165623989,0.041509444433335006,0.052707727345289106,1.0,0.0,rank score of observed mean expression,0.2066542288557214,predictions/v2_native/C5_LOCT__CellOT__C5_loct_B.npz,results/_paper/program_observations/T5c__B.npz
T5c,B,CellOT,native,inflammatory_NFkB,141,7,BIRC3;IER3;NFKB1;NFKBIA;REL;SOD2;TNFAIP3,,constant predicted rank-program score,0.1480183165623989,0.009843655870432054,0.0,0.9999999999999998,0.0,rank score of observed mean expression,0.766728855721393,predictions/v2_native/C5_LOCT__CellOT__C5_loct_B.npz,results/_paper/program_observations/T5c__B.npz
T5c,B,CellOT,native,effector_lymphocyte,141,11,CCL3;CCL4;CCL5;CD69;CST7;GNLY;GZMA;GZMB;KLRD1;NKG7;PRF1,,constant observed rank-program score,0.1480183165623989,0.0,0.0,,0.0,rank score of observed mean expression,0.9657960199004975,predictions/v2_native/C5_LOCT__CellOT__C5_loct_B.npz,results/_paper/program_observations/T5c__B.npz
T5c,Mono,CellOT,native,type_I_IFN,140,20,BST2;HERC5;IFI44L;IFI6;IFIT1;IFIT2;IFIT3;IFITM1;IFITM3;IRF7;ISG15;ISG20;LY6E;MX1;MX2;OAS1;OAS2;STAT1;STAT2;XAF1,0.2708161237465446,estimable (descriptive),0.1450438034008518,0.02218947971909395,0.09330364381405257,1.0,0.0,rank score of observed mean expression,0.22122432807237669,predictions/v2_native/C5_LOCT__CellOT__C5_loct_Mono.npz,results/_paper/program_observations/T5c__Mono.npz
T5c,Mono,CellOT,native,inflammatory_NFkB,140,7,BIRC3;IER3;NFKB1;NFKBIA;REL;SOD2;TNFAIP3,0.4363801597586377,estimable (descriptive),0.1450438034008518,0.040546879763539566,0.024356704680446047,1.0,0.0,rank score of observed mean expression,0.469061612626296,predictions/v2_native/C5_LOCT__CellOT__C5_loct_Mono.npz,results/_paper/program_observations/T5c__Mono.npz
T5c,Mono,CellOT,native,effector_lymphocyte,140,11,CCL3;CCL4;CCL5;CD69;CST7;GNLY;GZMA;GZMB;KLRD1;NKG7;PRF1,,constant predicted rank-program score,0.1450438034008518,0.007736213860229866,0.0,1.0,0.0,rank score of observed mean expression,0.8686521825265799,predictions/v2_native/C5_LOCT__CellOT__C5_loct_Mono.npz,results/_paper/program_observations/T5c__Mono.npz
T5c,NK,CellOT,native,type_I_IFN,141,20,BST2;HERC5;IFI44L;IFI6;IFIT1;IFIT2;IFIT3;IFITM1;IFITM3;IRF7;ISG15;ISG20;LY6E;MX1;MX2;OAS1;OAS2;STAT1;STAT2;XAF1,0.7015768867872613,estimable (descriptive),0.2557348337195982,0.04827082172251798,0.022691675283164563,0.9999999999999999,0.0,rank score of observed mean expression,0.41823341610500175,predictions/v2_native/C5_LOCT__CellOT__C5_loct_NK.npz,results/_paper/program_observations/T5c__NK.npz
T5c,NK,CellOT,native,inflammatory_NFkB,141,7,BIRC3;IER3;NFKB1;NFKBIA;REL;SOD2;TNFAIP3,0.5529251738963445,estimable (descriptive),0.2557348337195982,0.013882072690286941,0.006473521951112042,0.9999999999999999,0.0,rank score of observed mean expression,0.8240510819439517,predictions/v2_native/C5_LOCT__CellOT__C5_loct_NK.npz,results/_paper/program_observations/T5c__NK.npz
T5c,NK,CellOT,native,effector_lymphocyte,141,11,CCL3;CCL4;CCL5;CD69;CST7;GNLY;GZMA;GZMB;KLRD1;NKG7;PRF1,0.728522120534288,estimable (descriptive),0.2557348337195982,0.06637406841630467,0.11658173799162104,0.9999999999999998,0.0,rank score of observed mean expression,0.00021284143313231643,predictions/v2_native/C5_LOCT__CellOT__C5_loct_NK.npz,results/_paper/program_observations/T5c__NK.npz
T5c,T_cells,CellOT,native,type_I_IFN,141,20,BST2;HERC5;IFI44L;IFI6;IFIT1;IFIT2;IFIT3;IFITM1;IFITM3;IRF7;ISG15;ISG20;LY6E;MX1;MX2;OAS1;OAS2;STAT1;STAT2;XAF1,0.7586226401491519,estimable (descriptive),0.2257208651143133,0.026511883862075914,0.04060371797489287,1.0,0.0,rank score of observed mean expression,0.5204702793029362,predictions/v2_native/C5_LOCT__CellOT__C5_loct_T_cells.npz,results/_paper/program_observations/T5c__T_cells.npz
T5c,T_cells,CellOT,native,inflammatory_NFkB,141,7,BIRC3;IER3;NFKB1;NFKBIA;REL;SOD2;TNFAIP3,,constant observed rank-program score,0.2257208651143133,0.0,0.005286909583854832,,0.0,rank score of observed mean expression,0.8765218429219385,predictions/v2_native/C5_LOCT__CellOT__C5_loct_T_cells.npz,results/_paper/program_observations/T5c__T_cells.npz
T5c,T_cells,CellOT,native,effector_lymphocyte,141,11,CCL3;CCL4;CCL5;CD69;CST7;GNLY;GZMA;GZMB;KLRD1;NKG7;PRF1,,constant observed rank-program score,0.2257208651143133,0.0,0.08883596369357191,,0.0,rank score of observed mean expression,0.6610169491525424,predictions/v2_native/C5_LOCT__CellOT__C5_loct_T_cells.npz,results/_paper/program_observations/T5c__T_cells.npz
T5c,B,FP-ridge,diagnostic,type_I_IFN,141,20,BST2;HERC5;IFI44L;IFI6;IFIT1;IFIT2;IFIT3;IFITM1;IFITM3;IRF7;ISG15;ISG20;LY6E;MX1;MX2;OAS1;OAS2;STAT1;STAT2;XAF1,0.8746909686764918,estimable (descriptive),0.415576802802324,0.041509444433335006,0.023050291316645093,1.0,0.0,rank score of observed mean expression,0.2066542288557214,predictions/C5/C1_LOCT__FP-ridge__C5_loct_B.npz,results/_paper/program_observations/T5c__B.npz
T5c,B,FP-ridge,diagnostic,inflammatory_NFkB,141,7,BIRC3;IER3;NFKB1;NFKBIA;REL;SOD2;TNFAIP3,-0.015253236597472476,estimable (descriptive),0.415576802802324,0.009843655870432054,0.004350883315474705,0.9999999999999998,0.0,rank score of observed mean expression,0.766728855721393,predictions/C5/C1_LOCT__FP-ridge__C5_loct_B.npz,results/_paper/program_observations/T5c__B.npz
T5c,B,FP-ridge,diagnostic,effector_lymphocyte,141,11,CCL3;CCL4;CCL5;CD69;CST7;GNLY;GZMA;GZMB;KLRD1;NKG7;PRF1,,constant observed rank-program score,0.415576802802324,0.0,0.0,,0.0,rank score of observed mean expression,0.9657960199004975,predictions/C5/C1_LOCT__FP-ridge__C5_loct_B.npz,results/_paper/program_observations/T5c__B.npz
T5c,Mono,FP-ridge,diagnostic,type_I_IFN,140,20,BST2;HERC5;IFI44L;IFI6;IFIT1;IFIT2;IFIT3;IFITM1;IFITM3;IRF7;ISG15;ISG20;LY6E;MX1;MX2;OAS1;OAS2;STAT1;STAT2;XAF1,0.6495684835527173,estimable (descriptive),0.3057086856759901,0.02218947971909395,0.029515936546280916,1.0,0.0,rank score of observed mean expression,0.22122432807237669,predictions/C5/C1_LOCT__FP-ridge__C5_loct_Mono.npz,results/_paper/program_observations/T5c__Mono.npz
T5c,Mono,FP-ridge,diagnostic,inflammatory_NFkB,140,7,BIRC3;IER3;NFKB1;NFKBIA;REL;SOD2;TNFAIP3,0.5680895682340457,estimable (descriptive),0.3057086856759901,0.040546879763539566,0.016273059760511525,1.0,0.0,rank score of observed mean expression,0.469061612626296,predictions/C5/C1_LOCT__FP-ridge__C5_loct_Mono.npz,results/_paper/program_observations/T5c__Mono.npz
T5c,Mono,FP-ridge,diagnostic,effector_lymphocyte,140,11,CCL3;CCL4;CCL5;CD69;CST7;GNLY;GZMA;GZMB;KLRD1;NKG7;PRF1,,constant predicted rank-program score,0.3057086856759901,0.007736213860229866,0.0,1.0,0.0,rank score of observed mean expression,0.8686521825265799,predictions/C5/C1_LOCT__FP-ridge__C5_loct_Mono.npz,results/_paper/program_observations/T5c__Mono.npz
T5c,NK,FP-ridge,diagnostic,type_I_IFN,141,20,BST2;HERC5;IFI44L;IFI6;IFIT1;IFIT2;IFIT3;IFITM1;IFITM3;IRF7;ISG15;ISG20;LY6E;MX1;MX2;OAS1;OAS2;STAT1;STAT2;XAF1,0.8188465466296819,estimable (descriptive),0.3898076443662576,0.04827082172251798,0.022087881936578783,0.9999999999999999,0.0,rank score of observed mean expression,0.41823341610500175,predictions/C5/C1_LOCT__FP-ridge__C5_loct_NK.npz,results/_paper/program_observations/T5c__NK.npz
T5c,NK,FP-ridge,diagnostic,inflammatory_NFkB,141,7,BIRC3;IER3;NFKB1;NFKBIA;REL;SOD2;TNFAIP3,,constant predicted rank-program score,0.3898076443662576,0.013882072690286941,0.0,0.9999999999999999,0.0,rank score of observed mean expression,0.8240510819439517,predictions/C5/C1_LOCT__FP-ridge__C5_loct_NK.npz,results/_paper/program_observations/T5c__NK.npz
T5c,NK,FP-ridge,diagnostic,effector_lymphocyte,141,11,CCL3;CCL4;CCL5;CD69;CST7;GNLY;GZMA;GZMB;KLRD1;NKG7;PRF1,0.20114589789839785,estimable (descriptive),0.3898076443662576,0.06637406841630467,0.010433756450502839,0.9999999999999998,0.0,rank score of observed mean expression,0.00021284143313231643,predictions/C5/C1_LOCT__FP-ridge__C5_loct_NK.npz,results/_paper/program_observations/T5c__NK.npz
T5c,T_cells,FP-ridge,diagnostic,type_I_IFN,141,20,BST2;HERC5;IFI44L;IFI6;IFIT1;IFIT2;IFIT3;IFITM1;IFITM3;IRF7;ISG15;ISG20;LY6E;MX1;MX2;OAS1;OAS2;STAT1;STAT2;XAF1,0.8966071540089164,estimable (descriptive),0.4387038968031221,0.026511883862075914,0.016828375758595998,1.0,0.0,rank score of observed mean expression,0.5204702793029362,predictions/C5/C1_LOCT__FP-ridge__C5_loct_T_cells.npz,results/_paper/program_observations/T5c__T_cells.npz
T5c,T_cells,FP-ridge,diagnostic,inflammatory_NFkB,141,7,BIRC3;IER3;NFKB1;NFKBIA;REL;SOD2;TNFAIP3,,constant observed rank-program score,0.4387038968031221,0.0,0.0,,0.0,rank score of observed mean expression,0.8765218429219385,predictions/C5/C1_LOCT__FP-ridge__C5_loct_T_cells.npz,results/_paper/program_observations/T5c__T_cells.npz
T5c,T_cells,FP-ridge,diagnostic,effector_lymphocyte,141,11,CCL3;CCL4;CCL5;CD69;CST7;GNLY;GZMA;GZMB;KLRD1;NKG7;PRF1,,constant observed rank-program score,0.4387038968031221,0.0,0.010832795992264933,,0.0,rank score of observed mean expression,0.6610169491525424,predictions/C5/C1_LOCT__FP-ridge__C5_loct_T_cells.npz,results/_paper/program_observations/T5c__T_cells.npz
T5c,B,PRnet,native,type_I_IFN,141,20,BST2;HERC5;IFI44L;IFI6;IFIT1;IFIT2;IFIT3;IFITM1;IFITM3;IRF7;ISG15;ISG20;LY6E;MX1;MX2;OAS1;OAS2;STAT1;STAT2;XAF1,0.5202795337598832,estimable (descriptive),0.1332001936277375,0.041509444433335006,0.04240005453435018,1.0,0.0,rank score of observed mean expression,0.2066542288557214,predictions/C5_LOCT__PRnet__C5_loct_B.npz,results/_paper/program_observations/T5c__B.npz
T5c,B,PRnet,native,inflammatory_NFkB,141,7,BIRC3;IER3;NFKB1;NFKBIA;REL;SOD2;TNFAIP3,,constant predicted rank-program score,0.1332001936277375,0.009843655870432054,0.0,0.9999999999999998,0.0,rank score of observed mean expression,0.766728855721393,predictions/C5_LOCT__PRnet__C5_loct_B.npz,results/_paper/program_observations/T5c__B.npz
T5c,B,PRnet,native,effector_lymphocyte,141,11,CCL3;CCL4;CCL5;CD69;CST7;GNLY;GZMA;GZMB;KLRD1;NKG7;PRF1,,constant observed rank-program score,0.1332001936277375,0.0,0.0,,0.0,rank score of observed mean expression,0.9657960199004975,predictions/C5_LOCT__PRnet__C5_loct_B.npz,results/_paper/program_observations/T5c__B.npz
T5c,Mono,PRnet,native,type_I_IFN,140,20,BST2;HERC5;IFI44L;IFI6;IFIT1;IFIT2;IFIT3;IFITM1;IFITM3;IRF7;ISG15;ISG20;LY6E;MX1;MX2;OAS1;OAS2;STAT1;STAT2;XAF1,0.377242918802664,estimable (descriptive),0.0412066162800147,0.02218947971909395,0.08249647364139456,1.0,0.0,rank score of observed mean expression,0.22122432807237669,predictions/C5_LOCT__PRnet__C5_loct_Mono.npz,results/_paper/program_observations/T5c__Mono.npz
T5c,Mono,PRnet,native,inflammatory_NFkB,140,7,BIRC3;IER3;NFKB1;NFKBIA;REL;SOD2;TNFAIP3,,constant predicted rank-program score,0.0412066162800147,0.040546879763539566,0.0,1.0,0.0,rank score of observed mean expression,0.469061612626296,predictions/C5_LOCT__PRnet__C5_loct_Mono.npz,results/_paper/program_observations/T5c__Mono.npz
T5c,Mono,PRnet,native,effector_lymphocyte,140,11,CCL3;CCL4;CCL5;CD69;CST7;GNLY;GZMA;GZMB;KLRD1;NKG7;PRF1,-0.1379055296071132,estimable (descriptive),0.0412066162800147,0.007736213860229866,0.024873398449211218,1.0,0.0,rank score of observed mean expression,0.8686521825265799,predictions/C5_LOCT__PRnet__C5_loct_Mono.npz,results/_paper/program_observations/T5c__Mono.npz
T5c,NK,PRnet,native,type_I_IFN,141,20,BST2;HERC5;IFI44L;IFI6;IFIT1;IFIT2;IFIT3;IFITM1;IFITM3;IRF7;ISG15;ISG20;LY6E;MX1;MX2;OAS1;OAS2;STAT1;STAT2;XAF1,0.4909620741959248,estimable (descriptive),0.0780812054824531,0.04827082172251798,0.020683835725242974,0.9999999999999999,0.0,rank score of observed mean expression,0.41823341610500175,predictions/C5_LOCT__PRnet__C5_loct_NK.npz,results/_paper/program_observations/T5c__NK.npz
T5c,NK,PRnet,native,inflammatory_NFkB,141,7,BIRC3;IER3;NFKB1;NFKBIA;REL;SOD2;TNFAIP3,,constant predicted rank-program score,0.0780812054824531,0.013882072690286941,0.0,0.9999999999999999,0.0,rank score of observed mean expression,0.8240510819439517,predictions/C5_LOCT__PRnet__C5_loct_NK.npz,results/_paper/program_observations/T5c__NK.npz
T5c,NK,PRnet,native,effector_lymphocyte,141,11,CCL3;CCL4;CCL5;CD69;CST7;GNLY;GZMA;GZMB;KLRD1;NKG7;PRF1,,constant predicted rank-program score,0.0780812054824531,0.06637406841630467,0.0,0.9999999999999998,0.0,rank score of observed mean expression,0.00021284143313231643,predictions/C5_LOCT__PRnet__C5_loct_NK.npz,results/_paper/program_observations/T5c__NK.npz
T5c,T_cells,PRnet,native,type_I_IFN,141,20,BST2;HERC5;IFI44L;IFI6;IFIT1;IFIT2;IFIT3;IFITM1;IFITM3;IRF7;ISG15;ISG20;LY6E;MX1;MX2;OAS1;OAS2;STAT1;STAT2;XAF1,0.6538937651583836,estimable (descriptive),0.1252356570186401,0.026511883862075914,0.0722099642339008,1.0,0.0,rank score of observed mean expression,0.5204702793029362,predictions/C5_LOCT__PRnet__C5_loct_T_cells.npz,results/_paper/program_observations/T5c__T_cells.npz
T5c,T_cells,PRnet,native,inflammatory_NFkB,141,7,BIRC3;IER3;NFKB1;NFKBIA;REL;SOD2;TNFAIP3,,constant observed rank-program score,0.1252356570186401,0.0,0.0,,0.0,rank score of observed mean expression,0.8765218429219385,predictions/C5_LOCT__PRnet__C5_loct_T_cells.npz,results/_paper/program_observations/T5c__T_cells.npz
T5c,T_cells,PRnet,native,effector_lymphocyte,141,11,CCL3;CCL4;CCL5;CD69;CST7;GNLY;GZMA;GZMB;KLRD1;NKG7;PRF1,,constant observed rank-program score,0.1252356570186401,0.0,0.08971709209557124,,0.0,rank score of observed mean expression,0.6610169491525424,predictions/C5_LOCT__PRnet__C5_loct_T_cells.npz,results/_paper/program_observations/T5c__T_cells.npz
T5c,B,PerturbNet,native,type_I_IFN,141,20,BST2;HERC5;IFI44L;IFI6;IFIT1;IFIT2;IFIT3;IFITM1;IFITM3;IRF7;ISG15;ISG20;LY6E;MX1;MX2;OAS1;OAS2;STAT1;STAT2;XAF1,0.7378367989248225,estimable (descriptive),0.1224272961411901,0.041509444433335006,0.040158785237966864,1.0,0.0,rank score of observed mean expression,0.2066542288557214,predictions/v2_native/C5_LOCT__PerturbNet__C5_loct_B.npz,results/_paper/program_observations/T5c__B.npz
T5c,B,PerturbNet,native,inflammatory_NFkB,141,7,BIRC3;IER3;NFKB1;NFKBIA;REL;SOD2;TNFAIP3,,constant predicted rank-program score,0.1224272961411901,0.009843655870432054,0.0,0.9999999999999998,0.0,rank score of observed mean expression,0.766728855721393,predictions/v2_native/C5_LOCT__PerturbNet__C5_loct_B.npz,results/_paper/program_observations/T5c__B.npz
T5c,B,PerturbNet,native,effector_lymphocyte,141,11,CCL3;CCL4;CCL5;CD69;CST7;GNLY;GZMA;GZMB;KLRD1;NKG7;PRF1,,constant observed rank-program score,0.1224272961411901,0.0,0.0,,0.0,rank score of observed mean expression,0.9657960199004975,predictions/v2_native/C5_LOCT__PerturbNet__C5_loct_B.npz,results/_paper/program_observations/T5c__B.npz
T5c,Mono,PerturbNet,native,type_I_IFN,140,20,BST2;HERC5;IFI44L;IFI6;IFIT1;IFIT2;IFIT3;IFITM1;IFITM3;IRF7;ISG15;ISG20;LY6E;MX1;MX2;OAS1;OAS2;STAT1;STAT2;XAF1,0.26672168048018585,estimable (descriptive),0.1042737576979739,0.02218947971909395,0.008417259358130817,1.0,0.0,rank score of observed mean expression,0.22122432807237669,predictions/v2_native/C5_LOCT__PerturbNet__C5_loct_Mono.npz,results/_paper/program_observations/T5c__Mono.npz
T5c,Mono,PerturbNet,native,inflammatory_NFkB,140,7,BIRC3;IER3;NFKB1;NFKBIA;REL;SOD2;TNFAIP3,,constant predicted rank-program score,0.1042737576979739,0.040546879763539566,0.0,1.0,0.0,rank score of observed mean expression,0.469061612626296,predictions/v2_native/C5_LOCT__PerturbNet__C5_loct_Mono.npz,results/_paper/program_observations/T5c__Mono.npz
T5c,Mono,PerturbNet,native,effector_lymphocyte,140,11,CCL3;CCL4;CCL5;CD69;CST7;GNLY;GZMA;GZMB;KLRD1;NKG7;PRF1,,constant predicted rank-program score,0.1042737576979739,0.007736213860229866,0.0,1.0,0.0,rank score of observed mean expression,0.8686521825265799,predictions/v2_native/C5_LOCT__PerturbNet__C5_loct_Mono.npz,results/_paper/program_observations/T5c__Mono.npz
T5c,NK,PerturbNet,native,type_I_IFN,141,20,BST2;HERC5;IFI44L;IFI6;IFIT1;IFIT2;IFIT3;IFITM1;IFITM3;IRF7;ISG15;ISG20;LY6E;MX1;MX2;OAS1;OAS2;STAT1;STAT2;XAF1,0.5443340457926944,estimable (descriptive),0.2223806424523756,0.04827082172251798,0.012809568926536832,0.9999999999999999,0.0,rank score of observed mean expression,0.41823341610500175,predictions/v2_native/C5_LOCT__PerturbNet__C5_loct_NK.npz,results/_paper/program_observations/T5c__NK.npz
T5c,NK,PerturbNet,native,inflammatory_NFkB,141,7,BIRC3;IER3;NFKB1;NFKBIA;REL;SOD2;TNFAIP3,,constant predicted rank-program score,0.2223806424523756,0.013882072690286941,0.0,0.9999999999999999,0.0,rank score of observed mean expression,0.8240510819439517,predictions/v2_native/C5_LOCT__PerturbNet__C5_loct_NK.npz,results/_paper/program_observations/T5c__NK.npz
T5c,NK,PerturbNet,native,effector_lymphocyte,141,11,CCL3;CCL4;CCL5;CD69;CST7;GNLY;GZMA;GZMB;KLRD1;NKG7;PRF1,0.493019699858635,estimable (descriptive),0.2223806424523756,0.06637406841630467,0.11207834449010859,0.9999999999999998,0.0,rank score of observed mean expression,0.00021284143313231643,predictions/v2_native/C5_LOCT__PerturbNet__C5_loct_NK.npz,results/_paper/program_observations/T5c__NK.npz
T5c,T_cells,PerturbNet,native,type_I_IFN,141,20,BST2;HERC5;IFI44L;IFI6;IFIT1;IFIT2;IFIT3;IFITM1;IFITM3;IRF7;ISG15;ISG20;LY6E;MX1;MX2;OAS1;OAS2;STAT1;STAT2;XAF1,0.6195317538039028,estimable (descriptive),0.1473117935923207,0.026511883862075914,0.026018132371714665,1.0,0.0,rank score of observed mean expression,0.5204702793029362,predictions/v2_native/C5_LOCT__PerturbNet__C5_loct_T_cells.npz,results/_paper/program_observations/T5c__T_cells.npz
T5c,T_cells,PerturbNet,native,inflammatory_NFkB,141,7,BIRC3;IER3;NFKB1;NFKBIA;REL;SOD2;TNFAIP3,,constant observed rank-program score,0.1473117935923207,0.0,0.0,,0.0,rank score of observed mean expression,0.8765218429219385,predictions/v2_native/C5_LOCT__PerturbNet__C5_loct_T_cells.npz,results/_paper/program_observations/T5c__T_cells.npz
T5c,T_cells,PerturbNet,native,effector_lymphocyte,141,11,CCL3;CCL4;CCL5;CD69;CST7;GNLY;GZMA;GZMB;KLRD1;NKG7;PRF1,,constant observed rank-program score,0.1473117935923207,0.0,0.16183640362051357,,0.0,rank score of observed mean expression,0.6610169491525424,predictions/v2_native/C5_LOCT__PerturbNet__C5_loct_T_cells.npz,results/_paper/program_observations/T5c__T_cells.npz
T5c,B,STATE,native,type_I_IFN,141,20,BST2;HERC5;IFI44L;IFI6;IFIT1;IFIT2;IFIT3;IFITM1;IFITM3;IRF7;ISG15;ISG20;LY6E;MX1;MX2;OAS1;OAS2;STAT1;STAT2;XAF1,,constant predicted rank-program score,0.0830574286920456,0.041509444433335006,0.0,1.0,0.0,rank score of observed mean expression,0.2066542288557214,predictions/v2_native/C5_LOCT__STATE__C5_loct_B.npz,results/_paper/program_observations/T5c__B.npz
T5c,B,STATE,native,inflammatory_NFkB,141,7,BIRC3;IER3;NFKB1;NFKBIA;REL;SOD2;TNFAIP3,,constant predicted rank-program score,0.0830574286920456,0.009843655870432054,0.0,0.9999999999999998,0.0,rank score of observed mean expression,0.766728855721393,predictions/v2_native/C5_LOCT__STATE__C5_loct_B.npz,results/_paper/program_observations/T5c__B.npz
T5c,B,STATE,native,effector_lymphocyte,141,11,CCL3;CCL4;CCL5;CD69;CST7;GNLY;GZMA;GZMB;KLRD1;NKG7;PRF1,,constant observed rank-program score,0.0830574286920456,0.0,0.0,,0.0,rank score of observed mean expression,0.9657960199004975,predictions/v2_native/C5_LOCT__STATE__C5_loct_B.npz,results/_paper/program_observations/T5c__B.npz
T5c,Mono,STATE,native,type_I_IFN,140,20,BST2;HERC5;IFI44L;IFI6;IFIT1;IFIT2;IFIT3;IFITM1;IFITM3;IRF7;ISG15;ISG20;LY6E;MX1;MX2;OAS1;OAS2;STAT1;STAT2;XAF1,0.004492639482147131,estimable (descriptive),-0.0048170383812991,0.02218947971909395,0.002639321959928964,1.0,0.0,rank score of observed mean expression,0.22122432807237669,predictions/v2_native/C5_LOCT__STATE__C5_loct_Mono.npz,results/_paper/program_observations/T5c__Mono.npz
T5c,Mono,STATE,native,inflammatory_NFkB,140,7,BIRC3;IER3;NFKB1;NFKBIA;REL;SOD2;TNFAIP3,,constant predicted rank-program score,-0.0048170383812991,0.040546879763539566,0.0,1.0,0.0,rank score of observed mean expression,0.469061612626296,predictions/v2_native/C5_LOCT__STATE__C5_loct_Mono.npz,results/_paper/program_observations/T5c__Mono.npz
T5c,Mono,STATE,native,effector_lymphocyte,140,11,CCL3;CCL4;CCL5;CD69;CST7;GNLY;GZMA;GZMB;KLRD1;NKG7;PRF1,,constant predicted rank-program score,-0.0048170383812991,0.007736213860229866,0.0,1.0,0.0,rank score of observed mean expression,0.8686521825265799,predictions/v2_native/C5_LOCT__STATE__C5_loct_Mono.npz,results/_paper/program_observations/T5c__Mono.npz
T5c,NK,STATE,native,type_I_IFN,141,20,BST2;HERC5;IFI44L;IFI6;IFIT1;IFIT2;IFIT3;IFITM1;IFITM3;IRF7;ISG15;ISG20;LY6E;MX1;MX2;OAS1;OAS2;STAT1;STAT2;XAF1,-0.12691383676762402,estimable (descriptive),0.0346492295325724,0.04827082172251798,0.0041821577130308155,0.9999999999999999,0.0,rank score of observed mean expression,0.41823341610500175,predictions/v2_native/C5_LOCT__STATE__C5_loct_NK.npz,results/_paper/program_observations/T5c__NK.npz
T5c,NK,STATE,native,inflammatory_NFkB,141,7,BIRC3;IER3;NFKB1;NFKBIA;REL;SOD2;TNFAIP3,,constant predicted rank-program score,0.0346492295325724,0.013882072690286941,0.0,0.9999999999999999,0.0,rank score of observed mean expression,0.8240510819439517,predictions/v2_native/C5_LOCT__STATE__C5_loct_NK.npz,results/_paper/program_observations/T5c__NK.npz
T5c,NK,STATE,native,effector_lymphocyte,141,11,CCL3;CCL4;CCL5;CD69;CST7;GNLY;GZMA;GZMB;KLRD1;NKG7;PRF1,,constant predicted rank-program score,0.0346492295325724,0.06637406841630467,0.0,0.9999999999999998,0.0,rank score of observed mean expression,0.00021284143313231643,predictions/v2_native/C5_LOCT__STATE__C5_loct_NK.npz,results/_paper/program_observations/T5c__NK.npz
T5c,T_cells,STATE,native,type_I_IFN,141,20,BST2;HERC5;IFI44L;IFI6;IFIT1;IFIT2;IFIT3;IFITM1;IFITM3;IRF7;ISG15;ISG20;LY6E;MX1;MX2;OAS1;OAS2;STAT1;STAT2;XAF1,0.09534240713917436,estimable (descriptive),0.0537873657861342,0.026511883862075914,0.006504199600569009,1.0,0.0,rank score of observed mean expression,0.5204702793029362,predictions/v2_native/C5_LOCT__STATE__C5_loct_T_cells.npz,results/_paper/program_observations/T5c__T_cells.npz
T5c,T_cells,STATE,native,inflammatory_NFkB,141,7,BIRC3;IER3;NFKB1;NFKBIA;REL;SOD2;TNFAIP3,,constant observed rank-program score,0.0537873657861342,0.0,0.0,,0.0,rank score of observed mean expression,0.8765218429219385,predictions/v2_native/C5_LOCT__STATE__C5_loct_T_cells.npz,results/_paper/program_observations/T5c__T_cells.npz
T5c,T_cells,STATE,native,effector_lymphocyte,141,11,CCL3;CCL4;CCL5;CD69;CST7;GNLY;GZMA;GZMB;KLRD1;NKG7;PRF1,,constant observed rank-program score,0.0537873657861342,0.0,0.008748269900404402,,0.0,rank score of observed mean expression,0.6610169491525424,predictions/v2_native/C5_LOCT__STATE__C5_loct_T_cells.npz,results/_paper/program_observations/T5c__T_cells.npz
T5c,B,cell-mean,floor,type_I_IFN,141,20,BST2;HERC5;IFI44L;IFI6;IFIT1;IFIT2;IFIT3;IFITM1;IFITM3;IRF7;ISG15;ISG20;LY6E;MX1;MX2;OAS1;OAS2;STAT1;STAT2;XAF1,,constant predicted rank-program score,0.0741336363764497,0.041509444433335006,0.0,1.0,0.0,rank score of observed mean expression,0.2066542288557214,predictions/C5/C1_LOCT__cell-mean__C5_loct_B.npz,results/_paper/program_observations/T5c__B.npz
T5c,B,cell-mean,floor,inflammatory_NFkB,141,7,BIRC3;IER3;NFKB1;NFKBIA;REL;SOD2;TNFAIP3,,constant predicted rank-program score,0.0741336363764497,0.009843655870432054,0.0,0.9999999999999998,0.0,rank score of observed mean expression,0.766728855721393,predictions/C5/C1_LOCT__cell-mean__C5_loct_B.npz,results/_paper/program_observations/T5c__B.npz
T5c,B,cell-mean,floor,effector_lymphocyte,141,11,CCL3;CCL4;CCL5;CD69;CST7;GNLY;GZMA;GZMB;KLRD1;NKG7;PRF1,,constant observed rank-program score,0.0741336363764497,0.0,0.0,,0.0,rank score of observed mean expression,0.9657960199004975,predictions/C5/C1_LOCT__cell-mean__C5_loct_B.npz,results/_paper/program_observations/T5c__B.npz
T5c,Mono,cell-mean,floor,type_I_IFN,140,20,BST2;HERC5;IFI44L;IFI6;IFIT1;IFIT2;IFIT3;IFITM1;IFITM3;IRF7;ISG15;ISG20;LY6E;MX1;MX2;OAS1;OAS2;STAT1;STAT2;XAF1,,constant predicted rank-program score,0.0187246296958811,0.02218947971909395,0.0,1.0,0.0,rank score of observed mean expression,0.22122432807237669,predictions/C5/C1_LOCT__cell-mean__C5_loct_Mono.npz,results/_paper/program_observations/T5c__Mono.npz
T5c,Mono,cell-mean,floor,inflammatory_NFkB,140,7,BIRC3;IER3;NFKB1;NFKBIA;REL;SOD2;TNFAIP3,,constant predicted rank-program score,0.0187246296958811,0.040546879763539566,0.0,1.0,0.0,rank score of observed mean expression,0.469061612626296,predictions/C5/C1_LOCT__cell-mean__C5_loct_Mono.npz,results/_paper/program_observations/T5c__Mono.npz
T5c,Mono,cell-mean,floor,effector_lymphocyte,140,11,CCL3;CCL4;CCL5;CD69;CST7;GNLY;GZMA;GZMB;KLRD1;NKG7;PRF1,,constant predicted rank-program score,0.0187246296958811,0.007736213860229866,0.0,1.0,0.0,rank score of observed mean expression,0.8686521825265799,predictions/C5/C1_LOCT__cell-mean__C5_loct_Mono.npz,results/_paper/program_observations/T5c__Mono.npz
T5c,NK,cell-mean,floor,type_I_IFN,141,20,BST2;HERC5;IFI44L;IFI6;IFIT1;IFIT2;IFIT3;IFITM1;IFITM3;IRF7;ISG15;ISG20;LY6E;MX1;MX2;OAS1;OAS2;STAT1;STAT2;XAF1,,constant predicted rank-program score,-0.0041590080829099,0.04827082172251798,0.0,0.9999999999999999,0.0,rank score of observed mean expression,0.41823341610500175,predictions/C5/C1_LOCT__cell-mean__C5_loct_NK.npz,results/_paper/program_observations/T5c__NK.npz
T5c,NK,cell-mean,floor,inflammatory_NFkB,141,7,BIRC3;IER3;NFKB1;NFKBIA;REL;SOD2;TNFAIP3,,constant predicted rank-program score,-0.0041590080829099,0.013882072690286941,0.0,0.9999999999999999,0.0,rank score of observed mean expression,0.8240510819439517,predictions/C5/C1_LOCT__cell-mean__C5_loct_NK.npz,results/_paper/program_observations/T5c__NK.npz
T5c,NK,cell-mean,floor,effector_lymphocyte,141,11,CCL3;CCL4;CCL5;CD69;CST7;GNLY;GZMA;GZMB;KLRD1;NKG7;PRF1,,constant predicted rank-program score,-0.0041590080829099,0.06637406841630467,0.0,0.9999999999999998,0.0,rank score of observed mean expression,0.00021284143313231643,predictions/C5/C1_LOCT__cell-mean__C5_loct_NK.npz,results/_paper/program_observations/T5c__NK.npz
T5c,T_cells,cell-mean,floor,type_I_IFN,141,20,BST2;HERC5;IFI44L;IFI6;IFIT1;IFIT2;IFIT3;IFITM1;IFITM3;IRF7;ISG15;ISG20;LY6E;MX1;MX2;OAS1;OAS2;STAT1;STAT2;XAF1,,constant predicted rank-program score,0.0112160145831714,0.026511883862075914,8.673617379884035e-19,1.0,0.0,rank score of observed mean expression,0.5204702793029362,predictions/C5/C1_LOCT__cell-mean__C5_loct_T_cells.npz,results/_paper/program_observations/T5c__T_cells.npz
T5c,T_cells,cell-mean,floor,inflammatory_NFkB,141,7,BIRC3;IER3;NFKB1;NFKBIA;REL;SOD2;TNFAIP3,,constant observed rank-program score,0.0112160145831714,0.0,0.0,,0.0,rank score of observed mean expression,0.8765218429219385,predictions/C5/C1_LOCT__cell-mean__C5_loct_T_cells.npz,results/_paper/program_observations/T5c__T_cells.npz
T5c,T_cells,cell-mean,floor,effector_lymphocyte,141,11,CCL3;CCL4;CCL5;CD69;CST7;GNLY;GZMA;GZMB;KLRD1;NKG7;PRF1,,constant observed rank-program score,0.0112160145831714,0.0,0.0,,0.0,rank score of observed mean expression,0.6610169491525424,predictions/C5/C1_LOCT__cell-mean__C5_loct_T_cells.npz,results/_paper/program_observations/T5c__T_cells.npz
T5c,B,linear-PCA,floor,type_I_IFN,141,20,BST2;HERC5;IFI44L;IFI6;IFIT1;IFIT2;IFIT3;IFITM1;IFITM3;IRF7;ISG15;ISG20;LY6E;MX1;MX2;OAS1;OAS2;STAT1;STAT2;XAF1,,constant predicted rank-program score,0.2997303625528866,0.041509444433335006,0.0,1.0,0.0,rank score of observed mean expression,0.2066542288557214,predictions/C5/C1_LOCT__linear-PCA__C5_loct_B.npz,results/_paper/program_observations/T5c__B.npz
T5c,B,linear-PCA,floor,inflammatory_NFkB,141,7,BIRC3;IER3;NFKB1;NFKBIA;REL;SOD2;TNFAIP3,,constant predicted rank-program score,0.2997303625528866,0.009843655870432054,0.0,0.9999999999999998,0.0,rank score of observed mean expression,0.766728855721393,predictions/C5/C1_LOCT__linear-PCA__C5_loct_B.npz,results/_paper/program_observations/T5c__B.npz
T5c,B,linear-PCA,floor,effector_lymphocyte,141,11,CCL3;CCL4;CCL5;CD69;CST7;GNLY;GZMA;GZMB;KLRD1;NKG7;PRF1,,constant observed rank-program score,0.2997303625528866,0.0,0.0,,0.0,rank score of observed mean expression,0.9657960199004975,predictions/C5/C1_LOCT__linear-PCA__C5_loct_B.npz,results/_paper/program_observations/T5c__B.npz
T5c,Mono,linear-PCA,floor,type_I_IFN,140,20,BST2;HERC5;IFI44L;IFI6;IFIT1;IFIT2;IFIT3;IFITM1;IFITM3;IRF7;ISG15;ISG20;LY6E;MX1;MX2;OAS1;OAS2;STAT1;STAT2;XAF1,,constant predicted rank-program score,0.1846448545825,0.02218947971909395,6.938893903907228e-18,1.0,0.0,rank score of observed mean expression,0.22122432807237669,predictions/C5/C1_LOCT__linear-PCA__C5_loct_Mono.npz,results/_paper/program_observations/T5c__Mono.npz
T5c,Mono,linear-PCA,floor,inflammatory_NFkB,140,7,BIRC3;IER3;NFKB1;NFKBIA;REL;SOD2;TNFAIP3,,constant predicted rank-program score,0.1846448545825,0.040546879763539566,0.0,1.0,0.0,rank score of observed mean expression,0.469061612626296,predictions/C5/C1_LOCT__linear-PCA__C5_loct_Mono.npz,results/_paper/program_observations/T5c__Mono.npz
T5c,Mono,linear-PCA,floor,effector_lymphocyte,140,11,CCL3;CCL4;CCL5;CD69;CST7;GNLY;GZMA;GZMB;KLRD1;NKG7;PRF1,,constant predicted rank-program score,0.1846448545825,0.007736213860229866,0.0,1.0,0.0,rank score of observed mean expression,0.8686521825265799,predictions/C5/C1_LOCT__linear-PCA__C5_loct_Mono.npz,results/_paper/program_observations/T5c__Mono.npz
T5c,NK,linear-PCA,floor,type_I_IFN,141,20,BST2;HERC5;IFI44L;IFI6;IFIT1;IFIT2;IFIT3;IFITM1;IFITM3;IRF7;ISG15;ISG20;LY6E;MX1;MX2;OAS1;OAS2;STAT1;STAT2;XAF1,,constant predicted rank-program score,0.2593769112419187,0.04827082172251798,8.673617379884035e-19,0.9999999999999999,0.0,rank score of observed mean expression,0.41823341610500175,predictions/C5/C1_LOCT__linear-PCA__C5_loct_NK.npz,results/_paper/program_observations/T5c__NK.npz
T5c,NK,linear-PCA,floor,inflammatory_NFkB,141,7,BIRC3;IER3;NFKB1;NFKBIA;REL;SOD2;TNFAIP3,,constant predicted rank-program score,0.2593769112419187,0.013882072690286941,0.0,0.9999999999999999,0.0,rank score of observed mean expression,0.8240510819439517,predictions/C5/C1_LOCT__linear-PCA__C5_loct_NK.npz,results/_paper/program_observations/T5c__NK.npz
T5c,NK,linear-PCA,floor,effector_lymphocyte,141,11,CCL3;CCL4;CCL5;CD69;CST7;GNLY;GZMA;GZMB;KLRD1;NKG7;PRF1,,constant predicted rank-program score,0.2593769112419187,0.06637406841630467,0.0,0.9999999999999998,0.0,rank score of observed mean expression,0.00021284143313231643,predictions/C5/C1_LOCT__linear-PCA__C5_loct_NK.npz,results/_paper/program_observations/T5c__NK.npz
T5c,T_cells,linear-PCA,floor,type_I_IFN,141,20,BST2;HERC5;IFI44L;IFI6;IFIT1;IFIT2;IFIT3;IFITM1;IFITM3;IRF7;ISG15;ISG20;LY6E;MX1;MX2;OAS1;OAS2;STAT1;STAT2;XAF1,,constant predicted rank-program score,0.3339668867283791,0.026511883862075914,0.0,1.0,0.0,rank score of observed mean expression,0.5204702793029362,predictions/C5/C1_LOCT__linear-PCA__C5_loct_T_cells.npz,results/_paper/program_observations/T5c__T_cells.npz
T5c,T_cells,linear-PCA,floor,inflammatory_NFkB,141,7,BIRC3;IER3;NFKB1;NFKBIA;REL;SOD2;TNFAIP3,,constant observed rank-program score,0.3339668867283791,0.0,0.0,,0.0,rank score of observed mean expression,0.8765218429219385,predictions/C5/C1_LOCT__linear-PCA__C5_loct_T_cells.npz,results/_paper/program_observations/T5c__T_cells.npz
T5c,T_cells,linear-PCA,floor,effector_lymphocyte,141,11,CCL3;CCL4;CCL5;CD69;CST7;GNLY;GZMA;GZMB;KLRD1;NKG7;PRF1,,constant observed rank-program score,0.3339668867283791,0.0,0.0,,0.0,rank score of observed mean expression,0.6610169491525424,predictions/C5/C1_LOCT__linear-PCA__C5_loct_T_cells.npz,results/_paper/program_observations/T5c__T_cells.npz
T5c,B,scFoundation,adapted,type_I_IFN,141,20,BST2;HERC5;IFI44L;IFI6;IFIT1;IFIT2;IFIT3;IFITM1;IFITM3;IRF7;ISG15;ISG20;LY6E;MX1;MX2;OAS1;OAS2;STAT1;STAT2;XAF1,0.20661607150277853,estimable (descriptive),0.2843273623710999,0.041509444433335006,0.005018678957048341,1.0,0.0,rank score of observed mean expression,0.2066542288557214,predictions/C5_LOCT__scFoundation__C5_loct_B__op3_fcond.npz,results/_paper/program_observations/T5c__B.npz
T5c,B,scFoundation,adapted,inflammatory_NFkB,141,7,BIRC3;IER3;NFKB1;NFKBIA;REL;SOD2;TNFAIP3,,constant predicted rank-program score,0.2843273623710999,0.009843655870432054,0.0,0.9999999999999998,0.0,rank score of observed mean expression,0.766728855721393,predictions/C5_LOCT__scFoundation__C5_loct_B__op3_fcond.npz,results/_paper/program_observations/T5c__B.npz
T5c,B,scFoundation,adapted,effector_lymphocyte,141,11,CCL3;CCL4;CCL5;CD69;CST7;GNLY;GZMA;GZMB;KLRD1;NKG7;PRF1,,constant observed rank-program score,0.2843273623710999,0.0,0.0,,0.0,rank score of observed mean expression,0.9657960199004975,predictions/C5_LOCT__scFoundation__C5_loct_B__op3_fcond.npz,results/_paper/program_observations/T5c__B.npz
T5c,Mono,scFoundation,adapted,type_I_IFN,140,20,BST2;HERC5;IFI44L;IFI6;IFIT1;IFIT2;IFIT3;IFITM1;IFITM3;IRF7;ISG15;ISG20;LY6E;MX1;MX2;OAS1;OAS2;STAT1;STAT2;XAF1,0.5369443393669966,estimable (descriptive),0.2793453597765234,0.02218947971909395,0.035290003173414304,1.0,0.0,rank score of observed mean expression,0.22122432807237669,predictions/C5_LOCT__scFoundation__C5_loct_Mono__op3_fcond.npz,results/_paper/program_observations/T5c__Mono.npz
T5c,Mono,scFoundation,adapted,inflammatory_NFkB,140,7,BIRC3;IER3;NFKB1;NFKBIA;REL;SOD2;TNFAIP3,0.4621086985683859,estimable (descriptive),0.2793453597765234,0.040546879763539566,0.012717266332579536,1.0,0.0,rank score of observed mean expression,0.469061612626296,predictions/C5_LOCT__scFoundation__C5_loct_Mono__op3_fcond.npz,results/_paper/program_observations/T5c__Mono.npz
T5c,Mono,scFoundation,adapted,effector_lymphocyte,140,11,CCL3;CCL4;CCL5;CD69;CST7;GNLY;GZMA;GZMB;KLRD1;NKG7;PRF1,,constant predicted rank-program score,0.2793453597765234,0.007736213860229866,0.0,1.0,0.0,rank score of observed mean expression,0.8686521825265799,predictions/C5_LOCT__scFoundation__C5_loct_Mono__op3_fcond.npz,results/_paper/program_observations/T5c__Mono.npz
T5c,NK,scFoundation,adapted,type_I_IFN,141,20,BST2;HERC5;IFI44L;IFI6;IFIT1;IFIT2;IFIT3;IFITM1;IFITM3;IRF7;ISG15;ISG20;LY6E;MX1;MX2;OAS1;OAS2;STAT1;STAT2;XAF1,0.7072090966502119,estimable (descriptive),0.3754157233452769,0.04827082172251798,0.024158585256331657,0.9999999999999999,0.0,rank score of observed mean expression,0.41823341610500175,predictions/C5_LOCT__scFoundation__C5_loct_NK__op3_fcond.npz,results/_paper/program_observations/T5c__NK.npz
T5c,NK,scFoundation,adapted,inflammatory_NFkB,141,7,BIRC3;IER3;NFKB1;NFKBIA;REL;SOD2;TNFAIP3,,constant predicted rank-program score,0.3754157233452769,0.013882072690286941,0.0,0.9999999999999999,0.0,rank score of observed mean expression,0.8240510819439517,predictions/C5_LOCT__scFoundation__C5_loct_NK__op3_fcond.npz,results/_paper/program_observations/T5c__NK.npz
T5c,NK,scFoundation,adapted,effector_lymphocyte,141,11,CCL3;CCL4;CCL5;CD69;CST7;GNLY;GZMA;GZMB;KLRD1;NKG7;PRF1,0.47285577627949865,estimable (descriptive),0.3754157233452769,0.06637406841630467,0.012080342501449617,0.9999999999999998,0.0,rank score of observed mean expression,0.00021284143313231643,predictions/C5_LOCT__scFoundation__C5_loct_NK__op3_fcond.npz,results/_paper/program_observations/T5c__NK.npz
T5c,T_cells,scFoundation,adapted,type_I_IFN,141,20,BST2;HERC5;IFI44L;IFI6;IFIT1;IFIT2;IFIT3;IFITM1;IFITM3;IRF7;ISG15;ISG20;LY6E;MX1;MX2;OAS1;OAS2;STAT1;STAT2;XAF1,0.8373925587018324,estimable (descriptive),0.3772317534139384,0.026511883862075914,0.03044801282242844,1.0,0.0,rank score of observed mean expression,0.5204702793029362,predictions/C5_LOCT__scFoundation__C5_loct_T_cells__op3_fcond.npz,results/_paper/program_observations/T5c__T_cells.npz
T5c,T_cells,scFoundation,adapted,inflammatory_NFkB,141,7,BIRC3;IER3;NFKB1;NFKBIA;REL;SOD2;TNFAIP3,,constant observed rank-program score,0.3772317534139384,0.0,0.0,,0.0,rank score of observed mean expression,0.8765218429219385,predictions/C5_LOCT__scFoundation__C5_loct_T_cells__op3_fcond.npz,results/_paper/program_observations/T5c__T_cells.npz
T5c,T_cells,scFoundation,adapted,effector_lymphocyte,141,11,CCL3;CCL4;CCL5;CD69;CST7;GNLY;GZMA;GZMB;KLRD1;NKG7;PRF1,,constant observed rank-program score,0.3772317534139384,0.0,0.0,,0.0,rank score of observed mean expression,0.6610169491525424,predictions/C5_LOCT__scFoundation__C5_loct_T_cells__op3_fcond.npz,results/_paper/program_observations/T5c__T_cells.npz
T5c,B,scGPT,adapted,type_I_IFN,141,20,BST2;HERC5;IFI44L;IFI6;IFIT1;IFIT2;IFIT3;IFITM1;IFITM3;IRF7;ISG15;ISG20;LY6E;MX1;MX2;OAS1;OAS2;STAT1;STAT2;XAF1,0.8882603945397785,estimable (descriptive),0.3783233615004612,0.041509444433335006,0.03336336356648401,1.0,0.0,rank score of observed mean expression,0.2066542288557214,predictions/C5_LOCT__scGPT__C5_loct_B__op3_fcond.npz,results/_paper/program_observations/T5c__B.npz
T5c,B,scGPT,adapted,inflammatory_NFkB,141,7,BIRC3;IER3;NFKB1;NFKBIA;REL;SOD2;TNFAIP3,0.17191506245116014,estimable (descriptive),0.3783233615004612,0.009843655870432054,0.005588757545448229,0.9999999999999998,0.0,rank score of observed mean expression,0.766728855721393,predictions/C5_LOCT__scGPT__C5_loct_B__op3_fcond.npz,results/_paper/program_observations/T5c__B.npz
T5c,B,scGPT,adapted,effector_lymphocyte,141,11,CCL3;CCL4;CCL5;CD69;CST7;GNLY;GZMA;GZMB;KLRD1;NKG7;PRF1,,constant observed rank-program score,0.3783233615004612,0.0,0.0,,0.0,rank score of observed mean expression,0.9657960199004975,predictions/C5_LOCT__scGPT__C5_loct_B__op3_fcond.npz,results/_paper/program_observations/T5c__B.npz
T5c,Mono,scGPT,adapted,type_I_IFN,140,20,BST2;HERC5;IFI44L;IFI6;IFIT1;IFIT2;IFIT3;IFITM1;IFITM3;IRF7;ISG15;ISG20;LY6E;MX1;MX2;OAS1;OAS2;STAT1;STAT2;XAF1,0.6252507334237684,estimable (descriptive),0.2779576279202432,0.02218947971909395,0.047652113445432055,1.0,0.0,rank score of observed mean expression,0.22122432807237669,predictions/C5_LOCT__scGPT__C5_loct_Mono__op3_fcond.npz,results/_paper/program_observations/T5c__Mono.npz
T5c,Mono,scGPT,adapted,inflammatory_NFkB,140,7,BIRC3;IER3;NFKB1;NFKBIA;REL;SOD2;TNFAIP3,0.5316085553780873,estimable (descriptive),0.2779576279202432,0.040546879763539566,0.026586205490172547,1.0,0.0,rank score of observed mean expression,0.469061612626296,predictions/C5_LOCT__scGPT__C5_loct_Mono__op3_fcond.npz,results/_paper/program_observations/T5c__Mono.npz
T5c,Mono,scGPT,adapted,effector_lymphocyte,140,11,CCL3;CCL4;CCL5;CD69;CST7;GNLY;GZMA;GZMB;KLRD1;NKG7;PRF1,,constant predicted rank-program score,0.2779576279202432,0.007736213860229866,0.0,1.0,0.0,rank score of observed mean expression,0.8686521825265799,predictions/C5_LOCT__scGPT__C5_loct_Mono__op3_fcond.npz,results/_paper/program_observations/T5c__Mono.npz
T5c,NK,scGPT,adapted,type_I_IFN,141,20,BST2;HERC5;IFI44L;IFI6;IFIT1;IFIT2;IFIT3;IFITM1;IFITM3;IRF7;ISG15;ISG20;LY6E;MX1;MX2;OAS1;OAS2;STAT1;STAT2;XAF1,0.8726982834615858,estimable (descriptive),0.3491054203359287,0.04827082172251798,0.02849970813031077,0.9999999999999999,0.0,rank score of observed mean expression,0.41823341610500175,predictions/C5_LOCT__scGPT__C5_loct_NK__op3_fcond.npz,results/_paper/program_observations/T5c__NK.npz
T5c,NK,scGPT,adapted,inflammatory_NFkB,141,7,BIRC3;IER3;NFKB1;NFKBIA;REL;SOD2;TNFAIP3,-0.01239825523797014,estimable (descriptive),0.3491054203359287,0.013882072690286941,0.006353641914980339,0.9999999999999999,0.0,rank score of observed mean expression,0.8240510819439517,predictions/C5_LOCT__scGPT__C5_loct_NK__op3_fcond.npz,results/_paper/program_observations/T5c__NK.npz
T5c,NK,scGPT,adapted,effector_lymphocyte,141,11,CCL3;CCL4;CCL5;CD69;CST7;GNLY;GZMA;GZMB;KLRD1;NKG7;PRF1,0.4684544265865451,estimable (descriptive),0.3491054203359287,0.06637406841630467,0.025029551652067904,0.9999999999999998,0.0,rank score of observed mean expression,0.00021284143313231643,predictions/C5_LOCT__scGPT__C5_loct_NK__op3_fcond.npz,results/_paper/program_observations/T5c__NK.npz
T5c,T_cells,scGPT,adapted,type_I_IFN,141,20,BST2;HERC5;IFI44L;IFI6;IFIT1;IFIT2;IFIT3;IFITM1;IFITM3;IRF7;ISG15;ISG20;LY6E;MX1;MX2;OAS1;OAS2;STAT1;STAT2;XAF1,0.9307150616999919,estimable (descriptive),0.3815612953192547,0.026511883862075914,0.030643359675114962,1.0,0.0,rank score of observed mean expression,0.5204702793029362,predictions/C5_LOCT__scGPT__C5_loct_T_cells__op3_fcond.npz,results/_paper/program_observations/T5c__T_cells.npz
T5c,T_cells,scGPT,adapted,inflammatory_NFkB,141,7,BIRC3;IER3;NFKB1;NFKBIA;REL;SOD2;TNFAIP3,,constant observed rank-program score,0.3815612953192547,0.0,0.0,,0.0,rank score of observed mean expression,0.8765218429219385,predictions/C5_LOCT__scGPT__C5_loct_T_cells__op3_fcond.npz,results/_paper/program_observations/T5c__T_cells.npz
T5c,T_cells,scGPT,adapted,effector_lymphocyte,141,11,CCL3;CCL4;CCL5;CD69;CST7;GNLY;GZMA;GZMB;KLRD1;NKG7;PRF1,,constant observed rank-program score,0.3815612953192547,0.0,0.0,,0.0,rank score of observed mean expression,0.6610169491525424,predictions/C5_LOCT__scGPT__C5_loct_T_cells__op3_fcond.npz,results/_paper/program_observations/T5c__T_cells.npz
T5c,B,scGen,native,type_I_IFN,141,20,BST2;HERC5;IFI44L;IFI6;IFIT1;IFIT2;IFIT3;IFITM1;IFITM3;IRF7;ISG15;ISG20;LY6E;MX1;MX2;OAS1;OAS2;STAT1;STAT2;XAF1,0.7993610737433966,estimable (descriptive),0.1274710289516907,0.041509444433335006,0.06274589313474145,1.0,0.0,rank score of observed mean expression,0.2066542288557214,predictions/v2_native/C5_LOCT__scGen__C5_loct_B.npz,results/_paper/program_observations/T5c__B.npz
T5c,B,scGen,native,inflammatory_NFkB,141,7,BIRC3;IER3;NFKB1;NFKBIA;REL;SOD2;TNFAIP3,-0.0128743147443142,estimable (descriptive),0.1274710289516907,0.009843655870432054,0.0038361611562145437,0.9999999999999998,0.0,rank score of observed mean expression,0.766728855721393,predictions/v2_native/C5_LOCT__scGen__C5_loct_B.npz,results/_paper/program_observations/T5c__B.npz
T5c,B,scGen,native,effector_lymphocyte,141,11,CCL3;CCL4;CCL5;CD69;CST7;GNLY;GZMA;GZMB;KLRD1;NKG7;PRF1,,constant observed rank-program score,0.1274710289516907,0.0,0.0,,0.0,rank score of observed mean expression,0.9657960199004975,predictions/v2_native/C5_LOCT__scGen__C5_loct_B.npz,results/_paper/program_observations/T5c__B.npz
T5c,Mono,scGen,native,type_I_IFN,140,20,BST2;HERC5;IFI44L;IFI6;IFIT1;IFIT2;IFIT3;IFITM1;IFITM3;IRF7;ISG15;ISG20;LY6E;MX1;MX2;OAS1;OAS2;STAT1;STAT2;XAF1,0.5383459258191934,estimable (descriptive),0.1588011234586856,0.02218947971909395,0.0386199661537175,1.0,0.0,rank score of observed mean expression,0.22122432807237669,predictions/v2_native/C5_LOCT__scGen__C5_loct_Mono.npz,results/_paper/program_observations/T5c__Mono.npz
T5c,Mono,scGen,native,inflammatory_NFkB,140,7,BIRC3;IER3;NFKB1;NFKBIA;REL;SOD2;TNFAIP3,,constant predicted rank-program score,0.1588011234586856,0.040546879763539566,0.0,1.0,0.0,rank score of observed mean expression,0.469061612626296,predictions/v2_native/C5_LOCT__scGen__C5_loct_Mono.npz,results/_paper/program_observations/T5c__Mono.npz
T5c,Mono,scGen,native,effector_lymphocyte,140,11,CCL3;CCL4;CCL5;CD69;CST7;GNLY;GZMA;GZMB;KLRD1;NKG7;PRF1,,constant predicted rank-program score,0.1588011234586856,0.007736213860229866,0.0,1.0,0.0,rank score of observed mean expression,0.8686521825265799,predictions/v2_native/C5_LOCT__scGen__C5_loct_Mono.npz,results/_paper/program_observations/T5c__Mono.npz
T5c,NK,scGen,native,type_I_IFN,141,20,BST2;HERC5;IFI44L;IFI6;IFIT1;IFIT2;IFIT3;IFITM1;IFITM3;IRF7;ISG15;ISG20;LY6E;MX1;MX2;OAS1;OAS2;STAT1;STAT2;XAF1,0.7403011424525707,estimable (descriptive),0.2414667742763602,0.04827082172251798,0.0264340721991434,0.9999999999999999,0.0,rank score of observed mean expression,0.41823341610500175,predictions/v2_native/C5_LOCT__scGen__C5_loct_NK.npz,results/_paper/program_observations/T5c__NK.npz
T5c,NK,scGen,native,inflammatory_NFkB,141,7,BIRC3;IER3;NFKB1;NFKBIA;REL;SOD2;TNFAIP3,,constant predicted rank-program score,0.2414667742763602,0.013882072690286941,0.0,0.9999999999999999,0.0,rank score of observed mean expression,0.8240510819439517,predictions/v2_native/C5_LOCT__scGen__C5_loct_NK.npz,results/_paper/program_observations/T5c__NK.npz
T5c,NK,scGen,native,effector_lymphocyte,141,11,CCL3;CCL4;CCL5;CD69;CST7;GNLY;GZMA;GZMB;KLRD1;NKG7;PRF1,-0.08073374786592968,estimable (descriptive),0.2414667742763602,0.06637406841630467,0.05760430340343829,0.9999999999999998,0.0,rank score of observed mean expression,0.00021284143313231643,predictions/v2_native/C5_LOCT__scGen__C5_loct_NK.npz,results/_paper/program_observations/T5c__NK.npz
T5c,T_cells,scGen,native,type_I_IFN,141,20,BST2;HERC5;IFI44L;IFI6;IFIT1;IFIT2;IFIT3;IFITM1;IFITM3;IRF7;ISG15;ISG20;LY6E;MX1;MX2;OAS1;OAS2;STAT1;STAT2;XAF1,0.7557237754394348,estimable (descriptive),0.1939033586636263,0.026511883862075914,0.048219837554329306,1.0,0.0,rank score of observed mean expression,0.5204702793029362,predictions/v2_native/C5_LOCT__scGen__C5_loct_T_cells.npz,results/_paper/program_observations/T5c__T_cells.npz
T5c,T_cells,scGen,native,inflammatory_NFkB,141,7,BIRC3;IER3;NFKB1;NFKBIA;REL;SOD2;TNFAIP3,,constant observed rank-program score,0.1939033586636263,0.0,0.0,,0.0,rank score of observed mean expression,0.8765218429219385,predictions/v2_native/C5_LOCT__scGen__C5_loct_T_cells.npz,results/_paper/program_observations/T5c__T_cells.npz
T5c,T_cells,scGen,native,effector_lymphocyte,141,11,CCL3;CCL4;CCL5;CD69;CST7;GNLY;GZMA;GZMB;KLRD1;NKG7;PRF1,,constant observed rank-program score,0.1939033586636263,0.0,0.07983232039269517,,0.0,rank score of observed mean expression,0.6610169491525424,predictions/v2_native/C5_LOCT__scGen__C5_loct_T_cells.npz,results/_paper/program_observations/T5c__T_cells.npz
T5c,B,scPRAM,native,type_I_IFN,141,20,BST2;HERC5;IFI44L;IFI6;IFIT1;IFIT2;IFIT3;IFITM1;IFITM3;IRF7;ISG15;ISG20;LY6E;MX1;MX2;OAS1;OAS2;STAT1;STAT2;XAF1,0.6895974015209134,estimable (descriptive),0.1859686201639775,0.041509444433335006,0.09734073867329393,1.0,0.0,rank score of observed mean expression,0.2066542288557214,predictions/v2_native/C5_LOCT__scPRAM__C5_loct_B.npz,results/_paper/program_observations/T5c__B.npz
T5c,B,scPRAM,native,inflammatory_NFkB,141,7,BIRC3;IER3;NFKB1;NFKBIA;REL;SOD2;TNFAIP3,-0.012874314744314193,estimable (descriptive),0.1859686201639775,0.009843655870432054,0.0043156813007413615,0.9999999999999998,0.0,rank score of observed mean expression,0.766728855721393,predictions/v2_native/C5_LOCT__scPRAM__C5_loct_B.npz,results/_paper/program_observations/T5c__B.npz
T5c,B,scPRAM,native,effector_lymphocyte,141,11,CCL3;CCL4;CCL5;CD69;CST7;GNLY;GZMA;GZMB;KLRD1;NKG7;PRF1,,constant observed rank-program score,0.1859686201639775,0.0,0.0,,0.0,rank score of observed mean expression,0.9657960199004975,predictions/v2_native/C5_LOCT__scPRAM__C5_loct_B.npz,results/_paper/program_observations/T5c__B.npz
T5c,Mono,scPRAM,native,type_I_IFN,140,20,BST2;HERC5;IFI44L;IFI6;IFIT1;IFIT2;IFIT3;IFITM1;IFITM3;IRF7;ISG15;ISG20;LY6E;MX1;MX2;OAS1;OAS2;STAT1;STAT2;XAF1,0.27614175605888047,estimable (descriptive),0.1188860409803772,0.02218947971909395,0.033715908518752655,1.0,0.0,rank score of observed mean expression,0.22122432807237669,predictions/v2_native/C5_LOCT__scPRAM__C5_loct_Mono.npz,results/_paper/program_observations/T5c__Mono.npz
T5c,Mono,scPRAM,native,inflammatory_NFkB,140,7,BIRC3;IER3;NFKB1;NFKBIA;REL;SOD2;TNFAIP3,0.019769167943093385,estimable (descriptive),0.1188860409803772,0.040546879763539566,0.008377892806669824,1.0,0.0,rank score of observed mean expression,0.469061612626296,predictions/v2_native/C5_LOCT__scPRAM__C5_loct_Mono.npz,results/_paper/program_observations/T5c__Mono.npz
T5c,Mono,scPRAM,native,effector_lymphocyte,140,11,CCL3;CCL4;CCL5;CD69;CST7;GNLY;GZMA;GZMB;KLRD1;NKG7;PRF1,-0.03447466882084248,estimable (descriptive),0.1188860409803772,0.007736213860229866,0.030770711602565372,1.0,0.0,rank score of observed mean expression,0.8686521825265799,predictions/v2_native/C5_LOCT__scPRAM__C5_loct_Mono.npz,results/_paper/program_observations/T5c__Mono.npz
T5c,NK,scPRAM,native,type_I_IFN,141,20,BST2;HERC5;IFI44L;IFI6;IFIT1;IFIT2;IFIT3;IFITM1;IFITM3;IRF7;ISG15;ISG20;LY6E;MX1;MX2;OAS1;OAS2;STAT1;STAT2;XAF1,0.6460605820033801,estimable (descriptive),0.2170492517061612,0.04827082172251798,0.03143963431890283,0.9999999999999999,0.0,rank score of observed mean expression,0.41823341610500175,predictions/v2_native/C5_LOCT__scPRAM__C5_loct_NK.npz,results/_paper/program_observations/T5c__NK.npz
T5c,NK,scPRAM,native,inflammatory_NFkB,141,7,BIRC3;IER3;NFKB1;NFKBIA;REL;SOD2;TNFAIP3,0.6072152481734543,estimable (descriptive),0.2170492517061612,0.013882072690286941,0.014189787657155756,0.9999999999999999,0.0,rank score of observed mean expression,0.8240510819439517,predictions/v2_native/C5_LOCT__scPRAM__C5_loct_NK.npz,results/_paper/program_observations/T5c__NK.npz
T5c,NK,scPRAM,native,effector_lymphocyte,141,11,CCL3;CCL4;CCL5;CD69;CST7;GNLY;GZMA;GZMB;KLRD1;NKG7;PRF1,0.5021023520281263,estimable (descriptive),0.2170492517061612,0.06637406841630467,0.13992680729083629,0.9999999999999998,0.0,rank score of observed mean expression,0.00021284143313231643,predictions/v2_native/C5_LOCT__scPRAM__C5_loct_NK.npz,results/_paper/program_observations/T5c__NK.npz
T5c,T_cells,scPRAM,native,type_I_IFN,141,20,BST2;HERC5;IFI44L;IFI6;IFIT1;IFIT2;IFIT3;IFITM1;IFITM3;IRF7;ISG15;ISG20;LY6E;MX1;MX2;OAS1;OAS2;STAT1;STAT2;XAF1,0.5119122733298306,estimable (descriptive),0.2028632297444176,0.026511883862075914,0.06721527553262213,1.0,0.0,rank score of observed mean expression,0.5204702793029362,predictions/v2_native/C5_LOCT__scPRAM__C5_loct_T_cells.npz,results/_paper/program_observations/T5c__T_cells.npz
T5c,T_cells,scPRAM,native,inflammatory_NFkB,141,7,BIRC3;IER3;NFKB1;NFKBIA;REL;SOD2;TNFAIP3,,constant observed rank-program score,0.2028632297444176,0.0,0.007000888539792136,,0.0,rank score of observed mean expression,0.8765218429219385,predictions/v2_native/C5_LOCT__scPRAM__C5_loct_T_cells.npz,results/_paper/program_observations/T5c__T_cells.npz
T5c,T_cells,scPRAM,native,effector_lymphocyte,141,11,CCL3;CCL4;CCL5;CD69;CST7;GNLY;GZMA;GZMB;KLRD1;NKG7;PRF1,,constant observed rank-program score,0.2028632297444176,0.0,0.1459153121251206,,0.0,rank score of observed mean expression,0.6610169491525424,predictions/v2_native/C5_LOCT__scPRAM__C5_loct_T_cells.npz,results/_paper/program_observations/T5c__T_cells.npz
