cluster,program,obs_shift_sd,obs_shift_mean,n_strata
C5,type_I_IFN,0.04200144951121619,-0.00855378001564002,141
C5,inflammatory_NFkB,0.012225873079170476,0.0015268059518680373,141
C5,effector_lymphocyte,0.025423209077843855,-0.012188661363406187,141
C3,TCR_activation,0.0044317785447421255,2.9496469670215865e-06,436
C3,IL2_STAT5,0.003564471029850048,0.0010203721084565557,436
C3,proliferation,0.0029533114078926313,0.00046320396042618246,436
C3,effector_cytokine,0.010966148174329301,-0.0019828673425567275,436
C3,Treg_exhaustion,0.0068782649915464355,-0.0007844144812381244,436
