cluster,dataset,program,recovery,n_genes_scored,n_cells,is_IFN,n_genes,fve_pc1,mean_abs_r,part_ratio,eff_dim_frac,obs_shift_sd,obs_shift_mean,n_strata
C5,op3_GSE279945,type_I_IFN,0.786,20.0,62074,True,20.0,0.3132026721326372,0.2655987854034138,7.972053677433981,0.398602683871699,0.0420014495112161,-0.00855378001564,141.0
C5,op3_GSE279945,inflammatory_NFkB,0.116,7.0,62074,False,7.0,0.3157918572509564,0.1774931401029855,5.506558036084767,0.7866511480121096,0.0122258730791704,0.001526805951868,141.0
C5,op3_GSE279945,effector_lymphocyte,0.033,11.0,62074,False,11.0,0.6577970178364293,0.5673184136366881,2.2067662869082776,0.2006151169916616,0.0254232090778438,-0.0121886613634061,141.0
C3,5xCRISPR(mean),TCR_activation,0.0047,5.0,411349,False,5.0,0.2358825539578404,0.1022701178361114,7.202502971625254,0.8993404267891285,0.0044317785447421,2.9496469670215865e-06,436.0
C3,5xCRISPR(mean),IL2_STAT5,0.0047,6.4,411349,False,6.4,0.2007799493830043,0.087265144847669,7.733071231501868,0.9219923559599308,0.00356447102985,0.0010203721084565,436.0
C3,5xCRISPR(mean),proliferation,0.0,9.2,411349,False,9.2,0.49120820326972,0.4092139632703916,3.5857653434082555,0.4416270254140219,0.0029533114078926,0.0004632039604261,436.0
C3,5xCRISPR(mean),effector_cytokine,0.0562,6.2,411349,False,6.2,0.332796278546495,0.1223973731272794,3.991085397886668,0.9099986507094838,0.0109661481743293,-0.0019828673425567,436.0
C3,5xCRISPR(mean),Treg_exhaustion,0.0009,4.8,411349,False,4.8,0.2586312328807305,0.0939468926338594,5.447256310590908,0.951341029429402,0.0068782649915464,-0.0007844144812381,436.0
C1,kang_GSE96583,type_I_IFN,,14.0,3691,True,14.0,0.247105489577887,0.1641940772519337,9.34353809031155,0.6673955778793965,,,
