condition,gene,mean,sd,minimum,maximum,negative_fraction,fraction_at_ten
0h,LINC00115,-0.01178412748836048,0.8470768151894235,-0.1605786681175232,10.0,0.9925773765341527,0.0054950429533985835
0h,TNFRSF18,-0.0031930727524428887,0.9628574447681264,-0.5018025636672974,10.0,0.9602285477550879,0.002077183776101454
0h,TNFRSF4,-0.00019830617834118658,0.9978717155089815,-0.6438231468200684,10.0,0.9661206147543342,0.00023015886715805584
0h,TNFRSF25,-1.2273964800518609e-09,0.9999971479569647,-1.2805932760238647,4.834804058074951,0.7110182803680241,0.0
0h,DNAJC11,-0.0006719252679722052,0.9924343004918053,-0.4152126908302307,10.0,0.9804480042349232,0.0005351193661424799
0h,TNFRSF1B,1.7518097131749484e-09,0.9999971439554624,-0.7578401565551758,8.504385948181152,0.9266311071216907,0.0
0h,EFHD2,-5.747547716441413e-06,0.9999384543186226,-0.6546527147293091,10.0,0.9603206113019511,1.726191503685419e-05
0h,PLEKHM2,-0.008223855783602187,0.89728631003033,-0.1998913437128067,10.0,0.9910986058126622,0.00457440748476636
0h,CDC42,5.816294044046852e-09,0.9999970970034884,-1.4834014177322388,3.674358367919922,0.5577727526425115,0.0
0h,ID3,1.1900745556753499e-08,0.999997063704605,-1.0514205694198608,5.09995174407959,0.7871548336239089,0.0
0h,AL445686.2,3.104227722426102e-09,0.9999971014564848,-0.7290771007537842,7.739562034606934,0.8972052959555333,0.0
0h,LDLRAP1,-1.3068728979980506e-09,0.9999971759840244,-1.3069130182266235,5.299096584320068,0.7463131426467119,0.0
0h,PAQR7,-0.018655332795296284,0.7249142681281248,-0.12766845524311066,10.0,0.9947408698854384,0.004925399757182395
0h,STMN1,1.0146401830669497e-08,0.9999971072679971,-0.9042689204216003,4.862774848937988,0.7545931078927229,0.0
0h,SH3BGRL3,1.095247448847643e-09,0.9999971001836346,-2.68619704246521,2.9984514713287354,0.40294488270528733,0.0
0h,UBXN11,-3.006637878061575e-09,0.9999971185613985,-0.6762580275535583,7.323744297027588,0.9007094647080147,0.0
0h,ZNF683,-0.015983562716521234,0.7681481174773525,-0.9134005308151245,10.0,0.6709706374825223,0.0040738119486975885
0h,SYTL1,7.740427572439539e-09,0.9999971472170588,-0.691996693611145,8.002802848815918,0.9059340709925026,0.0
0h,IFI6,1.0509257148043404e-09,0.9999972146155118,-0.472397118806839,8.435054779052734,0.9164523312216257,0.0
0h,IQCC,-0.02293745658484265,0.5909961376702801,-0.13252124190330505,10.0,0.9965361090492713,0.003440875064012935
0h,MARCKSL1,-2.9249851159552882e-09,0.9999971028632367,-1.20644211769104,4.830886363983154,0.790106621095211,0.0
0h,SYNC,-3.122544531521961e-06,0.9999649935497488,-0.33079060912132263,10.0,0.9512983837093554,5.753971678951396e-06
0h,AC004865.2,-0.01202826565735643,0.8433367793551828,-0.18885622918605804,10.0,0.9925716225624738,0.005368455576461653
0h,EVA1B,-0.020222489149945434,0.6843278211441921,-0.23082642257213593,10.0,0.9854999913690424,0.004447820107829429
0h,ARMH1,-1.3524409121392713e-05,0.9998534866318626,-0.5494581460952759,10.0,0.9533065198253095,1.1507943357902792e-05
0h,MMACHC,-0.0193785863887711,0.7074486283532655,-0.15615937113761902,10.0,0.9950055525826702,0.004770042521850707
0h,TUT4,-2.6479456813263274e-09,0.999997209750601,-1.654412031173706,6.109604358673096,0.8409199449920307,0.0
0h,JUN,-4.195487691118067e-09,0.9999972295893377,-0.8463243842124939,8.723579406738281,0.9026600611071792,0.0
0h,SRSF11,-8.75213488223146e-09,0.999997052809163,-1.1398069858551025,4.785426139831543,0.7499208828894144,0.0
0h,CTH,-0.01982981561506669,0.7001535421982915,-0.14583471417427063,10.0,0.9951263859879281,0.004747026635134902
0h,ZRANB2,1.0152033933377437e-08,0.9999971777903516,-1.3231183290481567,4.79539680480957,0.7595472775083001,0.0
0h,GBP5,-0.0010094659784932133,0.9887671634445009,-0.5575181245803833,10.0,0.9682898620772988,0.0008688497235216609
0h,TGFBR3,-0.0010380006498084632,0.9884002832323985,-0.5106809139251709,10.0,0.9658271621987077,0.0008228179500900497
0h,EVI5,-0.023558143407869492,0.5523191410995775,-0.1785767674446106,10.0,0.9937166629265851,0.003020835131449483
0h,S1PR1,2.034191173861355e-09,0.9999971799792601,-0.9506266117095947,6.23782205581665,0.8547697548232668,0.0
0h,RNPC3,-1.0592752266868043e-05,0.9998852577691119,-0.854995846748352,10.0,0.9540372742285362,2.3015886715805585e-05
0h,PRPF38B,1.3586634584438937e-08,0.9999971676288476,-1.378554344177246,4.646935939788818,0.7248508282842232,0.0
0h,GSTM2,-0.02356294301540091,0.5523986588010774,-0.19083938002586365,10.0,0.9969503950101558,0.0030150811597705316
0h,AL355488.1,-0.0233840300530945,0.5725984502548825,-0.10178474336862564,10.0,0.9967490060013925,0.0032337320835706847
0h,AL365361.1,-0.00027875992972054264,0.9970050279637483,-0.38976749777793884,10.0,0.9728527616187073,0.0002819446122686184
0h,C1orf162,7.173337527753571e-09,0.9999971828739387,-1.0058245658874512,4.67894172668457,0.7713256575351136,0.0
0h,CAPZA1,5.861325536989666e-09,0.999997172440895,-1.2035083770751953,4.737852573394775,0.7149942747981795,0.0
0h,CD58,-1.4365539647168334e-05,0.9998471644422088,-0.7541633248329163,10.0,0.916308481929652,3.452383007370838e-05
0h,CD2,1.1490173523943413e-08,0.9999971123253488,-2.256664514541626,3.6803653240203857,0.4764518709038914,0.0
0h,REG4,-0.007114332841514753,0.9131129640464005,-0.28008753061294556,10.0,0.9904771768713354,0.004022026203587026
0h,AC246785.3,-2.1454935270905614e-09,0.9999970797876071,-0.7196511626243591,7.3936309814453125,0.9061412139729448,0.0
0h,NUDT17,-0.022532116136900305,0.6150079557992858,-0.14466284215450287,10.0,0.9962484104653236,0.0037400815913184076
0h,OTUD7B,-0.0036071223460316408,0.9578219513132737,-0.27860066294670105,10.0,0.9872952305328753,0.0024224220768385377
0h,C1orf56,9.428271893631693e-09,0.9999970924239804,-1.2143380641937256,3.9302873611450195,0.5306312682328977,0.0
0h,CDC42SE1,-2.378880146630205e-09,0.9999971969845293,-1.094259262084961,3.7655789852142334,0.5980448004234923,0.0
0h,S100A11,-8.613616002230061e-09,0.9999972050033369,-2.119162082672119,4.038113117218018,0.48869056866502103,0.0
0h,S100A6,-5.206520306131121e-09,0.9999971187914081,-2.1573750972747803,3.7845702171325684,0.4215474731433372,0.0
0h,S100A4,-4.557724649183835e-09,0.9999971196568329,-1.9957047700881958,4.243324279785156,0.6351751796677657,0.0
0h,ADAM15,-0.009254287505948764,0.8823346467145909,-0.20971564948558807,10.0,0.9910870978693043,0.0048045663519244155
0h,EFNA1,-0.017454108144244546,0.7510862124698264,-0.2203991413116455,10.0,0.9943495998112697,0.005218852312808916
0h,LMNA,-0.0009234107120659269,0.9897831611119252,-0.6018003225326538,10.0,0.9213777309788082,0.000857341780163758
0h,SH2D2A,4.6786499067275726e-09,0.9999972010455177,-0.8787822127342224,8.167009353637695,0.9177527288210687,0.0
0h,PYHIN1,1.7952128428118174e-09,0.9999970921121455,-1.0524903535842896,8.18295669555664,0.8952201757262951,0.0
0h,IFI16,-7.788678241119163e-09,0.9999971600032893,-1.454638957977295,5.463339328765869,0.7481141357822236,0.0
0h,FCRL6,-0.02405955974975089,0.49666895708709446,-0.515277087688446,10.0,0.6978014074214727,0.0023821442750858782
0h,TAGLN2,7.078675013651477e-09,0.9999970662758951,-1.6141293048858643,4.608065128326416,0.7082218501320536,0.0
0h,CD84,2.5651892882472347e-09,0.9999971512973718,-0.7398928999900818,9.961808204650879,0.9394049242489628,0.0
0h,FCER1G,-0.014420669752603444,0.7981948945556872,-0.2244979292154312,10.0,0.9934289643426375,0.0052015903977720625
0h,APOA2,-0.020361745690629044,0.3281628608254702,-0.5781915783882141,10.0,0.5560695770255418,0.0009321434119901262
0h,ATP1B1,-0.018658666961440407,0.7231002601920851,-0.5825895071029663,10.0,0.8410235164822518,0.004867860040392881
0h,SELL,-6.566205015453706e-09,0.9999971100798565,-2.2635552883148193,3.327897310256958,0.42335422025052794,0.0
0h,FASLG,-0.0155999943149348,0.7848793035636374,-0.45915213227272034,10.0,0.862318965666051,0.005414487349893264
0h,RGS16,-0.018638572621643746,0.7235619508152555,-0.2251075953245163,10.0,0.9896255890628506,0.004959923587256104
0h,C1orf21,-0.0038115971360351067,0.9565944398747495,-1.1446343660354614,10.0,0.7238496372120856,0.0027101206607861076
0h,FAM129A,-2.3075437065516627e-05,0.9997539739551017,-0.9205240607261658,10.0,0.8939830718153206,4.0277801752659774e-05
0h,TPR,1.8888711346283445e-09,0.9999971065692348,-1.6304110288619995,5.011215686798096,0.7545413221476124,0.0
0h,RGS1,-4.104987861343867e-06,0.9999553665267862,-0.7054862380027771,10.0,0.94128647298798,1.726191503685419e-05
0h,RGS2,-9.057226651197205e-05,0.9990183304670861,-0.7210943102836609,10.0,0.919852928483886,8.055560350531955e-05
0h,MIR181A1HG,-0.00027778421169442154,0.9969900387671403,-0.5132228136062622,10.0,0.9731692300610496,0.000304960498984424
0h,MDM4,-9.711009746164607e-10,0.9999971699676079,-0.7875472903251648,5.400137424468994,0.7855724914121973,0.0
0h,NUCKS1,-8.193530503233429e-09,0.9999971811495674,-1.214078426361084,4.77834939956665,0.7437468712778996,0.0
0h,FCMR,9.564145031759795e-09,0.9999971769200089,-1.1841377019882202,4.2189812660217285,0.6420396678807547,0.0
0h,CD55,6.978660896723573e-09,0.9999971277981797,-1.5450693368911743,5.407548904418945,0.7956074180202886,0.0
0h,LINC00467,-0.011412110115448829,0.8520426920228408,-0.2206210196018219,10.0,0.9922666620634893,0.005167066567698354
0h,CENPF,-0.005666032898600541,0.9314798042648053,-0.6289833784103394,10.0,0.9001455754834775,0.0032394860552496362
0h,AL591895.1,-0.0032109671488613394,0.9618671659356717,-0.22792358696460724,10.0,0.9869327303171014,0.001858532852301301
0h,C1orf35,-6.656834590168408e-09,0.9999971050364318,-0.4801938235759735,7.018327713012695,0.9071366510734035,0.0
0h,OBSCN,-0.012391644600289731,0.8361798013059134,-0.1866081953048706,10.0,0.9927730115712371,0.0054950429533985835
0h,C1orf131,-4.900604565175563e-09,0.9999971835609645,-0.6502479314804077,7.153147220611572,0.8999096626446405,0.0
0h,AL445524.1,-0.010457450956824522,0.8664403148526671,-0.1779404878616333,10.0,0.9919559475928259,0.005051987134119326
0h,ZBTB18,-0.0005363352030184197,0.9939992976821767,-0.3304121196269989,10.0,0.9777724074042108,0.0004315478759213547
0h,LINC01871,1.8434640544366417e-09,0.9999971832045437,-0.8718312382698059,9.490711212158203,0.9224709855978089,0.0
0h,ID2,1.4312301343981304e-10,0.9999971042523009,-0.8163357973098755,7.606841564178467,0.9207908258675551,0.0
0h,ADAM17,3.0117106556314158e-09,0.9999971051894953,-0.521905779838562,8.500838279724121,0.9409584966022797,0.0
0h,YWHAQ,2.7695911955823283e-09,0.9999971512288247,-1.250793218612671,4.989223480224609,0.7536321946223381,0.0
0h,AC074117.1,-3.019413478657008e-06,0.9999661245358802,-0.5755636692047119,10.0,0.9553779496297319,5.753971678951396e-06
0h,FOSL2,-0.005398385054207976,0.9351489288119583,-0.3577386438846588,10.0,0.980108519905865,0.0029517874713020664
0h,PPP1CB,4.0925987817257325e-09,0.999997185845082,-1.1458269357681274,4.645934104919434,0.7008049806378853,0.0
0h,CEBPZ,-7.553598239604535e-09,0.9999972034808693,-0.970337450504303,5.778568267822266,0.8416334374802207,0.0
0h,EML4,5.305846429066412e-09,0.9999971682719587,-1.4810235500335693,5.881698131561279,0.8118278641832525,0.0
0h,ZFP36L2,-8.576064998937686e-09,0.9999970848252494,-2.709784746170044,3.2169151306152344,0.42947069214525324,0.0
0h,AC009501.1,-0.020311694736166903,0.6824767007318883,-0.11519785225391388,10.0,0.9953507908834073,0.004545637626371603
0h,AC012368.1,-0.015504048595751007,0.7853824606679958,-0.3393772840499878,10.0,0.9911791614161675,0.005299407916314236
0h,SLC1A4,-0.009047648404744717,0.8823692193354091,-0.35895198583602905,10.0,0.9648604949566438,0.004194645353955567
0h,PLEK,-0.010311990823805881,0.8685734392342546,-0.7498994469642639,10.0,0.77079629214065,0.004626193229876923
0h,AUP1,-2.3297506341407796e-09,0.9999971813249016,-0.7716459035873413,5.969917297363281,0.8524163804065756,0.0
0h,GNLY,-1.6932741164589496e-05,0.9998238408373686,-1.6845446825027466,10.0,0.7184006260321186,4.603177343161117e-05
0h,LINC01943,-0.003961885039777716,0.9542184066481705,-1.003172516822815,10.0,0.8077080204611233,0.002456945906912246
0h,CYTOR,1.166848636357778e-09,0.9999971904684362,-1.0114444494247437,9.890759468078613,0.9135695914104711,0.0
0h,AC133644.2,3.786982144702323e-09,0.9999971660788309,-0.6682233810424805,9.51235294342041,0.9506079071078812,0.0
0h,IGKC,-0.013304562427275875,0.8195199981499309,-0.33193960785865784,10.0,0.9585138641947605,0.005144050680982548
0h,DUSP2,3.4274017890492476e-09,0.9999971494834542,-0.8341537714004517,9.272117614746094,0.9292491642356137,0.0
0h,ANKRD36,3.69454617167953e-09,0.999997166436773,-1.4116002321243286,9.791335105895996,0.9246574948358104,0.0
0h,EIF5B,-7.017900067100401e-09,0.9999971285682577,-1.035892367362976,4.869622230529785,0.7730863728688727,0.0
0h,LIMS1,2.7926832855802043e-09,0.9999970767382862,-1.4184871912002563,6.624124050140381,0.857347534135437,0.0
0h,MIR4435-2HG,-0.010462230077419069,0.8634742704855676,-0.36903107166290283,10.0,0.9780428440731215,0.004430558192792575
0h,CXCR4,-1.3434374831592238e-08,0.9999971473246145,-2.044069766998291,3.33821177482605,0.45362586525349124,0.0
0h,ZEB2,-0.009903197401666427,0.8755979360754391,-0.9679645299911499,10.0,0.7008107346095642,0.0048045663519244155
0h,NR4A2,-0.014662299453096316,0.7982701919658722,-0.1985606551170349,10.0,0.9900974147405246,0.005259130114561576
0h,GALNT3,-0.023284181377911866,0.5588843640253769,-0.3555368483066559,10.0,0.8685620249377133,0.0030611129332021427
0h,TLK1,-5.099417355363013e-09,0.9999970408774103,-1.3696057796478271,5.463181018829346,0.7970861887417791,0.0
0h,CDCA7,-0.011401610752855881,0.8479943566960761,-0.6673051714897156,10.0,0.8405919686063306,0.0047642885501717564
0h,GPR155,-1.2678805478406398e-07,0.9999958530640987,-0.7633888125419617,10.0,0.9401414326238686,5.753971678951396e-06
0h,CHN1,-0.005277271295065033,0.9374396699125208,-0.2451799064874649,10.0,0.9884172550102709,0.002923017612907309
0h,TTN,-0.007236061949449827,0.9097090983847915,-0.5455928444862366,10.0,0.9886416599057499,0.003860914996576387
0h,CCDC141,-0.003898593215524433,0.9537628188784831,-0.5086508989334106,10.0,0.9857416581795584,0.002146231436248871
0h,SESTD1,-0.023573897276575627,0.5543941464157043,-0.16723239421844482,10.0,0.9938259883884851,0.0030265891031284343
0h,ITGA4,-5.053705587407553e-09,0.9999971502414124,-1.5486090183258057,7.4454121589660645,0.8981604552542393,0.0
0h,AC114760.2,6.785317268118502e-09,0.9999971464307377,-0.7496024370193481,5.877568244934082,0.8251195387616302,0.0
0h,AC013264.1,1.8639634149456603e-09,0.9999970809001988,-0.7107998728752136,6.934212684631348,0.900559861444362,0.0
0h,SPATS2L,-0.012167334789170819,0.8402625095716693,-0.2803710699081421,10.0,0.9807932425356602,0.0053627016047827014
0h,CLK1,4.498822897591885e-09,0.9999971208361915,-1.0964678525924683,4.824109077453613,0.7659054162135414,0.0
0h,CTLA4,-0.006821949822518017,0.915686264587852,-0.226116344332695,10.0,0.9897982082132192,0.0034063512339392267
0h,AC007383.2,-0.022197987480305627,0.6244604856288738,-0.12883660197257996,10.0,0.9960700373432761,0.0038321451381816297
0h,AC007038.2,-0.004414163315392134,0.9478356129672397,-0.184355229139328,10.0,0.9880605087661759,0.0026698428590334476
0h,IKZF2,-0.019522707397912117,0.7001861325458527,-0.18750298023223877,10.0,0.9950746002428176,0.004597423371482166
0h,CCL20,-0.006297849486213538,0.9232218661724677,-0.4720021188259125,10.0,0.9406765519900111,0.0032164701685338305
0h,AC009950.1,-0.021825307789972062,0.6334714859664736,-0.15337634086608887,10.0,0.9960067436548077,0.003918454713365901
0h,ITM2C,-2.079083972899567e-06,0.9999759726170829,-0.6585924625396729,10.0,0.93678686713504,5.753971678951396e-06
0h,GPR55,-0.016642362098336992,0.7637662233430378,-0.2464706003665924,10.0,0.9910525740392305,0.005241868199524722
0h,COL6A3,-0.005985290720496343,0.9273701350636341,-0.18787626922130585,10.0,0.9900341210520561,0.003993256345192269
0h,PASK,-5.528210994133199e-11,0.9999970745708914,-1.8314038515090942,4.170797348022461,0.71575955303148,0.0
0h,D2HGDH,-0.0008293611407548337,0.9905452227431387,-0.3111461400985718,10.0,0.9797632816051279,0.0006617067430794106
0h,PDCD1,-0.018741667193536003,0.7213643353058823,-0.295104444026947,10.0,0.9765468114365942,0.004793058408566513
0h,THUMPD3-AS1,3.9105870134334836e-09,0.9999972138398979,-0.98651522397995,4.879251003265381,0.7310536097541328,0.0
0h,SETD5,9.437496404382291e-10,0.9999971212254749,-0.8392373323440552,8.271075248718262,0.9091793110194312,0.0
0h,FANCD2,-0.0015891433946184396,0.9821732558162807,-0.2734019160270691,10.0,0.9833825297911883,0.0013406754011956754
0h,LINC00852,-0.0235584040263237,0.558034865744161,-0.10779175162315369,10.0,0.996208132663571,0.0030726208765600458
0h,XPC,-6.7842883778045876e-09,0.9999971116490068,-1.0348255634307861,6.173716068267822,0.8689015092667713,0.0
0h,CCDC174,1.2866016152924443e-08,0.9999970360132588,-0.8048123717308044,7.606550216674805,0.8948173977087684,0.0
0h,SH3BP5-AS1,-0.016754968424906133,0.7613610088875428,-0.18514788150787354,10.0,0.9941194409441116,0.005218852312808916
0h,KAT2B,-0.007855899593137917,0.9020915273205222,-0.263070285320282,10.0,0.9901146766555615,0.004522621739655798
0h,LINC02084,-0.021725801490720228,0.6470103046731064,-0.3912084698677063,10.0,0.8709844470145518,0.004050796061981783
0h,EOMES,-0.006619220678296356,0.9197971265606293,-0.7927676439285278,10.0,0.7685867670159328,0.003400597262260275
0h,CMC1,-3.2958095890461165e-07,0.9999938060603708,-0.5751258730888367,10.0,0.937258692812714,5.753971678951396e-06
0h,CX3CR1,-0.0239323574902033,0.49652529907027115,-0.5824272632598877,10.0,0.6518099117916142,0.0023591283883700725
0h,ENTPD3-AS1,-2.8765757195095287e-05,0.9996959963977516,-0.2530364394187927,10.0,0.9688882751319098,4.603177343161117e-05
0h,CTNNB1,-3.2483782027475922e-09,0.9999971188971865,-0.679205060005188,5.984344959259033,0.84514911417606,0.0
0h,NKTR,9.869089097050903e-09,0.9999970116058358,-1.550096035003662,5.153128147125244,0.7672806154448107,0.0
0h,CXCR6,-0.0029581813317920568,0.9658392856026365,-0.9733564257621765,10.0,0.7832651487689377,0.0020311520026698427
0h,CCR2,-0.019791815777853026,0.6908784530845575,-0.40076616406440735,10.0,0.8548675723418089,0.004493851881261041
0h,CCR5,-0.019117612921424325,0.711225896290856,-0.589767336845398,10.0,0.7868556270966034,0.00470099486170329
0h,NBEAL2,-0.014928234128602077,0.7948619313505081,-0.2571723759174347,10.0,0.9846311416455208,0.005374209548140604
0h,RBM6,-1.662558135996864e-09,0.9999971912962549,-0.9496060609817505,5.782395839691162,0.8096988946620405,0.0
0h,RASSF1-AS1,-0.023317895777450682,0.5695473474740751,-0.12304943799972534,10.0,0.9967835298314661,0.003210716196854879
0h,DNAH1,-0.02346688088727532,0.563785864112954,-0.12074492871761322,10.0,0.9968468235199346,0.003141668536707462
0h,STIMATE,-0.023455185551738585,0.5599425791448515,-0.16337767243385315,10.0,0.9967605139447504,0.003095636763275851
0h,FLNB,-0.006602623214975518,0.9180577328784012,-0.2855256497859955,10.0,0.9901837243157089,0.003906946770007998
0h,FHIT,2.4164560783029638e-09,0.9999971399947649,-1.0964000225067139,5.103659152984619,0.80525682852589,0.0
0h,FOXP1,1.6007701913341503e-08,0.9999971335284761,-1.3920644521713257,4.061220645904541,0.607556115608799,0.0
0h,CLDND1,1.390708273646128e-09,0.9999971188724962,-1.12830650806427,5.726110458374023,0.8151594137853654,0.0
0h,AC093010.2,-0.0024251406305893647,0.9720554449549481,-0.31854674220085144,10.0,0.9797747895484858,0.0016916676736117105
0h,ZNF80,-0.023007360643487965,0.5822071720779739,-0.13253143429756165,10.0,0.9964958312475186,0.0033488115171497125
0h,TIGIT,-1.1358438264447505e-06,0.9999856538932821,-0.47743111848831177,10.0,0.9539509646533519,5.753971678951396e-06
0h,ZBTB20,8.386059593673318e-09,0.9999970686318063,-1.127119779586792,5.553293228149414,0.8277433498472321,0.0
0h,COX17,-4.666017573603019e-09,0.9999971287155451,-0.8174265623092651,5.3614821434021,0.8220411639133912,0.0
0h,H1FX,1.4514420348600334e-09,0.9999971238629983,-0.9869804978370667,5.9324235916137695,0.8404251034276409,0.0
0h,PLXND1,-0.011479390256110151,0.851345855329089,-0.3367258906364441,10.0,0.9699412519491579,0.005247622171203673
0h,TF,-0.011028767155652618,0.8584489455653516,-0.2423505187034607,10.0,0.9922781700068473,0.0052821460012773816
0h,U2SURP,-8.909493474017644e-09,0.9999972671839749,-0.9985362887382507,5.692719459533691,0.8276455323286899,0.0
0h,GPR171,1.5104228706724825e-09,0.9999971010698083,-1.3540992736816406,5.450700759887695,0.7875518576697565,0.0
0h,MBNL1,-5.866398314559507e-09,0.999997266689565,-1.3911938667297363,5.332317352294922,0.777678042268676,0.0
0h,CCNL1,8.306840063380373e-09,0.9999971057447791,-1.3419065475463867,6.0274338722229,0.7927131702657759,0.0
0h,RSRC1,-3.194532942986058e-09,0.9999970803619104,-0.8187471032142639,7.729008197784424,0.9189553089019696,0.0
0h,SKIL,-8.403528623944529e-10,0.9999971516520442,-1.148558259010315,6.647627353668213,0.8532737221867394,0.0
0h,TTC14,8.734753602371136e-09,0.9999970785785469,-1.1805124282836914,5.625057697296143,0.777919709079192,0.0
0h,LINC02043,-0.016528383567334656,0.7680595623140004,-0.24350985884666443,10.0,0.9940676551990011,0.005408733378214312
0h,BCL6,-0.020857835552582468,0.6699372681291487,-0.20378845930099487,10.0,0.9930952339852583,0.004373018476003061
0h,TPRG1,-0.0001545098903773125,0.9983733964387221,-0.7971349358558655,10.0,0.884466002658335,0.00023591283883700725
0h,TMEM175,-0.0004988938008762916,0.9945579136807722,-0.25374534726142883,10.0,0.9773466134999683,0.0004373018476003061
0h,DGKQ,-0.01942028386911877,0.7039571806193027,-0.16537615656852722,10.0,0.9943495998112697,0.004735518691776999
0h,AC016773.1,-0.008431549574804378,0.8944738287809029,-0.2073087990283966,10.0,0.9910986058126622,0.004562899541408458
0h,MXD4,-3.41337988050948e-05,0.999638011569487,-0.5299350023269653,10.0,0.9617706121650469,4.603177343161117e-05
0h,LYAR,1.1632801362201845e-09,0.9999971634602816,-1.4413856267929077,6.074419975280762,0.8556673744051831,0.0
0h,JAKMIP1,-0.022965778600431332,0.5919683103296436,-0.31159156560897827,10.0,0.9162279263261466,0.003429367120655032
0h,CD38,-0.023030055960138237,0.5776131207016435,-0.22576093673706055,10.0,0.9922263842617367,0.0032797638570022957
0h,FGFBP2,-0.0004739357236454855,0.9949757012161322,-1.4282457828521729,10.0,0.7099883194374917,0.0007192464598689245
0h,HOPX,-2.091441980216523e-06,0.9999758353070192,-1.2372266054153442,10.0,0.8236925537852503,5.753971678951396e-06
0h,ALB,-0.020664497479953546,0.3379481420976624,-0.5921417474746704,10.0,0.5576289033505377,0.00098968312877964
0h,FAM13A-AS1,-0.011302120065830456,0.8520936938183087,-0.18999847769737244,10.0,0.9923242017802788,0.005236114227845771
0h,TRMT10A,-0.0019250332478430395,0.9780306133597662,-0.24201057851314545,10.0,0.9847059432773472,0.001496032636527363
0h,PPP3CA,3.745826982201518e-09,0.9999972049925617,-0.6268670558929443,7.414602756500244,0.9183971736491113,0.0
0h,LEF1,-1.830795936644289e-09,0.9999972087063037,-1.721415400505066,3.5411391258239746,0.5629858509836415,0.0
0h,LARP7,-3.0654072085897673e-09,0.9999971547465099,-0.9491060376167297,6.170718669891357,0.874281472786591,0.0
0h,LINC02273,9.200551539173692e-09,0.9999971036437316,-1.0488075017929077,5.917952060699463,0.8700638115459196,0.0
0h,AC097534.2,-0.00050478908982221,0.9944577151375089,-0.38406291604042053,10.0,0.9743890720569873,0.0004488097909582089
0h,HPGD,-0.011490864768037947,0.8494803981709185,-0.36290091276168823,10.0,0.9629731922459478,0.004942661672219249
0h,MIR4458HG,-2.265011537323554e-06,0.9999740809198902,-0.38102006912231445,10.0,0.9615922390429994,1.1507943357902792e-05
0h,IL7R,2.0402113240834698e-09,0.999997216088011,-2.8648409843444824,3.446939706802368,0.4247179115384394,0.0
0h,NADK2,-0.004318805851648909,0.9482430993638646,-0.21984679996967316,10.0,0.988635905934071,0.002687104774070302
0h,RICTOR,1.6696103216901541e-09,0.9999972153765867,-0.8022027611732483,6.984165668487549,0.9003699803789565,0.0
0h,CCDC152,-0.00030049002992457474,0.9967384005579455,-0.34882014989852905,10.0,0.9765007796631625,0.0003222224140212782
0h,GZMK,-9.544286081396979e-05,0.9989763319241268,-1.0690792798995972,10.0,0.8348092270689844,0.00013809532029483351
0h,GZMA,-1.693930354923319e-05,0.9998151627894969,-1.5221667289733887,10.0,0.7832651487689377,1.726191503685419e-05
0h,NDUFAF2,3.6768252776335588e-09,0.9999971702734817,-0.5182262659072876,7.985269546508789,0.9335416271081114,0.0
0h,SREK1IP1,-2.8325350342070805e-09,0.9999972186591519,-0.6366458535194397,7.164514541625977,0.9025277197585634,0.0
0h,CENPK,-1.1512210851961473e-09,0.9999971016582054,-0.5234509110450745,8.84559154510498,0.9437434188948922,0.0
0h,PIK3R1,-8.46143007946428e-10,0.9999972092796549,-1.726598858833313,5.7618408203125,0.8220066400833175,0.0
0h,OCLN,-0.012147239256782532,0.8398879680525746,-0.20655059814453125,10.0,0.9925946384491896,0.005270638057919479
0h,GCNT4,-2.3682208161840304e-09,0.9999970599900478,-0.5020418167114258,8.342018127441406,0.9251293205134844,0.0
0h,F2R,-0.0004294226321667526,0.9952542789106464,-0.7729777693748474,10.0,0.8787465548094572,0.0004142859608845005
0h,MTX3,-0.004621585000861572,0.9437887219828934,-0.34327763319015503,10.0,0.9884460248686656,0.0026525809439965934
0h,SERINC5,-5.5266950388000754e-09,0.9999970928165338,-1.2469639778137207,5.537386417388916,0.8039391690114102,0.0
0h,ARRDC3,-2.3956853550908113e-09,0.9999971356424405,-0.7691055536270142,6.181775093078613,0.8472032820654457,0.0
0h,NUDT12,-0.020414980413096605,0.680525620997749,-0.1550060659646988,10.0,0.9953910686851599,0.004476589966224186
0h,IRF1,-9.518692328471593e-11,0.9999971325093473,-1.2927887439727783,5.681615829467773,0.8156772712364709,0.0
0h,ZCCHC10,7.292431581589194e-09,0.9999971183224142,-0.6110004782676697,6.997375965118408,0.8991271224963031,0.0
0h,AC008608.2,-0.011317375001907725,0.8537344620024395,-0.18356002867221832,10.0,0.9923357097236367,0.005259130114561576
0h,CDKL3,-0.01893799018206355,0.7158494391410555,-0.1711186170578003,10.0,0.9948847191774122,0.004839090181998124
0h,DDX46,7.909870266610502e-09,0.9999971421660435,-1.1748229265213013,5.539618968963623,0.8053028602993216,0.0
0h,TMEM173,-6.0456087682080115e-09,0.9999970880122331,-0.9602976441383362,6.760019302368164,0.87143325680551,0.0
0h,NR3C1,8.457046787350977e-09,0.9999970360462416,-1.3493444919586182,4.937377452850342,0.7713083956200768,0.0
0h,PPP2R2B,-0.015617630114083993,0.7831260857408765,-0.425639271736145,10.0,0.8985574793000869,0.005293653944635285
0h,ADRB2,-0.00731564635657579,0.9110127292141398,-0.7450096011161804,10.0,0.7947500762401247,0.004194645353955567
0h,CD74,-2.750363137990583e-09,0.9999972262329319,-1.0727440118789673,6.037955284118652,0.7740185162808628,0.0
0h,HAVCR2,-0.01850455066951759,0.7249916845628122,-0.21036773920059204,10.0,0.99467757619697,0.004919645785503444
0h,ADAM19,-0.003744117086001766,0.9554481051319548,-0.4250880181789398,10.0,0.9552053304793634,0.0020311520026698427
0h,RNF145,-8.151212030269971e-09,0.9999971565129184,-0.6381014585494995,7.20888090133667,0.8982352568860656,0.0
0h,MIR3142HG,-0.02146544810535255,0.6488412389753541,-0.1365499198436737,10.0,0.9958111086177234,0.004102581807092345
0h,PDLIM7,-0.022920016547458247,0.5977655004959583,-0.1267118752002716,10.0,0.996455553445766,0.003527184639197206
0h,FAM193B,-0.003957386245356668,0.9528633786985612,-0.22664500772953033,10.0,0.9879914611060284,0.002353374416691121
0h,HNRNPH1,-1.131607863587149e-09,0.9999971815629466,-1.1174869537353516,4.140960216522217,0.6333108928437854,0.0
0h,SCGB3A1,-0.00041903200410035304,0.9955030217585374,-0.5004319548606873,10.0,0.842548318977174,0.0005408733378214313
0h,SERPINB9,2.596243943052115e-09,0.9999971158323395,-0.8149312138557434,7.036839008331299,0.8849435823076879,0.0
0h,PRPF4B,-7.244030866405458e-09,0.9999970413862282,-1.2323052883148193,7.186601638793945,0.8894144183022331,0.0
0h,SOX4,-0.022255297663944466,0.596127989899818,-0.14656518399715424,10.0,0.9964670613891239,0.0034638909507287404
0h,C6orf62,-1.7972570262601926e-09,0.9999971061646334,-0.9495494961738586,5.309165000915527,0.8028919461658409,0.0
0h,RIPOR2,-3.866548726876016e-09,0.999997188585924,-2.26385760307312,4.348997592926025,0.6710224232276328,0.0
0h,HIST1H2AC,-2.804727866787561e-09,0.9999970962227641,-0.7046276330947876,8.703571319580078,0.9427249659077178,0.0
0h,BTN3A2,-8.556372758523272e-09,0.9999972010902337,-1.2894353866577148,5.522656440734863,0.7899742797465951,0.0
0h,GABBR1,-0.022805990265041782,0.5983004438568411,-0.15234944224357605,10.0,0.9963807518139396,0.0035214306675182545
0h,HLA-F,-2.9959161677908668e-09,0.9999971537739561,-1.3634356260299683,4.986609935760498,0.751273066233968,0.0
0h,ABCF1,1.5994099929803513e-09,0.9999970833391563,-0.961821436882019,6.64859676361084,0.8758695689699816,0.0
0h,HLA-C,3.0738978248912953e-09,0.9999971870119534,-3.7958688735961914,3.5416054725646973,0.41833100297480336,0.0
0h,MICA,-0.0011265371506357692,0.9872370151644269,-0.22957231104373932,10.0,0.9816045525423924,0.0008918656102374664
0h,TNF,-0.006478423438832773,0.9198202922445544,-0.29115310311317444,10.0,0.986271023574022,0.003705557761244699
0h,LTB,-4.1104976989991345e-09,0.9999972058130153,-3.390045404434204,3.1244029998779297,0.39479150483621317,0.0
0h,NCR3,-0.014066722942714818,0.8070449969787987,-0.23910954594612122,10.0,0.9913805504249308,0.0053224238030300415
0h,AIF1,-1.6849048498900467e-09,0.9999970779849822,-0.8058744668960571,8.063300132751465,0.9380642488477672,0.0
0h,CLIC1,3.465508053894675e-09,0.9999971319520212,-1.6584923267364502,5.129481792449951,0.7998653570627126,0.0
0h,HSPA1A,-2.3232230582419515e-05,0.9997413972313136,-0.6429604291915894,10.0,0.9473914369393474,1.726191503685419e-05
0h,HSPA1B,-0.003392439738823903,0.9594958547806876,-0.27426451444625854,10.0,0.9877382863521545,0.0021577393796067736
0h,AGER,-0.013515315313258804,0.8199211086466126,-0.12562784552574158,10.0,0.9930837260419004,0.005460519123324875
0h,HLA-DRA,-0.010300376991846253,0.8617650799283672,-0.41998758912086487,10.0,0.9396465910594788,0.003509922724160352
0h,HLA-DRB5,-0.010404769312931161,0.8611443292060488,-0.39993882179260254,10.0,0.920802333810913,0.003964486486797512
0h,HLA-DRB1,-0.0009010465582507816,0.9898752758231651,-0.6857537031173706,10.0,0.9372759547277508,0.0007019845448320703
0h,HLA-DQA1,-0.02328094805912414,0.4806531070643013,-0.22337643802165985,10.0,0.9363035335140081,0.002278572784864753
0h,HLA-DQB1,-0.001528654560858107,0.9829437304562773,-0.6768245697021484,10.0,0.9727319282134493,0.0012255959676166473
0h,TAP1,2.8166954151914666e-09,0.9999971180972523,-1.0444080829620361,6.896162986755371,0.8599655912493599,0.0
0h,HLA-DMB,-0.0197948306511202,0.6951931981285542,-0.2398833930492401,10.0,0.983186894754104,0.0045916693998032145
0h,HLA-DMA,-0.0009698173167635325,0.9891013666639838,-0.24214830994606018,10.0,0.981052171261213,0.0007998020633742441
0h,HLA-DPA1,-1.0072827224441047e-09,0.999997172133421,-1.0038422346115112,9.459230422973633,0.9178678082546478,0.0
0h,HLA-DPB1,2.464976374877681e-09,0.9999970169657902,-1.340134620666504,7.594485759735107,0.8971592641821017,0.0
0h,SYNGAP1,-0.0022548243197076934,0.9733445969470047,-0.28847771883010864,10.0,0.9849073322861105,0.0014327389480588977
0h,SYNGAP1-AS1,-0.011588852588200992,0.8509771361736409,-0.12471805512905121,10.0,0.9923990034121052,0.005351193661424798
0h,PI16,-0.01252497405703914,0.8318024499935944,-0.22635933756828308,10.0,0.9918753919893206,0.005218852312808916
0h,CCDC167,1.9111208876667493e-09,0.9999971981408506,-0.7262829542160034,6.5909271240234375,0.8945469610398578,0.0
0h,TFEB,-0.023420214825077303,0.5681895457185109,-0.1553552895784378,10.0,0.9950055525826702,0.0031934542818180247
0h,B3GAT2,-4.853897231966812e-10,0.9999971522174894,-0.45463165640830994,8.47650146484375,0.9353713901020179,0.0
0h,FILIP1,-0.022752408278118436,0.5929342014940352,-0.18003393709659576,10.0,0.9939353138503852,0.003469644922407692
0h,PHIP,-4.13770383262271e-09,0.9999971399924126,-1.021580457687378,6.374989986419678,0.8588378128002854,0.0
0h,PRDM1,-4.4500330094154096e-05,0.9995311602634773,-0.6908103227615356,10.0,0.9463959998388888,9.781751854217373e-05
0h,FYN,1.2420929992493139e-09,0.9999971511198333,-1.363991141319275,4.744654178619385,0.7344196831863193,0.0
0h,RWDD1,7.193208474328898e-10,0.999997133991977,-1.3190134763717651,4.128014087677002,0.6848031853987214,0.0
0h,MAN1A1,-0.01909916486388671,0.7107461710040286,-0.2504945397377014,10.0,0.9913115027647834,0.004677978974987485
0h,SAMD3,-1.6232569622566973e-06,0.9999807035835119,-0.9961909055709839,10.0,0.9229428112754829,5.753971678951396e-06
0h,AHI1,-0.00027473580906322594,0.9970238327577768,-0.6458681225776672,10.0,0.9715351021042274,0.0002819446122686184
0h,PDE7B,-0.018244369609634273,0.728777770863669,-0.16510924696922302,10.0,0.9936878930681903,0.004908137842145541
0h,AL138828.1,-0.02271305816271694,0.5974186198969447,-0.18452978134155273,10.0,0.9901607084289931,0.003509922724160352
0h,AL357060.1,-3.1241679985245333e-09,0.9999971122164334,-0.6686360836029053,9.099833488464355,0.9332654364675217,0.0
0h,TNFAIP3,9.271836902656093e-10,0.999997125963967,-1.0269019603729248,7.128131866455078,0.8969808910600542,0.0
0h,AL023584.2,-0.023135171260348548,0.5752349813791474,-0.09282967448234558,10.0,0.9966972202562819,0.003268255913644393
0h,ADAT2,-0.005253876872985286,0.9361448965386947,-0.30908888578414917,10.0,0.9889351124613764,0.002946033499623115
0h,STXBP5,-0.008625784589488353,0.8913329754877976,-0.2510966956615448,10.0,0.9912194392179202,0.0046837329466664366
0h,AL355312.2,-0.023618792334179677,0.5480165038802169,-0.19860978424549103,10.0,0.9853676500204266,0.0029690493863389206
0h,ARID1B,-2.9763760436138385e-09,0.9999971892838773,-0.7938526272773743,7.010972499847412,0.8959164062994482,0.0
0h,EZR,-4.9070007998012094e-09,0.9999971741395751,-1.402616262435913,4.797097682952881,0.7775054231183074,0.0
0h,WTAP,4.699499379234992e-09,0.9999971008170245,-0.9054094552993774,4.889954090118408,0.7575333874206671,0.0
0h,RNASET2,1.5451247712469786e-08,0.9999971382579758,-1.7784154415130615,3.9829766750335693,0.5855816977668836,0.0
0h,CCR6,-7.334623283560996e-05,0.9992244764477258,-0.7923760414123535,10.0,0.9250084871082265,0.00011507943357902792
0h,AC091729.3,-0.017164141992170857,0.7552499728111652,-0.12323331832885742,10.0,0.9942690442077644,0.005230360256166819
0h,PSMG3-AS1,-0.014441074552197258,0.8043422366798745,-0.1465567797422409,10.0,0.9934001944842428,0.0055353207551512434
0h,CHST12,-1.900767379281896e-09,0.9999971483919435,-0.845547080039978,8.030029296875,0.9072862543370561,0.0
0h,TNRC18,-0.008521697694969193,0.8928628746582759,-0.2299463152885437,10.0,0.9910295581525148,0.0045111137962978946
0h,ZNF316,-0.012204031898567736,0.8398823761250956,-0.14326682686805725,10.0,0.9926751940526949,0.005449011179966972
0h,ICA1,-0.021397958971965513,0.646827706032678,-0.1216873824596405,10.0,0.9958456324477971,0.004050796061981783
0h,TRA2A,4.694767555551728e-09,0.9999970527758297,-0.6267057061195374,6.298079967498779,0.8464495117755031,0.0
0h,AOAH,-0.0009903413510312417,0.9889208073048575,-0.46998295187950134,10.0,0.9610743815918938,0.0007882941200163413
0h,TRGC2,-4.252447153444991e-05,0.9995560015971132,-1.014075517654419,10.0,0.8752366320852969,9.781751854217373e-05
0h,TRGC1,-0.005183434758990373,0.9378285770566456,-0.6824550628662109,10.0,0.8921130310196613,0.002917263641228358
0h,TMED4,2.4670217501888947e-09,0.9999971679055156,-0.7823938727378845,5.888358116149902,0.8402237144188777,0.0
0h,IGFBP3,-0.0033775527688009056,0.9604799698389234,-0.3525507152080536,10.0,0.9761210175323517,0.0020829377477804053
0h,ZNF713,-0.023617962753501913,0.554446240357352,-0.14011602103710175,10.0,0.9969446410384768,0.0030265891031284343
0h,SUMF2,-1.0888574710439945e-08,0.9999971120528115,-0.8304905295372009,5.267998695373535,0.8007975004747027,0.0
0h,PHKG1,2.7330505178029e-09,0.9999970887297226,-0.5138362050056458,8.283843994140625,0.9334783334196429,0.0
0h,NUPR2,-0.02129657349619804,0.6573036719009009,-0.11149732023477554,10.0,0.9957075371275023,0.004217661240671374
0h,NCF1,-3.1754127313191437e-09,0.9999971967281249,-0.8834671378135681,5.13630485534668,0.7913782488362592,0.0
0h,FGL2,-0.01633906596418958,0.7673065192161489,-0.26975712180137634,10.0,0.964129740553417,0.005167066567698354
0h,AKAP9,5.587621204093577e-09,0.999997176435485,-1.7193022966384888,5.143293380737305,0.7755778426058587,0.0
0h,FAM133B,9.665567090633375e-10,0.9999971007591117,-0.8263940811157227,5.88247013092041,0.8389751025645452,0.0
0h,SAP25,-0.0004379485760917275,0.9951990219502839,-0.4588707685470581,10.0,0.9764029621446203,0.00038551610248974355
0h,GIGYF1,-3.920929504609814e-09,0.999996986814483,-0.49436402320861816,7.628399848937988,0.9269245596773172,0.0
0h,KMT2E-AS1,-0.0002909381171554049,0.9968466095770562,-0.34456729888916016,10.0,0.9741416512747925,0.0002992065273054726
0h,LRRN3,-3.575501016927837e-09,0.9999971747271995,-1.0026681423187256,5.853852272033691,0.8619104336768454,0.0
0h,AASS,-0.020268463305929737,0.685138258364078,-0.15007148683071136,10.0,0.9953162670533335,0.0045513915980505545
0h,AC058791.1,2.19759623366643e-09,0.9999971608165267,-0.7934396266937256,8.038463592529297,0.8949957708308159,0.0
0h,ZC3HAV1,1.5198424753709501e-09,0.9999971427056318,-1.3360412120819092,5.504729270935059,0.7837369744466117,0.0
0h,TRBV3-1,-0.020378346034709012,0.6682023733132278,-0.11071585863828659,10.0,0.9955464259204916,0.004280954929139839
0h,TRBV6-2,-0.022454035640076635,0.5909643656963,-0.23689012229442596,10.0,0.9897521764397875,0.0034121052056181778
0h,TRBV14,-0.015508498560128814,0.7669054649654513,-0.16885216534137726,10.0,0.9935900755496482,0.003924208685044852
0h,TRBV28,-0.0037950558292972414,0.9559453262845772,-0.4275156259536743,10.0,0.9864896744978221,0.0024626998785911977
0h,TRBC1,-1.449445369713985e-08,0.9999970832610877,-1.407779335975647,2.81699275970459,0.47901814227270373,0.0
0h,TRBC2,-9.99548843539137e-10,0.9999971381377415,-1.9760518074035645,2.616833448410034,0.412692110729431,0.0
0h,EPHB6,-1.9016238442354491e-06,0.9999777737100503,-0.5267742276191711,10.0,0.9519025507356452,5.753971678951396e-06
0h,ZNF425,-0.02273582409110937,0.6009439695753257,-0.15187111496925354,10.0,0.9964095216723343,0.0035502005259130114
0h,ZNF862,-0.012494163472945605,0.8345348378788657,-0.2185218334197998,10.0,0.9927097178827686,0.005506550896756487
0h,WDR60,-0.0006503848383762512,0.9927672485482044,-0.5161001682281494,10.0,0.9777148676874212,0.0005638892245372368
0h,LINC00685,2.69194558362054e-09,0.9999971674094552,-0.767620861530304,8.10258674621582,0.9037015299810695,0.0
0h,PPP2R3B,-0.013257598272516505,0.8232645905746111,-0.16081783175468445,10.0,0.993020432353432,0.005546828698509146
0h,CD99,-4.62303770703689e-09,0.9999971821761611,-1.578169822692871,4.1299519538879395,0.6909369192084837,0.0
0h,GK,-0.007396768111713796,0.9084471101243111,-0.2358180731534958,10.0,0.990057136938772,0.004004764288550172
0h,LINC01281,-0.011210871562632348,0.8555948801627761,-0.24259215593338013,10.0,0.9862422537156272,0.005224606284487868
0h,TIMP1,6.266655925806002e-10,0.9999971459473765,-1.7528352737426758,5.879345417022705,0.8025697237518197,0.0
0h,PIM2,3.2698991584803075e-09,0.999997116176442,-0.8120110034942627,6.372271537780762,0.8648507132047896,0.0
0h,PLP2,-1.5742565428412248e-09,0.9999971967301586,-1.493359088897705,5.299955368041992,0.7537875518576698,0.0
0h,FOXP3,-0.02011148906422373,0.6779143118746013,-0.15979397296905518,10.0,0.9947236079704016,0.004344248617608304
0h,TSPYL2,2.8979981804299014e-09,0.9999971597816107,-0.4811446964740753,9.187405586242676,0.9369077005402979,0.0
0h,MAGED2,7.464599227450916e-10,0.9999971112026932,-1.1981024742126465,4.916312217712402,0.7900088035766688,0.0
0h,OGT,-7.111936354749227e-09,0.9999971748229598,-0.6118651628494263,8.974264144897461,0.9173441968318632,0.0
0h,CXCR3,2.2266455040178257e-09,0.9999971429895201,-1.2558319568634033,9.049753189086914,0.8461848290782713,0.0
0h,LINC00891,-0.002386292405882656,0.9722320829615567,-0.37456023693084717,10.0,0.9854942373973635,0.001657143843538002
0h,XIST,2.904993135774106e-09,0.9999971371166322,-0.9939962029457092,9.626232147216797,0.6884166796131029,0.0
0h,JPX,6.671211004575e-09,0.9999971320199628,-1.0463249683380127,6.537746429443359,0.8914858481066557,0.0
0h,FTX,3.835164028112344e-09,0.999997234535337,-1.2863669395446777,5.997676849365234,0.8373064507776493,0.0
0h,CYSLTR1,2.386205631313129e-09,0.9999972065195025,-1.0034642219543457,5.749248504638672,0.8338943455720311,0.0
0h,ITM2A,5.552152156227641e-10,0.9999971837579552,-1.31597900390625,4.357695579528809,0.5834239583872768,0.0
0h,HMGN5,-0.002219315380645804,0.9749989706807574,-0.23484742641448975,10.0,0.9852468166151687,0.001714683560327516
0h,BEX3,5.6850750688137524e-09,0.9999972117669187,-1.2334847450256348,5.031010627746582,0.7905093991127375,0.0
0h,TSC22D3,1.3916572780122685e-08,0.9999971058457086,-1.5614838600158691,4.354237079620361,0.6450087172670936,0.0
0h,TMEM164,-0.02300260967831427,0.5875689870737023,-0.13434091210365295,10.0,0.9965763868510239,0.003400597262260275
0h,MAP7D3,-4.2937635575636506e-05,0.9995411567370679,-0.40353381633758545,10.0,0.9677144649094037,9.781751854217373e-05
0h,FLNA,1.5220916867019198e-09,0.9999970503282695,-0.6000249981880188,9.951523780822754,0.9444569113830822,0.0
0h,F8A3,-0.01779305874695803,0.7394085066523083,-0.28814616799354553,10.0,0.9877440403238336,0.005086510964193034
0h,ERICH1,5.194181268079215e-10,0.9999970919969544,-0.8391827344894409,8.104065895080566,0.9059110551057867,0.0
0h,CLU,-0.004944089310650277,0.939188510303734,-0.4123351573944092,10.0,0.9394624639657524,0.0024626998785911977
0h,DUSP4,-0.004403948170935867,0.9477512056441444,-0.47874802350997925,10.0,0.91796562577319,0.002479961793628052
0h,AC026979.2,-1.173717343205594e-09,0.9999971616512086,-0.3912035822868347,9.922969818115234,0.9489047314909116,0.0
0h,RNF122,-0.023681729117942973,0.5502136404016664,-0.12364073097705841,10.0,0.9968813473500083,0.0029863113013757748
0h,CEBPD,-0.01557554051994168,0.7776371360201086,-0.5836270451545715,10.0,0.7659629559303309,0.004873614012071832
0h,TOX,-0.003231503373190156,0.9626378212976348,-0.3494431972503662,10.0,0.983307728159362,0.0023015886715805583
0h,AC090152.1,-0.011154041728954537,0.8580077952300753,-0.2753234803676605,10.0,0.9919329317061102,0.005379963519819555
0h,YTHDF3-AS1,-0.020927373244551645,0.6658395303365902,-0.11831717193126678,10.0,0.9955982116656021,0.004321232730892499
0h,PDE7A,-4.5044389238886695e-09,0.9999971551933421,-0.831317126750946,7.251518249511719,0.88800469524089,0.0
0h,MSC,-0.018682448687933444,0.7219871914782419,-0.2725159525871277,10.0,0.9541638616054732,0.004816074295282319
0h,LINC00861,-7.232889913475101e-09,0.9999970887427144,-1.120007038116455,4.53765869140625,0.709959549579097,0.0
0h,MYC,3.0325470241891175e-09,0.9999970021621195,-1.2203370332717896,5.554060459136963,0.7769415338937702,0.0
0h,SLA,1.7913757391793522e-09,0.9999971988052182,-1.0051589012145996,6.758839130401611,0.8779007209726514,0.0
0h,NAPRT,4.015973247357681e-09,0.9999971382353434,-0.6237618923187256,8.07590389251709,0.9074013337706351,0.0
0h,NRBP2,-0.023034436790925615,0.5804905945653932,-0.15312156081199646,10.0,0.9960009896831288,0.003314287687076004
0h,EPPK1,-0.003170727570919722,0.963598695039183,-0.18270304799079895,10.0,0.9868809445719908,0.0020829377477804053
0h,KIFC2,-0.010200429437994943,0.8689974386829137,-0.22363589704036713,10.0,0.9917718204990995,0.005224606284487868
0h,PPP1R16A,-0.005030757028495057,0.9390142061006064,-0.23880627751350403,10.0,0.9891480094134977,0.003032343074807386
0h,CDKN2A,-0.02075152350872438,0.666310268807632,-0.21093638241291046,10.0,0.9818059415511556,0.004223415212350325
0h,B4GALT1,4.592744305886e-09,0.9999971345799933,-0.578555703163147,7.92188024520874,0.9260326940670798,0.0
0h,AQP3,-4.378012686865475e-09,0.9999972244577776,-1.5598537921905518,4.777108669281006,0.7367845655463684,0.0
0h,IL11RA,-0.0011978962365485901,0.9862599634352023,-0.3104807436466217,10.0,0.9805343138101075,0.0007882941200163413
0h,TESK1,-0.013649421216527957,0.8174393889323088,-0.1768580824136734,10.0,0.9931585276737268,0.005500796925077535
0h,TPM2,-0.012405996897141124,0.8372073817439164,-0.18190522491931915,10.0,0.9924105113554631,0.005402979406535361
0h,ANXA1,1.223033105523471e-09,0.9999971300970413,-2.093926429748535,4.761406898498535,0.6224013625404936,0.0
0h,CTSL,-6.331627548317458e-10,0.9999972411072438,-0.9468392729759216,6.146145343780518,0.8426288745806794,0.0
0h,GADD45G,-0.023500862634473964,0.5562839602690637,-0.19214646518230438,10.0,0.9833019741876831,0.00304960498984424
0h,SUSD3,4.6044556364871245e-09,0.9999971928525644,-0.8178781867027283,4.910461902618408,0.7859407455996501,0.0
0h,TXN,-7.1829746663904795e-09,0.9999971776188626,-1.287076711654663,5.0447678565979,0.791291939261075,0.0
0h,SNX30,-0.020834442841613864,0.6634115078876467,-0.17721837759017944,10.0,0.9946315444235383,0.004252185070745082
0h,SET,3.817767174228713e-09,0.9999971964037458,-1.3464182615280151,4.0906548500061035,0.6369876807466354,0.0
0h,AL157938.3,-0.0001222822600895331,0.9987009150116756,-0.3915631175041199,10.0,0.9677662506545143,0.00013809532029483351
0h,RALGDS,-3.665625980681666e-05,0.9996188447552783,-0.49043139815330505,10.0,0.9632493828865374,6.904766014741676e-05
0h,CAMSAP1,-0.012215805783327503,0.8387877256250028,-0.2631073594093323,10.0,0.9924277732704999,0.005345439689745847
0h,PHPT1,-5.141986519862919e-10,0.9999971939465636,-0.8765278458595276,8.545228004455566,0.9019523225906682,0.0
0h,PAXX,-6.160705824320243e-09,0.999997078129153,-1.041320562362671,5.394097805023193,0.8099635773592723,0.0
0h,CLIC3,-0.00020311562843159265,0.9978558127276632,-0.9129621982574463,10.0,0.8546834452480825,0.00035099227241603515
0h,NOXA1,-0.023177095678156522,0.5843451678985104,-0.12260819971561432,10.0,0.9966109106810976,0.0033660734321865667
0h,NSMF,-0.020101095407480653,0.6870994391828505,-0.14046233892440796,10.0,0.9952990051382967,0.004539883654692651
0h,PNPLA7,-0.02319834230555915,0.5810492121682435,-0.16016452014446259,10.0,0.9966511884828503,0.00333730357379181
0h,LINC01001,-0.023050697339965766,0.5861500456315278,-0.1138705238699913,10.0,0.9965878947943818,0.003383335347223421
0h,PGGHG,-0.00018587369188318407,0.998015529305175,-0.3583270311355591,10.0,0.9693658547812628,0.00023591283883700725
0h,IFITM2,4.1642064662620554e-09,0.9999971473998808,-1.3568251132965088,4.549286365509033,0.7330847617568026,0.0
0h,IFITM1,-5.8331620091228786e-09,0.9999970012686588,-0.9705208539962769,5.68130350112915,0.8559435650457728,0.0
0h,PIDD1,-0.002326082691980588,0.9728526136815601,-0.19310665130615234,10.0,0.9857301502362006,0.0014500008630957519
0h,CD81,-0.00030861681416095686,0.9966287910617955,-0.34304752945899963,10.0,0.974901175536414,0.0002992065273054726
0h,KCNQ1OT1,-4.350402925029724e-05,0.999529262413654,-0.5656972527503967,10.0,0.9620583107489945,5.753971678951396e-05
0h,HBB,-0.002523619420817089,0.9622703217450077,-1.7131363153457642,10.0,0.718590507097524,0.001219841995937696
0h,HBG2,-0.022231937282933933,0.440018152548887,-0.7405388355255127,10.0,0.5668697818669336,0.0016974216452906618
0h,AC132192.2,-0.004550145107002051,0.9448811526834893,-0.28142911195755005,10.0,0.988745231395971,0.002784922292612476
0h,WEE1,-0.016437108584363157,0.7688799804774396,-0.29523375630378723,10.0,0.9679906555499934,0.005305161887993187
0h,PDE3B,5.146329830276606e-09,0.9999971348390124,-1.837803840637207,5.448472023010254,0.7894046365503788,0.0
0h,NUCB2,1.1302547656482767e-09,0.9999972112434037,-1.2713005542755127,5.532748699188232,0.8047965107915739,0.0
0h,LDHA,7.536774945181379e-09,0.9999971623693672,-1.7629904747009277,4.428589344024658,0.6850333442658795,0.0
0h,SVIP,-1.0086365812912391e-08,0.9999970953096003,-1.0057142972946167,4.160870552062988,0.6987910905502523,0.0
0h,PRR5L,-0.004138028397964626,0.9519824183504315,-0.6370119452476501,10.0,0.8662431743510959,0.0029000017261915038
0h,DDB2,6.2084098950205986e-09,0.9999971349224026,-0.8579500913619995,7.5613112449646,0.9039662126783012,0.0
0h,PTPRJ,-0.004478846713918101,0.9463961247214383,-0.2754339277744293,10.0,0.9883654692651602,0.0026698428590334476
0h,MS4A6A,-0.02102751114221003,0.6551491272796222,-0.19747550785541534,10.0,0.9912539630479938,0.0041255976938081515
0h,CD6,-2.3717288230681264e-09,0.9999971230543939,-1.199989676475525,4.793157577514648,0.7107535976707923,0.0
0h,CD5,2.4587906276775776e-09,0.9999971232719744,-1.0176995992660522,6.328089714050293,0.8237673554170767,0.0
0h,BEST1,-0.009738399524942539,0.875982895453982,-0.20452645421028137,10.0,0.9916049553204099,0.004775796493529659
0h,MTA2,-2.9018455791092907e-06,0.9999675806827626,-0.37383005023002625,10.0,0.9623977950780527,1.726191503685419e-05
0h,CSKMT,-1.0631866577118236e-09,0.9999971861761435,-0.6199962496757507,6.961129665374756,0.8833957639260499,0.0
0h,RARRES3,-6.541224596062765e-10,0.999997174691019,-1.5307673215866089,4.304968357086182,0.6401811350284534,0.0
0h,PLA2G16,-0.0013430673277331174,0.9850866227551034,-0.4788070321083069,10.0,0.951816241160461,0.001219841995937696
0h,FKBP2,-4.079035649514701e-09,0.9999971162961749,-0.9700032472610474,6.109946250915527,0.8379566495773708,0.0
0h,PPP1R14B,-5.074360475294576e-05,0.9994681490882322,-0.8123617172241211,10.0,0.9338408336354168,9.206354686322234e-05
0h,RASGRP2,-1.1624831470905382e-08,0.9999970959888713,-0.8648521304130554,5.4389166831970215,0.8018447233202718,0.0
0h,NEAT1,5.231609997495733e-09,0.9999971845885355,-1.6283245086669922,5.095170497894287,0.7381655187493167,0.0
0h,PCNX3,-0.018440923291566522,0.727428407963358,-0.12453023344278336,10.0,0.9947005920836858,0.004965677558935055
0h,CTSW,-9.356211463446069e-10,0.9999970703706588,-0.7208366394042969,9.59090805053711,0.9466491745927627,0.0
0h,BBS1,-0.020675252355023693,0.6715848529575379,-0.15701065957546234,10.0,0.9931585276737268,0.0043787724476820125
0h,CORO1B,-5.705576930795601e-09,0.9999971785243089,-0.8797644972801208,6.58919620513916,0.8926999361309144,0.0
0h,FAM168A,-0.01721373058089702,0.754354313165489,-0.17009559273719788,10.0,0.9942805521511223,0.005253376142882625
0h,UCP2,-1.0249502199882604e-08,0.9999971757914873,-1.0403903722763062,4.433333396911621,0.6881002111707606,0.0
0h,PRSS23,-0.022946156599305035,0.5991789444924115,-0.6107626557350159,10.0,0.6697392875432268,0.003423613148976081
0h,CTSC,2.2001902923898032e-09,0.9999971128694116,-0.8722604513168335,7.000899314880371,0.9005023217275725,0.0
0h,SESN3,-3.772755567471573e-09,0.9999971725963842,-1.0708203315734863,6.891847133636475,0.8697415891318983,0.0
0h,CEP126,-0.007311189600134819,0.9096207721488669,-0.2880336344242096,10.0,0.9905577324748408,0.004160121523881859
0h,BIRC3,-1.3375492359133978e-08,0.999997138419006,-1.711667776107788,4.910129547119141,0.7318419038741492,0.0
0h,BIRC2,-3.0365125389406633e-10,0.9999971701329252,-1.0361402034759521,6.5453925132751465,0.8548388024834142,0.0
0h,CARD16,-6.5023724317919685e-09,0.9999971476348619,-0.9894565939903259,5.664509296417236,0.8359082356596641,0.0
0h,CWF19L2,-2.7815192228088117e-09,0.9999971551740661,-1.1189171075820923,6.606384754180908,0.8543036831172717,0.0
0h,ACAT1,-1.5197567345114574e-09,0.999997127402944,-0.6332656145095825,7.095373153686523,0.885167987203167,0.0
0h,ATM,-7.275057335158751e-09,0.9999971209297024,-1.9267256259918213,4.697613716125488,0.7084922868009643,0.0
0h,APOA1,-0.022855025950752676,0.5612413592304223,-0.30250582098960876,10.0,0.97432002439684,0.0030668669048810942
0h,PCSK7,6.864990538370032e-09,0.9999971229425796,-1.4069607257843018,5.44722318649292,0.7755720886341797,0.0
0h,FXYD2,-0.0088287072645479,0.8900074068935263,-0.24394036829471588,10.0,0.9914093202833255,0.004839090181998124
0h,IL10RA,4.403633169308348e-09,0.9999972024550428,-1.4043999910354614,5.3828125,0.79175801096707,0.0
0h,JAML,-6.216697954821423e-10,0.9999971677562656,-1.3384450674057007,5.68835973739624,0.8102973077166514,0.0
0h,AP003392.6,-0.021367902876761387,0.6526206995491395,-0.10032631456851959,10.0,0.9957708308159707,0.004177383438918714
0h,SORL1,3.448201378629867e-09,0.9999971952938559,-1.2564011812210083,5.928417682647705,0.8240435460576663,0.0
0h,ETS1,-2.1860489536306975e-09,0.9999971574997618,-1.5358004570007324,6.204760551452637,0.8246131892538825,0.0
0h,KLF6,-9.232756295827374e-10,0.9999971379842462,-1.4586286544799805,6.341137886047363,0.7959296404343098,0.0
0h,IL2RA,-0.013088905690034482,0.8137346152033222,-0.3012555241584778,10.0,0.986035110735185,0.004407542306076769
0h,AL137145.2,-0.021157314275711384,0.6553062619752626,-0.20785123109817505,10.0,0.995511902090418,0.004194645353955567
0h,GATA3,4.894973090452435e-09,0.9999970870566969,-1.0475810766220093,6.275031089782715,0.8727911941217426,0.0
0h,UPF2,6.313956893056345e-10,0.9999971540777043,-0.8502874970436096,6.174463272094727,0.8411328419441519,0.0
0h,NMT2,-3.792050275184565e-09,0.9999971011336889,-1.025172472000122,5.9572367668151855,0.8596030910335859,0.0
0h,CUBN,-0.02015120286067802,0.6842839206187548,-0.22612838447093964,10.0,0.9948271794606227,0.0045341296830137
0h,VIM,8.721634874077838e-09,0.9999972339162059,-3.0501656532287598,3.28584885597229,0.444062764323074,0.0
0h,HACD1,-0.01787351957250009,0.7367020492481327,-0.15408729016780853,10.0,0.9945164649899593,0.004925399757182395
0h,STAM-AS1,-0.008913332785351226,0.8881675062767985,-0.18749302625656128,10.0,0.9913230107081413,0.004747026635134902
0h,DNAJC1,4.962398605477506e-09,0.9999971456538098,-0.8952057361602783,8.089226722717285,0.9073495480255246,0.0
0h,ITGB1,4.826404077885489e-09,0.9999971104125893,-1.6427098512649536,5.532233715057373,0.7495008429568509,0.0
0h,CREM,2.1589692019502836e-09,0.9999972369833591,-1.1550624370574951,6.621486186981201,0.8693388111143717,0.0
0h,ZNF487,-0.00922454615242037,0.8840001921139784,-0.19883383810520172,10.0,0.9915071378018677,0.00506924904915618
0h,AGAP6,-0.01889895776685234,0.7151260442196625,-0.15626879036426544,10.0,0.9948962271207701,0.004816074295282319
0h,ARID5B,4.510841354631115e-09,0.9999971929577834,-1.259125828742981,6.496262550354004,0.8533255079318499,0.0
0h,RTKN2,-9.90883947332181e-05,0.9989392336061217,-0.44371914863586426,10.0,0.9682495842755462,0.00012658737693693072
0h,SRGN,-1.7404053603888575e-08,0.9999971443990013,-1.801529884338379,4.239951133728027,0.6115033401805596,0.0
0h,SAR1A,-8.655711247526129e-09,0.999997113718481,-0.7662500739097595,6.508038520812988,0.8299528749719494,0.0
0h,PRF1,-0.00024249893644894606,0.9973543546802384,-1.2888034582138062,10.0,0.7996179362805176,0.0003164684423423268
0h,SPOCK2,1.3164853861378542e-08,0.9999971359612843,-1.6743806600570679,4.6060590744018555,0.5947822984815269,0.0
0h,DDIT4,5.071829061582863e-09,0.9999970441008513,-0.6899330615997314,8.12746810913086,0.9172291173982842,0.0
0h,USP54,-0.02302721242721782,0.5885767041720371,-0.1679355353116989,10.0,0.9964785693324818,0.0034178591772971293
0h,EIF5AL1,-0.0002297159242618893,0.9975281079258554,-0.29513019323349,10.0,0.9748263739045876,0.00025892872555281283
0h,ACTA2,-0.004036180948693992,0.9518732031425877,-0.3454100489616394,10.0,0.9705799428055215,0.0024224220768385377
0h,KIF20B,-1.8476906538732524e-09,0.9999971571234221,-3.0160484313964844,8.41689395904541,0.9120275270005122,0.0
0h,HELLS,-0.002116332930966402,0.9754212049569951,-2.04459285736084,10.0,0.8544820562393192,0.0014212310047009948
0h,ENTPD1,-0.02161278840542257,0.62439317931827,-0.2751578688621521,10.0,0.9770186371142682,0.0037861133647500186
0h,CCNJ,-0.021954706013095814,0.634347453472704,-0.18982166051864624,10.0,0.9960067436548077,0.003941470600081706
0h,MORN4,-0.023476576144614323,0.5523697475689417,-0.10669941455125809,10.0,0.9969734108968715,0.003020835131449483
0h,OGA,8.638472980740037e-09,0.9999971066235152,-1.0982024669647217,6.060587406158447,0.8396540712226614,0.0
0h,PDCD4,6.864387421757798e-09,0.9999971045752385,-1.8946081399917603,4.276992321014404,0.6417922470985598,0.0
0h,FANK1,-0.021674897928409917,0.6268182438461469,-0.21698607504367828,10.0,0.9818577272962663,0.0037861133647500186
0h,PTPRE,-4.211285312161662e-05,0.9995586133029138,-0.4864407479763031,10.0,0.9659537495756446,7.480163182636815e-05
0h,ADAM8,-0.00025022223659582613,0.9972807506936257,-0.66534823179245,10.0,0.9290592831702082,0.00024742078219491
0h,NINJ2,-0.009159870273259558,0.8841776930684423,-0.2581807076931,10.0,0.9905577324748408,0.00465496308827168
0h,RAD52,-0.011165823370128593,0.8566119482980757,-0.1408502161502838,10.0,0.9922666620634893,0.005236114227845771
0h,CD27,-3.940149691458597e-09,0.9999971056139499,-1.3676282167434692,3.7627997398376465,0.5711795066544683,0.0
0h,GAPDH,1.4882606011514203e-10,0.9999971663915004,-2.532064199447632,3.4312472343444824,0.4190214795762775,0.0
0h,IFFO1,-0.00088233783841459,0.9901398400044689,-0.29110151529312134,10.0,0.979884115010386,0.0007480163182636815
0h,PTMS,-0.020834079616874942,0.6656798424854857,-0.21169529855251312,10.0,0.9911906693595254,0.004194645353955567
0h,LAG3,-0.010884896199775266,0.8572042495772103,-0.33745864033699036,10.0,0.9820533623333506,0.004931153728861347
0h,CD4,-4.635065123326086e-09,0.999997093442599,-0.848013162612915,6.340457439422607,0.8669048810941753,0.0
0h,P3H3,-0.02378698742206554,0.5412292249006629,-0.17466117441654205,10.0,0.9970942443021296,0.0029000017261915038
0h,KLRG1,-1.4090446985180544e-05,0.999852322923946,-0.8896408081054688,10.0,0.8988797017141081,3.452383007370838e-05
0h,KLRB1,2.6897742110068615e-09,0.9999971407735566,-1.47042977809906,5.7695536613464355,0.8441882009056751,0.0
0h,CD69,7.300791315389751e-09,0.999997151955568,-0.6055254340171814,8.402236938476562,0.8978037090101443,0.0
0h,KLRD1,-0.01880528779702472,0.7026124905487064,-0.6289883852005005,10.0,0.7694153389377018,0.004350002589287256
0h,APOLD1,-4.448225072883644e-09,0.9999971162189628,-0.5435843467712402,7.85986852645874,0.9089146283221994,0.0
0h,AC092794.1,-0.02275109533004677,0.6027808189708737,-0.11935321986675262,10.0,0.9963980137289764,0.003601986271023574
0h,AC087239.1,-0.0007496862396960803,0.9916575746125389,-0.20042173564434052,10.0,0.9809601077143498,0.0007652782333005357
0h,KIAA1551,-8.959608336540773e-10,0.99999719828149,-1.9671313762664795,5.349002361297607,0.7856300311289868,0.0
0h,CPNE8,-0.01887602827898344,0.7150893072231858,-0.18579813838005066,10.0,0.9947178539987226,0.00478155046520861
0h,AC004241.1,-0.014520424533231688,0.8011319997310844,-0.18059566617012024,10.0,0.9933944405125638,0.005287899972956333
0h,AC074032.1,-0.0005756472499154114,0.9935428367362973,-0.367922306060791,10.0,0.9783247886853901,0.00048333362103191726
0h,CELA1,-8.125641803994577e-05,0.9991408203307366,-0.6196892261505127,10.0,0.970401569683474,0.00012658737693693072
0h,KRT72,-0.009113225383902473,0.8842679613436227,-0.29728755354881287,10.0,0.991472613971794,0.004816074295282319
0h,KRT73-AS1,-2.53492431268646e-05,0.9997320095453175,-0.5220667719841003,10.0,0.966972202562819,4.603177343161117e-05
0h,KRT1,-2.8867044924617574e-05,0.9996991857306999,-0.7536614537239075,10.0,0.9439505618753344,8.055560350531955e-05
0h,MAP3K12,-0.002244913511298322,0.9743847255673009,-0.21789142489433289,10.0,0.9846196337021629,0.0016053580984274395
0h,CD63,1.5004313811397018e-09,0.9999971726331834,-1.0562196969985962,7.51913595199585,0.8900416012152388,0.0
0h,IKZF4,-0.020592330995272492,0.6766122305889629,-0.1412775218486786,10.0,0.9954428544302705,0.0044190502494346725
0h,MYL6B,-0.005740007775155034,0.9301106632717895,-0.256443053483963,10.0,0.9895220175726295,0.0034121052056181778
0h,NEMP1,-0.019868352811019566,0.6927317534282613,-0.1852867603302002,10.0,0.9951321399596071,0.004580161456445311
0h,NXPH4,-0.02061984145456812,0.6675002430935857,-0.6081290245056152,10.0,0.7140045916693998,0.004240677127387179
0h,USP15,-2.476895346039873e-09,0.9999972093672417,-1.2689553499221802,6.25444221496582,0.8223518783840545,0.0
0h,MON2,-0.0006543173279680111,0.9926774921697212,-0.5907100439071655,10.0,0.9735777620502551,0.0004775796493529659
0h,RASSF3,-8.937501261651368e-09,0.9999971504478066,-0.6767454147338867,5.905643939971924,0.8408163735018096,0.0
0h,CPM,-0.020237797845196286,0.6840874306023106,-0.17113149166107178,10.0,0.9953220210250125,0.004482343937903138
0h,GLIPR1,5.683104703671579e-10,0.9999971932251275,-1.3582414388656616,6.66668176651001,0.8530032855178287,0.0
0h,AC025164.1,2.2798494539159183e-10,0.9999972392021075,-0.8979462385177612,7.647064685821533,0.9135868533255079,0.0
0h,ANKS1B,-0.022666136930633695,0.5879398428193784,-0.16281753778457642,10.0,0.98106943317625,0.003400597262260275
0h,TDG,-1.330012212453694e-09,0.9999971379579494,-0.6407836079597473,8.308103561401367,0.9108939945797587,0.0
0h,C12orf75,2.4035032635966622e-09,0.9999972019876273,-0.992775559425354,8.943732261657715,0.9159805055439517,0.0
0h,BTBD11,-0.007064317099026146,0.9128621863859875,-0.28746670484542847,10.0,0.9904599149562986,0.0041255976938081515
0h,SELPLG,-2.94648463647313e-10,0.9999971044918554,-0.7519793510437012,6.636228561401367,0.8654203564010058,0.0
0h,ATP2A2,-0.0047546833033723646,0.9416505630901606,-0.25648221373558044,10.0,0.9887855091977237,0.002773414349254573
0h,DYNLL1,7.711388215090041e-09,0.9999971714514906,-1.4252461194992065,4.330713748931885,0.7132968531528888,0.0
0h,OASL,-0.001602118237759196,0.9821754016592181,-0.7160705327987671,10.0,0.8660648012290484,0.0013003975994430156
0h,LINC01089,-6.203779888607983e-09,0.9999970827964195,-0.5451703071594238,6.853616237640381,0.8768477441554032,0.0
0h,TCTN2,-0.014561386485202507,0.8036470554439403,-0.12613245844841003,10.0,0.9934347183143165,0.005529566783472292
0h,FBRSL1,-0.004055716162850188,0.9512873016869308,-0.19373181462287903,10.0,0.9882158660015076,0.0023361125016542667
0h,ATP8A2,-0.018507489585234065,0.7234560828834372,-0.2200196385383606,10.0,0.994435909386454,0.0048448441536770755
0h,MTIF3,5.7617000170626475e-09,0.999997156388753,-0.9471432566642761,6.082440376281738,0.8351832352281162,0.0
0h,PAN3,4.168013226453447e-09,0.9999971533017494,-0.5790824294090271,6.915768623352051,0.8972800975873597,0.0
0h,ALOX5AP,1.9709261419387365e-10,0.9999971746232269,-1.41079843044281,4.966529846191406,0.7534480675286116,0.0
0h,FRY,-0.01890338162421636,0.7087875003259364,-0.3421022891998291,10.0,0.9688134735000834,0.004620439258197971
0h,WBP4,-2.16757179840998e-09,0.9999971074954819,-0.48965102434158325,9.10576343536377,0.9474719925428527,0.0
0h,DGKH,-0.014701638937433153,0.7963887104951299,-0.25233620405197144,10.0,0.9925716225624738,0.005253376142882625
0h,LPAR6,-1.6397135557457274e-09,0.9999971598444322,-1.0175310373306274,4.459373474121094,0.721789715351021,0.0
0h,RCBTB2,3.313340541550262e-09,0.9999971251340025,-0.8078287839889526,8.444175720214844,0.9284666240872762,0.0
0h,TRIM13,-2.456518494901016e-09,0.9999971255946516,-0.7000880837440491,7.200634956359863,0.9049041100619702,0.0
0h,INTS6,2.909123056949104e-09,0.9999970881735921,-0.6342869400978088,6.890835762023926,0.9074991512891774,0.0
0h,AL359513.1,-0.013082558820388477,0.8264373497266343,-0.1745021641254425,10.0,0.9929341227782477,0.005310915859672138
0h,TBC1D4,5.696108259550587e-09,0.9999970750875332,-0.6497089266777039,9.084563255310059,0.931919007094647,0.0
0h,RBM26,-2.4262091010702797e-09,0.9999971534495228,-0.8520050048828125,8.077363014221191,0.9065554999338293,0.0
0h,RAP2A,-0.017380855005220807,0.7487799631323179,-0.18603947758674622,10.0,0.9939122979636694,0.00510952685090884
0h,GPR183,-2.9267648249089223e-09,0.9999971735379628,-1.614288091659546,3.830328941345215,0.5622205727503409,0.0
0h,TNFSF13B,3.4314860635783146e-09,0.9999971202981538,-1.0953173637390137,9.23874568939209,0.9217805089963347,0.0
0h,TRAV4,-9.920120393784277e-05,0.9989432910347448,-0.3866550028324127,10.0,0.9720989913287646,0.00013809532029483351
0h,TRAV6,-0.014023844153417777,0.806774004047644,-0.15206657350063324,10.0,0.9932333293055532,0.005098018907550937
0h,TRAV13-2,-0.003563961724954016,0.958660455162011,-0.2907603085041046,10.0,0.9875656672017861,0.002370636331727975
0h,TRAV17,-0.015820179157601345,0.7781980884569104,-0.36982643604278564,10.0,0.9934404722859954,0.0050174633040456175
0h,TRAV20,-0.02335532497802913,0.5536417187462576,-0.1937728375196457,10.0,0.9969503950101558,0.003032343074807386
0h,TRAV22,-0.020538464994581063,0.6761967143767328,-0.19409428536891937,10.0,0.9951954336480756,0.0044190502494346725
0h,TRAV36DV7,-0.005104593382611736,0.9393166040569634,-0.2112404853105545,10.0,0.9885611043022446,0.002773414349254573
0h,TRAV41,-0.01702452609018985,0.7557585075455108,-0.1740916520357132,10.0,0.9942287664060118,0.005098018907550937
0h,TRDC,-0.009695169703644767,0.8742425379938387,-0.3430027961730957,10.0,0.9753499853273723,0.0036825418745288934
0h,TRAC,-3.391322339947273e-09,0.9999971999613151,-3.2383780479431152,3.577321767807007,0.4131524284637471,0.0
0h,REM2,-0.01784012439820404,0.742166451693214,-0.1209704652428627,10.0,0.9944992030749225,0.005167066567698354
0h,AP1G2,8.991215230721804e-10,0.9999971474441601,-0.5925082564353943,7.733982086181641,0.9101689941482108,0.0
0h,AL135999.1,-0.022106664052495006,0.6250763583717697,-0.12763731181621552,10.0,0.9961218230883867,0.0038321451381816297
0h,GZMH,-0.0003711736699004628,0.9960848833352209,-1.4797861576080322,10.0,0.6870702502402283,0.0006271829130057022
0h,GZMB,-0.0015496170532544758,0.9831094416452945,-1.4388011693954468,10.0,0.6822081441715144,0.001657143843538002
0h,COCH,-0.012262991779887517,0.8375478422099116,-0.1851251870393753,10.0,0.9926867019960528,0.00535694763310375
0h,PNN,3.1207864259156664e-10,0.9999971861202963,-1.4679099321365356,5.353097438812256,0.7827990770629427,0.0
0h,TXNDC16,-0.012999684764943694,0.8264481174546471,-0.23111343383789062,10.0,0.9928650751181003,0.005236114227845771
0h,LGALS3,-6.3769926744283086e-06,0.9999298630609963,-1.2301535606384277,10.0,0.8760594500353869,5.753971678951396e-06
0h,KTN1,-7.895649006317816e-09,0.9999972023866103,-1.3339468240737915,4.9224019050598145,0.7329409124648288,0.0
0h,PSMA3-AS1,6.5284671264982576e-09,0.9999971369945647,-1.0242010354995728,5.067133903503418,0.7873907464627459,0.0
0h,AL359220.1,-1.730358872951128e-06,0.9999795865782942,-0.6660566926002502,10.0,0.9531856864200514,5.753971678951396e-06
0h,SYNE2,8.298045491964034e-10,0.9999971505961843,-1.9658628702163696,5.53837776184082,0.7915451140149489,0.0
0h,ZFP36L1,1.4659156948078513e-08,0.9999972196723232,-1.392473578453064,4.369049072265625,0.6685367074623259,0.0
0h,ACTN1,-5.680278353366712e-09,0.9999971749882418,-1.4287527799606323,5.3710618019104,0.8006996829561605,0.0
0h,AREL1,-0.013589701263789116,0.8166825194534031,-0.22369948029518127,10.0,0.9929168608632108,0.005477781038361729
0h,FBLN5,7.179339387918074e-09,0.9999972096135127,-0.9496695399284363,5.739890098571777,0.8581300742837744,0.0
0h,NDUFB1,-9.393038429034298e-09,0.9999971169649386,-1.093019962310791,3.8633735179901123,0.6073432186566777,0.0
0h,IFI27L2,-2.9902124748145036e-10,0.999997107813935,-0.5972113609313965,7.002462863922119,0.8903005299407917,0.0
0h,BCL11B,-2.6030924942041096e-10,0.999997154787083,-0.9656775593757629,5.304980278015137,0.7883516597331308,0.0
0h,LINC00239,-0.000497542576584109,0.9945967103783203,-0.42715364694595337,10.0,0.9773351055566104,0.0005696431962161883
0h,PPP2R5C,-7.479395763695892e-09,0.9999971845126843,-1.6373875141143799,4.548737525939941,0.6363547438619507,0.0
0h,CRIP1,-3.6544442339040556e-09,0.9999971603158689,-1.2468407154083252,4.6834492683410645,0.7290627355532157,0.0
0h,GOLGA8B,-1.8206872635716757e-05,0.9997991400130046,-0.6187648177146912,10.0,0.9539164408232783,1.1507943357902792e-05
0h,C15orf53,-0.010316051183630884,0.8621406849120675,-0.4978208541870117,10.0,0.91275252743206,0.003728573647960505
0h,SPINT1,-0.019953755820842516,0.6948218358502293,-0.19549694657325745,10.0,0.9918178522725312,0.004689486918345388
0h,NUSAP1,-0.02166034031237128,0.6366254612724139,-0.8531392216682434,10.0,0.9480416357390689,0.0039127007416869496
0h,RTF1,-5.419165283388556e-09,0.9999972173555546,-0.8437277674674988,5.359007358551025,0.8153377869074129,0.0
0h,AC020659.1,-0.004964123761374607,0.9401442827902466,-0.2488398402929306,10.0,0.9877900720972651,0.0029978192447336774
0h,EIF3J,-5.658296540514223e-09,0.9999970510621885,-0.9208678603172302,5.723231792449951,0.8404826431444304,0.0
0h,PATL2,-0.00043872428096199183,0.9951960923777945,-0.39932405948638916,10.0,0.9769841132841944,0.0004545637626371603
0h,GABPB1-AS1,2.4338159229484144e-09,0.9999971235486713,-1.4203224182128906,4.959477424621582,0.7609512465979642,0.0
0h,ANXA2,-1.75493493322596e-09,0.9999971529807222,-1.2108876705169678,6.552397727966309,0.8555983267450358,0.0
0h,RORA,1.0181480350481256e-08,0.9999971447113654,-1.6430615186691284,5.559007167816162,0.8018159534618771,0.0
0h,PCLAF,-0.013189303101202726,0.8261260130755409,-0.21256504952907562,10.0,0.992778765542916,0.005564090613546
0h,UBAP1L,-0.02235194998034216,0.6162749460901676,-0.13128763437271118,10.0,0.996208132663571,0.003728573647960505
0h,MEGF11,-0.01861270725421877,0.7256954720985356,-0.16042669117450714,10.0,0.9941597187458643,0.0049771855022929575
0h,HOMER2,-0.02264547290805446,0.6028701555465408,-0.14651857316493988,10.0,0.9962484104653236,0.0035904783276656713
0h,NMB,-0.002792072625605695,0.9680649140823931,-0.30281177163124084,10.0,0.9847922528525315,0.001887302710696058
0h,HAPLN3,-7.576645961387024e-06,0.9999163443085672,-0.4373098909854889,10.0,0.9522247731496666,5.753971678951396e-06
0h,MAN2A2,-0.007944135886663085,0.8986644300696737,-0.2110287994146347,10.0,0.9910180502091569,0.0044190502494346725
0h,PRC1,-0.023598580598007998,0.5245972165743529,-0.16790461540222168,10.0,0.9957478149292549,0.0027273825758229618
0h,CHD2,-6.193062281171372e-09,0.9999971811227502,-1.0247883796691895,6.9535369873046875,0.8703284942431513,0.0
0h,SELENOS,-5.09682252212504e-09,0.9999970650248161,-0.9241147637367249,6.677997589111328,0.865518173919548,0.0
0h,HBA2,-0.00935809729123057,0.8573363312135163,-0.8657712340354919,10.0,0.7162543945958698,0.0025490094537754687
0h,HBA1,-0.017343356955453255,0.6950239139727192,-0.47616034746170044,10.0,0.7583389434557203,0.0037573435063552618
0h,RHOT2,2.9028425389912495e-09,0.9999970944162851,-0.5605363249778748,7.852741718292236,0.9131668133929445,0.0
0h,CHTF18,-0.01084129139442322,0.8608769042105376,-0.17239944636821747,10.0,0.9921400746865524,0.005195836426093111
0h,MAPK8IP3,-0.004675167924383405,0.9434485311449744,-0.22756831347942352,10.0,0.9887394774242921,0.002773414349254573
0h,SPSB3,9.620767491548341e-09,0.9999970908263495,-0.8724004626274109,5.331284046173096,0.8152399693888707,0.0
0h,SNHG9,-8.679547206465153e-10,0.9999971009627917,-0.5445836186408997,6.364418029785156,0.869304287284298,0.0
0h,AC005363.2,-0.021919345551314015,0.6362509256990476,-0.1911526322364807,10.0,0.995977973796413,0.003964486486797512
0h,IL32,1.3499457481818233e-09,0.9999970828817079,-2.2423064708709717,3.3724491596221924,0.4185266380118877,0.0
0h,AC108134.3,-0.02290016110388289,0.5906294130461948,-0.1571752429008484,10.0,0.9871628891842594,0.003423613148976081
0h,PAM16,-0.020009150827840144,0.6905540874583252,-0.166996568441391,10.0,0.9948156715172648,0.004580161456445311
0h,ARL6IP1,-9.497504958270342e-10,0.9999970968355916,-1.1082624197006226,5.087185382843018,0.7075371275022584,0.0
0h,KNOP1,4.585935610836661e-09,0.999997131755323,-0.5574312806129456,9.939894676208496,0.9425408388139913,0.0
0h,AC106739.1,-0.02099149750302007,0.6614284100237878,-0.17820896208286285,10.0,0.9930031704383951,0.004217661240671374
0h,C16orf54,-4.70187868808592e-09,0.999997145647199,-0.9631541967391968,4.859938144683838,0.7426938944606515,0.0
0h,GDPD3,-0.023131813422488236,0.5786862818450461,-0.12777075171470642,10.0,0.9966742043695661,0.0033200416587549557
0h,AC012645.3,-0.0005301115266847085,0.9941780810522262,-0.2500157058238983,10.0,0.9787563365613114,0.0005178574511056257
0h,ITGAL,-1.1158757555711334e-09,0.9999971449192417,-0.7291927933692932,9.566351890563965,0.929801545516793,0.0
0h,AMFR,3.2425049538723292e-09,0.9999971979327643,-0.3963373303413391,9.868654251098633,0.9537956074180203,0.0
0h,MT2A,3.2692989724638574e-10,0.9999971544945246,-0.8777912259101868,6.056787967681885,0.8614443619708504,0.0
0h,MT1E,-0.023386788499663507,0.536469490716458,-0.20699827373027802,10.0,0.9916164632637678,0.0028367080377230385
0h,MT1G,-0.020883588060191083,0.3502633406531994,-0.5173307657241821,10.0,0.6291910491216562,0.0011105165340376194
0h,HERPUD1,-6.11336588014598e-09,0.9999971546613118,-1.3244508504867554,5.653145790100098,0.8120004833336211,0.0
0h,CPNE2,-0.020689598856435787,0.6699757118571368,-0.19689875841140747,10.0,0.9861099123670113,0.004303970815855644
0h,ADGRG1,-0.0238409418124769,0.4720614606568209,-0.46906083822250366,10.0,0.7053045864908253,0.0021577393796067736
0h,CKLF,5.857179162612627e-09,0.9999970542568046,-1.0073649883270264,5.325845241546631,0.7971379744868896,0.0
0h,TRADD,1.0705820528038028e-09,0.9999970492179503,-1.211954116821289,6.158083438873291,0.8287790647494433,0.0
0h,ELMO3,-0.023247325673430245,0.5729338802157401,-0.16996151208877563,10.0,0.9963807518139396,0.0032337320835706847
0h,AC027682.4,-0.006105441088039892,0.9260520925265248,-0.20276957750320435,10.0,0.989936303533514,0.0035502005259130114
0h,DPEP2,-3.0395134690229146e-10,0.9999971266475401,-0.8975593447685242,6.425130844116211,0.8566973353357155,0.0
0h,FUK,-0.012816687716946683,0.8306444571835154,-0.16181699931621552,10.0,0.9928650751181003,0.0054547651516459236
0h,AP1G1,-0.00010820127561524058,0.9988498101527625,-0.39858898520469666,10.0,0.9687041480381834,0.0001438492919737849
0h,NPIPB15,-0.022426787719861414,0.6100605048905627,-0.1469125896692276,10.0,0.996093053229992,0.0036537720161341366
0h,SYCE1L,-0.00013472641269339196,0.9985622147788416,-0.26472142338752747,10.0,0.9732325237495181,0.00019563503708434747
0h,MAF,-2.587575197139389e-05,0.9997170568511302,-0.6857253909111023,10.0,0.9552398543094371,2.876985839475698e-05
0h,TAF1C,-0.0010632247142210137,0.9878791177708982,-0.2609415352344513,10.0,0.9809888775727446,0.0007250004315478759
0h,COTL1,-7.799651061582859e-09,0.9999971379066599,-1.5761406421661377,5.027130126953125,0.754944100165139,0.0
0h,CYBA,-4.38421116907422e-09,0.9999970709974348,-2.275571346282959,3.6022355556488037,0.43608775957604734,0.0
0h,PIEZO1,-0.003676104780029344,0.9555616338215123,-0.3691118657588959,10.0,0.9813226079301237,0.0020138900876329885
0h,ANKRD11,4.0128028451078384e-10,0.9999971230286633,-1.3256338834762573,6.381348133087158,0.8589874160639381,0.0
0h,CPNE7,-0.0003360389050340452,0.9963840595388735,-0.6268810033798218,10.0,0.9299569027521246,0.00040277801752659775
0h,TCF25,-4.093847382992097e-09,0.9999971456043039,-1.0358635187149048,4.965423583984375,0.803242938438257,0.0
0h,RNASEK,-0.00021209915523261175,0.9977231470195563,-0.41428446769714355,10.0,0.9735720080785762,0.00023591283883700725
0h,SLC16A11,-0.023829705003391034,0.5475233104542832,-0.13858294486999512,10.0,0.9970251966419821,0.002963295414659969
0h,EIF5A,-4.0225752935386335e-09,0.9999971148643189,-0.8123727440834045,4.661983966827393,0.7495123509002088,0.0
0h,MYH3,-0.023169802933749407,0.5750910463203287,-0.14521943032741547,10.0,0.9967202361429977,0.0032625019419654415
0h,ARHGAP44,-0.017469577630564878,0.7490025714247337,-0.16708140075206757,10.0,0.9942057505192959,0.005167066567698354
0h,LRRC75A,2.1105579994202084e-09,0.9999970972356547,-0.44050922989845276,9.11091136932373,0.9453602849366776,0.0
0h,FLCN,-2.3387427067800965e-09,0.9999971471959738,-0.36157047748565674,9.928043365478516,0.9559245769392323,0.0
0h,ULK2,-0.007607231889283037,0.9052286050975253,-0.22978979349136353,10.0,0.9906152721916303,0.004211907268992422
0h,WSB1,-1.2629199899005083e-09,0.9999971733325371,-0.9447986483573914,7.107680797576904,0.8601669802581232,0.0
0h,NSRP1,-1.8854415002486288e-10,0.9999971790705277,-0.7962458729743958,6.418325901031494,0.8959566841012009,0.0
0h,AC138207.7,-0.022342424361394234,0.6133587157339462,-0.14366917312145233,10.0,0.9959894817397709,0.003688295846207845
0h,AC005899.6,-0.02222217675914466,0.6207908852997986,-0.12786506116390228,10.0,0.996098807201671,0.0037630974780342133
0h,SLFN5,4.887501934226247e-09,0.9999971736210104,-2.260007858276367,5.239224433898926,0.7652149396120672,0.0
0h,CCL5,1.2875166844060539e-09,0.9999970597849914,-2.203251838684082,5.8776984214782715,0.7599788253842215,0.0
0h,CCL4,-0.001380994189197601,0.9841387656582072,-1.3691892623901367,10.0,0.7077903022561323,0.001294643627764064
0h,CCL4L2,-0.02334756090154239,0.45346543213499546,-0.3561331331729889,10.0,0.7647776377644669,0.0020081361159540374
0h,CWC25,7.0129163796423765e-09,0.9999971515693742,-0.6514935493469238,7.473082542419434,0.9076487545528301,0.0
0h,LINC00672,-0.015840055544298928,0.7772360483075232,-0.23586279153823853,10.0,0.9899593194202299,0.005287899972956333
0h,AC004585.1,-0.02304573691128186,0.5552974654095105,-0.22395487129688263,10.0,0.976909311652368,0.003003573216412629
0h,CCR7,2.0576613944466036e-09,0.999997129102008,-3.046522617340088,3.9716033935546875,0.41285322193644164,0.0
0h,AC003102.1,-0.0010182304460447861,0.988518248043893,-0.2607835531234741,10.0,0.9819210209847347,0.000943651355348029
0h,DCAKD,-0.0005875717581392269,0.9935370949545211,-0.19665347039699554,10.0,0.9793317337292066,0.0005408733378214313
0h,NMT1,-3.908325598264359e-09,0.9999971351185528,-0.6027787327766418,7.201783180236816,0.8866064801229049,0.0
0h,TBX21,-0.009988676530527133,0.8750730171402553,-0.6251413226127625,10.0,0.8416622073386155,0.005207344369451013
0h,CDK5RAP3,4.82806779804458e-10,0.9999972030959284,-0.6057155728340149,7.200599193572998,0.8933501349306359,0.0
0h,XYLT2,-0.0004932015928612633,0.9946026168154731,-0.24166204035282135,10.0,0.9782960188269954,0.00048333362103191726
0h,LUC7L3,4.679381592763392e-09,0.9999972357341417,-1.4524478912353516,4.872287750244141,0.7063287934496787,0.0
0h,NOG,-1.0016933132835235e-08,0.9999970688199135,-0.5888024568557739,7.478312969207764,0.9016933938651154,0.0
0h,AC004687.1,6.461624088317973e-09,0.9999971945394686,-1.1435599327087402,4.789146423339844,0.709125223685649,0.0
0h,SNHG25,-8.188171699515124e-10,0.9999971982707909,-1.0449517965316772,4.2859954833984375,0.7088375251017015,0.0
0h,AC005332.4,-0.00473662435532463,0.9436865494357043,-0.2000163197517395,10.0,0.9886876916791816,0.0028079381793282812
0h,KCTD2,-0.009433360317590126,0.8800260953734413,-0.1906062513589859,10.0,0.9916394791504837,0.004902383870466589
0h,SRSF2,9.01298269142556e-09,0.9999971845675001,-1.0686204433441162,4.5920538902282715,0.7222097552835844,0.0
0h,RNF213,3.193345967962453e-09,0.9999972124290327,-1.442145824432373,5.467137813568115,0.8070923454914755,0.0
0h,ACTG1,3.76430500090135e-09,0.9999971040305327,-2.3522655963897705,3.1119229793548584,0.42982168441766927,0.0
0h,FASN,-0.021875235254956594,0.6338123836252139,-0.12164851278066635,10.0,0.9959146801079445,0.0038954388266500954
0h,CD7,1.5212238744919596e-08,0.9999971474715997,-1.5245671272277832,4.152310848236084,0.597843411414729,0.0
0h,B3GNTL1,-0.004731969918811789,0.9425600028652306,-0.23968414962291718,10.0,0.9889005886313027,0.00280218420764933
0h,SMCHD1,-4.663336497117704e-10,0.9999972100736703,-1.8268382549285889,6.076288223266602,0.7937488851679873,0.0
0h,RAB12,-0.017875663826223458,0.7388424605253221,-0.2806580364704132,10.0,0.9892745967904346,0.0048966298987876385
0h,RNMT,-4.972112441992633e-09,0.9999971900258585,-1.0070292949676514,6.344095706939697,0.8752136161985811,0.0
0h,TTC39C-AS1,-0.00026637271158642386,0.9971578431159464,-0.5475999712944031,10.0,0.96614363064105,0.0003394843290581324
0h,SLC14A1,-0.023609924381722172,0.5429920860458377,-0.16495159268379211,10.0,0.9942115044909748,0.002917263641228358
0h,NEDD4L,-0.023395184978391825,0.5476174559042299,-0.16868047416210175,10.0,0.9950976161295334,0.0029517874713020664
0h,GTSCR1,-0.00015585024882422654,0.998310738237076,-0.4697917699813843,10.0,0.9732152618344813,0.00020138900876329888
0h,AC015819.2,-0.01986089388684869,0.6923680147147324,-0.1505558341741562,10.0,0.9951206320162492,0.0045916693998032145
0h,MBP,2.7165435602617406e-09,0.9999971423998302,-1.6710469722747803,5.109261512756348,0.7740530401109366,0.0
0h,ESF1,1.1797942266221524e-10,0.9999971587563333,-0.9762536287307739,6.571956634521484,0.8856800906825937,0.0
0h,CST7,-6.693098692970774e-10,0.9999971636406741,-1.4878931045532227,9.032037734985352,0.8390556581680505,0.0
0h,APMAP,-2.9224296887641887e-09,0.9999972565379949,-0.7709635496139526,7.657386302947998,0.9050134355238704,0.0
0h,SRSF6,9.277761183147039e-09,0.9999971413667547,-0.6467902660369873,5.54257869720459,0.8267421587750945,0.0
0h,CTSA,-4.591693310506748e-09,0.9999970832696102,-0.925226092338562,7.144891262054443,0.8989199795158608,0.0
0h,TSHZ2,-7.286833410993862e-09,0.9999971497279035,-1.2098441123962402,6.11630916595459,0.8273635877164213,0.0
0h,ZBP1,-0.002817067413141071,0.9674087321713055,-0.44102340936660767,10.0,0.9590259676741871,0.001887302710696058
0h,NPEPL1,-0.007736554926530108,0.9027192056806416,-0.21148724853992462,10.0,0.9909029707755779,0.0044190502494346725
0h,AL121832.2,-0.01878391709820028,0.7194267001067739,-0.13475574553012848,10.0,0.9948271794606227,0.0048966298987876385
0h,AL117379.1,-0.002730334831633817,0.9682235832701438,-0.1903166025876999,10.0,0.9861789600271588,0.0016916676736117105
0h,MHENCR,-1.0290274992898565e-08,0.999997116068266,-0.7647542357444763,5.33258581161499,0.8408221274734886,0.0
0h,STMN3,9.79575922696961e-10,0.9999971141756452,-1.0184054374694824,4.804638862609863,0.7530683053978008,0.0
0h,C20orf204,-0.0049283861952109315,0.9412185497576785,-0.290508896112442,10.0,0.9601652540666195,0.0027216286041440102
0h,GZMM,1.642880608743246e-09,0.9999970997746462,-0.7626243233680725,5.975424289703369,0.8637286887273941,0.0
0h,ABCA7,-0.0016897681603859076,0.9803084407607532,-0.2383105754852295,10.0,0.9831293550373145,0.0010529768172481055
0h,ADAMTSL5,-0.021229428504897757,0.6590249452129312,-0.1613159328699112,10.0,0.9956672593257496,0.004269446985781936
0h,DOT1L,-0.022050610491626058,0.6265470487669346,-0.17104141414165497,10.0,0.9961045611733499,0.003849407053218484
0h,GADD45B,4.7150613452329516e-09,0.9999970536546697,-0.6984269022941589,8.660236358642578,0.8856110430224462,0.0
0h,MATK,-0.0066303224763885815,0.9200506551638689,-0.5653374791145325,10.0,0.8648967449782212,0.0037400815913184076
0h,CD70,-0.022262894845204887,0.6024476733606708,-0.2657662332057953,10.0,0.9128100671488495,0.0035444465542340603
0h,INSR,-0.019532654601085022,0.7040793815759299,-0.16510388255119324,10.0,0.992778765542916,0.004729764720098048
0h,PET100,-7.68568203365333e-09,0.9999971211899258,-0.8783272504806519,4.252286434173584,0.6807984211101713,0.0
0h,MYO1F,3.5625499239465584e-09,0.9999972249598867,-1.265451431274414,7.713067531585693,0.8453620111281812,0.0
0h,S1PR5,-0.017838402183604527,0.7412638399618924,-0.7819923162460327,10.0,0.7066279999769841,0.0050174633040456175
0h,JUNB,5.192607789337427e-09,0.9999971494037069,-1.3004004955291748,5.588069915771484,0.7209093576841414,0.0
0h,AC092069.1,-0.0021231098390399375,0.9757491120509997,-0.2679997682571411,10.0,0.9840442365342678,0.00152480249492212
0h,IER2,8.73357198615125e-09,0.9999971163298059,-1.2127066850662231,4.37409782409668,0.703336728176624,0.0
0h,AC008686.1,-0.020951709093279317,0.6658382696977334,-0.12842683494091034,10.0,0.9955867037222442,0.004303970815855644
0h,KLF2,-5.395498922214086e-09,0.9999970795049201,-2.111475944519043,4.765625476837158,0.7055692691880571,0.0
0h,ARRDC2,2.169672449467556e-09,0.9999971109835573,-0.8352714776992798,7.6205949783325195,0.8903408077425443,0.0
0h,KIAA0355,2.7076534723556878e-09,0.9999970948747865,-0.569619357585907,9.061582565307617,0.9364473828059818,0.0
0h,FXYD7,-6.525691313626894e-06,0.9999282285512886,-0.7853521108627319,10.0,0.9460334996231149,5.753971678951396e-06
0h,U2AF1L4,-2.1316892487122062e-09,0.999997177928849,-0.6317082643508911,5.918510437011719,0.8694308746612349,0.0
0h,HCST,1.044059412615029e-09,0.9999971408969395,-1.1595731973648071,4.464809894561768,0.6908621175766573,0.0
0h,TYROBP,-0.023017799386428096,0.5240114900759287,-0.3938427269458771,10.0,0.7642195025116086,0.0026640888873544965
0h,AC011445.2,-0.004481363422871525,0.9466071840739347,-0.19803529977798462,10.0,0.9884345169253077,0.0027101206607861076
0h,ZFP36,2.5475645700750275e-09,0.9999971435663995,-1.3619470596313477,4.290047645568848,0.7014897032676806,0.0
0h,AC243960.1,-1.0129425140489906e-09,0.9999971528878598,-0.8610476851463318,6.631173133850098,0.8684469455041343,0.0
0h,CD79A,-0.019900505386093965,0.685750514352495,-0.19607998430728912,10.0,0.9952414654215072,0.004493851881261041
0h,AC010616.1,-0.022919123279356794,0.5952592914890978,-0.1869720220565796,10.0,0.9938662661902378,0.0034811528657655946
0h,RABAC1,-9.580594214698367e-09,0.9999970703667281,-1.2390449047088623,4.313535213470459,0.6997404958772793,0.0
0h,POU2F2,-7.104723404944387e-09,0.9999970984500347,-0.8310421109199524,6.947369575500488,0.8878033062321268,0.0
0h,PTGIR,-0.0062872726548909965,0.9238469345159439,-0.27023881673812866,10.0,0.9894414619691242,0.003291271800360199
0h,GNG8,-0.02386006363961886,0.5128803653252129,-0.14272558689117432,10.0,0.9969734108968715,0.0026007951988860313
0h,SLC1A5,-0.007499080442910566,0.9063753178910445,-0.2865500748157501,10.0,0.9769668513691575,0.004194645353955567
0h,ZC3H4,-1.6606562965572373e-07,0.9999955371620981,-0.35071873664855957,10.0,0.9586692214300921,5.753971678951396e-06
0h,BBC3,-1.996188166967462e-06,0.9999768675024968,-0.5649998188018799,10.0,0.9560914421179219,5.753971678951396e-06
0h,AC010331.1,-0.0044012417547885305,0.9474775649228784,-0.17987120151519775,10.0,0.9887279694809342,0.0027101206607861076
0h,EMP3,7.862998103088552e-10,0.999997133941986,-2.0089147090911865,3.455063581466675,0.4236419188344755,0.0
0h,BAX,1.2831655503482667e-10,0.9999970416247107,-1.180367112159729,4.562997817993164,0.7299028154183426,0.0
0h,NOSIP,1.0488391306065251e-09,0.9999970867292011,-1.3690414428710938,3.642486095428467,0.6001047222845569,0.0
0h,CLDND2,-0.02210827868981168,0.6278819171036653,-0.16963417828083038,10.0,0.9957305530142181,0.0038551610248974354
0h,NKG7,-0.00011757521765132349,0.9987729504909924,-1.518489122390747,10.0,0.7114613361873033,0.00020714298044225026
0h,SPACA6,-0.007010664658077603,0.9146136350367003,-0.14990542829036713,10.0,0.9903333275793617,0.0040738119486975885
0h,LENG8,-2.9615535925290055e-09,0.9999971286538053,-0.5881475210189819,9.238114356994629,0.9322297215653105,0.0
0h,LAIR2,-0.022970274407721397,0.5848883324839911,-0.3494054079055786,10.0,0.9572825142554648,0.0033315496021128583
0h,PPP1R12C,-0.005526227143180992,0.9327790948967312,-0.20564806461334229,10.0,0.9895507874310243,0.0034121052056181778
0h,ZNF154,-0.022547252485614705,0.6140361036375892,-0.1036691665649414,10.0,0.9962599184086816,0.0037113117329236507
0h,AC012313.1,-0.015129115067890105,0.7944916272000414,-0.3917545676231384,10.0,0.956085688146243,0.005368455576461653
0h,RPS4Y1,2.31724272574006e-09,0.9999972153116379,-3.3962764739990234,4.537694931030273,0.4725852019356361,0.0
0h,LINC01311,-0.014044784522272716,0.811733246475257,-0.1854463666677475,10.0,0.9932678531356268,0.0054950429533985835
0h,HIC2,-0.019529577460127494,0.7034839972841082,-0.17358289659023285,10.0,0.9950458303844228,0.00469524089002434
0h,AC245060.5,-0.0002138713345236892,0.9976987945125274,-0.3039727807044983,10.0,0.973848198719166,0.00027619064058966703
0h,ZNF70,-0.02346381648164942,0.5547564073144622,-0.18078669905662537,10.0,0.9969446410384768,0.0030380970464863374
0h,GGT1,-0.020758318227528064,0.6642126037306645,-0.27211567759513855,10.0,0.9872607067028016,0.004252185070745082
0h,MIAT,-2.0887495890214225e-05,0.9997799029087308,-0.8001909852027893,10.0,0.8754092512356654,2.876985839475698e-05
0h,XBP1,-3.95851079508629e-09,0.9999971504232612,-1.3544363975524902,4.642875671386719,0.7477861593965235,0.0
0h,PIK3IP1-AS1,-0.004687404734925797,0.9437383336790492,-0.29342764616012573,10.0,0.9888545568578712,0.0027503984625387675
0h,LINC01521,-0.018147962153012957,0.734780667548397,-0.17551358044147491,10.0,0.994320829952875,0.005023217275724569
0h,YWHAH,-2.6323041705856743e-09,0.9999972017121099,-1.0432758331298828,7.092678546905518,0.8991213685246241,0.0
0h,NCF4,-0.0008702137032248908,0.9904334038071999,-0.45880940556526184,10.0,0.9722198247340227,0.0008113100067321468
0h,IL2RB,-0.000261248986806401,0.9971806027337203,-0.5767102241516113,10.0,0.9491003665279959,0.0003394843290581324
0h,LGALS1,4.635153585453092e-10,0.9999971472566277,-1.0707920789718628,7.3855509757995605,0.8928322774795302,0.0
0h,H1F0,-0.003751126545717293,0.9553687176371756,-0.3298684060573578,10.0,0.9860236027918271,0.0022267870397541904
0h,AL022322.2,-0.009624064642035402,0.8777863984599535,-0.19769397377967834,10.0,0.9912597170196729,0.004965677558935055
0h,DDX17,6.9036458503354885e-09,0.9999971692110373,-2.119278907775879,5.026319980621338,0.7114613361873033,0.0
0h,APOBEC3C,-2.8459224353352404e-09,0.999997086704675,-0.8827866911888123,7.3733439445495605,0.9021364496843947,0.0
0h,APOBEC3G,4.536701371413631e-10,0.999997184939696,-1.2173980474472046,7.905325412750244,0.8739822662592854,0.0
0h,APOBEC3H,-0.01687374500103878,0.7598137054437245,-0.46272170543670654,10.0,0.8504197522339795,0.0051900824544141595
0h,CACNA1I,-0.01437157633882915,0.8037402784688209,-0.20759040117263794,10.0,0.9934174563992796,0.005385717491498507
0h,TNRC6B,-9.529461514393992e-09,0.9999971716979028,-1.2243822813034058,4.642407417297363,0.660952972789468,0.0
0h,FAM118A,-4.236518686957546e-09,0.999997122608005,-1.0568597316741943,6.793426990509033,0.8655757136363375,0.0
0h,TTC38,-0.01779058569016258,0.7413660909923173,-0.20815955102443695,10.0,0.9877095164937598,0.005000201389008764
0h,TRABD,-3.2430193990292866e-09,0.9999971198363399,-0.9302268028259277,5.570575714111328,0.8069830200295754,0.0
0h,SBF1,-0.0011489941230515225,0.9868328929794908,-0.2825864553451538,10.0,0.9812305443832605,0.0008400798651269038
0h,CPT1B,-0.023597684272650427,0.5455298393347517,-0.15136925876140594,10.0,0.9964613074174449,0.002934525556265212
0h,CHKB-DT,-0.023800320458389212,0.5369854090622195,-0.12414845079183578,10.0,0.9971345221038822,0.0028539699527598927
0h,SAMSN1,7.679690629435926e-09,0.9999970928897476,-1.5279827117919922,4.8584513664245605,0.7577347764294304,0.0
0h,USP16,-5.651780235192763e-09,0.9999971485245526,-0.9346239566802979,7.0928473472595215,0.8604661867854286,0.0
0h,AP001412.1,-0.022404658625923887,0.6164146341008228,-0.17146740853786469,10.0,0.9962196406069289,0.003728573647960505
0h,AF129408.1,-0.021485141003856362,0.6526856180560361,-0.15783832967281342,10.0,0.9957593228726128,0.004160121523881859
0h,ITGB2,-7.277574298280192e-09,0.9999971606752993,-1.1495734453201294,5.3958587646484375,0.8060508766175853,0.0
0h,ITGB2-AS1,-8.395996772199309e-05,0.999106129383675,-0.47429728507995605,10.0,0.9680079174650302,0.00012083340525797931
0h,COL18A1,-0.00026997841460477774,0.9970498809851336,-0.3728673458099365,10.0,0.9748206199329087,0.0002819446122686184
0h,S100B,-0.023785477745012207,0.5091585884644971,-0.15363459289073944,10.0,0.9843031652598206,0.002566271368812323
0h,PRMT2,4.980421099695249e-09,0.9999971655499016,-1.422760248184204,4.337123394012451,0.6913799750277629,0.0
0h,MT-ND2,-3.6019446749436433e-09,0.99999714983972,-4.657749652862549,3.237663745880127,0.4103675061711346,0.0
0h,MT-ATP6,1.4323053569080607e-09,0.9999971181476317,-4.762762069702148,3.4117422103881836,0.4167774306214865,0.0
0h,MT-ND3,-9.65278262818842e-10,0.999997159955208,-5.0227131843566895,3.2465591430664062,0.4145391356383744,0.0
0h,MT-ND4L,8.075157102525482e-09,0.9999971470791855,-2.082153797149658,4.861307621002197,0.7538968773195698,0.0
0h,MT-CYB,-6.852685800717659e-09,0.9999971665100864,-5.218212127685547,3.3546433448791504,0.41059191106661375,0.0
16h,ISG15,6.369670286647322e-09,0.9999960159212958,-1.0635346174240112,8.20584487915039,0.68823736855604,0.0
16h,AGRN,-0.007810384274360531,0.880266290402126,-0.2616766393184662,10.0,0.9855251346499102,0.0022040907925109003
16h,TNFRSF18,-6.218594504288094e-10,0.9999959655446148,-3.037520170211792,4.358589172363281,0.5007053090536034,0.0
16h,TNFRSF4,2.3648851911546e-09,0.9999959513893784,-3.3537192344665527,3.6171202659606934,0.45017151833803537,0.0
16h,DVL1,-0.005562592429666601,0.9193831535999722,-0.31722399592399597,10.0,0.9785361631187484,0.0015308412413439344
16h,SLC35E2A,-0.01019980273253015,0.8448458173770546,-0.25876104831695557,10.0,0.9887070402667351,0.002845280841241344
16h,SKI,-0.005453443703134516,0.923836905877621,-0.3112471401691437,10.0,0.9784399846114389,0.0017632726340087203
16h,AL139246.5,-0.005956026359251572,0.9219559761275636,-0.39470377564430237,10.0,0.9760755963067453,0.0024605668120030776
16h,TNFRSF14,7.871783434827806e-09,0.9999960075153701,-1.1778733730316162,7.373814105987549,0.6920364195947679,0.0
16h,RNF207,-0.011220809276698197,0.8324879443326386,-0.4549744427204132,10.0,0.9781915234675558,0.002909399846114388
16h,TNFRSF25,-1.0383898613552457e-08,0.9999959426688447,-1.8379113674163818,5.704039096832275,0.5243812516029751,0.0
16h,TNFRSF9,8.45950973162783e-09,0.9999960130085671,-1.5699191093444824,6.4590020179748535,0.6800221210566813,0.0
16h,PLOD1,-0.006438915890704342,0.9052357020391397,-0.49022620916366577,10.0,0.9722765452680174,0.0015709156193895871
16h,TNFRSF8,-0.0057841705718818205,0.9258169178059821,-0.9680194854736328,10.0,0.9400327006924852,0.002139971787637856
16h,TNFRSF1B,-7.314139746114548e-09,0.9999961214959521,-1.640336275100708,6.846617698669434,0.6375352654526801,0.0
16h,DHRS3,2.6843151797557924e-09,0.9999960081029148,-0.7967976331710815,8.798221588134766,0.8270229546037445,0.0
16h,PLEKHM2,-0.003589936131628187,0.9523198239811327,-0.2932237982749939,10.0,0.9694312644267761,0.001130097460887407
16h,AL450998.2,-0.01080503478200144,0.8371962099028962,-0.17183838784694672,10.0,0.9890276352911003,0.0030055783534239547
16h,ECE1,5.290119436520067e-10,0.9999959715943744,-0.9723436236381531,9.19957160949707,0.8107607719928187,0.0
16h,LINC01355,-0.007837228078677781,0.8853094823352388,-0.35285189747810364,10.0,0.9809726853039241,0.002276224672993075
16h,ID3,4.033966887011871e-09,0.9999959662779578,-1.0710183382034302,8.134989738464355,0.7986743395742498,0.0
16h,RUNX3,3.196481410757046e-09,0.9999959641734653,-1.446501612663269,7.163132667541504,0.7261236855604001,0.0
16h,RSRP1,-1.4610305767927713e-09,0.9999960787083987,-1.3412760496139526,8.149517059326172,0.7779799307514748,0.0
16h,MAN1C1,-0.008374498980373018,0.8760042758158817,-0.3268067538738251,10.0,0.9870399461400359,0.002596819697358297
16h,PAQR7,-0.003255981161776266,0.9581160351316175,-0.5314804315567017,10.0,0.9680206463195691,0.0011220825852782765
16h,SH3BGRL3,4.5226813479497265e-09,0.9999960590441664,-3.193359851837158,4.058241367340088,0.45078064888432934,0.0
16h,CD52,7.668101393659222e-10,0.9999960096844115,-1.788565754890442,5.074413299560547,0.5459412669915363,0.0
16h,ZDHHC18,-0.0013165912448551765,0.9849348571871523,-0.6132389307022095,10.0,0.9429180559117722,0.0007133239292126186
16h,SLC9A1,-0.008650630228421911,0.8669266565449839,-0.2514515221118927,10.0,0.9854610156450372,0.0022040907925109003
16h,SYTL1,-0.0013007260267273635,0.9846415864761201,-0.48017844557762146,10.0,0.9556937676327263,0.0006331751731213131
16h,MAP3K6,-0.011773304684261859,0.817359958905383,-0.28000855445861816,10.0,0.9897088997178763,0.0031338163631700437
16h,AHDC1,-0.008086806704031209,0.877946471817814,-0.3358067572116852,10.0,0.9851724801231085,0.0021640164144652477
16h,IFI6,-3.870696215872815e-05,0.9995989242404507,-1.1403146982192993,10.0,0.8894508207232624,0.00012022313413695819
16h,SNHG12,-8.573540395388973e-05,0.999005242414053,-0.5753560066223145,10.0,0.8748236727365991,7.213388048217492e-05
16h,LAPTM5,-2.8774341275076887e-09,0.9999960080292738,-1.6336272954940796,6.649623394012451,0.6259938445755322,0.0
16h,SYNC,-0.00021719834139075195,0.9977139896159632,-0.5913554430007935,10.0,0.9113154013849705,0.0003125801487560913
16h,ZC3H12A,-7.87647137674927e-09,0.9999959760467306,-0.6800248026847839,9.124873161315918,0.8274637727622467,0.0
16h,MFSD2A,-3.6813098498722564e-10,0.9999959930666948,-0.6582972407341003,9.518771171569824,0.8237448704796102,0.0
16h,ARMH1,-3.140592273205536e-09,0.9999960296934997,-0.9737421870231628,8.125945091247559,0.8083883688125161,0.0
16h,FAAH,-0.010165232491308239,0.8363687573604166,-0.2673199772834778,10.0,0.9893322005642472,0.002701013080276994
16h,LRP8,-0.0029910077940405564,0.9624300444430173,-0.6222054958343506,10.0,0.9533373942036419,0.0010579635804052322
16h,TMEM59,-9.091222049830247e-09,0.9999960443569049,-2.5402348041534424,5.102066993713379,0.4959284431905617,0.0
16h,JUN,-0.0006034038184896367,0.9931844062411808,-0.5861063599586487,10.0,0.9327551936393947,0.0004728776609387022
16h,PATJ,-0.005364917007553618,0.9261805822673888,-0.3569640517234802,10.0,0.9788567581431136,0.00190754039497307
16h,PDE4B,-4.61579216256913e-06,0.9999485618757171,-0.8108155727386475,10.0,0.8859643498332905,8.014875609130546e-06
16h,IL23R,-0.009048180198192852,0.8636082952861727,-0.8509126901626587,10.0,0.8843293152090279,0.002484611438830469
16h,GADD45A,-2.941590592892037e-09,0.9999960737488566,-0.805472195148468,9.147968292236328,0.8218132854578097,0.0
16h,MIGA1,-0.0024980397220313068,0.9682740067425386,-0.41262516379356384,10.0,0.9597172351885098,0.0008736214413952295
16h,NEXN,-0.006175563428224276,0.9201075662640071,-0.3009735941886902,10.0,0.9725811105411644,0.0024445370607848165
16h,IFI44L,-0.0008312871198125586,0.9906934826647676,-0.9464588165283203,10.0,0.8837121697871249,0.0007133239292126186
16h,MCOLN2,-0.0003380442886995865,0.9963499404414644,-1.2382004261016846,10.0,0.8947726981277251,0.00037669915362913565
16h,LMO4,-0.0003901049312584281,0.9956381517421853,-0.7888057231903076,10.0,0.9334845473198256,0.00028853552192869967
16h,GBP1,-2.182688300312387e-09,0.9999960288165038,-1.3186525106430054,5.765238285064697,0.647161131059246,0.0
16h,GBP2,-1.0900672908277705e-09,0.9999960459160984,-2.1759655475616455,4.026579856872559,0.4685255834829443,0.0
16h,GBP4,7.886915578634589e-09,0.9999959550087469,-1.1701297760009766,6.410171985626221,0.6841497819953835,0.0
16h,GBP5,-5.127460484526077e-09,0.9999960075968808,-1.2096093893051147,6.543738842010498,0.6967171069505002,0.0
16h,TGFBR3,-0.010775706321559487,0.8425374562187135,-0.4175679385662079,10.0,0.9813413695819441,0.0029414593485509104
16h,FAM69A,-0.003530190817463095,0.9545112151551005,-0.3676590323448181,10.0,0.9687580148756091,0.0013224544755065402
16h,TMED5,2.0103280544906823e-09,0.9999959784231243,-1.2601758241653442,8.535316467285156,0.7686826750448833,0.0
16h,PTBP2,-0.003962645805270057,0.9478270413609936,-0.2406267523765564,10.0,0.97040907925109,0.0012503205950243651
16h,CDC14A,-0.006428966324748798,0.9100325654883521,-0.44522643089294434,10.0,0.9717395486022057,0.0020037189022826364
16h,SLC30A7,1.078222647297838e-09,0.9999959561469013,-1.060905933380127,9.264165878295898,0.7771543985637342,0.0
16h,S1PR1,-7.805998149457158e-06,0.9999164600048263,-0.9231477379798889,10.0,0.8679869838420108,3.205950243652218e-05
16h,KIAA1324,-0.008652319527190295,0.8698098515927761,-0.3271680772304535,10.0,0.9866953064888433,0.002436522185175686
16h,CSF1,-0.00017762630167819453,0.9979825974275954,-1.0437734127044678,10.0,0.90532828930495,0.0001602975121826109
16h,SLC16A4,-0.00680407239416934,0.9016434426730746,-0.253976970911026,10.0,0.9831206719671711,0.001995704026673506
16h,AL365361.1,-0.006767842558712792,0.9065958441319557,-0.4099884629249573,10.0,0.9812051166965888,0.0021640164144652477
16h,KCNA3,-0.0018519993008561065,0.9780884062361815,-0.5617445707321167,10.0,0.9628670813028982,0.0010499487047961017
16h,CD53,-9.082113161668817e-09,0.9999959703601775,-2.220461130142212,5.179152488708496,0.47689311361887665,0.0
16h,RHOC,-0.0019738056915157777,0.9766897396835194,-0.6555780172348022,10.0,0.9462923185432162,0.0011621569633239292
16h,SLC16A1,-6.653730452877338e-09,0.999996009522004,-1.0204709768295288,7.346609592437744,0.6999390869453707,0.0
16h,HIPK1,-0.0021761515935336886,0.9736888047305527,-0.421245813369751,10.0,0.9539304949987176,0.0009297255706591434
16h,ATP1A1,1.613123317474289e-08,0.9999959061850179,-2.0160884857177734,5.145791053771973,0.4823752885355219,0.0
16h,CD58,-1.565100268267737e-05,0.9998339106770376,-1.4855009317398071,10.0,0.8650936137471147,3.205950243652218e-05
16h,CD2,1.5084028965327397e-09,0.9999959757735611,-3.577164888381958,4.71865701675415,0.4438718261092588,0.0
16h,TENT5C,-0.008718260501175572,0.881337654497975,-0.5060643553733826,10.0,0.9290683508591947,0.003109771736342652
16h,PHGDH,-2.367384428186342e-09,0.9999960488575684,-1.5407586097717285,5.842386722564697,0.664232816106694,0.0
16h,NOTCH2,-0.0029956684779843005,0.9632701474110499,-0.4651084840297699,10.0,0.9604065144908951,0.001218261092587843
16h,SRGAP2B,-0.00883976406132092,0.8699591998635922,-0.29687026143074036,10.0,0.9848759297255707,0.0023082841754295974
16h,TXNIP,-6.19823214861405e-06,0.9999325278079757,-0.8671383857727051,10.0,0.8001811361887663,1.602975121826109e-05
16h,NBPF12,-0.009382022990716872,0.8544348377385191,-0.29343727231025696,10.0,0.9874887791741472,0.002420492433957425
16h,NBPF11,-0.010641932969794769,0.830090796176295,-0.1912064403295517,10.0,0.989684855091049,0.0027491023339317774
16h,NBPF19,-0.004684376234348967,0.9364968738738226,-0.40241947770118713,10.0,0.9750016029751218,0.001522826365734804
16h,CTSS,-3.1714553775891153e-09,0.9999960303303361,-1.0699219703674316,9.01927375793457,0.785978776609387,0.0
16h,C1orf56,7.866546477910841e-09,0.9999959643050785,-0.8876197934150696,6.849640369415283,0.6945450756604258,0.0
16h,CDC42SE1,4.822698711272027e-10,0.9999960299928231,-1.1375648975372314,5.814487457275391,0.5789946140035906,0.0
16h,POGZ,-0.0006697275396364794,0.9925038185811441,-0.5232143998146057,10.0,0.9280103872787895,0.0004328032828930495
16h,S100A10,2.6732943211406405e-09,0.9999959869936423,-1.8013590574264526,4.559095859527588,0.5948079635804052,0.0
16h,S100A11,3.4729662984617145e-09,0.9999959897433227,-2.339219570159912,4.455865859985352,0.5307290330854065,0.0
16h,S100A6,3.373893876029162e-09,0.9999959790029223,-2.4138028621673584,4.369028568267822,0.5199089510130803,0.0
16h,S100A4,-4.6412117909408524e-09,0.9999960268879176,-1.425662636756897,7.398994445800781,0.7993876635034625,0.0
16h,DENND4B,-0.0019228591722328522,0.976761474534722,-0.423612505197525,10.0,0.9468132854578097,0.000761413182867402
16h,IL6R,-0.0010973677636223398,0.9877164269244907,-0.7715561985969543,10.0,0.9438317517312131,0.0007373685560400102
16h,ADAR,-1.0087695357619771e-08,0.9999960483701226,-1.310351848602295,8.22791862487793,0.7130273788150808,0.0
16h,PBXIP1,-0.0031874746873737465,0.9601876401025898,-0.6883865594863892,10.0,0.9629873044370352,0.0012583354706334957
16h,DPM3,1.0701591918346714e-09,0.9999959348743224,-0.9598531126976013,9.018868446350098,0.7789256860733521,0.0
16h,ASH1L,-7.4335071023863654e-09,0.999995938340949,-1.1309616565704346,8.315890312194824,0.7759601820979738,0.0
16h,ASH1L-AS1,-0.0080425363337902,0.8814775162056031,-0.19268518686294556,10.0,0.9853488073865093,0.002420492433957425
16h,SYT11,-0.003334779835585426,0.9589680163250905,-0.8067242503166199,10.0,0.9545316106694024,0.0014747371120800204
16h,SSR2,3.5324153735735445e-10,0.999995974245687,-2.6015493869781494,5.474216461181641,0.46328385483457296,0.0
16h,LMNA,6.981041251557884e-09,0.9999960696216098,-1.8762460947036743,5.274593353271484,0.6404126057963581,0.0
16h,SEMA4A,-0.006081920298041143,0.9202544342964375,-0.49483317136764526,10.0,0.9589638368812516,0.002156001538856117
16h,GLMP,-0.0031249528670707245,0.9605708670989572,-0.5115047097206116,10.0,0.9612320466786356,0.0012423057194152346
16h,PYHIN1,-0.0016911060844930763,0.9798870251118065,-0.7198178172111511,10.0,0.9274092716081046,0.0009377404462682739
16h,AIM2,-5.0342758316905755e-09,0.999995919931763,-2.0393714904785156,7.185811996459961,0.793961592716081,0.0
16h,CD84,-0.002388655599433015,0.9710349072265091,-0.5438635349273682,10.0,0.9592844319056169,0.0010259040779687098
16h,SLAMF1,-5.191861818354432e-10,0.9999960738311533,-1.7038418054580688,7.135386943817139,0.731581815850218,0.0
16h,CD48,3.8194583103699647e-10,0.9999959585760495,-2.4696850776672363,4.741113662719727,0.48230315465503976,0.0
16h,SLAMF7,-0.00010268920584268999,0.9988838849048702,-0.8670246005058289,10.0,0.910794434470377,0.00017632726340087202
16h,F11R,-0.006850256340445451,0.9014809759985595,-0.293740838766098,10.0,0.9838259810207746,0.002156001538856117
16h,MGST3,-5.238540193520316e-09,0.9999960350447831,-1.2266156673431396,8.364651679992676,0.7886076558091818,0.0
16h,TMCO1,-1.2419927795172027e-09,0.9999960478084977,-1.9676270484924316,5.429861545562744,0.4675718132854578,0.0
16h,CD247,-5.591791527948067e-09,0.9999959123177198,-1.4425073862075806,7.189484596252441,0.6569392793023853,0.0
16h,XCL2,-0.01777942390149621,0.6925758169330977,-0.5299582481384277,10.0,0.8140709156193896,0.0030376378558604773
16h,XCL1,-0.01504299321595319,0.7690246871945297,-0.5457901358604431,10.0,0.8742145421903053,0.0033422031290074377
16h,ATP1B1,-2.990903508469254e-05,0.9996817318519904,-0.6023311614990234,10.0,0.8959428699666581,4.808925365478328e-05
16h,F5,2.4509799869765224e-09,0.9999960225258419,-1.2220218181610107,8.355988502502441,0.7694280584765324,0.0
16h,SELL,-6.830182433486803e-09,0.9999960182845938,-1.3962595462799072,5.251854419708252,0.5509665939984612,0.0
16h,FASLG,-0.00013679570915426327,0.9985332659892077,-0.9995187520980835,10.0,0.8642520518081559,0.00019235701461913312
16h,SOAT1,9.014552957849483e-09,0.9999960056343379,-1.0970385074615479,9.523927688598633,0.7788455373172608,0.0
16h,TOR1AIP1,2.932551716607557e-09,0.999996063019851,-1.1450283527374268,8.2863187789917,0.7361022056937676,0.0
16h,QSOX1,-6.955498027719737e-05,0.9992773233424629,-0.8928942680358887,10.0,0.8833595152603232,0.00014426776096434983
16h,MR1,-0.002539610109986999,0.9692084376195859,-0.5022533535957336,10.0,0.9593164914080533,0.0011060528340600154
16h,RGS16,-3.12512374873618e-10,0.9999959627562891,-1.1920307874679565,6.381890296936035,0.7154398563734291,0.0
16h,EDEM3,-0.002538313409807257,0.968686214273117,-0.569459855556488,10.0,0.9515100025647601,0.0009297255706591434
16h,FAM129A,-0.00040636308241904026,0.9955794818750167,-0.9273760318756104,10.0,0.9144091433700949,0.00033662477558348296
16h,PRG4,-0.014332983726861587,0.761214356305199,-0.22575077414512634,10.0,0.9918568863811233,0.003165875865606566
16h,RGS1,1.6062524638005815e-09,0.9999960322429065,-1.4969385862350464,7.3740153312683105,0.8481261220825853,0.0
16h,RGS2,-0.0028373005134819528,0.9647799208804472,-0.4353804886341095,10.0,0.9662894331879969,0.0013304693511156707
16h,PTPRC,9.740558845727093e-09,0.9999959954030739,-2.6398062705993652,4.141577243804932,0.4702567966145165,0.0
16h,MIR181A1HG,-0.0045418305172601455,0.938288727553553,-0.38815271854400635,10.0,0.9740638625288536,0.001554885868171326
16h,CAMSAP2,-0.009189680703884843,0.8627645462504788,-0.3004322946071625,10.0,0.9876971659399846,0.002773146960759169
16h,PTPN7,-1.9539807362399553e-09,0.9999960470290974,-1.8934522867202759,6.196465015411377,0.5835630931007951,0.0
16h,BTG2,-5.0878378151276364e-09,0.999995930350313,-1.5757315158843994,5.883085250854492,0.5739452423698385,0.0
16h,ATP2B4,-0.008065716692958129,0.8909396099057731,-0.7708479762077332,10.0,0.905448512439087,0.002845280841241344
16h,MDM4,3.927265302166792e-09,0.9999959926911435,-0.9504382610321045,8.424356460571289,0.7625913695819441,0.0
16h,IL10,-8.47406992015248e-05,0.9991082981306575,-0.9062081575393677,10.0,0.8863170043600923,0.00017632726340087202
16h,IL24,-0.005279437887873429,0.9342027510249208,-0.9330268502235413,10.0,0.9050076942805848,0.0020998974095922033
16h,FCMR,-0.0012808860731512205,0.9852976155469458,-0.5588396787643433,10.0,0.9480395614260066,0.0008014875609130546
16h,CD55,2.246926138239021e-09,0.9999959228075823,-1.7127693891525269,7.706404685974121,0.701806552962298,0.0
16h,CD46,4.268996039915346e-09,0.9999960099800286,-1.192541241645813,7.651846408843994,0.6996104770453963,0.0
16h,MIR29B2CHG,-0.01181465796168037,0.8119129109199011,-0.27684640884399414,10.0,0.9899012567324955,0.0029574890997691714
16h,G0S2,-0.002873343278522749,0.9669549648487256,-0.8000861406326294,10.0,0.9324345986150295,0.0018995255193639394
16h,TRAF3IP3,1.1842990507566755e-08,0.9999958853977906,-1.4829058647155762,6.730377197265625,0.6808877276224673,0.0
16h,BATF3,1.186865813221384e-08,0.9999959802879457,-1.1654601097106934,7.315969944000244,0.7229738394460118,0.0
16h,FLVCR1-DT,-0.005071009414894442,0.9252723440136456,-0.3990113139152527,10.0,0.9792655167991793,0.0015067966145165426
16h,CENPF,-0.004784449560563175,0.929954196670255,-0.7807990312576294,10.0,0.9437435880995126,0.0012583354706334957
16h,DEGS1,-3.4885350679549446e-10,0.9999960406291748,-1.5559653043746948,8.142396926879883,0.7353968966401642,0.0
16h,TMEM63A,-0.007276541158976136,0.8992003201986952,-0.5500960350036621,10.0,0.981269235701462,0.00234835855347525
16h,CCSAP,-0.010758590513757101,0.8323482306591214,-0.25587689876556396,10.0,0.9894444088227751,0.003045652731469608
16h,PCNX2,-0.0072382486750759666,0.8944521564587411,-0.248578742146492,10.0,0.9841145165427032,0.0021319569120287255
16h,KCNK1,-0.008041767537838126,0.8891660099543879,-0.5899944305419922,10.0,0.9058893305975891,0.002508656065657861
16h,AL355472.1,-0.006978344931596234,0.9016586282085379,-0.21873971819877625,10.0,0.9836256091305463,0.002332328802256989
16h,TARBP1,-0.002519297944995708,0.9681500432802899,-0.40205633640289307,10.0,0.9573528468838164,0.0008335470633495768
16h,GNG4,-0.007956404344026701,0.8924844840393599,-0.30296245217323303,10.0,0.9834973711208002,0.002556745319312644
16h,GPR137B,-0.0013390352151179104,0.9840265736187334,-0.5998761653900146,10.0,0.9517905232110797,0.0006572197999487048
16h,ERO1B,-0.004302339970740472,0.9440527552741744,-0.45004022121429443,10.0,0.9668985637342908,0.0016109899974352398
16h,AL390728.6,-0.004261186948657216,0.9429416568016049,-0.40561726689338684,10.0,0.9709701205437291,0.0012663503462426262
16h,CMPK2,-0.007629560732503968,0.8966176214058418,-0.6334757804870605,10.0,0.9668584893562452,0.00278917671197743
16h,RSAD2,-0.014973439606066535,0.750765658739224,-0.5229490995407104,10.0,0.9414513336753013,0.002997563477814824
16h,LINC01871,-1.2505310179846065e-05,0.9998681427902668,-1.084633469581604,10.0,0.9156594639651192,3.205950243652218e-05
16h,ID2,1.142287746253358e-09,0.9999959932027687,-1.4821857213974,3.9738731384277344,0.5762455116696589,0.0
16h,ADAM17,-1.102494189413477e-09,0.9999959882343564,-0.7734565734863281,9.602313041687012,0.842884393434214,0.0
16h,PDIA6,2.5834209104408284e-09,0.9999959395325303,-2.917931079864502,4.79179573059082,0.4692629520389844,0.0
16h,LPIN1,-0.00016008628026858664,0.9982722806582762,-0.688072919845581,10.0,0.9031963323929213,0.0002244165170556553
16h,LAPTM4A,4.366500275030699e-09,0.9999960148647393,-1.9425220489501953,6.131468296051025,0.5069889715311618,0.0
16h,SELENOI,-0.00037513375287587345,0.9959989512226741,-0.8441413044929504,10.0,0.8972012054372916,0.0004167735316747884
16h,AC074117.1,-0.004226334187185196,0.9438560576094379,-0.4415401816368103,10.0,0.970344960246217,0.001362528853552193
16h,FOSL2,-3.617183320369558e-05,0.9996127875563157,-0.8780619502067566,10.0,0.8904446652987945,4.007437804565273e-05
16h,LBH,7.063143814088258e-10,0.9999959124011659,-1.2663580179214478,6.506716251373291,0.7005562323672737,0.0
16h,BIRC6,-1.863501391443412e-05,0.9998009127722629,-1.0123367309570312,10.0,0.8634746088740702,4.007437804565273e-05
16h,CRIM1,-0.006928403885252929,0.9052420821797695,-0.3448396325111389,10.0,0.9831046422159528,0.0024124775583482944
16h,CYP1B1,-0.00807029221610288,0.8872617869697442,-0.773345947265625,10.0,0.911531803026417,0.002580789946140036
16h,GALM,6.72241905469011e-09,0.999996042665411,-2.0737879276275635,6.437699794769287,0.7279270325724545,0.0
16h,ZFP36L2,-2.869345683683423e-09,0.9999959863645966,-1.216030478477478,7.029557228088379,0.7196316363170043,0.0
16h,PSME4,-0.0014947096413339645,0.9825277958704084,-0.44714733958244324,10.0,0.9450259681969736,0.0006972941779943575
16h,REL,-2.6181653668195064e-09,0.9999959970862907,-1.387878656387329,6.5065999031066895,0.6140997691715825,0.0
16h,SLC1A4,-0.0018666358455694447,0.9777124640223022,-0.5963125228881836,10.0,0.9547480123108489,0.0007373685560400102
16h,PLEK,-0.013174610984220353,0.807944535449365,-0.5869041681289673,10.0,0.8220056424724288,0.0034704411387535264
16h,ARHGAP25,-2.811393446390997e-09,0.999996005513132,-1.0204041004180908,8.648027420043945,0.8142552577583996,0.0
16h,FBXO41,-0.010292797476930697,0.8336502867348679,-0.2810797393321991,10.0,0.9892520518081559,0.0027491023339317774
16h,EGR4,-0.011829791337371616,0.8063725331457624,-0.2763001024723053,10.0,0.9712025519363939,0.0026288791997948193
16h,TET3,-0.01009155171257549,0.8438096993455039,-0.24017548561096191,10.0,0.9875528981790203,0.002725057707104386
16h,TGOLN2,-9.228133524492886e-10,0.9999960217256056,-1.250365138053894,9.060958862304688,0.7378734932033855,0.0
16h,RETSAT,-0.0056476030525952434,0.9213034901520774,-0.4292472004890442,10.0,0.975322197999487,0.0016029751218261093
16h,MAT2A,-2.3968686823855104e-09,0.9999960201500352,-1.289381742477417,6.489381313323975,0.6274044626827392,0.0
16h,GNLY,-0.0011171894366296814,0.987998518030965,-1.3652812242507935,10.0,0.7750064119004874,0.0013224544755065402
16h,LINC01943,-4.363549723996401e-09,0.9999959161922478,-1.925238847732544,4.741629600524902,0.6387134521672224,0.0
16h,CYTOR,4.695760479324951e-09,0.9999960228438424,-1.7081602811813354,4.394308090209961,0.4989420364195948,0.0
16h,IGKC,-0.011302919494604968,0.7393764632905093,-0.7322100400924683,10.0,0.8949249807642985,0.002172031290074378
16h,MAL,-9.02886762321921e-05,0.9989956366629693,-1.0355900526046753,10.0,0.9223278404719158,0.00012022313413695819
16h,ANKRD36C,-0.002868151301474903,0.9642553102963859,-0.831250786781311,10.0,0.9471739548602206,0.0010178892023595793
16h,GPAT2,-0.001154784159804142,0.9866809058975429,-0.6289618611335754,10.0,0.9445691202872532,0.0006411900487304436
16h,DUSP2,-1.6654312137577708e-09,0.9999959430065787,-2.0083541870117188,4.328833103179932,0.5175125032059502,0.0
16h,ITPRIPL1,-0.0015724310739042928,0.9815093400944659,-0.6115010380744934,10.0,0.945538920235958,0.0007533983072582713
16h,NCAPH,-0.013012309619831026,0.791563156210753,-0.7480195164680481,10.0,0.8893706719671711,0.0027651320851500385
16h,ARID5A,6.057848769250085e-09,0.9999960368938517,-1.7561593055725098,4.811069011688232,0.5623637471146448,0.0
16h,ANKRD36B,-0.0067606295803339595,0.9024757629054321,-0.5457797646522522,10.0,0.9758111054116441,0.0017953321364452424
16h,RNF149,2.3106082621316906e-09,0.9999960528506502,-1.382487177848816,7.468820571899414,0.7346034239548602,0.0
16h,IL1R2,-0.003643226045942452,0.956918020855897,-0.8314748406410217,10.0,0.9441763913824057,0.0019716593998461143
16h,IL1R1,-0.005660632834959355,0.9252493486814573,-0.5545005202293396,10.0,0.9688221338804822,0.001803347012054373
16h,IL18RAP,-0.006283852070683867,0.9160437509721111,-0.3905411660671234,10.0,0.9598695178250833,0.0023884329315209027
16h,MIR4435-2HG,-8.735636078629742e-09,0.9999960335171257,-1.016859769821167,7.591564655303955,0.7662381379840985,0.0
16h,AC068491.3,-0.011664913744250199,0.8204292221592345,-0.34344878792762756,10.0,0.9777587201846627,0.002949474224160041
16h,AC017002.3,1.756817828997454e-09,0.9999959950982649,-1.3025513887405396,9.368589401245117,0.8901881892793024,0.0
16h,CLASP1,-0.005214023256716165,0.9275092113470211,-0.3733786940574646,10.0,0.9758111054116441,0.001554885868171326
16h,MGAT5,-0.004557411918479137,0.9397014877850964,-0.5293900370597839,10.0,0.9711785073095666,0.0014346627340343678
16h,CXCR4,-1.5495219590918834e-09,0.9999959649821818,-2.0453996658325195,8.942084312438965,0.8681953706078481,0.0
16h,ZEB2,-0.0022840531479235947,0.9737901376859927,-1.188383936882019,10.0,0.8353744549884585,0.0014907668632982815
16h,ACVR2A,-0.007175475133399929,0.8976976056142211,-0.26256263256073,10.0,0.9841626057963581,0.002316299051038728
16h,NR4A2,-0.0005282306356712636,0.9942148298498004,-0.8772968053817749,10.0,0.9077006924852526,0.0005450115414208772
16h,CYTIP,-1.6799169276884666e-09,0.9999959134034566,-1.855754017829895,4.168745994567871,0.503742946909464,0.0
16h,LY75,-0.0016471155482972776,0.9806181239774613,-0.5245242118835449,10.0,0.948736855604001,0.0007533983072582713
16h,TANK,-6.534370936448685e-09,0.9999959423635896,-1.5263442993164062,6.9567389488220215,0.6400359066427289,0.0
16h,DPP4,-0.0009343288538298,0.9891989645943428,-0.6900452971458435,10.0,0.9358489356245191,0.0005369966658117466
16h,ITGA6,-0.007492504866029815,0.8894581381857821,-0.3653784990310669,10.0,0.9829523595793793,0.001979674275455245
16h,CDCA7,-0.004519352823193349,0.940068004856662,-1.8999656438827515,10.0,0.7378654783277764,0.0014506924852526288
16h,GPR155,-0.0030785630381884145,0.9617627473626077,-0.5361546277999878,10.0,0.9688461785073096,0.001362528853552193
16h,CHN1,-0.004158096899116342,0.9502086526394318,-0.34157514572143555,10.0,0.9737753270069248,0.0021479866632469866
16h,LINC01116,-0.00853175047042045,0.8712415008514948,-0.3642241358757019,10.0,0.9872964221595281,0.0025888048217491666
16h,ITGA4,-0.0001622259394436615,0.9982206814320815,-1.2051457166671753,10.0,0.9033886894075404,0.00019235701461913312
16h,ANKAR,-0.008329217159229591,0.8750376187082762,-0.2660132944583893,10.0,0.9860300718132855,0.002364388304693511
16h,GLS,-1.726132303804291e-09,0.9999960127121487,-1.57863450050354,7.632802486419678,0.6653228391895358,0.0
16h,STAT1,-7.61791377931442e-09,0.9999960126967837,-1.722776174545288,4.452557563781738,0.5177930238522698,0.0
16h,SLC39A10,-1.394673570899556e-06,0.9999818967688594,-1.0541361570358276,10.0,0.8474208130289818,8.014875609130546e-06
16h,STK17B,4.491575390665268e-10,0.9999960594793955,-1.215757131576538,6.689218521118164,0.6187323672736599,0.0
16h,AC114760.2,-4.65326289839884e-05,0.9995018171987047,-0.8940319418907166,10.0,0.895077263400872,4.808925365478328e-05
16h,AC020571.1,-0.006432428646625894,0.9128395691839906,-0.49352002143859863,10.0,0.9404013849705053,0.0019876891510643754
16h,PGAP1,-0.002156679110320237,0.9746926218635865,-0.5651979446411133,10.0,0.9593966401641446,0.0010900230828417544
16h,AC013264.1,-0.00590688725180451,0.9238963694632695,-0.35711249709129333,10.0,0.9786804308797128,0.0022361502949474225
16h,SPATS2L,-0.0007762581264511374,0.991406317684726,-0.6492322683334351,10.0,0.9508527827648114,0.0005690561682482688
16h,CLK1,-6.5474959783529315e-09,0.9999960108329737,-0.7990237474441528,8.996992111206055,0.787942421133624,0.0
16h,CFLAR,5.0587845226835936e-09,0.9999959650707204,-2.3785228729248047,4.017336845397949,0.47354289561426005,0.0
16h,BMPR2,-0.009305164395378495,0.8666526734863488,-0.40291449427604675,10.0,0.984467171069505,0.0025888048217491666
16h,CYP20A1,1.522495530349367e-09,0.9999959533391636,-1.0385527610778809,7.889700889587402,0.7633367530135933,0.0
16h,RAPH1,-0.01152939690531234,0.8272618857596318,-0.22061987221240997,10.0,0.9898050782251859,0.0032620543729161323
16h,CD28,-8.7410010972526e-10,0.9999960812146157,-1.5928940773010254,7.560364246368408,0.6939760194921775,0.0
16h,CTLA4,-8.397050812795242e-10,0.9999960163231632,-2.148294448852539,7.984382152557373,0.7517552577583996,0.0
16h,ICOS,1.2821175885011478e-08,0.9999960122710299,-1.725002646446228,5.45280122756958,0.5563125160297512,0.0
16h,INO80D,-0.0007005229110538837,0.992237342997023,-0.614962100982666,10.0,0.9284512054372916,0.00045684790972044115
16h,AC007038.2,-0.008582285759212995,0.8722260624824654,-0.2496759444475174,10.0,0.9858056552962298,0.0022922544242113363
16h,IKZF2,-0.01082243534900167,0.844955266355316,-0.5241835713386536,10.0,0.9125416773531675,0.00322999487047961
16h,WNT10A,-0.0018973741759478696,0.9766743013507245,-0.4867468774318695,10.0,0.9567517312131316,0.0008575916901769684
16h,SGPP2,-0.0007577934312998449,0.9913735241094614,-0.527671217918396,10.0,0.9489532572454475,0.0005129520389843549
16h,SERPINE2,-1.2425912463918465e-08,0.9999959611191934,-1.2788945436477661,7.233328819274902,0.7067837907155681,0.0
16h,CCL20,7.778415385791341e-10,0.9999959907820947,-1.330873966217041,8.490346908569336,0.829074762759682,0.0
16h,ITM2C,9.799328387580443e-10,0.9999959949511601,-1.039130687713623,8.74128532409668,0.8046774814054886,0.0
16h,GPR55,-0.01011642029247001,0.8478104802867775,-0.48482784628868103,10.0,0.9849961528597077,0.0024765965632213387
16h,ARL4C,-1.6344348114403312e-05,0.9998209215080941,-0.8132466077804565,10.0,0.8939391510643755,5.6104129263913826e-05
16h,GPC1,-0.013242494256995387,0.778938889536853,-0.4338023364543915,10.0,0.9542030007694281,0.0029414593485509104
16h,GPR35,-0.00949729327351608,0.8619731126488394,-0.5952280163764954,10.0,0.9156193895870736,0.002725057707104386
16h,PASK,-3.4490963479420507e-06,0.9999607713237445,-1.1095706224441528,10.0,0.860821685047448,8.014875609130546e-06
16h,FARP2,-0.006978413165709619,0.8994887382361596,-0.2128017097711563,10.0,0.9828241215696333,0.002156001538856117
16h,PDCD1,-4.923562019890957e-06,0.9999456075478483,-1.4454549551010132,10.0,0.8453209156193896,1.602975121826109e-05
16h,ITPR1,-0.001968514341405287,0.9770661167064929,-0.6476698517799377,10.0,0.9509649910233393,0.0009938445755321877
16h,BHLHE40,-1.2516931184221326e-09,0.999995991045479,-1.1459673643112183,8.471343040466309,0.82005802769941,0.0
16h,EDEM1,-2.8331681370032198e-05,0.9996885852701293,-0.7173245549201965,10.0,0.8772441651705566,3.205950243652218e-05
16h,THUMPD3-AS1,1.0907439097493867e-08,0.999996000669539,-0.9036654233932495,6.746684551239014,0.6219543472685304,0.0
16h,EMC3,-4.526581402034658e-09,0.9999959784465869,-1.47163987159729,6.935564041137695,0.6364692869966658,0.0
16h,HRH1,-0.012380103867946244,0.8080946663986532,-0.558316707611084,10.0,0.9008880482174917,0.003045652731469608
16h,IQSEC1,-0.008211310251892529,0.8821794925991973,-0.2534484267234802,10.0,0.9854129263913824,0.002556745319312644
16h,NUP210,-0.0011742445275702957,0.9865445521592108,-0.6152427792549133,10.0,0.9307755193639394,0.0006572197999487048
16h,ANKRD28,-0.0023710390065627964,0.9711644733299545,-0.7752540707588196,10.0,0.9505482174916645,0.0010739933316234933
16h,SATB1,-8.241801866612444e-09,0.9999960207538608,-1.4558600187301636,6.18810510635376,0.6557049884585792,0.0
16h,KAT2B,-0.011223337541297295,0.8347574956675371,-0.5160888433456421,10.0,0.9221354834572968,0.00307771223390613
16h,NR1D2,-0.009691130914234762,0.8602377776577093,-0.23513691127300262,10.0,0.9854850602718646,0.0029414593485509104
16h,SLC4A7,-1.253231306806537e-05,0.9998674938735258,-1.0266411304473877,10.0,0.8742305719415234,3.205950243652218e-05
16h,EOMES,-0.014523023150929095,0.7873917242193221,-0.6362999677658081,10.0,0.8007822518594512,0.004023467555783534
16h,CMC1,1.28380513059661e-09,0.9999959676733796,-1.8353277444839478,8.773843765258789,0.6666372787894332,0.0
16h,OSBPL10,-0.011483227229322072,0.817388545647395,-0.19972103834152222,10.0,0.9897088997178763,0.0029414593485509104
16h,CMTM6,9.461815303216392e-10,0.9999960139311681,-1.9150171279907227,5.649651050567627,0.5449313926647859,0.0
16h,CCR4,-0.0023424649351377136,0.9724583402005962,-1.0906115770339966,10.0,0.9251811361887663,0.0011942164657604514
16h,GLB1,-1.0801120823028035e-09,0.9999959772623145,-1.0106346607208252,9.553112030029297,0.8355026929982047,0.0
16h,CSRNP1,1.452095648591512e-09,0.9999959449419927,-1.1018290519714355,8.521090507507324,0.7896095152603232,0.0
16h,XIRP1,-0.017320810923289475,0.6873891628933293,-0.2279563844203949,10.0,0.959540907925109,0.0030857271095152605
16h,CTNNB1,-1.3645773923832366e-08,0.9999960368017218,-0.8637493252754211,6.6230902671813965,0.6800301359322903,0.0
16h,LIMD1,-0.009925202257528392,0.8487420875618839,-0.24793057143688202,10.0,0.9877292254424211,0.0026048345729674277
16h,FYCO1,-0.008983794735167625,0.8695732488274732,-0.330020934343338,10.0,0.9861823544498589,0.002725057707104386
16h,CXCR6,-0.010713126633577716,0.8521440414161202,-0.8134880661964417,10.0,0.8364644780713003,0.0033502180046165683
16h,CCR5,-0.016925820479274843,0.7257596989216555,-0.5076826214790344,10.0,0.8532556424724288,0.003638753526545268
16h,NBEAL2,-0.011899275648135262,0.8038497213229733,-0.3160640597343445,10.0,0.9883704154911516,0.0027170428314952553
16h,SLC26A6,-0.005554278154404509,0.9229593224724147,-0.47468507289886475,10.0,0.9761557450628366,0.001731213131572198
16h,ARIH2OS,-0.005946205395743902,0.9155262568198541,-0.22250838577747345,10.0,0.982936329828161,0.0020758527827648113
16h,RBM6,-2.6167531827226792e-09,0.9999959746972109,-0.9333271384239197,9.379613876342773,0.7136845986150295,0.0
16h,CYB561D2,-3.836335426130291e-09,0.9999960068306756,-1.1856067180633545,9.108468055725098,0.7420492433957425,0.0
16h,MANF,-7.159021443938378e-09,0.9999959985625729,-2.591960906982422,4.634040355682373,0.4641815209027956,0.0
16h,IL17RB,-0.020435339864700558,0.55512367297807,-0.6221451759338379,10.0,0.755097460887407,0.0022521800461656836
16h,SELENOK,-9.760437072402867e-09,0.9999959785932877,-2.333890676498413,4.3425726890563965,0.46957553218774045,0.0
16h,FLNB,-0.008781131606953417,0.8668503606924752,-0.2834441065788269,10.0,0.9862625032059502,0.002380418055911772
16h,FHIT,-0.0004084987660199381,0.9954936617335148,-0.524129331111908,10.0,0.9360092331367017,0.00030456527314696075
16h,ARL6IP5,4.3546100649181425e-09,0.999996023903995,-2.3270156383514404,5.633737087249756,0.5591818414978199,0.0
16h,LMOD3,-0.007042138283081111,0.9037623590019231,-0.4838334023952484,10.0,0.9810929084380611,0.002212105668120031
16h,FRMD4B,-3.8667948897556534e-09,0.9999960177886363,-1.452576756477356,8.454298973083496,0.8314551808155938,0.0
16h,FOXP1,-6.670573832892283e-09,0.999995988260832,-1.7144420146942139,5.3453826904296875,0.5101147730187228,0.0
16h,MTRNR2L12,-0.002437946249288337,0.9705931411870278,-1.2804896831512451,10.0,0.9229209412669915,0.0010339189535778404
16h,CRYBG3,-0.00940506760337343,0.8537819339861473,-0.31940531730651855,10.0,0.9869838420107719,0.002468581687612208
16h,CLDND1,5.359117039682609e-09,0.9999960261114855,-1.8331272602081299,5.34252405166626,0.5316347140292382,0.0
16h,NFKBIZ,-0.0011249202459761216,0.9872351328322891,-0.6639670133590698,10.0,0.9402891767119774,0.0006812644267760965
16h,ALCAM,-0.003790722604153052,0.9494115149257384,-0.4947360157966614,10.0,0.971819697358297,0.0012823800974608873
16h,CD47,-9.425161940702048e-10,0.9999960743759776,-1.8985986709594727,4.699276924133301,0.4859258784303668,0.0
16h,TRAT1,6.872395640740431e-09,0.9999960535299816,-1.351549506187439,5.678557872772217,0.6256812644267761,0.0
16h,NECTIN3,-0.0041343744522623835,0.9457628857494128,-0.4403998851776123,10.0,0.9647505770710438,0.0018113618876635035
16h,CD96,-5.747274650719959e-10,0.9999960586573828,-1.268336534500122,8.326583862304688,0.807033854834573,0.0
16h,ZBED2,-8.604821038771465e-09,0.9999959561496647,-2.2710530757904053,4.687129497528076,0.7180206463195691,0.0
16h,TAGLN3,-0.011747942972821595,0.8225945429508091,-0.330862432718277,10.0,0.9615125673249552,0.003093741985124391
16h,CD200,1.5395774825140078e-09,0.9999960882615068,-1.4398711919784546,5.800128936767578,0.7086432418568864,0.0
16h,BTLA,-4.819042468655503e-09,0.9999959535293084,-0.8009476661682129,9.263397216796875,0.8359354962810978,0.0
16h,CD200R1,-0.01041102740817674,0.8441389646334326,-0.46532416343688965,10.0,0.9642857142857143,0.002893370094896127
16h,SIDT1,-0.010534282612486423,0.8329667206980029,-0.21431486308574677,10.0,0.9892119774301102,0.0027971915875865607
16h,SIDT1-AS1,-0.008538565541362647,0.87375474212792,-0.26776596903800964,10.0,0.9869678122595538,0.0023082841754295974
16h,AC093010.2,-0.013264013301213283,0.7962096101343158,-0.2381400614976883,10.0,0.9868716337522442,0.00322999487047961
16h,TIGIT,-1.7921091581736701e-09,0.9999959774805844,-1.1879076957702637,7.458432197570801,0.8538888176455501,0.0
16h,ZBTB20,-0.001770126138452391,0.9794393107294181,-0.6758823394775391,10.0,0.9533213644524237,0.0010820082072326238
16h,POGLUT1,-0.0002873033326583532,0.9968928417385648,-0.5870674848556519,10.0,0.9099689022826366,0.00026449089510130805
16h,GOLGB1,-1.1182611384320355e-05,0.9998779859255409,-1.0520817041397095,10.0,0.8685400102590408,1.602975121826109e-05
16h,PARP14,3.0231749676670173e-09,0.9999959337260619,-1.3481260538101196,7.9731035232543945,0.8160826493972814,0.0
16h,PLXNA1,-0.006690750588893663,0.9058976170977746,-0.40480905771255493,10.0,0.9793536804308797,0.0018273916388817646
16h,ABTB1,-0.0032857934476199684,0.9595072270729604,-0.5638600587844849,10.0,0.9735348807386509,0.0015308412413439344
16h,SEC61A1,-1.4214190209460615e-08,0.9999960233021182,-1.4029556512832642,7.868584632873535,0.6709893562451911,0.0
16h,NPHP3,-0.004100810299052289,0.9449787802088658,-0.3549317717552185,10.0,0.9721162477558348,0.0012663503462426262
16h,SRPRB,7.173393017260793e-09,0.999996031879658,-1.6416690349578857,5.307973384857178,0.4888993972813542,0.0
16h,SLC35G2,-0.006429972024768895,0.9101795480422228,-0.4047222137451172,10.0,0.978327776352911,0.002156001538856117
16h,ZBTB38,-0.00042449552718405937,0.995344075619459,-0.995930552482605,10.0,0.935223775327007,0.00038471402923826624
16h,ATP1B3,4.921275448595252e-09,0.999995965491673,-2.7461183071136475,4.723206996917725,0.4553330982303155,0.0
16h,XRN1,-6.0860227053759515e-09,0.9999959182720252,-1.2844502925872803,7.688819408416748,0.7756716465760451,0.0
16h,PLSCR1,1.9452689756801966e-10,0.9999959946104771,-0.8369138240814209,9.94819450378418,0.8783261733777892,0.0
16h,GPR171,-1.5650745021872705e-09,0.9999960163868201,-2.2311208248138428,5.110640525817871,0.581719671710695,0.0
16h,GPR87,-0.010726391415716888,0.8435640245729269,-0.7272404432296753,10.0,0.8873589381892794,0.002997563477814824
16h,MBNL1,-1.0242929588150886e-08,0.9999960829141294,-1.3380346298217773,7.354002952575684,0.6872595537317261,0.0
16h,SERPINI1,-0.009239907695620535,0.854307522186505,-0.2725749909877777,10.0,0.9865430238522698,0.002436522185175686
16h,GOLIM4,-0.011033889017496065,0.8260491683826147,-0.39244163036346436,10.0,0.9763400872018466,0.002757117209540908
16h,SEC62,4.918895172345006e-10,0.9999960298737112,-2.2446846961975098,5.3844804763793945,0.44850442421133624,0.0
16h,SKIL,-1.3849934910532556e-06,0.9999820012815233,-0.8539524674415588,10.0,0.846755578353424,8.014875609130546e-06
16h,TNFSF10,-4.357273413477933e-06,0.9999515068901658,-1.2491775751113892,10.0,0.8588580405232111,1.602975121826109e-05
16h,TTC14,-2.140847425470733e-09,0.9999960489465616,-1.0436322689056396,7.947328567504883,0.7841834444729417,0.0
16h,LAMP3,-0.0014104672322909407,0.983623718554833,-0.6783586144447327,10.0,0.9418039882021031,0.0008415619389587073
16h,DNAJB11,-5.595334043634691e-10,0.9999959309244082,-1.919323444366455,5.506450176239014,0.5245816234932034,0.0
16h,ST6GAL1,-0.0010328026973223446,0.9881111994413783,-0.6186139583587646,10.0,0.929949987176199,0.0005610412926391383
16h,RTP4,-0.008318672280820097,0.8842639372297254,-0.3630715608596802,10.0,0.9849640933572711,0.002596819697358297
16h,BCL6,-0.010215339468249327,0.8474832044389107,-0.2566113770008087,10.0,0.9882822518594512,0.002981533726596563
16h,LPP,-0.003394391749129424,0.9569836899086432,-0.5299456119537354,10.0,0.9680927802000513,0.001394588355988715
16h,TPRG1,-0.00431930309247146,0.9484830700076557,-0.8220945000648499,10.0,0.9042142215952809,0.0023082841754295974
16h,IL1RAP,-0.009029032544582377,0.8632034254644326,-0.31498241424560547,10.0,0.9847957809694794,0.002508656065657861
16h,ATP13A3,-9.629398651256976e-05,0.9989895083265442,-0.7200222611427307,10.0,0.8899477430110284,0.0002083867658373942
16h,FAM43A,-5.036254754824784e-05,0.9994703552205196,-1.0508403778076172,10.0,0.9109867914849962,7.213388048217492e-05
16h,TFRC,4.474382698437986e-10,0.9999960273807419,-1.5759066343307495,8.596755981445312,0.6757421774814055,0.0
16h,IQCG,-0.0013231735834399042,0.9848709222138053,-0.9112167954444885,10.0,0.8907011413182867,0.0010098743267504488
16h,TMEM175,-0.004632478333044884,0.9372030912098649,-0.37230753898620605,10.0,0.973414657604514,0.001482751987689151
16h,ZFYVE28,-0.005500438196943035,0.9259649097270781,-0.45451533794403076,10.0,0.968132854578097,0.0019155552705822005
16h,MFSD10,4.4932863790308756e-10,0.9999959938845288,-1.86089026927948,7.217799186706543,0.68620960502693,0.0
16h,NSG1,-0.007295227659015138,0.8990292918769789,-0.5293866395950317,10.0,0.949899012567325,0.0024124775583482944
16h,JAKMIP1,-0.0018140520953511667,0.9790187134466156,-0.8160254955291748,10.0,0.9448095665555271,0.001218261092587843
16h,S100P,-0.0059299333132414676,0.9246052453896121,-0.5339601635932922,10.0,0.9337089638368813,0.0025487304437035135
16h,AFAP1,-0.002588026359576179,0.967215822667432,-0.5100833177566528,10.0,0.9682530777122339,0.0011220825852782765
16h,CD38,-0.0008311252840979797,0.9903900977872113,-0.5006175637245178,10.0,0.9440401384970505,0.00044081815850218007
16h,FGFBP2,-0.01460428789463171,0.7865698481119813,-0.9182429909706116,10.0,0.6996826109258785,0.0038391254167735316
16h,SEL1L3,-0.000732296654809081,0.9918302336139415,-0.7222499847412109,10.0,0.9395117337778918,0.0005450115414208772
16h,RBPJ,-1.3755997992854065e-08,0.999996015496369,-1.9120268821716309,5.018649101257324,0.5361230443703514,0.0
16h,ARAP2,-3.978887232781623e-05,0.9995802638960486,-1.0709831714630127,10.0,0.8933861246473455,8.816363170043601e-05
16h,ATP8A1,-0.006172752412175557,0.9134656889772488,-0.2367350459098816,10.0,0.9809726853039241,0.002011733777891767
16h,TXK,-0.008237594766170676,0.8913525607848161,-0.3015737533569336,10.0,0.9814295332136446,0.002997563477814824
16h,FRYL,-0.0005340965982115937,0.9941557282788881,-0.7074843049049377,10.0,0.9219832008207233,0.0004007437804565273
16h,CLOCK,-0.0013002678814049591,0.9848020004759536,-0.577454149723053,10.0,0.9376683123877917,0.0006251602975121826
16h,HOPX,-4.645867294645603e-09,0.9999959550944332,-1.586437702178955,7.592523097991943,0.8191443318799693,0.0
16h,CXCL8,-0.01911802182218644,0.4898701561684036,-0.12736576795578003,10.0,0.9630514234419082,0.0018113618876635035
16h,AREG,-0.0036004067957272614,0.9561481514425053,-0.5871753096580505,10.0,0.9106501667094127,0.0016029751218261093
16h,CXCL10,-0.013623107530715514,0.7963837056044308,-0.34747639298439026,10.0,0.947879263913824,0.003149846114388305
16h,SCARB2,-0.009424078034114543,0.8605462842810647,-0.30074408650398254,10.0,0.9870239163888176,0.0026128494485765583
16h,CCNG2,-0.015368862302982523,0.7578448642377653,-0.43158864974975586,10.0,0.9203641959476789,0.0036307386509361376
16h,CXCL13,-0.020093003974362693,0.4343353827146976,-0.27901986241340637,10.0,0.9543953577840472,0.0015067966145165426
16h,ANTXR2,-0.003200115035166213,0.9603766879818522,-0.6459357738494873,10.0,0.9323784944857656,0.0014346627340343678
16h,PRDM8,-0.009523767049279808,0.865614002703983,-0.3572065532207489,10.0,0.9601019492177482,0.003093741985124391
16h,RASGEF1B,-0.004412705547115075,0.9426597303465971,-0.2884046733379364,10.0,0.9728696460630931,0.0015949602462169787
16h,PLAC8,-9.032778783900243e-05,0.9990408756186991,-0.5635310411453247,10.0,0.8851227878943319,0.00012823800974608873
16h,HPSE,-0.00512739312100722,0.9331679616762228,-0.5316556096076965,10.0,0.9750977814824314,0.002011733777891767
16h,HSD17B11,-0.00015622419327930928,0.9983367968928697,-0.8970043063163757,10.0,0.9052160810464221,0.00018434213901000256
16h,HERC6,-0.009200379735483788,0.8743616066879245,-0.5906552672386169,10.0,0.9352798794562709,0.003149846114388305
16h,HERC5,-0.0035392474034128085,0.9567708059066936,-0.4809388816356659,10.0,0.969976275968197,0.001554885868171326
16h,PPP3CA,-0.0012082821458325682,0.9861046944764295,-0.5052876472473145,10.0,0.9554372916132342,0.0007293536804308797
16h,NFKB1,7.198748739342321e-09,0.9999960830733489,-1.5586562156677246,6.399898052215576,0.595160618107207,0.0
16h,TIFA,1.933240039342411e-09,0.9999959433551834,-0.7478516697883606,8.450751304626465,0.7886477301872274,0.0
16h,TNIP3,-8.141816864202789e-10,0.9999960781403049,-1.0379657745361328,8.425475120544434,0.881628302128751,0.0
16h,ANXA5,1.446742132778986e-10,0.9999959956180402,-1.4352283477783203,7.304947376251221,0.7622146704283149,0.0
16h,KIAA1109,-0.004176414628745689,0.9455973078222466,-0.5803291201591492,10.0,0.9676038727878943,0.001394588355988715
16h,IL21,-0.004803155619270276,0.9378462994576181,-0.7207719087600708,10.0,0.9414673634265196,0.0018273916388817646
16h,IL21-AS1,-0.0016877174430084798,0.9806713527546039,-0.4217891991138458,10.0,0.9656322133880482,0.0010499487047961017
16h,SLC7A11,-0.007184664262420523,0.9007003336343173,-0.3397316634654999,10.0,0.9807963580405232,0.002436522185175686
16h,MGST2,-0.006692061288662279,0.9109614839723543,-0.705020546913147,10.0,0.9463724672993075,0.0020758527827648113
16h,ELMOD2,-0.0011970402954624467,0.9861754422201442,-0.5872757434844971,10.0,0.9318895870736086,0.000601115670684791
16h,CTSO,-0.009005474691061506,0.8693166153713273,-0.291333943605423,10.0,0.986735380866889,0.00263689407540395
16h,RAPGEF2,-0.004762586096081,0.9317291439944873,-0.482149600982666,10.0,0.9750496922287766,0.00146672223647089
16h,MSMO1,9.032820342775452e-10,0.9999959314773081,-1.3127307891845703,6.450919151306152,0.6174660169274173,0.0
16h,DDX60,-0.006481767969776227,0.9168578091697801,-0.5363614559173584,10.0,0.9472380738650936,0.0027491023339317774
16h,DDX60L,-0.00968903551195096,0.8657106251700188,-0.3564280867576599,10.0,0.9653356629905104,0.0029735188509874325
16h,HPGD,-0.018449490711785206,0.6780330592933875,-0.43059948086738586,10.0,0.8763384842267248,0.002997563477814824
16h,SLC12A7,-0.011230017027221447,0.8153861860085106,-0.2622227370738983,10.0,0.9890035906642729,0.0026769684534496026
16h,LPCAT1,-0.00022381824941236896,0.9976182474404869,-0.8994672894477844,10.0,0.886172736599128,0.0003205950243652218
16h,TENT4A,-0.009522663012267223,0.8560636833837525,-0.2942321300506592,10.0,0.9872643626570916,0.002580789946140036
16h,MARCH6,8.317881649136486e-09,0.9999959854765287,-1.1577858924865723,7.492760181427002,0.6930382790459092,0.0
16h,OTULINL,-0.0010991929896598288,0.9872620721321727,-0.7220548987388611,10.0,0.9517344190818159,0.0006331751731213131
16h,IL7R,3.223696622631347e-09,0.9999959868695072,-1.0538647174835205,6.388744354248047,0.7064551808155938,0.0
16h,LMBRD2,-0.0034576144683636746,0.9556969245228046,-0.37582001090049744,10.0,0.96727526288792,0.0012823800974608873
16h,CPLANE1,-0.011197453153375815,0.8228535108537133,-0.31284263730049133,10.0,0.9891959476788921,0.002861310592459605
16h,RICTOR,-0.0010422592000539216,0.9881718272650916,-0.6015750765800476,10.0,0.9350875224416517,0.000689279302385227
16h,PTGER4,-1.9535551395471892e-09,0.9999959323913552,-1.2374098300933838,6.91122579574585,0.6278052064631957,0.0
16h,ANXA2R,-0.001449095175114984,0.9832339013433228,-0.49557575583457947,10.0,0.9561987047961016,0.0007854578096947936
16h,HMGCS1,-3.519305858276399e-09,0.9999959678860417,-1.9510084390640259,6.002610683441162,0.6355956655552706,0.0
16h,ITGA1,-0.004575549258435858,0.9372706921250461,-0.5203341841697693,10.0,0.9766446524749935,0.0015308412413439344
16h,GZMK,-0.01760458237396779,0.6977605808617475,-0.5642314553260803,10.0,0.8160345601436265,0.003181905616824827
16h,GZMA,-0.013355064503019083,0.8015959873412707,-0.7656376957893372,10.0,0.8129247884072839,0.0030216081046422157
16h,IL6ST,-1.163480500665085e-05,0.9998738510937922,-0.8061653971672058,10.0,0.8764186329828161,1.602975121826109e-05
16h,MAP3K1,-0.003542104661117147,0.954201390835183,-0.3547899127006531,10.0,0.9675718132854578,0.0011942164657604514
16h,ZSWIM6,-0.011006195300090034,0.8356375264330511,-0.2885066270828247,10.0,0.9864548602205694,0.00307771223390613
16h,MAST4,-0.002785124239978183,0.9656799876542596,-0.558271050453186,10.0,0.9599416517055656,0.0012503205950243651
16h,HEXB,-4.754631162809066e-09,0.9999960399396443,-1.0275181531906128,7.79896354675293,0.7694921774814055,0.0
16h,GCNT4,-0.006018990501208172,0.9180474991087307,-0.20435667037963867,10.0,0.9810848935624519,0.0020518081559374197
16h,IQGAP2,-1.1824315250043842e-06,0.9999841222200498,-1.455015778541565,10.0,0.8108168761220825,8.014875609130546e-06
16h,F2R,-0.010659849112319274,0.8544112309854636,-0.8819104433059692,10.0,0.7975442421133624,0.003438381636317004
16h,ARSB,-0.005103183628468258,0.9286080997218895,-0.3382384479045868,10.0,0.9774220954090792,0.0017231982559630674
16h,JMY,-0.0037227717444012656,0.9510930442885495,-0.4286511242389679,10.0,0.9721002180046165,0.0013384842267248013
16h,SERINC5,-0.0003269539630835396,0.9964285336388048,-0.6921259760856628,10.0,0.916629263913824,0.00028052064631956913
16h,ARRDC3,-0.0003557293833237418,0.9961313495636166,-0.5065454244613647,10.0,0.9252612849448577,0.0003125801487560913
16h,GLRX,-9.626817580905735e-07,0.9999863271993872,-1.255915641784668,10.0,0.8552353167478841,8.014875609130546e-06
16h,ERAP2,6.256993480230829e-10,0.9999960435951312,-1.0050616264343262,9.935297966003418,0.8249551166965888,0.0
16h,LNPEP,-0.0009603042822111359,0.9890788089832635,-0.7467754483222961,10.0,0.9342299307514748,0.0005289817902026161
16h,ST8SIA4,-0.000435821079335243,0.9952688408180959,-0.881268322467804,10.0,0.9262230700179533,0.0003446396511926135
16h,MAN2A1,-0.0023150109331635652,0.9712720010114094,-0.49585241079330444,10.0,0.9551487560913055,0.0009217106950500128
16h,REEP5,7.2577882327641094e-09,0.9999960374278196,-2.1842362880706787,5.940658092498779,0.5254632598102077,0.0
16h,AC008549.2,-0.011863416443714983,0.8166175200258983,-0.39154019951820374,10.0,0.9770614260066683,0.0032219799948704797
16h,SLC12A2,-0.0008071774730774631,0.9909586151528238,-0.4085749685764313,10.0,0.9319537060784817,0.0005690561682482688
16h,RAPGEF6,-0.002601631234302519,0.9679349409210112,-0.3492942154407501,10.0,0.9646463836881252,0.0011701718389330598
16h,ACSL6,-0.007242544352766289,0.9019762962670189,-0.40985769033432007,10.0,0.9769412028725314,0.0026048345729674277
16h,IL3,-0.015622479545485533,0.7634761638621561,-0.5313767790794373,10.0,0.8882966786355476,0.0033422031290074377
16h,CSF2,-0.0007464072775253657,0.9920363960626201,-1.1776134967803955,10.0,0.8342764170300077,0.000865606565786099
16h,IRF1,-7.610950358451154e-10,0.9999960072320702,-1.6616902351379395,3.88850736618042,0.5056344575532188,0.0
16h,IL5,-0.018169822775754345,0.6957159669177634,-0.7048153877258301,10.0,0.9097044113875352,0.003125801487560913
16h,IL13,-0.003821436736629092,0.9554496903692057,-1.0091090202331543,10.0,0.9224400487304437,0.002228135419338292
16h,IL4,-0.005537185914437874,0.9333409178384894,-0.9050576090812683,10.0,0.9114516542703257,0.002701013080276994
16h,TXNDC15,5.118027990527869e-10,0.9999960338516333,-1.2879647016525269,8.012848854064941,0.6997707745575789,0.0
16h,IL9,-0.0009802788905690133,0.9895055678422903,-1.161718726158142,10.0,0.865422223647089,0.0012743652218517568
16h,EGR1,-0.0024763786997348534,0.9718819142791316,-0.6023780107498169,10.0,0.9404815337265966,0.001627019748653501
16h,CTNNA1,-2.6755681258680803e-05,0.999707060021215,-0.676622211933136,10.0,0.8995976532444216,5.6104129263913826e-05
16h,MZB1,-0.0116621690574061,0.8098027601504484,-0.5647864937782288,10.0,0.9179917927673763,0.002468581687612208
16h,TMEM173,-4.694017103769038e-09,0.9999960698705308,-2.461580276489258,7.328340530395508,0.7385467427545525,0.0
16h,HBEGF,-0.008816056946638387,0.871474548761183,-0.6877509355545044,10.0,0.9468854193382918,0.002508656065657861
16h,NR3C1,-1.6794959160829622e-09,0.9999960707804759,-0.9355507493019104,8.572488784790039,0.7975041677353167,0.0
16h,CD74,-4.679907842632788e-09,0.9999959868974068,-2.1170156002044678,4.789062023162842,0.48327295460374453,0.0
16h,GALNT10,-0.003075896302612505,0.9607805798525462,-0.529560923576355,10.0,0.9659367786611952,0.0011381123364965376
16h,HAVCR2,-0.010694775233244618,0.8386082675858832,-0.4036310613155365,10.0,0.965311618363683,0.002701013080276994
16h,ITK,-1.5961665839334115e-09,0.9999959096196215,-1.0720704793930054,6.956827640533447,0.6613795203898436,0.0
16h,ADAM19,-0.0002442037976629798,0.997407699433167,-1.0215777158737183,10.0,0.9194184406258015,0.00033662477558348296
16h,CREBRF,-0.0013627925737698734,0.9839914418406432,-0.5458580255508423,10.0,0.9490654655039754,0.0007053090536034881
16h,STC2,-0.002247206544536237,0.9720792873178494,-0.44329601526260376,10.0,0.9473422672480123,0.0010900230828417544
16h,SFXN1,9.983198011561003e-09,0.9999960106842566,-2.0870354175567627,4.954135417938232,0.49997595537317263,0.0
16h,FAM193B,-0.0075704805788477285,0.8863193858913555,-0.24016672372817993,10.0,0.9844751859451142,0.001955629648627853
16h,TMED9,1.865861817563581e-09,0.9999959521965015,-2.6776106357574463,4.714392185211182,0.4514138240574506,0.0
16h,HNRNPH1,8.032274464259232e-10,0.9999960438313806,-1.7383663654327393,4.3612589836120605,0.5000881636317004,0.0
16h,CANX,1.0145201255073267e-08,0.9999959252536222,-2.300548553466797,5.515194416046143,0.48275198768915106,0.0
16h,SQSTM1,7.635563303685843e-09,0.999996029650437,-1.6246812343597412,5.482222557067871,0.5434486406770966,0.0
16h,IRF4,-2.0752262834831914e-09,0.9999960956272721,-1.3970504999160767,5.991543292999268,0.5882998845857912,0.0
16h,EXOC2,1.8253391881122354e-09,0.9999959982877445,-0.894486129283905,7.0552544593811035,0.7321588868940754,0.0
16h,SERPINB1,2.748619417618615e-09,0.9999959715584945,-0.8415116667747498,8.088418006896973,0.8085166068222621,0.0
16h,SERPINB9,5.513797527985966e-09,0.9999959812829453,-0.991593062877655,7.334254264831543,0.7041949858938189,0.0
16h,RREB1,-0.003314202485193321,0.9580893801108424,-0.27047815918922424,10.0,0.9691266991536291,0.0013224544755065402
16h,NEDD9,-0.0005697428309574264,0.9934334621544705,-0.544086217880249,10.0,0.937628238009746,0.0003205950243652218
16h,ADTRP,2.3333313714396338e-09,0.9999959950324878,-0.8797935247421265,8.730193138122559,0.7816186842780201,0.0
16h,CD83,-2.2226324360832005e-09,0.9999959731461368,-0.8609598278999329,8.890737533569336,0.7844719799948705,0.0
16h,ATXN1,-3.58782925766608e-05,0.9996262628768706,-0.8470028638839722,10.0,0.9056248397024879,8.816363170043601e-05
16h,RIPOR2,-3.6053706634580464e-06,0.9999590950873044,-0.923705518245697,10.0,0.8886573480379585,8.014875609130546e-06
16h,TRIM38,-6.169264138355698e-06,0.9999318924037459,-1.208752155303955,10.0,0.8395421903052065,8.014875609130546e-06
16h,HIST1H4C,-5.669664555230288e-09,0.9999959957442411,-1.7827452421188354,9.286693572998047,0.6088660553988202,0.0
16h,BTN2A2,-0.005224619624396681,0.9315645515549271,-0.5240957140922546,10.0,0.9757790459092075,0.001995704026673506
16h,BTN3A1,-0.0032464490425970997,0.9591409237480267,-0.5110219120979309,10.0,0.9679324826878687,0.0012503205950243651
16h,AL121944.1,-0.0014526141436413489,0.9828663992607357,-0.4681020677089691,10.0,0.946893434213901,0.000689279302385227
16h,ZNF165,-0.0022887386827071454,0.9719501647787533,-0.45816898345947266,10.0,0.9582344832008207,0.0009938445755321877
16h,ZKSCAN8,-0.010179456212508528,0.8431641924025246,-0.17629684507846832,10.0,0.988883367530136,0.0028693254680687355
16h,HLA-F,-7.437055784978909e-10,0.9999959631844562,-2.249014377593994,5.9070844650268555,0.6034239548602206,0.0
16h,IER3,-8.765701392408834e-09,0.9999960515868628,-1.8750004768371582,5.418803691864014,0.5725987432675045,0.0
16h,AL662844.4,-0.011548764548819722,0.8202470499068378,-0.30719617009162903,10.0,0.9893322005642472,0.0027971915875865607
16h,HLA-C,-5.960342256170076e-09,0.9999959477433439,-6.043639659881592,4.648699760437012,0.46198544498589383,0.0
16h,MICA,-0.001710296633854156,0.9795484126209425,-0.8045387268066406,10.0,0.9368027058220056,0.0007453834316491408
16h,LTA,-3.4677720105563294e-09,0.9999960246777221,-2.3667824268341064,4.197697162628174,0.5614901256732495,0.0
16h,TNF,-3.951517454247272e-09,0.9999959926957539,-1.7968125343322754,6.178402423858643,0.6603375865606566,0.0
16h,LTB,-5.0976037411909655e-09,0.999996013049941,-2.241377592086792,4.121061325073242,0.5378863170043601,0.0
16h,NCR3,-0.005149592957055296,0.9337221774713276,-0.5542090535163879,10.0,0.9547480123108489,0.002123942036419595
16h,ABHD16A,-0.007435378497171032,0.8928710712825288,-0.2924096882343292,10.0,0.9825836753013594,0.002083867658373942
16h,DDAH2,-0.010122915877505552,0.8534590907729698,-0.4174915850162506,10.0,0.983729802513465,0.002861310592459605
16h,HSPA1A,5.290238400946306e-09,0.999996057050552,-1.192768931388855,9.856189727783203,0.705613618876635,0.0
16h,HSPA1B,-4.349740851631031e-06,0.9999519047279813,-1.331066370010376,10.0,0.7489500512952039,1.602975121826109e-05
16h,C6orf48,3.1368980341385355e-09,0.9999959808350025,-1.3993476629257202,5.405697345733643,0.5600714926904334,0.0
16h,NEU1,-8.739034845634662e-09,0.9999960619515806,-1.1711786985397339,9.394489288330078,0.787325275711721,0.0
16h,ATF6B,-2.0663205278085132e-10,0.9999960604086727,-1.1205627918243408,8.3956880569458,0.7337538471402923,0.0
16h,HLA-DRA,-0.004107024501169272,0.9518516736044063,-1.0776315927505493,10.0,0.8764186329828161,0.0023403436778661195
16h,HLA-DRB5,-0.006449165265840409,0.9170380879765723,-0.931311845779419,10.0,0.8701670300076942,0.002701013080276994
16h,HLA-DRB1,-0.00040173117699070617,0.995651633909726,-1.5323565006256104,10.0,0.8712971274685817,0.0004007437804565273
16h,HLA-DQA1,-0.012293986569069744,0.8258605478174128,-0.8480420708656311,10.0,0.8016077840471916,0.0036868427802000513
16h,HLA-DQB1,-0.0007545832555046448,0.9917039278376957,-1.0860315561294556,10.0,0.9366664529366504,0.0007133239292126186
16h,TAP2,-1.424873672073366e-10,0.999996021874167,-1.7547852993011475,6.293276309967041,0.5860877789176712,0.0
16h,TAP1,-1.0409026174693957e-09,0.9999959732322992,-3.073058605194092,4.034347057342529,0.4548522056937676,0.0
16h,HLA-DMA,-0.002807002037157673,0.9664047195214552,-0.7118993997573853,10.0,0.9608232880225699,0.00146672223647089
16h,HLA-DPA1,-2.6944461594437025e-05,0.9997187786233827,-1.7462483644485474,10.0,0.8724111951782508,6.411900487304436e-05
16h,HLA-DPB1,-0.001612122678788679,0.9817601198143118,-1.4700335264205933,10.0,0.831655552705822,0.0012663503462426262
16h,SLC39A7,3.0521801713659687e-09,0.9999959723656847,-1.2589647769927979,8.324912071228027,0.7682338420107719,0.0
16h,B3GALT4,-0.010602801469383291,0.8514783881440752,-0.474176287651062,10.0,0.9823913182867402,0.0032059502436522186
16h,TAPBP,-9.382053693799173e-09,0.9999960260716861,-2.3533034324645996,4.7778520584106445,0.47638016157989227,0.0
16h,PHF1,-6.5255434345239e-05,0.9993130934147065,-0.7539066076278687,10.0,0.9017536547832777,0.00011220825852782765
16h,ITPR3,-0.008826200524414839,0.8669056761844273,-0.39618146419525146,10.0,0.984098486791485,0.002156001538856117
16h,HMGA1,-3.2027385678133626e-09,0.9999959411226869,-3.0162203311920166,4.884765148162842,0.45976532444216467,0.0
16h,ETV7,-0.00018096866536402426,0.9980824919727493,-0.7987774014472961,10.0,0.9188654142087714,0.00023243139266478584
16h,CDKN1A,-4.715989495338653e-05,0.9995052742973353,-0.8254095911979675,10.0,0.9108024493459862,8.816363170043601e-05
16h,PIM1,1.227331726090941e-08,0.9999959421192746,-1.355664849281311,6.424626350402832,0.7290170556552962,0.0
16h,KCNK5,-0.0022404739559394224,0.9721742300191788,-0.45756885409355164,10.0,0.9589558220056424,0.0008575916901769684
16h,CCND3,5.136485773206971e-09,0.9999959446713792,-3.1217193603515625,6.015277862548828,0.5147233264939728,0.0
16h,TRERF1,-0.012366193547075487,0.807983329433136,-0.37312647700309753,10.0,0.9899333162349321,0.003093741985124391
16h,YIPF3,7.982402900198036e-09,0.9999959900470683,-1.2032252550125122,8.024709701538086,0.7439567837907156,0.0
16h,GTPBP2,-0.010455293120692847,0.8368671449243286,-0.2455008625984192,10.0,0.9893562451910747,0.0028532957168504744
16h,TMEM63B,-0.0033001566824266055,0.957638997653981,-0.35849156975746155,10.0,0.9649269043344447,0.0010900230828417544
16h,SLC29A1,5.226315804170231e-09,0.9999959489101453,-2.072610855102539,8.635746955871582,0.6834605026929982,0.0
16h,IL17A,-0.019172280204658054,0.6426965853175735,-0.4299747943878174,10.0,0.890781290074378,0.00263689407540395
16h,IL17F,-0.01907402888334722,0.6650719644437737,-0.5865122079849243,10.0,0.9146335598871506,0.0026128494485765583
16h,ELOVL5,-2.2505067050472734e-09,0.9999960306295661,-1.4847759008407593,6.838324546813965,0.6286147088997178,0.0
16h,AL021368.2,-0.008760080180402582,0.8623539290658784,-0.32506585121154785,10.0,0.9871281097717364,0.0024124775583482944
16h,LMBRD1,-1.8131936462961517e-05,0.9998041479938481,-0.9494307637214661,10.0,0.8649333162349321,1.602975121826109e-05
16h,B3GAT2,-0.0008793247861654927,0.9902587789494955,-0.6628558039665222,10.0,0.9312724416517055,0.0007053090536034881
16h,OGFRL1,-0.01019715032748906,0.8359830405571628,-0.4330207109451294,10.0,0.9825676455501411,0.002596819697358297
16h,CD109,-0.004168798204721853,0.9468929418892214,-0.6909738183021545,10.0,0.9707376891510644,0.0015308412413439344
16h,ELOVL4,-0.008224496878950546,0.8735183841157844,-0.5098446607589722,10.0,0.9561185560400103,0.0022682097973839447
16h,DOPEY1,-0.008985763612774905,0.862857397599936,-0.3558705449104309,10.0,0.9872803924083098,0.002484611438830469
16h,PNRC1,5.685900086800946e-09,0.9999960017208889,-0.989011287689209,8.537971496582031,0.7486695306488843,0.0
16h,MANEA-DT,-0.00923202759388411,0.8605577209853733,-0.2924351990222931,10.0,0.9877051808155938,0.0025166709412669914
16h,PRDM1,1.1580423247677173e-09,0.9999960383448194,-1.9176604747772217,7.087108612060547,0.7952359579379328,0.0
16h,CD164,-3.0352560092571777e-09,0.9999960046651459,-2.2036187648773193,4.836043834686279,0.46039849961528595,0.0
16h,MICAL1,-0.005006829556857482,0.9362806870770259,-0.5445119738578796,10.0,0.9771896640164145,0.0020357784047191586
16h,DSE,-0.009701586658043526,0.8569821487421934,-0.4213867783546448,10.0,0.9757229417799436,0.002893370094896127
16h,MAN1A1,-0.0013398511870110312,0.9841908690304366,-0.4864962697029114,10.0,0.9465007053090536,0.0006251602975121826
16h,SERINC1,5.710068526413845e-09,0.9999959264749317,-0.966749370098114,9.641592025756836,0.8449121569633239,0.0
16h,SAMD3,-0.0162230853934546,0.7284810133162481,-0.46892184019088745,10.0,0.8471803667607078,0.00322999487047961
16h,MED23,-0.0014644928684873278,0.9828584914994568,-0.5010427832603455,10.0,0.945731277250577,0.000689279302385227
16h,SGK1,6.93832228512403e-10,0.9999960206621953,-0.8534578084945679,9.080205917358398,0.8718822133880482,0.0
16h,MYB,-0.0010464662613739477,0.9877077769545353,-0.7064802646636963,10.0,0.9539064503718903,0.0005610412926391383
16h,AHI1,-1.4941182353311186e-05,0.9998427365235262,-1.000493049621582,10.0,0.8465151320851501,4.808925365478328e-05
16h,IFNGR1,3.7081856632364065e-09,0.9999959817345593,-1.1967213153839111,9.883996963500977,0.8394219671710695,0.0
16h,TNFAIP3,5.4999106362924006e-09,0.9999959407260397,-0.8797183036804199,7.665242671966553,0.7361422800718133,0.0
16h,PERP,-0.0026322114727630607,0.9675419068263842,-0.619377076625824,10.0,0.9485284688381637,0.001130097460887407
16h,CITED2,-4.5339381176873816e-07,0.9999915596591119,-1.0850759744644165,10.0,0.8482623749679405,8.014875609130546e-06
16h,HIVEP2,-0.0012343358244404096,0.9853933108626413,-0.4822983741760254,10.0,0.9521592074890998,0.0006572197999487048
16h,STXBP5,-0.009602962096056288,0.8525995086704898,-0.26214662194252014,10.0,0.987416645293665,0.0025647601949217746
16h,SUMO4,-0.009147784804116413,0.862298959099503,-0.3635097146034241,10.0,0.9859018338035394,0.0023964478071300333
16h,ZC3H12D,-0.0001259744400782738,0.998675067418736,-0.728458046913147,10.0,0.9168777250577071,0.0002083867658373942
16h,ULBP2,-0.008989230503970304,0.8717609837724506,-0.42554885149002075,10.0,0.9814054885868171,0.002436522185175686
16h,SYNE1,-0.005087189728980398,0.9348785620614125,-0.5824286341667175,10.0,0.9743684278020005,0.0021640164144652477
16h,ARID1B,3.2974886233820673e-09,0.999995976029781,-0.6126742959022522,9.997702598571777,0.877821236214414,0.0
16h,SNX9,-7.83660925499559e-09,0.9999959920994362,-1.4574172496795654,6.293684005737305,0.6634714029238267,0.0
16h,SYTL3,3.99037311654441e-09,0.999995984983888,-1.2694308757781982,8.304680824279785,0.8120912413439343,0.0
16h,TAGAP,-1.8623005897640792e-09,0.9999959866080839,-0.9613929390907288,6.534945964813232,0.678595473198256,0.0
16h,IGF2R,-0.005088756321244763,0.9320727934312837,-0.592159628868103,10.0,0.9664256860733521,0.0015468709925621955
16h,SLC22A1,-0.020846086881776592,0.5379509234829885,-0.14595019817352295,10.0,0.9845793793280329,0.002228135419338292
16h,RNASET2,1.491245825112152e-08,0.9999960215996052,-1.460445761680603,6.531654357910156,0.5901593357271095,0.0
16h,CCR6,-0.0009095023191360944,0.9900106525447272,-1.3517065048217773,10.0,0.8727558348294434,0.0008175173121313157
16h,AFDN,-0.004489147018025507,0.9415113660201903,-0.5186929702758789,10.0,0.9566315080789947,0.0017071685047448063
16h,PDGFA,-0.005198179469219396,0.9310528659248022,-0.3941909372806549,10.0,0.9745447550654014,0.0019876891510643754
16h,INTS1,-0.0033581155384481086,0.9560129955572108,-0.3047439157962799,10.0,0.9675878430366761,0.0011060528340600154
16h,MAFK,-0.002254617907571224,0.9721229846078434,-0.3788355588912964,10.0,0.9559261990253911,0.0008415619389587073
16h,CHST12,-0.0008594502331170605,0.9903424548863784,-0.7999256253242493,10.0,0.9399204924339575,0.0005450115414208772
16h,LFNG,-0.009269975167779944,0.861900753020419,-0.42004072666168213,10.0,0.986062131315722,0.002436522185175686
16h,TNRC18,-0.008443676250021915,0.8739868754075978,-0.2957979738712311,10.0,0.9850041677353167,0.002228135419338292
16h,ZNF316,-0.008082614771846327,0.8787021749589324,-0.24173739552497864,10.0,0.9847236470889972,0.0020758527827648113
16h,GLCCI1,-0.009229723749410243,0.8694537178736715,-0.2820841670036316,10.0,0.9861743395742498,0.002861310592459605
16h,IL6,-0.01944532997408945,0.5978047261686211,-0.19502301514148712,10.0,0.9844511413182867,0.0023964478071300333
16h,TRA2A,-1.0896425790787144e-08,0.9999959784621526,-0.7887957692146301,6.841830730438232,0.6759185047448064,0.0
16h,SNX10,-3.5262212924473896e-09,0.999996036611457,-0.8581520318984985,9.305335998535156,0.8298041164401129,0.0
16h,HOTAIRM1,-0.008000396813839267,0.8883202904447014,-0.35424667596817017,10.0,0.9830405232110797,0.0026609387022313415
16h,TRGC2,-0.007045178990611134,0.9079854329230127,-0.899452805519104,10.0,0.8556841497819954,0.0026449089510130804
16h,TRGC1,-0.016923842256067113,0.7005330958264682,-0.3979581892490387,10.0,0.9116440112849449,0.003093741985124391
16h,TMED4,-1.1642803002682006e-08,0.9999961047522495,-1.1553179025650024,6.614208221435547,0.6531001538856117,0.0
16h,ZMIZ2,-0.0028663067456223042,0.9640549714325423,-0.38418707251548767,10.0,0.9602061426006668,0.0010339189535778404
16h,MYO1G,5.291605325530146e-09,0.999995972131329,-1.8606326580047607,6.57078218460083,0.7439006796614517,0.0
16h,UPP1,-4.157431133644888e-06,0.9999532708697738,-1.2606104612350464,10.0,0.8376266350346243,8.014875609130546e-06
16h,IKZF1,4.698707210668112e-09,0.9999960908939171,-1.784759283065796,6.074158191680908,0.5712682739163888,0.0
16h,SUMF2,2.4050558695993497e-09,0.9999959506491978,-0.9376930594444275,6.767061233520508,0.6406370223134137,0.0
16h,PHKG1,-6.711620955283593e-05,0.9992688416268043,-0.548059344291687,10.0,0.8939631956912029,6.411900487304436e-05
16h,TYW1B,-0.005006017313168828,0.9294742171109855,-0.3680606186389923,10.0,0.9773820210310336,0.0016029751218261093
16h,RHBDD2,-8.23369682280413e-09,0.9999959014439305,-0.7791787385940552,8.665287971496582,0.7841193254680687,0.0
16h,POR,-1.1777071863657451e-05,0.9998744873633993,-0.850979745388031,10.0,0.8395421903052065,2.404462682739164e-05
16h,TMEM120A,-0.0003763416815283043,0.9959284521730107,-0.6668099761009216,10.0,0.9206928058476532,0.0003686842780200051
16h,HSPB1,3.294088478664123e-10,0.9999959880108168,-1.7626619338989258,4.619002342224121,0.5208386765837394,0.0
16h,PHTF2,-0.0020778935946070705,0.9749351660631712,-0.826846182346344,10.0,0.9466850474480636,0.0009136958194408823
16h,AKAP9,1.39478026752755e-08,0.9999960224084418,-1.3303920030593872,8.037063598632812,0.6855844447294178,0.0
16h,SAMD9,-0.0028788166573992693,0.9652239312141103,-0.7532007694244385,10.0,0.8942597460887407,0.00146672223647089
16h,SAMD9L,-0.003441397584041755,0.9591118421756949,-0.8388875126838684,10.0,0.8773884329315209,0.0018834957681456784
16h,LMTK2,-0.010458879193225364,0.8266277146357306,-0.321404367685318,10.0,0.988338355988715,0.0024765965632213387
16h,TECPR1,-0.0036111823468879013,0.9521175113912415,-0.42486366629600525,10.0,0.9667462810977173,0.0011541420877147987
16h,TRRAP,-0.0025571801387356172,0.9680128024816983,-0.44592803716659546,10.0,0.9571765196204155,0.0009297255706591434
16h,CYP3A5,-0.0043265611932703915,0.9425919385850271,-0.40905845165252686,10.0,0.9687980892536547,0.0013224544755065402
16h,PILRB,-0.0008705728690630332,0.99038542646467,-0.6237135529518127,10.0,0.925589894844832,0.0006331751731213131
16h,GIGYF1,-3.1329186246989556e-05,0.9996539810200551,-0.6143946051597595,10.0,0.8887374967940498,2.404462682739164e-05
16h,PLOD3,-0.0012310456636433795,0.9859278962296538,-0.8250810503959656,10.0,0.9292046037445499,0.0007053090536034881
16h,CLDN15,-0.0036707543126532497,0.9513571085492725,-0.41997164487838745,10.0,0.9704812131315722,0.001202231341369582
16h,KMT2E-AS1,-0.006480081293335051,0.9096524385853216,-0.32098257541656494,10.0,0.9813093100795076,0.002027763529110028
16h,AC005070.3,-0.01336984496150851,0.781106498758992,-0.2752005159854889,10.0,0.9911275327006925,0.0029735188509874325
16h,SYPL1,1.3866790641854107e-08,0.9999960064618936,-1.0251699686050415,7.3269782066345215,0.6714221595280842,0.0
16h,NAMPT,-5.856065176537021e-09,0.9999959393550083,-2.400787591934204,4.076658725738525,0.484098486791485,0.0
16h,PIK3CG,-0.008487078547985282,0.8842203524363313,-0.5660719275474548,10.0,0.9362897537830213,0.002725057707104386
16h,LAMB1,-0.007569057455129914,0.8875366832304413,-0.29710209369659424,10.0,0.9842988586817133,0.002244165170556553
16h,DNAJB9,-9.202037861174922e-09,0.9999960643136486,-1.6011042594909668,6.48897123336792,0.6726644652474993,0.0
16h,LRRN3,-1.3288879245535163e-09,0.9999960096289108,-0.8149542212486267,9.290945053100586,0.8620720056424724,0.0
16h,TES,4.366164258842469e-09,0.9999960035291383,-0.8073492050170898,9.003945350646973,0.7908197614773018,0.0
16h,IRF5,-0.01099933029255565,0.8349203642558288,-0.36207839846611023,10.0,0.9851003462426263,0.003093741985124391
16h,STRIP2,-0.0009220231611733837,0.9896099479836216,-0.7963764071464539,10.0,0.9279142087714799,0.0005530264170300077
16h,LINC00513,-2.9071331242949817e-05,0.9996875315705438,-0.9603617787361145,10.0,0.84540907925109,3.205950243652218e-05
16h,AC016831.1,-8.816045640437356e-05,0.9990440261361614,-0.9025475382804871,10.0,0.897898499615286,0.00012823800974608873
16h,AC016831.5,-6.580217074539725e-09,0.9999960196015404,-1.7096917629241943,6.004416465759277,0.645934855091049,0.0
16h,AC058791.1,-3.055007770624692e-09,0.9999960942852677,-1.6657408475875854,6.313039302825928,0.6239019620415491,0.0
16h,TMEM140,-0.002066407287903861,0.97529841589129,-0.644920825958252,10.0,0.9390709156193896,0.0010259040779687098
16h,ZC3HAV1,5.507779549929129e-09,0.9999960077475426,-1.3574095964431763,7.734769821166992,0.6847428827904591,0.0
16h,TBXAS1,-0.012533138716887316,0.8074666101206864,-0.5268698930740356,10.0,0.9278821492690433,0.003254039497307002
16h,KIAA1147,-0.00946541125117604,0.8566604522633611,-0.2141093611717224,10.0,0.987416645293665,0.002524685816876122
16h,TRBV28,-0.005818698470255971,0.9237165714144243,-0.2663955092430115,10.0,0.9815577712233906,0.002228135419338292
16h,TRBC1,-5.671750427328285e-09,0.9999960348189233,-1.5422204732894897,4.502912521362305,0.5471114388304693,0.0
16h,TRBC2,6.5329732356511455e-09,0.9999960594408858,-2.162484884262085,4.4596710205078125,0.4735348807386509,0.0
16h,GSTK1,3.85908320306191e-09,0.9999960142133795,-1.7333840131759644,6.151683330535889,0.6035201333675302,0.0
16h,EPHA1-AS1,-0.011279930463284819,0.8198813210075313,-0.29065483808517456,10.0,0.9888112336496537,0.0026769684534496026
16h,PDIA4,5.732548673478605e-09,0.9999960535982326,-1.6996128559112549,5.5923051834106445,0.5590295588612465,0.0
16h,ZNF783,-0.0045268171542188216,0.9385483645071436,-0.2928975820541382,10.0,0.9769973070017953,0.001498781738907412
16h,GIMAP7,5.46270702868164e-09,0.9999960979303737,-1.3998169898986816,5.033579349517822,0.6006107335214157,0.0
16h,GIMAP4,5.446350052436825e-09,0.9999960690047311,-0.8852903246879578,8.13951301574707,0.8189199153629135,0.0
16h,SLC4A2,-0.0009060403922022887,0.989829850628857,-0.8264408707618713,10.0,0.9165891895357784,0.0005129520389843549
16h,INSIG1,-6.92129122997931e-09,0.9999959565033976,-1.1006134748458862,6.792877674102783,0.5974047832777635,0.0
16h,LINC00685,-0.0005901317646840186,0.9932510346395723,-0.6253224015235901,10.0,0.9227846883816363,0.00038471402923826624
16h,P2RY8,-0.0015267437333016652,0.9820910437742766,-0.8735474944114685,10.0,0.9457553218774044,0.0008736214413952295
16h,CD99,-4.223532456830473e-09,0.999996032331109,-1.985585331916809,4.342419624328613,0.47804725570659146,0.0
16h,GPM6B,-0.0025171285412539583,0.968671404171038,-0.40995657444000244,10.0,0.9657764811490126,0.0009858296999230571
16h,RAI2,-0.008595226738945335,0.8861120584479423,-0.3693656027317047,10.0,0.9426856245191074,0.003013593229033085
16h,PHEX,-0.008574627969129065,0.876568311051183,-0.43486177921295166,10.0,0.9791452936650423,0.0027971915875865607
16h,SAT1,7.568683726548023e-09,0.9999960036314904,-0.9459949731826782,7.208127498626709,0.6093709925621954,0.0
16h,CXorf21,-0.011293959855582833,0.8307346940930581,-0.19898168742656708,10.0,0.9893001410618107,0.0030296229802513463
16h,GK,7.0215654846963484e-09,0.9999959369160657,-1.235044002532959,6.956964015960693,0.7589526160553988,0.0
16h,CASK,-0.00790483706938682,0.8876067623876096,-0.3851051330566406,10.0,0.9831687612208259,0.002452551936393947
16h,GPR82,-0.006600173498955624,0.9117596677038756,-0.5755453109741211,10.0,0.917486855604001,0.0022521800461656836
16h,MIR222HG,-0.0005432919949208211,0.9941140853729562,-0.7988535165786743,10.0,0.9226324057450629,0.0004889074121569633
16h,TIMP1,-0.0006987681960456828,0.9919176775408045,-1.2934836149215698,10.0,0.8799692228776609,0.0004167735316747884
16h,PIM2,-1.930219381667835e-09,0.9999960863533387,-1.5768001079559326,4.510980129241943,0.5142744934598615,0.0
16h,PLP2,-2.9316600082538247e-09,0.9999959993178559,-2.2315709590911865,5.470947742462158,0.5714205565529623,0.0
16h,SYP,-0.006294112275883438,0.9104583283075647,-0.3552522361278534,10.0,0.9796502308284175,0.0017392280071813284
16h,FOXP3,-0.0002781360335271912,0.9969944905312965,-0.6480036973953247,10.0,0.9279462682739164,0.0003205950243652218
16h,HUWE1,4.373131667055071e-09,0.9999959992074291,-1.3970328569412231,6.973608016967773,0.6743956783790716,0.0
16h,MAGED2,5.725051512739641e-09,0.9999959707770557,-1.2391314506530762,9.156086921691895,0.8242017183893307,0.0
16h,MAGEH1,-3.970212793198597e-06,0.9999553562126205,-1.0700500011444092,10.0,0.7730347525006412,8.014875609130546e-06
16h,FAAH2,-0.005666192837764506,0.9221066448589316,-0.37269601225852966,10.0,0.9789288920235958,0.001787317260836112
16h,IL2RG,-1.4060211345205794e-09,0.9999959575156631,-3.7608487606048584,4.6855998039245605,0.45687996922287766,0.0
16h,OGT,-6.64624298351121e-09,0.9999959813618647,-0.6475187540054321,9.914473533630371,0.8351901128494486,0.0
16h,GCNA,-0.01248552569265274,0.7896746795221004,-0.249307319521904,10.0,0.9898772121056681,0.0026609387022313415
16h,CXCR3,3.976878133179893e-09,0.9999959820503292,-1.5103936195373535,8.367449760437012,0.8305815593741985,0.0
16h,XIST,-5.887688122285977e-05,0.9993747520261725,-1.498333215713501,10.0,0.6249599256219543,7.213388048217492e-05
16h,FTX,-2.7682236055398056e-06,0.9999678688036973,-0.7491125464439392,10.0,0.8780937419851244,8.014875609130546e-06
16h,ATP7A,-0.00833026107341215,0.8757726685378933,-0.282365083694458,10.0,0.9856293280328289,0.002316299051038728
16h,CYSLTR1,-1.6053192724041722e-05,0.9998285607995521,-0.9022389054298401,10.0,0.901032315978456,2.404462682739164e-05
16h,ITM2A,9.142879272116131e-09,0.9999959958995258,-1.3762729167938232,6.386776924133301,0.587923185432162,0.0
16h,GLA,-3.3899517555145344e-09,0.9999960209981373,-1.2281585931777954,9.918999671936035,0.752332328802257,0.0
16h,TSC22D3,-0.0007133337626910277,0.9918012451619732,-0.5305042266845703,10.0,0.9262471146447807,0.00042478840728391894
16h,TMEM164,-0.009135330107792957,0.854028077230111,-0.24860303103923798,10.0,0.9889074121569633,0.0026609387022313415
16h,LAMP2,3.9435317047144796e-09,0.9999960125462044,-1.185043454170227,8.239827156066895,0.8023291228520133,0.0
16h,C1GALT1C1,1.9771407117874146e-09,0.9999960234533766,-1.3533695936203003,8.005471229553223,0.7088516286227238,0.0
16h,SH2D1A,2.2176377962898273e-09,0.9999960482579584,-1.0744775533676147,6.8748250007629395,0.7402458963836881,0.0
16h,CD40LG,-3.355234947248489e-09,0.9999960500006768,-1.6184499263763428,4.862211227416992,0.6040731597845601,0.0
16h,TMEM187,-0.008493809469634045,0.8772865240576914,-0.3995448350906372,10.0,0.9847877660938702,0.002332328802256989
16h,FLNA,-2.232141835879794e-05,0.9997664985637293,-1.2856266498565674,10.0,0.859411066940241,4.808925365478328e-05
16h,PLXNA3,-0.005417422903435497,0.9263035570902934,-0.44260650873184204,10.0,0.9788327135162862,0.001787317260836112
16h,ARHGEF10,-0.007917166684918799,0.8825867113514502,-0.33002033829689026,10.0,0.9846194537060785,0.002276224672993075
16h,ANGPT2,-0.005648944829808422,0.9179973436016635,-0.32494834065437317,10.0,0.9790411002821237,0.0017071685047448063
16h,MFHAS1,-0.0007147380297069799,0.9918739041645547,-0.7096684575080872,10.0,0.9322582713516286,0.0004488330341113106
16h,PPP1R3B,-0.008603761893461565,0.872443266120719,-0.20519983768463135,10.0,0.9865189792254424,0.0024926263144395997
16h,CTSB,7.747962912783918e-09,0.9999960435974,-1.4759243726730347,8.854744911193848,0.7787092844319056,0.0
16h,EGR3,-0.0074580147883731695,0.9050182839039194,-0.5639721155166626,10.0,0.9036131059245961,0.0027491023339317774
16h,EXTL3,-0.009128406180266389,0.8567946977284994,-0.207590714097023,10.0,0.987224288279046,0.002332328802256989
16h,DUSP4,3.5152951096881194e-09,0.9999960186496186,-2.5523221492767334,5.47596549987793,0.5422303795845088,0.0
16h,AC026979.2,-0.007912781907543692,0.8892030923014694,-0.2097817212343216,10.0,0.9845393049499872,0.0023563734290843806
16h,RAB11FIP1,-1.1441422063001684e-09,0.9999958939038919,-1.2938309907913208,9.158306121826172,0.8374342780200051,0.0
16h,EIF4EBP1,5.297488393408145e-09,0.999996040000774,-1.6098097562789917,4.862728118896484,0.5230347525006412,0.0
16h,NSD3,-1.3856967183515405e-09,0.9999960071317124,-1.3197137117385864,6.873399257659912,0.6734098486791485,0.0
16h,FGFR1,-0.009911140717710704,0.854100558513069,-0.36709004640579224,10.0,0.9882982816106693,0.002805206463195691
16h,AP3M2,-1.0229242497648557e-08,0.9999960086134679,-1.1996204853057861,8.813448905944824,0.7794546678635548,0.0
16h,TCEA1,-8.923149082927188e-09,0.9999961340319609,-2.3379721641540527,4.433571815490723,0.48583771479866633,0.0
16h,SDCBP,3.4945734529303627e-09,0.999996031140151,-1.3227481842041016,5.878314971923828,0.5814070915619389,0.0
16h,TOX,-0.006174577257356847,0.9233655501525857,-0.5382645130157471,10.0,0.9598374583226469,0.0028212362144139523
16h,AC090152.1,-0.007820480514946833,0.8979918025521768,-0.4635714292526245,10.0,0.9626586945370608,0.0031338163631700437
16h,MSC,-0.0010605566096971576,0.9881590269498628,-0.8489247560501099,10.0,0.9019379969222878,0.0008415619389587073
16h,RDH10,-0.0034158377451029166,0.9576617250001608,-0.6998897194862366,10.0,0.9545476404206207,0.0014346627340343678
16h,LY96,-2.2734852791181225e-06,0.9999729490810523,-0.6047600507736206,10.0,0.8767632726340088,8.014875609130546e-06
16h,ZC2HC1A,-0.0036993916359552223,0.9545477901727728,-0.5130433440208435,10.0,0.9684454347268531,0.0015949602462169787
16h,ZBTB10,-0.009144250348751137,0.8667763647251189,-0.2547290623188019,10.0,0.9851243908694537,0.002725057707104386
16h,ZNF704,-0.005523952359043202,0.9209898942914805,-0.281544953584671,10.0,0.9788407283918954,0.0020598230315465502
16h,PAG1,-0.00028370582314925214,0.9968410021025866,-0.687426745891571,10.0,0.9036531803026417,0.0002725057707104386
16h,FABP5,-2.1098656919773123e-09,0.9999959768235519,-2.9180028438568115,3.9751744270324707,0.46075916901769687,0.0
16h,RIPK2,-9.566223603748984e-05,0.9989957865818898,-0.489149272441864,10.0,0.923377789176712,0.0001362528853552193
16h,GEM,-0.003316497426500296,0.9610849610348822,-0.6244505047798157,10.0,0.9381492049243396,0.0018434213901000257
16h,CPQ,-0.010833148079790076,0.8415426132600855,-0.4465310871601105,10.0,0.9750817517312131,0.002981533726596563
16h,VPS13B,-0.003021615421961195,0.9605367013042744,-0.5493761897087097,10.0,0.9631235573223904,0.0010098743267504488
16h,RNF19A,1.7377849859861496e-09,0.9999959519882287,-1.8045895099639893,6.451378345489502,0.7393722749422929,0.0
16h,NCALD,-0.012548177620758797,0.8191834620145984,-0.7309465408325195,10.0,0.8414657604513978,0.0036467684021543986
16h,KLF10,-3.676133002064284e-10,0.9999959883492162,-0.9015083909034729,7.674389362335205,0.8034992946909464,0.0
16h,FZD6,-0.006719834531709611,0.9034358946676783,-0.3787713348865509,10.0,0.9813654142087714,0.0019476147730187227
16h,TRPS1,-0.0131546012702329,0.7891824449181806,-0.22517706453800201,10.0,0.9911355475763016,0.0031177866119517826
16h,DERL1,-1.14742821952169e-10,0.9999960548686598,-1.4796754121780396,7.162750244140625,0.6421518338035394,0.0
16h,FBXO32,-0.013236639578087673,0.8040018394892379,-0.36992526054382324,10.0,0.962546486278533,0.0034704411387535264
16h,SQLE,-9.325857275216801e-09,0.9999959934686881,-1.426116943359375,6.054469108581543,0.6214333803539369,0.0
16h,LINC00861,-0.0032118571481103706,0.9605932118939307,-0.35837841033935547,10.0,0.965864644780713,0.001522826365734804
16h,MYC,-7.557950376230511e-09,0.9999960553360829,-2.2664549350738525,3.974620819091797,0.48780937419851245,0.0
16h,TMEM71,-0.009101755366678154,0.8775214318596711,-0.388036847114563,10.0,0.9741600410361632,0.003302128750961785
16h,SLA,-7.456365777926966e-09,0.9999959769522716,-1.6616591215133667,6.390026092529297,0.6723438702231341,0.0
16h,NDRG1,-0.005755734357249997,0.9263251836911139,-0.5148236155509949,10.0,0.9705693767632726,0.0023724031803026417
16h,PTP4A3,-0.0007624406508230022,0.9914484827921299,-0.5230273008346558,10.0,0.9349432546806874,0.0005770710438573993
16h,ARC,-0.018002190469693848,0.6472908022541424,-0.2848178446292877,10.0,0.9075163503462427,0.002684983329058733
16h,LY6E,7.071925677643552e-10,0.9999960275555615,-2.3194432258605957,5.082878112792969,0.4700083354706335,0.0
16h,GSDMD,6.039862175359576e-09,0.9999960895337806,-1.174973964691162,8.146890640258789,0.7841674147217235,0.0
16h,PLEC,-0.0025148044063361664,0.9697299891022054,-0.6265321969985962,10.0,0.9495062836624776,0.0010098743267504488
16h,PARP10,-0.0032361896779398037,0.9596900490341366,-0.6327057480812073,10.0,0.9661692100538599,0.0013304693511156707
16h,CD274,-4.4294519601454256e-05,0.9995255694008537,-0.6960853338241577,10.0,0.8959268402154399,8.816363170043601e-05
16h,ZDHHC21,-0.003748756905133551,0.9505028812655691,-0.5187778472900391,10.0,0.96653789433188,0.001234290843806104
16h,FOCAD,-0.007804745784902464,0.8797258227961239,-0.32665136456489563,10.0,0.9854930751474738,0.0022201205437291614
16h,CDKN2A,-0.008576251056814938,0.8821041932042737,-0.3509402871131897,10.0,0.9670668761220825,0.0028853552192869966
16h,DDX58,-0.004686865091724693,0.9398424941031248,-0.5326046943664551,10.0,0.967219158758656,0.0019476147730187227
16h,B4GALT1,-9.94608588956218e-07,0.9999860716436919,-0.7164828777313232,10.0,0.8603648371377276,8.014875609130546e-06
16h,AQP3,-0.004690507272166932,0.9403216974015124,-0.7602106332778931,10.0,0.9423650294947422,0.00190754039497307
16h,AL162231.1,-0.009315557112911068,0.8668275376420643,-0.24644576013088226,10.0,0.9868475891254168,0.0027651320851500385
16h,SIT1,-1.3168169407291302e-05,0.9998588309541874,-1.0643479824066162,10.0,0.8492642344190818,1.602975121826109e-05
16h,GLIPR2,-0.0005310760524321869,0.9939882700731523,-0.6972947120666504,10.0,0.93989644780713,0.0003606694024108746
16h,CEMIP2,-0.0008525728239332688,0.9904897044550119,-0.9599253535270691,10.0,0.9340055142344191,0.000601115670684791
16h,ANXA1,-2.91362370775925e-05,0.999686059617349,-1.166847586631775,10.0,0.842155039753783,2.404462682739164e-05
16h,OSTF1,4.321370551357117e-09,0.9999960119014024,-1.4284321069717407,6.003162860870361,0.6844543472685304,0.0
16h,GCNT1,-0.003604543040686108,0.9545026751860277,-0.6247012615203857,10.0,0.9585069889715312,0.0015468709925621955
16h,VPS13A,-0.00014025146036787916,0.9985261609728734,-0.7783200740814209,10.0,0.8933620800205181,0.0002244165170556553
16h,GNAQ,-0.0029194860485758766,0.9623499508500443,-0.37665677070617676,10.0,0.9633800333418825,0.0011381123364965376
16h,PSAT1,5.6832925790202505e-09,0.999996088293309,-2.2366278171539307,4.1838226318359375,0.4687820595024365,0.0
16h,TLE4,-0.0008391778806502005,0.9903525354466501,-0.6761362552642822,10.0,0.9371794049756348,0.0004728776609387022
16h,NTRK2,-0.012476766193641464,0.8194935212430962,-0.649795651435852,10.0,0.9006796614516542,0.0033261733777891767
16h,CTSL,-0.00021886361312593898,0.9975965403811071,-1.2124863862991333,10.0,0.8713051423441908,0.00019235701461913312
16h,GADD45G,-0.0011808586386173798,0.9864758422378785,-0.6219903826713562,10.0,0.9507485893818928,0.0008335470633495768
16h,AL606807.1,-0.00965609343565829,0.865098015212503,-0.3402636647224426,10.0,0.9877532700692485,0.003125801487560913
16h,NINJ1,-1.6760507587833988e-09,0.9999960274429238,-1.1021757125854492,6.518501281738281,0.6469126699153629,0.0
16h,NR4A3,-0.0035019340207129933,0.9590912203329922,-0.5623095631599426,10.0,0.9308476532444216,0.00190754039497307
16h,TMEM245,-0.0015280968148335833,0.9819633616178874,-0.46422484517097473,10.0,0.9429100410361632,0.000761413182867402
16h,TXN,4.1547815599738243e-10,0.9999960542379035,-4.111964702606201,4.323691368103027,0.44906546550397536,0.0
16h,TNFSF8,-1.249422226200437e-06,0.9999833822226769,-0.9709194302558899,10.0,0.8162910361631187,8.014875609130546e-06
16h,TRAF1,9.669073479185193e-09,0.9999960336403105,-1.9497096538543701,5.064656734466553,0.552673762503206,0.0
16h,HSPA5,4.387899496885471e-09,0.9999960559369923,-3.1691668033599854,5.004310131072998,0.4716674147217235,0.0
16h,SLC2A8,-0.011286296415947444,0.8379931662026815,-0.6438421010971069,10.0,0.8909496024621698,0.003125801487560913
16h,AL157938.3,-0.0017075921965768466,0.9799298129324353,-0.45624563097953796,10.0,0.9432947550654014,0.000761413182867402
16h,PRRC2B,-0.0011412768540404704,0.986897373709666,-0.6811320781707764,10.0,0.939038856116953,0.0005850859194665299
16h,POMT1,-0.0035435825204762398,0.9547419274464779,-0.5142465233802795,10.0,0.962859066427289,0.0013384842267248013
16h,RAPGEF1,-0.002181546954600755,0.9729851879710184,-0.372717946767807,10.0,0.9585711079764042,0.0007854578096947936
16h,SURF4,3.0142709067980437e-09,0.9999959979994413,-1.9590109586715698,5.329398155212402,0.5043440625801487,0.0
16h,RXRA,-0.004976014664065659,0.9372520391082471,-0.5016573071479797,10.0,0.9730139138240574,0.0021319569120287255
16h,QSOX2,-0.0034534404673593304,0.9542758190078104,-0.47476401925086975,10.0,0.964085342395486,0.0009938445755321877
16h,SEC16A,-0.0017191127695527313,0.9792876140916852,-0.38434022665023804,10.0,0.948736855604001,0.000761413182867402
16h,NOTCH1,-0.0026561762572314593,0.9681995978685102,-0.6525708436965942,10.0,0.9508527827648114,0.0011220825852782765
16h,FUT7,-0.0010221006734354588,0.9887199332661529,-1.3042749166488647,10.0,0.8945723262374968,0.0010259040779687098
16h,NPDC1,-0.0010704363999080124,0.987874626803285,-0.8672172427177429,10.0,0.9288198897153116,0.0006732495511669659
16h,PGGHG,-0.0027694140462702493,0.9660537253218587,-0.5743333697319031,10.0,0.9617129392151834,0.0011781867145421903
16h,IFITM1,-4.474330557496284e-06,0.9999504448119814,-0.8000328540802002,10.0,0.8627051808155938,1.602975121826109e-05
16h,IFITM3,-0.00136543515761312,0.984158303491349,-0.5462806820869446,10.0,0.9393754808925365,0.000689279302385227
16h,ANO9,-0.011380268680755047,0.8249923850363674,-0.36590394377708435,10.0,0.9850522569889716,0.0029414593485509104
16h,IRF7,-1.404814840002929e-05,0.9998502011846101,-1.126574158668518,10.0,0.9039657604513978,2.404462682739164e-05
16h,TMEM80,-0.003058515892121162,0.9615853932053031,-0.41181424260139465,10.0,0.9663054629392152,0.001114067709669146
16h,CD151,-1.5387155189283445e-05,0.9998365888856339,-1.1575864553451538,10.0,0.839822710951526,2.404462682739164e-05
16h,TSPAN4,-0.005883256635419978,0.9161435296408648,-0.37616342306137085,10.0,0.9774140805334701,0.001659079251090023
16h,CTSD,3.470670328772231e-09,0.9999961103853635,-1.1819727420806885,8.892837524414062,0.7844479353680431,0.0
16h,LSP1,-1.4568320656008731e-09,0.9999959883842505,-1.3618261814117432,6.511889934539795,0.7195434726853039,0.0
16h,CD81,-1.6897873596673758e-05,0.9998217667343884,-1.0345367193222046,10.0,0.8851468325211592,7.213388048217492e-05
16h,KCNQ1OT1,-0.002462356077878574,0.9699249200858396,-0.5281773209571838,10.0,0.9577135162862273,0.0010098743267504488
16h,SLC22A18,-0.012057983633269749,0.8000657992427037,-0.31491661071777344,10.0,0.9895325724544755,0.0028212362144139523
16h,PHLDA2,-3.293699633969377e-05,0.9996482133598614,-1.1773731708526611,10.0,0.9084781354193383,6.411900487304436e-05
16h,HBB,-0.012765840298941865,0.6811503060378016,-0.6671094298362732,10.0,0.7435159656322133,0.002276224672993075
16h,HBG2,-0.02033981192336019,0.4374757193344284,-0.5654544234275818,10.0,0.5863763144395999,0.0016670941266991536
16h,TRIM22,-3.1244821937044593e-09,0.9999960338738152,-0.9808907508850098,8.562601089477539,0.8604049115157733,0.0
16h,CAVIN3,-0.01234381352725515,0.8208548414371605,-0.5666273832321167,10.0,0.8873108489356245,0.0032059502436522186
16h,SMPD1,-0.0024019177543378946,0.9710005689649899,-0.7146099209785461,10.0,0.955613618876635,0.001114067709669146
16h,TPP1,-8.600643191012277e-05,0.9991110655224429,-0.9415062665939331,10.0,0.8988282251859451,0.00019235701461913312
16h,AC132192.2,-0.010170771734629335,0.8422955335569523,-0.18094339966773987,10.0,0.9889955757886637,0.0028132213388048217
16h,MTRNR2L8,-0.0060522344276099545,0.9157823477506803,-0.776818037033081,10.0,0.9483681713259811,0.001819376763272634
16h,MICAL2,-0.0016337965707393309,0.9810148906118656,-0.8999031186103821,10.0,0.9173185432162093,0.0009697999487047961
16h,CALCB,-0.00017261339587111715,0.9981298859290761,-0.6100433468818665,10.0,0.9125336624775583,0.0002083867658373942
16h,NUCB2,-2.079591476082588e-09,0.9999960342957003,-0.8100934624671936,9.772045135498047,0.8506748525262888,0.0
16h,HIPK3,-0.0026103417704769036,0.9674533987748603,-0.5413784980773926,10.0,0.9599416517055656,0.0009858296999230571
16h,CD59,8.286273850771011e-09,0.9999960756474696,-1.3600268363952637,6.888186931610107,0.6523627853295717,0.0
16h,CD44,6.899764675367336e-09,0.9999960402969535,-2.4922447204589844,4.874582290649414,0.4804837778917671,0.0
16h,PRR5L,-0.007038699942843687,0.9103990311141779,-0.6795597672462463,10.0,0.9069553090536034,0.002845280841241344
16h,CD82,-4.045166298875127e-09,0.999996027149664,-1.8879014253616333,5.306544780731201,0.5556472813541934,0.0
16h,TP53I11,-0.008029216454876857,0.8881902527986791,-0.42516690492630005,10.0,0.9831367017183893,0.002701013080276994
16h,MDK,-0.012423089484488711,0.8072132153968661,-0.24812667071819305,10.0,0.9783678507309567,0.0029735188509874325
16h,SLC39A13,-0.0027012356211229245,0.9660400316087805,-0.4391368329524994,10.0,0.9615847012054373,0.0010739933316234933
16h,PTPRJ,-0.005661916987575017,0.9268752390143427,-0.4955131411552429,10.0,0.9756588227750705,0.0020678379071556808
16h,SLC43A3,-2.395439352504304e-09,0.999996002960068,-2.1610658168792725,5.291778087615967,0.5043039882021031,0.0
16h,CD6,-4.702610701746117e-10,0.9999960160250542,-2.2394330501556396,4.954174995422363,0.4946380482174917,0.0
16h,CD5,7.204305806787096e-09,0.9999960587561401,-1.728891372680664,7.648491859436035,0.6935993203385483,0.0
16h,AHNAK,-0.004961201642383181,0.935754136598179,-0.8713162541389465,10.0,0.8897634008720184,0.0019315850218004616
16h,GANAB,-0.0003848824493281154,0.9959098160194705,-0.8696415424346924,10.0,0.901769684534496,0.00048089253654783276
16h,CSKMT,-1.6197225900147627e-09,0.9999959466188781,-0.8874655961990356,8.468096733093262,0.7704940369325468,0.0
16h,AP001160.1,-0.009723145650447905,0.8538543327777777,-0.21703460812568665,10.0,0.9859258784303667,0.002556745319312644
16h,SLC3A2,-1.1263288860646375e-08,0.9999960046750674,-3.1475210189819336,3.98868727684021,0.453770197486535,0.0
16h,RARRES3,-9.636904165611616e-06,0.9998962866185355,-0.8773216009140015,10.0,0.8750480892536547,1.602975121826109e-05
16h,PLA2G16,-0.011904673186949814,0.8320151531196371,-0.3864404261112213,10.0,0.973839446011798,0.003606694024108746
16h,RTN3,2.50535489399288e-09,0.9999960551295926,-1.2477396726608276,8.349493980407715,0.7440209027955886,0.0
16h,FKBP2,-6.894011476987979e-09,0.999996002982362,-2.023653030395508,5.010701656341553,0.46848550910489867,0.0
16h,SYVN1,-0.0005879668271320504,0.9934995173023711,-0.5650947093963623,10.0,0.9146736342651962,0.0004328032828930495
16h,NEAT1,-6.181719920425251e-09,0.9999960263252491,-2.0727713108062744,7.575680732727051,0.6888625288535521,0.0
16h,EHBP1L1,-0.0076671255835458925,0.8904543672397072,-0.43615368008613586,10.0,0.9787846242626315,0.002244165170556553
16h,PCNX3,-0.007131565150702824,0.8955681020714098,-0.3759801685810089,10.0,0.981149012567325,0.0018113618876635035
16h,CTSW,-0.009556261121221897,0.8682786534577438,-0.6945981979370117,10.0,0.8879680687355732,0.0027971915875865607
16h,TBC1D10C,-4.911663126599919e-09,0.9999959903458595,-1.5565412044525146,9.871903419494629,0.792550974608874,0.0
16h,CORO1B,-4.919735475237106e-09,0.9999960214741302,-2.4889159202575684,6.174347877502441,0.6748364965375737,0.0
16h,TCIRG1,-0.0011613972997881914,0.9868673224275119,-0.772486686706543,10.0,0.9419322262118492,0.000689279302385227
16h,GAL,-0.0025990855587744457,0.9677921555000168,-1.0247987508773804,10.0,0.8937387791741472,0.0012423057194152346
16h,CCND1,-0.00036671309772303345,0.9959325401675068,-0.541379451751709,10.0,0.9271047063349577,0.00026449089510130805
16h,DHCR7,-1.2601341395657095e-07,0.999994769796484,-1.4327313899993896,10.0,0.7837827006924852,8.014875609130546e-06
16h,INPPL1,-0.006732551609924745,0.9008559154138287,-0.33148863911628723,10.0,0.981461592716081,0.0018674660169274173
16h,UCP2,-7.247507854807423e-09,0.9999959766754345,-1.214857578277588,9.7067289352417,0.7957809694793537,0.0
16h,LRRC32,-0.004151826332967397,0.9509449647809906,-0.7731394171714783,10.0,0.8780456527314696,0.0023724031803026417
16h,RAB30,-0.007406949401196789,0.8968773552147027,-0.2535685896873474,10.0,0.9818302769941011,0.002212105668120031
16h,PRSS23,-0.004456677863863837,0.9454870184307187,-0.6078875660896301,10.0,0.9475185945114132,0.0020037189022826364
16h,CTSC,6.718701882897316e-09,0.9999959821436395,-1.868261456489563,7.391963481903076,0.6883095024365222,0.0
16h,CEP295,-0.0030973033283483546,0.9585295539792994,-0.800129234790802,10.0,0.9608954219030521,0.000865606565786099
16h,SESN3,-0.0006282224469570073,0.9928198905786058,-0.6041818261146545,10.0,0.9395918825339831,0.0004488330341113106
16h,BIRC3,-4.3285383767225986e-09,0.9999960173732314,-1.4962316751480103,6.74415397644043,0.6049788407283919,0.0
16h,CARD16,-0.0006552805586692358,0.9925773569013703,-0.6270586848258972,10.0,0.9421967171069505,0.0004648627853295717
16h,CWF19L2,-7.923383715286757e-09,0.9999960633757535,-0.8421069383621216,9.437264442443848,0.78807065914337,0.0
16h,LAYN,-0.005407784580867,0.9305098701358634,-0.3808465600013733,10.0,0.9731181072069761,0.0020678379071556808
16h,USP28,-0.01103763184874641,0.829862310570324,-0.38172078132629395,10.0,0.988025775839959,0.002741087458322647
16h,PCSK7,-1.0464636358160706e-09,0.9999959832738271,-1.4507777690887451,6.839452743530273,0.656370223134137,0.0
16h,IL10RA,-7.213145454501609e-05,0.9992242629792673,-1.3464568853378296,10.0,0.9175109002308284,0.00011220825852782765
16h,JAML,-3.4264550274935693e-09,0.9999959931016092,-1.7017240524291992,4.855837821960449,0.5362112080020518,0.0
16h,MPZL2,1.8889188218190647e-09,0.9999959454780469,-1.1209447383880615,9.822547912597656,0.8111054116440113,0.0
16h,CD3D,-3.5260581719542428e-09,0.9999960100585317,-4.199204921722412,4.5737152099609375,0.45166228520133367,0.0
16h,CD3G,-4.356492720700289e-09,0.9999960570599856,-1.8259402513504028,5.622202396392822,0.5274349192100538,0.0
16h,KMT2A,-1.2340395805175375e-06,0.9999835296198462,-0.9487867951393127,10.0,0.8525503334188254,8.014875609130546e-06
16h,CXCR5,-0.001270836005791866,0.9852180875820656,-0.7431287169456482,10.0,0.9394476147730187,0.0006572197999487048
16h,SLC37A4,-0.003254784147239862,0.9564753205302096,-0.6473419070243835,10.0,0.9589478071300334,0.0010098743267504488
16h,HYOU1,-1.0738774133135789e-09,0.9999960456679992,-1.1056382656097412,9.517939567565918,0.8139667222364709,0.0
16h,SORL1,-0.004935722426603212,0.933083160035432,-0.4120404124259949,10.0,0.9710582841754296,0.001627019748653501
16h,CRTAM,-0.013003707101538397,0.8055037092038609,-0.6617454290390015,10.0,0.8378350218004617,0.0031418312387791743
16h,GRAMD1B,-0.012039193905765634,0.8111151445449725,-0.32408496737480164,10.0,0.9874406899204924,0.0030296229802513463
16h,FEZ1,-0.014931295621749621,0.7487515895327601,-0.3260667324066162,10.0,0.9854129263913824,0.0030296229802513463
16h,APLP2,6.185777875730707e-09,0.9999959634651329,-1.2285372018814087,7.843324661254883,0.7107030648884329,0.0
16h,ZBTB44,-0.0006974703637311232,0.9923004356237816,-0.40678948163986206,10.0,0.920187868684278,0.00048089253654783276
16h,KLF6,-6.0094597082323e-09,0.9999960249410494,-1.7110604047775269,5.993813514709473,0.6511044498589382,0.0
16h,AKR1C3,-0.013093049498665035,0.8057388974868323,-0.3781241774559021,10.0,0.9365462298025135,0.003494485765580918
16h,IL2RA,-5.608431800989464e-09,0.9999960570367887,-3.0064358711242676,4.192356109619141,0.47010451397794306,0.0
16h,GATA3,1.1527587588715016e-09,0.9999960152532322,-0.8870566487312317,8.815171241760254,0.8353263657348038,0.0
16h,OPTN,3.499251677965786e-09,0.9999960347652738,-1.1522152423858643,9.342986106872559,0.8674099127981534,0.0
16h,FAM107B,-6.534503196899032e-09,0.9999960083650752,-0.962398886680603,7.07699728012085,0.6771928699666581,0.0
16h,VIM,-4.904251063331047e-09,0.9999960437790892,-1.8155301809310913,4.177121639251709,0.5723743267504489,0.0
16h,HACD1,-0.005973006982071933,0.9234954770145101,-0.48964542150497437,10.0,0.9774942292895614,0.002276224672993075
16h,ARL5B,-0.000992347124247527,0.9885684976918679,-0.5887228846549988,10.0,0.9379007437804565,0.0005450115414208772
16h,DNAJC1,3.0445935795569487e-10,0.9999959624223383,-0.9242852926254272,9.324820518493652,0.8083002051808156,0.0
16h,OTUD1,-0.0037956288775954847,0.9498435410979201,-0.6136974692344666,10.0,0.9682049884585792,0.0013304693511156707
16h,MAP3K8,-1.6363992448852875e-09,0.9999959840216789,-1.076462745666504,9.593679428100586,0.8717940497563478,0.0
16h,ITGB1,-8.813017685152474e-09,0.9999960372106176,-2.131162405014038,6.775653839111328,0.6900327006924852,0.0
16h,CREM,6.5756092003423915e-09,0.9999960323088991,-2.146397590637207,4.36299991607666,0.5065241087458323,0.0
16h,CSGALNACT2,-0.0004540689911252754,0.995020232842749,-0.6929923892021179,10.0,0.9213420107719928,0.0003606694024108746
16h,TMEM273,7.74504375028022e-10,0.9999960289663531,-1.3911921977996826,9.572333335876465,0.8182146063093101,0.0
16h,ANK3,-0.0002241452931729432,0.9975827424322264,-1.037225365638733,10.0,0.9117321749166453,0.00024044626827391638
16h,CDK1,-0.00743745182599646,0.8834497500960388,-1.5127183198928833,10.0,0.7122018466273403,0.0021640164144652477
16h,ARID5B,-4.434973939032681e-09,0.9999959812937478,-1.8124923706054688,4.858376979827881,0.5297592331367017,0.0
16h,RTKN2,-0.0005133119209537501,0.9944423146548161,-0.5876093506813049,10.0,0.9517023595793793,0.0005289817902026161
16h,EGR2,-3.0416096135146932e-09,0.9999960053836666,-1.266172170639038,6.829975128173828,0.7287926391382405,0.0
16h,SRGN,4.2010656249247254e-09,0.9999959541966942,-4.226935863494873,3.688443422317505,0.4569681328545781,0.0
16h,PRF1,-0.0006962236080350301,0.9924359722319495,-1.375576376914978,10.0,0.8039962169787125,0.0008175173121313157
16h,VSIR,-2.75047401981042e-09,0.9999960051027652,-1.9539198875427246,5.105888366699219,0.5584444729417799,0.0
16h,PSAP,3.130258113414488e-09,0.9999960768120689,-1.827636957168579,5.70493745803833,0.5638625288535521,0.0
16h,SPOCK2,-3.0543340106398387e-09,0.999995994695294,-1.8337682485580444,6.821787357330322,0.6941122723775327,0.0
16h,DDIT4,-5.2072506249950294e-09,0.9999959948526055,-1.8806846141815186,4.088222503662109,0.5022842395486022,0.0
16h,ZSWIM8,-0.005402406908353654,0.9257829498584269,-0.3310351073741913,10.0,0.9786483713772762,0.0018834957681456784
16h,VCL,-0.0023731867163845396,0.9709654890552402,-0.6330581903457642,10.0,0.9560624519107463,0.0010659784560143628
16h,ZMIZ1,-0.010438216201615086,0.8404779312510151,-0.2811102271080017,10.0,0.9880578353423954,0.0025727750705309056
16h,AL603756.1,-0.016790819706317975,0.6864341394214964,-0.2022959589958191,10.0,0.9913118748397025,0.002652923826622211
16h,ATAD1,1.4707266207320186e-08,0.9999960447974826,-1.1429954767227173,8.000185012817383,0.6693463067453194,0.0
16h,ACTA2,-0.0015939660761634196,0.9819199594230804,-0.863349437713623,10.0,0.9224640933572711,0.0011220825852782765
16h,FAS,-2.199619467618091e-09,0.9999961242238167,-1.585679054260254,8.109222412109375,0.8022249294690946,0.0
16h,IFIT2,-0.010704235148136208,0.8482261822735133,-0.4883860945701599,10.0,0.9457152474993588,0.0030536676070787383
16h,IFIT3,-0.002011057609684482,0.9773070576724233,-0.8600059151649475,10.0,0.9044706976147731,0.001394588355988715
16h,IFIT1,-0.015449958534356555,0.7541335213343145,-0.5570296049118042,10.0,0.8574153629135676,0.0032219799948704797
16h,MYOF,-0.004752723228963032,0.9354794490675102,-0.8168173432350159,10.0,0.9557258271351629,0.0014506924852526288
16h,ENTPD1,-0.015184151351654318,0.7628819884069701,-0.6528084874153137,10.0,0.8304052321107976,0.003462426263144396
16h,PGAM1,-3.830468050695219e-09,0.9999960644529032,-3.405505657196045,4.4102253913879395,0.4604385739933316,0.0
16h,ZFYVE27,-0.0011554158013063205,0.9868548521634971,-0.49114352464675903,10.0,0.9314086945370608,0.0006251602975121826
16h,SCD,-0.0017201463371844209,0.979219338523581,-0.9122463464736938,10.0,0.9367305719415234,0.0006652346755578354
16h,SFXN3,-0.007907944345858077,0.8876961859070274,-0.3681253492832184,10.0,0.9834332521159271,0.0023724031803026417
16h,OGA,5.016309046980722e-09,0.9999959490817233,-0.9331318736076355,9.507097244262695,0.8245142985380867,0.0
16h,CALHM2,-0.010911391544284452,0.838648806114091,-0.41296687722206116,10.0,0.9659848679148499,0.0030376378558604773
16h,ITPRIP,-0.0031587235978237233,0.9582972416825812,-0.4086499810218811,10.0,0.9654318414978199,0.0010900230828417544
16h,PDCD4,-5.35053706575655e-09,0.9999960080948176,-1.292132019996643,6.273396015167236,0.5983425237240318,0.0
16h,FAM53B,-0.009282340874893656,0.8681030349329247,-0.42221599817276,10.0,0.9818783662477558,0.0028212362144139523
16h,FANK1,-0.016116614067182018,0.7421787374893309,-0.3458210825920105,10.0,0.9447053731726084,0.003422351885098743
16h,PTPRE,-2.5548926141329454e-09,0.999996004245765,-1.152074933052063,7.858407020568848,0.7661339446011798,0.0
16h,ADAM8,-0.00038175080173444916,0.9958763873672006,-1.3741750717163086,10.0,0.9043104001025905,0.0004648627853295717
16h,NINJ2,-0.004669886582895553,0.9402752121354584,-0.410678505897522,10.0,0.9762118491921006,0.0017632726340087203
16h,CCND2,-1.4492971813115989e-09,0.9999960511558109,-2.25679087638855,4.899510860443115,0.4998557322390357,0.0
16h,CD9,-0.008714805298190843,0.8723050137326777,-0.37586072087287903,10.0,0.9807322390356502,0.002380418055911772
16h,CD27,3.6916147277944193e-09,0.999995969046389,-2.286081552505493,5.313531875610352,0.6026224672993075,0.0
16h,IFFO1,-0.008221733124265647,0.8763506394667042,-0.32956260442733765,10.0,0.9843709925621954,0.0020918825339830724
16h,PTMS,-6.34994353023032e-05,0.999305546393216,-1.0363726615905762,10.0,0.9184165811746602,7.213388048217492e-05
16h,LAG3,9.225823340303944e-10,0.9999960376398159,-1.8086026906967163,7.914926528930664,0.8370335342395486,0.0
16h,CD4,-1.5831804142424064e-05,0.9998219896042356,-1.2558046579360962,10.0,0.878807065914337,8.014875609130546e-06
16h,LPCAT3,-2.2078913571535165e-05,0.9997660574016864,-0.7952135801315308,10.0,0.8730443703513722,6.411900487304436e-05
16h,CLSTN3,-0.012483590137512275,0.801359881761034,-0.3206416964530945,10.0,0.9864548602205694,0.0030055783534239547
16h,SLC2A3,2.0838636985660376e-09,0.9999960219298201,-1.6127521991729736,8.543684005737305,0.792671197743011,0.0
16h,PHC1,-0.011452106496780905,0.8120557900102707,-0.24566084146499634,10.0,0.990302000512952,0.002965503975378302
16h,KLRG1,-0.004611160230923792,0.9426435457557741,-0.4794243574142456,10.0,0.9722284560143627,0.001955629648627853
16h,KLRB1,-0.0018471698154533423,0.9789698022781277,-1.1390928030014038,10.0,0.8729001025904078,0.0012984098486791486
16h,CLECL1,-0.0002780717028700009,0.9968972859039545,-0.8944489359855652,10.0,0.9176952423698385,0.0002725057707104386
16h,CD69,8.722479954353346e-09,0.9999959648471407,-1.5957036018371582,4.470239639282227,0.5096659399846114,0.0
16h,CLEC2B,-4.808071849184079e-09,0.9999959726013345,-0.8205733895301819,9.460346221923828,0.8168921518338036,0.0
16h,KLRD1,-0.01641491561413788,0.74326803799862,-0.565839409828186,10.0,0.8477574378045653,0.0034704411387535264
16h,DUSP16,-0.0022965203480912965,0.9720908259837557,-0.5609152913093567,10.0,0.9633399589638368,0.0011781867145421903
16h,APOLD1,-0.009989324442149158,0.8537421912777408,-0.37189942598342896,10.0,0.9868395742498076,0.0028693254680687355
16h,FAM234B,-0.004826797664990287,0.9332352732649294,-0.31084316968917847,10.0,0.9738955501410618,0.0013705437291613234
16h,EMP1,-0.0034614767458597817,0.9579040179598477,-1.0633987188339233,10.0,0.8361839574249808,0.0016029751218261093
16h,ARHGDIB,-3.4896162391851154e-09,0.9999960158936267,-2.3140437602996826,4.182174205780029,0.49075083354706334,0.0
16h,PLEKHA5,-0.012548655443418648,0.8070914544853656,-0.40121990442276,10.0,0.9524397281354193,0.003125801487560913
16h,ST8SIA1,-0.011642477593304536,0.8334462346429957,-0.3525860607624054,10.0,0.9862945627083868,0.0033662477558348293
16h,CAPRIN2,-0.008602077619516117,0.870505339353563,-0.26302987337112427,10.0,0.9861903693254681,0.002332328802256989
16h,ARID2,-0.0017311238421848084,0.9791914531267233,-0.4124179184436798,10.0,0.9480235316747884,0.0008095024365221852
16h,SLC38A2,3.5123054870040277e-09,0.9999959882905989,-0.8845316767692566,9.745896339416504,0.7966706206719671,0.0
16h,CCNT1,-0.0016112370849698094,0.9807764790347376,-0.4557265341281891,10.0,0.9457473070017953,0.000689279302385227
16h,KMT2D,-0.003957315092237781,0.9471642492349013,-0.34598493576049805,10.0,0.9686538214926904,0.001098037958450885
16h,TUBA1A,-6.753700284042381e-10,0.9999960697000825,-1.2839874029159546,6.674392223358154,0.7174756347781482,0.0
16h,AC074032.1,-0.0029903416722252387,0.9624214685871963,-0.39681562781333923,10.0,0.9639250448833034,0.001130097460887407
16h,LIMA1,2.576564900167062e-09,0.9999959991868078,-1.0766557455062866,8.199687004089355,0.8293071941523468,0.0
16h,SLC11A2,-0.000608479328179805,0.9932149273411418,-0.5558407306671143,10.0,0.919698961272121,0.0004648627853295717
16h,NR4A1,-0.00011144088557720837,0.9988188112324909,-0.7029517889022827,10.0,0.9011044498589382,0.0002083867658373942
16h,ITGB7,-6.120419111243132e-06,0.999932490312761,-1.4827938079833984,10.0,0.8227349961528597,8.014875609130546e-06
16h,CALCOCO1,-0.008051670057326836,0.8905850233621878,-0.4836423695087433,10.0,0.9618491921005387,0.0027330725827135163
16h,ITGA5,-0.007496157664976679,0.892488167080308,-0.446199506521225,10.0,0.9826798538086688,0.002300269299820467
16h,CD63,-5.790670143498945e-09,0.9999960374905787,-2.6366350650787354,5.792766571044922,0.4965375737368556,0.0
16h,ESYT1,-2.7747381797460418e-05,0.9997050835872878,-1.2123640775680542,10.0,0.8407764811490126,3.205950243652218e-05
16h,MYL6,-3.486996053164326e-09,0.9999960079902681,-3.016674518585205,3.9971675872802734,0.466233329058733,0.0
16h,IL23A,-9.604112429394563e-10,0.9999959816863586,-1.373628854751587,8.058700561523438,0.71487881508079,0.0
16h,STAT2,-0.0011468003971699724,0.9867402990368624,-0.6836071014404297,10.0,0.9491856886381124,0.0006572197999487048
16h,DDIT3,-9.312427542440495e-06,0.9999003014705036,-0.6041539311408997,10.0,0.87057578866376,2.404462682739164e-05
16h,MBD6,-0.0031118437699891414,0.9591003624543203,-0.3579438626766205,10.0,0.9675798281610669,0.0009938445755321877
16h,OS9,1.9866926221600486e-09,0.999995947566526,-1.4377532005310059,7.853812217712402,0.7047319825596307,0.0
16h,MON2,-0.0037639792190314585,0.9512633193978677,-0.5110985040664673,10.0,0.9671951141318287,0.0011942164657604514
16h,GNS,-0.005937378787648537,0.9161861966825873,-0.3845753073692322,10.0,0.9778629135675815,0.001643049499871762
16h,IFNG,2.2948408249624362e-09,0.9999960196076986,-1.308091640472412,8.161211967468262,0.8086608745832264,0.0
16h,IL26,-0.011421018870834888,0.8374843160755782,-0.5916827321052551,10.0,0.8922800718132855,0.0033101436265709156
16h,IL22,-0.01818762843665845,0.6914085933911187,-0.419095903635025,10.0,0.8680030135932291,0.0029414593485509104
16h,CPM,-0.0005392817867027011,0.9939950777747052,-0.8667635321617126,10.0,0.9317132598102077,0.0004007437804565273
16h,GLIPR1,-8.699449092787848e-05,0.9990641026855284,-0.9287122488021851,10.0,0.8969447294177995,9.617850730956656e-05
16h,PHLDA1,-7.639555762951485e-09,0.9999960583814683,-1.3426101207733154,7.407357215881348,0.7331447165939985,0.0
16h,ZDHHC17,-0.0016117138518130388,0.9808593576229067,-0.5309464335441589,10.0,0.9440481533726597,0.0007053090536034881
16h,DUSP6,-0.0003928787768613747,0.9955410259048529,-1.343321681022644,10.0,0.9129985252628879,0.00024044626827391638
16h,BTG1,-3.337668122105968e-09,0.9999959666453856,-2.4791667461395264,4.5191650390625,0.4988137984098487,0.0
16h,SOCS2,-0.0002199098662223113,0.9974879403261504,-0.6914190053939819,10.0,0.9176231084893562,0.00014426776096434983
16h,IKBIP,4.857011014975657e-09,0.9999959477295723,-1.137340784072876,9.332549095153809,0.8054789689664016,0.0
16h,APAF1,-0.008213378653311966,0.8843785039269018,-0.40659448504447937,10.0,0.9826798538086688,0.00234835855347525
16h,HSP90B1,1.4658246281303222e-09,0.9999960368019288,-2.9703972339630127,4.822220802307129,0.46092748140548856,0.0
16h,TXNRD1,6.2182232652991544e-09,0.9999960289668276,-1.7471081018447876,5.65922212600708,0.5339590279558861,0.0
16h,CHST11,-3.289118425301205e-05,0.9996363695804827,-1.054578423500061,10.0,0.8888416901769685,7.213388048217492e-05
16h,SLC41A2,-0.004203120927756973,0.9460345397822985,-0.45515644550323486,10.0,0.9726131700436009,0.0015148114901256731
16h,C12orf75,-0.000279524707694565,0.996932703867097,-0.7630417943000793,10.0,0.9112512823800974,0.00025647601949217746
16h,SELPLG,-0.0019983210597122126,0.9765528173150546,-0.715930700302124,10.0,0.9491135547576302,0.0010178892023595793
16h,SSH1,-0.007153605264748459,0.8975142435213128,-0.3384358286857605,10.0,0.9819264555014107,0.002083867658373942
16h,ATP2A2,-8.985412353998628e-05,0.9990427330139965,-1.0861908197402954,10.0,0.868307578866376,0.00012823800974608873
16h,ERP29,-6.4783982176403575e-09,0.9999959584756386,-2.194941282272339,4.7711029052734375,0.4575291741472172,0.0
16h,HECTD4,-0.007108815425782667,0.8977496045086368,-0.3523464500904083,10.0,0.9827279430623237,0.0021640164144652477
16h,OAS1,-0.0023162800359636114,0.9722217893597928,-0.7471749186515808,10.0,0.9346066299051039,0.0011781867145421903
16h,OAS3,-0.013996730779142276,0.7767838715212575,-0.44482508301734924,10.0,0.9708819569120287,0.0031177866119517826
16h,SLC8B1,-0.0037204395943903155,0.9514462570204284,-0.3971024453639984,10.0,0.9662653885611695,0.0011461272121056681
16h,MED13L,-0.005688116071247368,0.9222163115576986,-0.29149383306503296,10.0,0.9772537830212875,0.0017151833803539368
16h,VSIG10,-0.009726573999317685,0.8466900335226365,-0.3218039870262146,10.0,0.9886669658886894,0.0026769684534496026
16h,BICDL1,-2.0580618327808866e-05,0.9997783404233057,-0.5936330556869507,10.0,0.8892825083354706,3.205950243652218e-05
16h,OASL,-0.003329000095440143,0.9589694887401091,-0.5848812460899353,10.0,0.9380129520389844,0.0015148114901256731
16h,P2RX7,-0.01020333770054717,0.8499736379287853,-0.45992594957351685,10.0,0.9819344703770198,0.0026128494485765583
16h,P2RX4,-2.3306722477935564e-05,0.9997535090606974,-1.1810473203659058,10.0,0.8943879840984867,5.6104129263913826e-05
16h,LINC01089,-0.006446087561091722,0.9131056138515635,-0.5205969214439392,10.0,0.9795380225698898,0.0020998974095922033
16h,IL31,-0.017909699011577122,0.6858467103200718,-0.3051696717739105,10.0,0.9578577840471916,0.002981533726596563
16h,SLC15A4,-0.005319385619444243,0.9285230441408738,-0.3215450346469879,10.0,0.9765484739676841,0.0017151833803539368
16h,POLE,-0.008706933838798258,0.8631733479077878,-0.4562035799026489,10.0,0.9832809694793537,0.0020518081559374197
16h,GJB2,-0.017448968961199712,0.6796132692552669,-0.6289425492286682,10.0,0.8409848679148499,0.0028372659656322134
16h,GJB6,-0.004087110564245876,0.9483092050740922,-0.6487753987312317,10.0,0.9661611951782508,0.0016350346242626314
16h,PAN3,-5.0247783437524126e-05,0.999445146569971,-0.6146432161331177,10.0,0.8814359451141318,4.808925365478328e-05
16h,FLT1,-0.005509579467393613,0.9263873303711613,-0.6880846619606018,10.0,0.9604225442421134,0.0018834957681456784
16h,SLC7A1,-4.395608467516394e-08,0.9999955443918059,-0.748925507068634,10.0,0.8357912285201333,8.014875609130546e-06
16h,ALOX5AP,5.684188194538962e-09,0.9999959965476014,-1.271202802658081,9.782196998596191,0.8742065273146961,0.0
16h,N4BP2L2,1.0152112875931422e-08,0.9999959762349289,-1.894169807434082,5.72744083404541,0.49754744806360607,0.0
16h,LHFPL6,-0.013559250429800787,0.7872565480160885,-0.3000059425830841,10.0,0.9907588484226725,0.003213965119261349
16h,RGCC,1.0088821386529965e-08,0.9999960451452389,-1.975264310836792,4.60855770111084,0.5630850859194665,0.0
16h,DGKH,-0.009073661379688106,0.8659267244633516,-0.267501562833786,10.0,0.9869277378815081,0.002620864324185689
16h,TNFSF11,-0.004848303473227816,0.9353103059088269,-0.6245619654655457,10.0,0.9541068222621185,0.0018674660169274173
16h,EPSTI1,2.9397343833683702e-09,0.9999960427208693,-1.4032615423202515,8.635622024536133,0.8506027186458066,0.0
16h,TSC22D1,-0.011551484369068991,0.8186682550507014,-0.20694531500339508,10.0,0.9895886765837394,0.00278917671197743
16h,ITM2B,1.1478815600016045e-08,0.9999959713112833,-2.195744037628174,5.670638084411621,0.5179212618620159,0.0
16h,LPAR6,-0.0011110500047898143,0.9874629706946986,-0.9091953039169312,10.0,0.920308091818415,0.0008175173121313157
16h,RCBTB2,-0.00644381359021449,0.9134193695792774,-0.3595919907093048,10.0,0.9770133367530136,0.0022040907925109003
16h,PHF11,4.834327764582093e-09,0.9999960124770797,-0.9753744006156921,7.2376813888549805,0.7489019620415491,0.0
16h,INTS6,-1.2017228372135156e-08,0.9999960769275472,-0.8780926465988159,8.745908737182617,0.764979802513465,0.0
16h,NEK5,-0.009842639435248263,0.8513701006174516,-0.2575737535953522,10.0,0.9882822518594512,0.002965503975378302
16h,KLF5,-0.011962341139601677,0.8227836323454428,-0.4112750291824341,10.0,0.9819905745062837,0.003061682482687869
16h,LMO7,-0.0011188910494536728,0.9871576503877677,-0.7050238847732544,10.0,0.949538343164914,0.0007293536804308797
16h,NDFIP2,-2.88595009973875e-09,0.9999960549143797,-2.0010149478912354,4.779480934143066,0.475137855860477,0.0
16h,ABCC4,-0.00311455424024165,0.9582372953945968,-0.5688040256500244,10.0,0.9631876763272634,0.0008816363170043601
16h,DNAJC3,5.170205160980234e-09,0.999995989334922,-1.52340567111969,6.707298755645752,0.633656065657861,0.0
16h,RAP2A,-0.010272748229606447,0.8393817901208149,-0.1930769681930542,10.0,0.9883624006155425,0.0025006411900487303
16h,DOCK9,-0.009998922659677032,0.8471791905922501,-0.3399747908115387,10.0,0.9874406899204924,0.002725057707104386
16h,GPR18,-0.00496422662243433,0.9351879224772135,-0.3512699604034424,10.0,0.9736470889971788,0.0018514362657091562
16h,GPR183,-6.469023864589679e-09,0.999996010614045,-1.6642035245895386,5.233390808105469,0.5888048217491665,0.0
16h,TM9SF2,3.5758724078457e-09,0.9999960217932418,-1.5661433935165405,7.506933689117432,0.6010194921774814,0.0
16h,TNFSF13B,-0.004645834070273223,0.9427116613267279,-0.5036905407905579,10.0,0.9587794947422416,0.0020037189022826364
16h,IRS2,-0.010220007646606927,0.8449675689931612,-0.2651393711566925,10.0,0.9891238137984099,0.002909399846114388
16h,ATP11A,-0.00795162236280291,0.8802011675268223,-0.32084497809410095,10.0,0.9846595280841242,0.00219607591690177
16h,TRAV4,-0.0035174330523885856,0.9548869473008036,-0.3151187300682068,10.0,0.9727734675557835,0.001378558604770454
16h,TRAV6,-0.015534460491685267,0.7258384383191215,-0.1999846249818802,10.0,0.9930350730956655,0.0030696973582969994
16h,TRAV17,-0.006474212658471302,0.9164834741974099,-0.4041220247745514,10.0,0.982198961272121,0.0024926263144395997
16h,TRAV36DV7,-0.005991170798759419,0.9183689513299421,-0.28091031312942505,10.0,0.9825275711720954,0.002156001538856117
16h,TRDC,-0.00853748276958287,0.8879737713161978,-0.4165829122066498,10.0,0.9833851628622724,0.003093741985124391
16h,LRP10,4.5048160146738307e-10,0.9999959964534382,-1.5242449045181274,7.989748477935791,0.7938413695819441,0.0
16h,IRF9,-0.00020644173530537922,0.9977944182871693,-0.7863720655441284,10.0,0.9066587586560657,0.0002484611438830469
16h,REC8,-0.008608651586797935,0.8725437631185843,-0.35555315017700195,10.0,0.9850923313670172,0.0025006411900487303
16h,GZMH,-0.0005614372333250014,0.9940012612327255,-1.3871235847473145,10.0,0.8054869838420108,0.0007533983072582713
16h,GZMB,-6.8650453012019e-10,0.9999961034895708,-1.6536567211151123,6.151796817779541,0.7810416132341627,0.0
16h,COCH,-0.008828543319777596,0.8671954593251328,-0.22411927580833435,10.0,0.9867754552449346,0.002508656065657861
16h,NFKBIA,4.7605785968564085e-09,0.9999960685123099,-2.258206367492676,3.5615148544311523,0.47105026929982047,0.0
16h,LINC01588,-0.0014515375609858157,0.9829102654524343,-0.8768028616905212,10.0,0.9402330725827135,0.000865606565786099
16h,GNG2,-4.348816912861077e-10,0.9999959895982414,-0.8198025822639465,9.415464401245117,0.8434294049756348,0.0
16h,PTGER2,-0.0006489864255819995,0.9928067832892465,-0.8195423483848572,10.0,0.9134714029238267,0.0005610412926391383
16h,DDHD1,-5.502464172712074e-09,0.9999959804211058,-1.256062388420105,8.397021293640137,0.7667270453962555,0.0
16h,LGALS3,-1.015163960369813e-05,0.9998910020961292,-1.2954964637756348,10.0,0.8615189792254424,1.602975121826109e-05
16h,JKAMP,-7.916181119068754e-09,0.9999960437644907,-1.283265471458435,9.033573150634766,0.7033694537060785,0.0
16h,DHRS7,-9.18499970606996e-09,0.9999960338555549,-1.6774049997329712,6.355173110961914,0.6343854193382918,0.0
16h,AL359220.1,-0.010976160104189985,0.82743309234673,-0.1960335522890091,10.0,0.9895085278276481,0.0029735188509874325
16h,HIF1A,3.9800257117556616e-09,0.9999960536398487,-1.4974483251571655,5.5164594650268555,0.5549740318030264,0.0
16h,SYNE2,-5.993812006155708e-06,0.9999338093557569,-1.4454773664474487,10.0,0.8435335983585535,1.602975121826109e-05
16h,ZFP36L1,-1.2997745594479151e-10,0.9999960359558906,-1.5138134956359863,5.881314754486084,0.5462778917671198,0.0
16h,SUSD6,-3.2416377905096975e-05,0.9996585102809677,-0.8545289635658264,10.0,0.8870463580405232,8.014875609130546e-05
16h,PCNX1,-0.002402511617051693,0.9703175650656459,-0.5364310145378113,10.0,0.9640773275198768,0.0010018594511413182
16h,PSEN1,-0.0007622722493270596,0.9914030384190521,-0.5375446081161499,10.0,0.9297416004103616,0.00048089253654783276
16h,ABCD4,-0.00011087274607619695,0.99880624786123,-0.6887512803077698,10.0,0.8901240702744293,0.00019235701461913312
16h,NPC2,6.082277891848826e-10,0.9999959524530015,-1.2961503267288208,9.940067291259766,0.8433813157219799,0.0
16h,AREL1,-0.005369802982026626,0.9234113010525635,-0.28889477252960205,10.0,0.9779671069505002,0.0016029751218261093
16h,FOS,-0.008760489241568267,0.872344555842827,-0.5182271003723145,10.0,0.9389667222364709,0.0020678379071556808
16h,BATF,2.3227062007524893e-09,0.9999959933973238,-1.856142520904541,4.466142654418945,0.49350795075660425,0.0
16h,FLVCR2,-0.007211147992057641,0.9014883957751585,-0.46693602204322815,10.0,0.9804917927673763,0.0020918825339830724
16h,GPR65,-1.4038560558726031e-05,0.9998509707851907,-0.8941754698753357,10.0,0.8732046678635548,3.205950243652218e-05
16h,EML5,-0.00974310912445711,0.8494232309940817,-0.26359590888023376,10.0,0.9887551295203898,0.0026929982046678637
16h,RPS6KA5,-6.015666210644136e-09,0.9999960365084724,-0.9845728874206543,9.962516784667969,0.8668248268786869,0.0
16h,LGMN,-0.003035539278375695,0.9639422471804509,-0.770151674747467,10.0,0.9533694537060785,0.0014106181072069761
16h,ASB2,-0.0010581221366114059,0.9876385575477653,-0.6947441101074219,10.0,0.9491776737625032,0.0005450115414208772
16h,IFI27L2,-8.478960415317836e-09,0.999996026772304,-0.9969903230667114,8.772494316101074,0.7843677866119518,0.0
16h,SYNE3,-0.011700579097931249,0.8204194797949489,-0.547271192073822,10.0,0.9561345857912286,0.0029735188509874325
16h,BCL11B,-0.00011281023143806665,0.9987814028274766,-0.667693018913269,10.0,0.8851949217748141,0.00020037189022826366
16h,EVL,-5.5130203119582574e-09,0.9999960723567812,-1.4111518859863281,6.752514839172363,0.671229802513465,0.0
16h,WARS,6.8952805183417e-09,0.9999959913096678,-1.9314192533493042,4.442197799682617,0.5028933700948961,0.0
16h,GPR132,-0.0012567286672684574,0.9855252869924334,-0.7406882047653198,10.0,0.9505802769941011,0.000761413182867402
16h,BTBD6,-0.0054352745111657715,0.922700237215181,-0.5363504886627197,10.0,0.9769892921261862,0.0016991536291356758
16h,CRIP1,-0.0007222796546745697,0.9915537358808747,-0.6281747817993164,10.0,0.9503558604770453,0.00048089253654783276
16h,IGHM,-0.007877236515666962,0.8960420746833063,-0.37995445728302,10.0,0.9797704539625545,0.0027651320851500385
16h,ATP10A,-0.00779103822442481,0.8798633957878356,-0.36388152837753296,10.0,0.9847637214670428,0.0021479866632469866
16h,SLC12A6,-0.003298517413213864,0.9569725313494654,-0.338033527135849,10.0,0.9711063734290843,0.0011862015901513208
16h,GOLGA8A,-0.004280639318161783,0.9445427896607627,-0.47299692034721375,10.0,0.9675477686586305,0.0014506924852526288
16h,GOLGA8B,-0.0017650647983094713,0.979242996715178,-0.5034222602844238,10.0,0.9475105796358041,0.0007854578096947936
16h,RASGRP1,-0.00029536918896803146,0.9968021520750325,-0.7464770078659058,10.0,0.9231694024108745,0.00026449089510130805
16h,CHST14,-0.006644523375758646,0.9047660668142129,-0.3100062906742096,10.0,0.9816619646063093,0.001891510643754809
16h,TMEM87A,-4.374611899423313e-09,0.9999960241759539,-1.2004269361495972,7.780548572540283,0.6891510643754809,0.0
16h,TTBK2,-0.007767775536823555,0.8865217576600377,-0.2923993170261383,10.0,0.9849721082328802,0.0023082841754295974
16h,CATSPER2,-0.006498632430239641,0.9037902312631715,-0.23805464804172516,10.0,0.9831367017183893,0.0018995255193639394
16h,PATL2,-0.010536379798193728,0.8446506306880269,-0.30432575941085815,10.0,0.9884585791228521,0.002877340343677866
16h,DUOX1,-0.009740718599609668,0.8574779573876596,-0.3799428343772888,10.0,0.9852606437548089,0.00278917671197743
16h,SLC27A2,-3.768208265177958e-05,0.9995920755954978,-0.9680951833724976,10.0,0.8933220056424724,4.007437804565273e-05
16h,GABPB1-AS1,-6.283992106870302e-09,0.9999959517784822,-1.0298670530319214,8.970877647399902,0.7785089125416773,0.0
16h,SPPL2A,6.611350484031856e-09,0.9999960584561133,-1.7041666507720947,6.6670355796813965,0.6193575275711721,0.0
16h,RSL24D1,5.496281845883549e-09,0.999995938205355,-3.9026384353637695,4.743318557739258,0.46065497563477814,0.0
16h,RAB27A,-7.614918011592871e-09,0.9999960771167007,-1.7603700160980225,7.120514869689941,0.7016382405745063,0.0
16h,CCPG1,-7.364068592407139e-05,0.9992317353822131,-0.9442426562309265,10.0,0.8986438830469351,0.00014426776096434983
16h,RFX7,-0.008123072313337565,0.8757076512625802,-0.27602872252464294,10.0,0.9855091048986919,0.002228135419338292
16h,ANXA2,-2.1076326815862008e-09,0.9999959827237018,-2.2303693294525146,5.89555025100708,0.7377452551936394,0.0
16h,RORA,-3.2924753598608457e-09,0.9999960061494967,-1.4010299444198608,8.70236587524414,0.8536563862528853,0.0
16h,RPS27L,4.907118284595826e-09,0.9999959969322103,-2.2887978553771973,4.367112159729004,0.4825997050525776,0.0
16h,NPTN,-0.0008742420216480084,0.9901828889490073,-0.5685729384422302,10.0,0.9307915491151577,0.0005931007950756604
16h,SEMA7A,-4.7390970936177865e-05,0.9994903455157143,-1.0509240627288818,10.0,0.8855315465503976,4.808925365478328e-05
16h,TBC1D2B,-0.006383860362748456,0.9098164358050269,-0.3308958113193512,10.0,0.9801231084893562,0.001995704026673506
16h,CTSH,-0.0008617063182013078,0.9902842670998137,-1.2885820865631104,10.0,0.87739644780713,0.0006251602975121826
16h,BCL2A1,-3.6480196306403422e-09,0.9999959637789322,-1.6682307720184326,4.694438934326172,0.5289016414465247,0.0
16h,IL16,-1.1205349230521546e-08,0.9999960034597715,-1.5637959241867065,6.537045478820801,0.7349881379840985,0.0
16h,NMB,-0.0005550670902578915,0.9933921398559766,-0.6379793286323547,10.0,0.9085502692998204,0.00033662477558348296
16h,AKAP13,-1.0443868318397794e-09,0.9999959598747046,-1.077492356300354,9.25,0.8549547961015646,0.0
16h,ISG20,9.052492346222029e-09,0.9999960168779805,-1.4550286531448364,6.715881824493408,0.7227333931777379,0.0
16h,HAPLN3,4.250202867943888e-09,0.9999959493124471,-1.496901035308838,5.9781670570373535,0.6623974095922032,0.0
16h,IQGAP1,2.2451013172459536e-09,0.9999960004313612,-1.4658268690109253,8.155048370361328,0.8019203641959477,0.0
16h,FURIN,-4.282308653349722e-05,0.9995470239465664,-1.1208775043487549,10.0,0.8908854834572968,6.411900487304436e-05
16h,SLCO3A1,-0.003036037385336329,0.9622416515051229,-0.5133495330810547,10.0,0.9712746858168761,0.0014026032315978456
16h,CHD2,-9.88155293105503e-05,0.9989641170686947,-0.6722686290740967,10.0,0.8985076301615799,0.00017632726340087202
16h,MCTP2,-0.011756794619532905,0.8133472174324148,-0.4293523132801056,10.0,0.9782877019748654,0.002861310592459605
16h,IGF1R,-0.0059647402225339805,0.9096404860126753,-0.38748934864997864,10.0,0.982687868684278,0.001891510643754809
16h,CHSY1,-0.0017788669458962453,0.978729066678275,-0.41214993596076965,10.0,0.9540988073865093,0.0008335470633495768
16h,SELENOS,-8.547146421587697e-09,0.9999960214736907,-1.718234658241272,5.18437385559082,0.5043681072069761,0.0
16h,HBA2,-0.017012066155960872,0.5954770618745513,-0.3806886374950409,10.0,0.7803122595537317,0.0022201205437291614
16h,HBA1,-0.018360497892214174,0.48200318720115615,-0.31138870120048523,10.0,0.78364644780713,0.0018113618876635035
16h,CAPN15,-0.0014952721777552404,0.9825500574106889,-0.5152109265327454,10.0,0.940016670941267,0.0007133239292126186
16h,PIGQ,-0.002032964319985806,0.974459631215424,-0.4531179964542389,10.0,0.9502035778404719,0.0006812644267760965
16h,CLCN7,-0.001747826190314715,0.9791065604009015,-0.44701600074768066,10.0,0.9498589381892794,0.0008335470633495768
16h,MAPK8IP3,-0.010132088194969144,0.8455545161768528,-0.23316358029842377,10.0,0.9879135675814311,0.0026449089510130804
16h,NME3,-9.032421181406935e-09,0.9999959812004159,-1.0602234601974487,8.045670509338379,0.7629119646063093,0.0
16h,SPSB3,-5.444297010461683e-05,0.9994117640246154,-0.8333975076675415,10.0,0.8927930238522698,0.00012022313413695819
16h,SNHG9,-4.768223431665774e-09,0.9999960473604185,-1.0877034664154053,7.86715841293335,0.7567725698897153,0.0
16h,NPW,-0.00013768216474304635,0.9984652939608767,-0.8130794167518616,10.0,0.9338933059758913,0.00012823800974608873
16h,PKD1,-0.006643925902748275,0.9036239857726077,-0.2493731826543808,10.0,0.9811650423185432,0.0018674660169274173
16h,SNHG19,-0.0007858907944941045,0.9911904979540278,-0.46111437678337097,10.0,0.9276096434983329,0.0005289817902026161
16h,PRSS21,-0.0013672951174466162,0.9836999864174756,-0.5306558609008789,10.0,0.9508688125160297,0.0006812644267760965
16h,TNFRSF12A,-0.001307789591318744,0.9849432155206337,-0.6882487535476685,10.0,0.947751025904078,0.0007453834316491408
16h,MMP25-AS1,-0.005496360728732723,0.9254050854790112,-0.5322569012641907,10.0,0.9761236855604001,0.001803347012054373
16h,IL32,4.95291504005785e-09,0.9999960695002359,-2.6966934204101562,4.288522720336914,0.4635563606052834,0.0
16h,AC087190.1,-0.006220429631953405,0.9121450149185264,-0.2819131314754486,10.0,0.9824233777891768,0.0020598230315465502
16h,SOCS1,-3.874972312701787e-09,0.9999960234313409,-1.6657111644744873,4.7636637687683105,0.5316507437804565,0.0
16h,NPIPA1,-0.01230465396263279,0.7926523771076417,-0.26866254210472107,10.0,0.9906225955373172,0.0027651320851500385
16h,ABCC1,-0.005569689883445196,0.9232222688234073,-0.4760722815990448,10.0,0.9735589253654783,0.0015468709925621955
16h,ARL6IP1,-4.974083923238382e-09,0.9999960245001296,-1.7716788053512573,5.413264274597168,0.4821829315209028,0.0
16h,SMG1,-2.287378728958948e-06,0.9999729269321793,-0.9417898654937744,10.0,0.8337314054885868,1.602975121826109e-05
16h,NPIPB5,-0.0028943327233240694,0.963649016468219,-0.6960210204124451,10.0,0.9540507181328546,0.0010339189535778404
16h,USP31,-0.007691496568028516,0.8820854842564942,-0.25798511505126953,10.0,0.983673698384201,0.001995704026673506
16h,IL4R,5.906780637207361e-09,0.9999959795525569,-0.9052923321723938,8.596139907836914,0.775174724288279,0.0
16h,IL21R,-7.245790568325133e-09,0.9999959899272499,-0.7592030763626099,7.700700283050537,0.7423618235444986,0.0
16h,GTF3C1,-0.003186160637040463,0.9595798011321106,-0.6255936622619629,10.0,0.9603103359835855,0.001218261092587843
16h,AC133550.2,-0.004444590484126354,0.9387083370190675,-0.31182268261909485,10.0,0.9737512823800974,0.001290394973070018
16h,LAT,-3.5248630350634767e-09,0.9999960579838477,-1.9409831762313843,5.033103942871094,0.5017793023852269,0.0
16h,AC009093.2,-0.010805828352660259,0.8319917681620802,-0.37152233719825745,10.0,0.9845152603231598,0.0028132213388048217
16h,SPN,-6.665469954271106e-05,0.9992979393088683,-1.0179482698440552,10.0,0.8979065144908951,0.0001362528853552193
16h,C16orf54,-0.0023589854164607488,0.9711149555726293,-0.6913414001464844,10.0,0.9617369838420108,0.001098037958450885
16h,AC009133.1,-0.011402032808043592,0.823692497804936,-0.18222619593143463,10.0,0.989869197230059,0.0029174147217235187
16h,MVP,-1.1147082612238017e-08,0.9999960472187289,-1.3923217058181763,6.981780529022217,0.6888945883559887,0.0
16h,YPEL3,-0.0027314971726317646,0.9672971702164298,-0.540373682975769,10.0,0.9629071556809439,0.0014747371120800204
16h,SULT1A3,-0.010566263790142746,0.8240911793410833,-0.2927258312702179,10.0,0.9886829956399077,0.0025327006924852524
16h,MYLPF,-0.009682585294892654,0.8626868516098695,-0.30155763030052185,10.0,0.9862945627083868,0.0030216081046422157
16h,ITGAL,-0.00016333485594692803,0.9982702093374552,-0.9067420959472656,10.0,0.9014490895101308,0.0002484611438830469
16h,ZNF646,-0.009982569537417656,0.8417620509794914,-0.22184383869171143,10.0,0.9880578353423954,0.0026609387022313415
16h,PYCARD,-0.008302953659021391,0.8900839344892554,-0.4783293604850769,10.0,0.9788407283918954,0.0029254295973326493
16h,C16orf58,-0.0013308581043628125,0.9844406765294402,-0.6044946312904358,10.0,0.9301423441908182,0.0006091305462939215
16h,ZNF267,-9.11564408704772e-09,0.9999960112074677,-1.201449990272522,6.951638221740723,0.6946492690433445,0.0
16h,CYLD,2.6649280822600307e-09,0.9999960847680281,-1.2949943542480469,6.666530609130859,0.6780584765324442,0.0
16h,AMFR,-0.0005470624589880775,0.9940321732414751,-0.47446107864379883,10.0,0.9324586432418569,0.0004889074121569633
16h,AC092140.1,-0.0067947773316244025,0.9041523045540246,-0.2986823618412018,10.0,0.9838179661451655,0.0022361502949474225
16h,MT2A,-5.749788640762004e-09,0.9999959105372574,-1.9560123682022095,4.419681549072266,0.5983345088484227,0.0
16h,MT1E,-0.00013444051684357097,0.9985461618799859,-1.0473769903182983,10.0,0.9071797255706592,0.00015228263657348037
16h,MT1G,-0.006805197942792663,0.9104097988457902,-0.7541874647140503,10.0,0.9036611951782508,0.0025006411900487303
16h,HERPUD1,7.2792920022624e-09,0.9999960836875108,-2.1250059604644775,4.166911602020264,0.4792414721723519,0.0
16h,NLRC5,-0.00115231369751276,0.9866855312387062,-0.5777336955070496,10.0,0.9358168761220825,0.0005850859194665299
16h,CPNE2,-0.007325143225881706,0.8988729279876821,-0.3678201735019684,10.0,0.9828161066940241,0.002332328802256989
16h,CCL17,-0.017044417463117884,0.3603502884739302,-0.26544007658958435,10.0,0.8186474095922032,0.0009136958194408823
16h,ADGRG5,-0.010614407488575941,0.8513051649661898,-0.7023521661758423,10.0,0.8572310207745576,0.0032620543729161323
16h,ADGRG1,-0.017208593657237273,0.7166628317328193,-0.6676794290542603,10.0,0.7819553090536034,0.0034463965119261347
16h,PLA2G15,-0.0042572747092096234,0.9423766552902294,-0.3977678120136261,10.0,0.9683011669658886,0.0011781867145421903
16h,NFAT5,-2.0672243082989987e-05,0.9997729279589845,-0.7931723594665527,10.0,0.8652138368812516,1.602975121826109e-05
16h,PDPR,-0.004324321277759908,0.9410308281657772,-0.33065178990364075,10.0,0.9726452295460375,0.0012503205950243651
16h,MAF,-3.8758316739573926e-09,0.999996007028843,-1.8047986030578613,6.799493312835693,0.8111374711464479,0.0
16h,PLCG2,-0.008011289927051173,0.886509556132144,-0.3072781264781952,10.0,0.9859659528084124,0.002524685816876122
16h,OSGIN1,-0.009728940059988419,0.8573951806877451,-0.3597564995288849,10.0,0.9376122082585279,0.0029414593485509104
16h,GSE1,-0.009693004051540234,0.8444547557850672,-0.3473995625972748,10.0,0.9847557065914337,0.0024124775583482944
16h,IRF8,-4.370453742830903e-09,0.999996062564086,-1.3086261749267578,5.534449577331543,0.6641606822262118,0.0
16h,SLC7A5,-2.3548558193898934e-09,0.999995916424509,-1.995868444442749,5.33992862701416,0.5316106694024109,0.0
16h,CYBA,9.52536233104831e-09,0.9999960211684672,-2.5258467197418213,5.374119281768799,0.5169113875352654,0.0
16h,PIEZO1,-0.004142884883231709,0.9471965133400732,-0.5446826815605164,10.0,0.96709092074891,0.0014106181072069761
16h,CPNE7,-0.009935092572193518,0.8439759635610673,-0.43271178007125854,10.0,0.9720441138753526,0.0024926263144395997
16h,SLC43A2,-0.005438295115326694,0.9249803423932286,-0.23305834829807281,10.0,0.9792174275455245,0.001731213131572198
16h,WDR81,-0.010028381844778151,0.8437000127089536,-0.22872228920459747,10.0,0.9886268915106438,0.0027971915875865607
16h,SGSM2,-0.010604271641374088,0.8271144711202058,-0.26615169644355774,10.0,0.9884104898691972,0.002508656065657861
16h,CTNS,-0.0019540209393374597,0.9761652575132538,-0.5752444267272949,10.0,0.9510852141574763,0.0008575916901769684
16h,ATP2A3,-0.005263992637663066,0.9275720635047616,-0.48412689566612244,10.0,0.9722605155167992,0.0016911387535265452
16h,ZZEF1,-0.004779852144637511,0.934330796678891,-0.34464219212532043,10.0,0.9751859451141318,0.0015789304949987177
16h,CYB5D2,-0.002524100113328079,0.9681796425678304,-0.41606295108795166,10.0,0.9572887278789434,0.0010499487047961017
16h,ENO3,-0.006211950434175365,0.9091857530003383,-0.2697794437408447,10.0,0.9820546935111567,0.001891510643754809
16h,XAF1,-0.0035019526404152525,0.9570505070558368,-0.8358076810836792,10.0,0.9074842908438061,0.001554885868171326
16h,RNASEK,-0.0035165090897686336,0.9558271134394432,-0.38594716787338257,10.0,0.9707937932803283,0.0013705437291613234
16h,ACADVL,1.417035767913917e-09,0.9999960089374175,-1.5797820091247559,8.2417631149292,0.7368716337522442,0.0
16h,NEURL4,-0.007312230152780466,0.8888321734679784,-0.25199082493782043,10.0,0.9845793793280329,0.002212105668120031
16h,ACAP1,8.883177801107153e-10,0.9999960132303118,-1.2383617162704468,9.150267601013184,0.8097108232880226,0.0
16h,TNK1,-0.006068238850770039,0.9090759211241765,-0.33075660467147827,10.0,0.9812532059502437,0.0016109899974352398
16h,SENP3,-0.004202708012320982,0.9431965675319429,-0.30134978890419006,10.0,0.971635355219287,0.0013224544755065402
16h,CD68,-0.005001928449496684,0.9329694523060063,-0.6016817688941956,10.0,0.9672271736342652,0.0017231982559630674
16h,KDM6B,-1.0572241722749828e-09,0.999995927573257,-0.9180976748466492,8.574969291687012,0.8227590407796871,0.0
16h,TMEM88,-0.010415971093538434,0.8494282398626918,-0.3225667178630829,10.0,0.9792895614260066,0.0030696973582969994
16h,HS3ST3B1,-0.0006127802034028841,0.9932019846072031,-0.5723347067832947,10.0,0.940201013080277,0.0005209669145934855
16h,TRPV2,-0.0015046751771842018,0.9827334517961681,-0.7746206521987915,10.0,0.9397441651705566,0.0009217106950500128
16h,CCDC144A,-0.005199044462604727,0.9279185326496888,-0.31927141547203064,10.0,0.9750897666068222,0.0014587073608617594
16h,MPRIP,-0.002579681964172958,0.9679446719506233,-0.48040321469306946,10.0,0.9630113490638625,0.001098037958450885
16h,FLCN,-0.001929873575043926,0.9764286014126832,-0.3330613672733307,10.0,0.9550044883303411,0.000777442934085663
16h,SMCR5,-0.0064327700389886526,0.9076464301611055,-0.3106464147567749,10.0,0.9821508720184663,0.0019876891510643754
16h,LGALS9,-0.002099989746439515,0.9754815359453356,-0.49750369787216187,10.0,0.9633640035906643,0.0011381123364965376
16h,SGK494,-0.0025954348653271626,0.9677956162177175,-0.3662991225719452,10.0,0.959789369068992,0.0009778148243139266
16h,NEK8,-0.0030261552683024007,0.9600145911897311,-0.327945351600647,10.0,0.9675076942805848,0.0009858296999230571
16h,CPD,-0.0014596969749079598,0.9831668585177563,-0.5256342887878418,10.0,0.9389987817389074,0.0007453834316491408
16h,EVI2B,-0.00014538062138187108,0.9984439279283593,-0.9043771624565125,10.0,0.8998541292639138,0.00016831238779174148
16h,EVI2A,-2.5403529452425736e-09,0.9999959973972701,-1.219240427017212,9.893914222717285,0.7617017183893307,0.0
16h,AC116407.2,-0.00715024201961895,0.9034417525308985,-0.3575216829776764,10.0,0.9828481661964606,0.0023884329315209027
16h,SLFN5,-0.0007717652810255987,0.9914139557037992,-0.8769662380218506,10.0,0.9208531033598358,0.000601115670684791
16h,CCL5,1.8718558314322273e-09,0.9999959728438438,-1.6613788604736328,9.276456832885742,0.8167078096947935,0.0
16h,CCL3,2.573250749526099e-09,0.9999959860853861,-1.686037540435791,7.3494110107421875,0.7982094767889203,0.0
16h,CCL4,4.041980553457126e-09,0.9999960732274598,-1.7429405450820923,7.346802234649658,0.7862673121313157,0.0
16h,CCL3L1,-0.01308950676830016,0.8147728021680986,-0.5813927054405212,10.0,0.8640436650423186,0.0035105155167991795
16h,CCL4L2,-0.0038255843868434964,0.9569627148173847,-0.9396296739578247,10.0,0.8527587201846627,0.0029414593485509104
16h,MLLT6,-6.570999019605613e-06,0.9999284967949992,-0.9205600619316101,10.0,0.8670011541420877,1.602975121826109e-05
16h,PGAP3,-0.010093509536526742,0.8433625451569693,-0.17142513394355774,10.0,0.9892360220569377,0.002877340343677866
16h,IKZF3,-2.999170815594118e-08,0.9999956504637894,-1.0885194540023804,10.0,0.8472685303924083,8.014875609130546e-06
16h,TOP2A,-0.0061731857433057705,0.9056171143671919,-0.9949227571487427,10.0,0.8705437291613234,0.0017071685047448063
16h,IGFBP4,-0.0005532268442943975,0.9937267148447977,-0.5447224378585815,10.0,0.9436474095922032,0.0003125801487560913
16h,CCR7,4.293929482020649e-09,0.9999959518063836,-2.1411664485931396,4.250204086303711,0.5253831110541164,0.0
16h,STAT5A,7.669005464982739e-09,0.9999960144488012,-1.2370781898498535,7.227404594421387,0.6696508720184663,0.0
16h,ATP6V0A1,-0.004309095976644089,0.9433054668230397,-0.34202662110328674,10.0,0.9715952808412414,0.0013865734803795845
16h,RETREG3,-0.001377325528512542,0.9841270987787314,-0.5828281044960022,10.0,0.9473422672480123,0.0007694280584765325
16h,EZH1,-0.0018752894618864467,0.9769969862002268,-0.5737501978874207,10.0,0.9496345216722236,0.0007533983072582713
16h,IFI35,4.102362626398873e-09,0.999996000243975,-1.1389185190200806,6.171454906463623,0.7034335727109515,0.0
16h,TMUB2,-0.00015960207899779686,0.9983051385372218,-0.7588329315185547,10.0,0.9059213901000257,0.00020037189022826366
16h,GRN,-0.0005178288980368588,0.9943108730597506,-0.8416418433189392,10.0,0.9150583482944344,0.0004488330341113106
16h,AC008105.3,-0.0007031324040793341,0.9922147128531166,-0.5473634600639343,10.0,0.9280584765324442,0.00044081815850218007
16h,KANSL1,5.419172046103671e-09,0.9999960143751158,-0.9961429238319397,7.979581832885742,0.7413920235957938,0.0
16h,FAM215B,-0.001291826177807722,0.9844322416181801,-0.5074817538261414,10.0,0.9486326622210823,0.0006091305462939215
16h,TBKBP1,-0.000705427573298714,0.9920361718719226,-0.42525938153266907,10.0,0.9273050782251859,0.00045684790972044115
16h,TBX21,1.8117819671085507e-09,0.999995991169452,-1.148097038269043,7.229456901550293,0.7381780584765324,0.0
16h,PPP1R9B,-0.0036592299066267567,0.9519256811636557,-0.32015344500541687,10.0,0.9680927802000513,0.001218261092587843
16h,XYLT2,-0.0014343230974833976,0.983330677382741,-0.43225547671318054,10.0,0.9391831238779175,0.000689279302385227
16h,MBTD1,-0.008030838092715485,0.8810294055780856,-0.25943076610565186,10.0,0.9856373429084381,0.0024926263144395997
16h,DGKE,-0.00013276934796893145,0.9986058808211731,-0.7727323770523071,10.0,0.8991808797127468,0.00024044626827391638
16h,MSI2,-0.0003366057970943266,0.9963760382976022,-0.6596215963363647,10.0,0.9139042062067196,0.00033662477558348296
16h,AC004687.1,-1.0525284451815078e-08,0.9999958892440365,-1.7060573101043701,6.115041255950928,0.5572262118491921,0.0
16h,YPEL2,-0.010706707909430423,0.8429932911508422,-0.40388283133506775,10.0,0.9698079635804052,0.003061682482687869
16h,VMP1,-5.651528275370993e-09,0.9999959494243482,-2.012528419494629,5.422194957733154,0.5048409848679148,0.0
16h,USP32,-0.004378773866441629,0.9406703204290642,-0.36990079283714294,10.0,0.9744646063093101,0.001554885868171326
16h,BCAS3,-0.012829737965902898,0.7998805465453188,-0.2693285048007965,10.0,0.9906306104129264,0.002965503975378302
16h,MED13,-0.0016598864396994398,0.9803953099344442,-0.4714789390563965,10.0,0.9475586688894588,0.0007533983072582713
16h,MAP3K3,-0.009563103056350056,0.8559773216217224,-0.2939113974571228,10.0,0.9857255065401385,0.0023964478071300333
16h,CD79B,-4.983161081362581e-05,0.9994774720208088,-1.187386393547058,10.0,0.8718741985124391,0.00012022313413695819
16h,SNHG25,-4.920435849138638e-09,0.9999960129146646,-1.1974323987960815,7.865044116973877,0.7638577199281867,0.0
16h,SLC16A6,-0.006693072602191451,0.9023806694428015,-0.3541666269302368,10.0,0.9813573993331624,0.0018273916388817646
16h,ABCA5,-0.0020187905459821457,0.975628935845149,-0.5347510576248169,10.0,0.9557178122595538,0.0008575916901769684
16h,FBF1,-0.0071981417128923015,0.8929019809159762,-0.28064265847206116,10.0,0.9837859066427289,0.0020357784047191586
16h,GALR2,-3.482491239470625e-05,0.9996344590754079,-1.2420846223831177,10.0,0.8776769684534496,7.213388048217492e-05
16h,UBALD2,-5.750628397853773e-10,0.9999960015314306,-0.9968507885932922,8.595063209533691,0.7238154013849705,0.0
16h,TMC6,-0.00024148272139954427,0.9974197220030167,-0.94146728515625,10.0,0.9077167222364709,0.0003205950243652218
16h,SOCS3,9.614380225696857e-09,0.9999959373083678,-1.3419886827468872,5.767904281616211,0.6892953321364452,0.0
16h,CYTH1,2.6986021075563024e-09,0.9999960113103001,-0.9358771443367004,9.409652709960938,0.8341642087714799,0.0
16h,SGSH,-0.012574197252154123,0.7920636735419126,-0.3087719976902008,10.0,0.990366119517825,0.002965503975378302
16h,SLC26A11,-0.009726726503024424,0.8589867169445692,-0.5003026127815247,10.0,0.9809326109258785,0.002757117209540908
16h,RNF213,2.6881242573994446e-09,0.9999960075571431,-1.8391735553741455,7.162604331970215,0.682410553988202,0.0
16h,SLC38A10,-5.340790388178207e-05,0.9994468187785717,-0.9744452834129333,10.0,0.884393434213901,0.00014426776096434983
16h,ACTG1,-4.4712415182093456e-09,0.9999959829774587,-4.3498454093933105,3.5895183086395264,0.4248044370351372,0.0
16h,P4HB,9.208375085955369e-09,0.9999960178442359,-2.1323540210723877,5.050955295562744,0.46773211079764043,0.0
16h,RFNG,-0.00636657401425918,0.9053593755740496,-0.32911431789398193,10.0,0.9819104257501924,0.0018354065144908951
16h,SLC16A3,-2.0097408850356e-05,0.9997885394323013,-1.3607410192489624,10.0,0.867449987176199,3.205950243652218e-05
16h,CD7,4.1826270354646356e-10,0.9999959885691175,-2.3513405323028564,4.302541732788086,0.4928427160810464,0.0
16h,CYBC1,-9.905617853994039e-10,0.9999959403825018,-1.2787928581237793,8.082500457763672,0.7156322133880482,0.0
16h,NARF,-8.396891756191043e-10,0.9999959278351963,-0.7873837351799011,9.037307739257812,0.8046293921518338,0.0
16h,METRNL,-0.008138954914980335,0.8879834724875595,-0.416675865650177,10.0,0.9580982303154655,0.002701013080276994
16h,TYMS,-0.006369079481486943,0.9097033625238349,-1.6815212965011597,10.0,0.6592155039753783,0.0019476147730187227
16h,TGIF1,6.258990158167095e-09,0.9999960655538745,-1.2114253044128418,6.358874320983887,0.717523724031803,0.0
16h,ANKRD12,-4.458074920762644e-09,0.9999960039205434,-2.0167453289031982,5.693263053894043,0.5473518850987432,0.0
16h,TWSG1,-0.003117474064466308,0.9606088770310983,-0.565827488899231,10.0,0.9655841241343934,0.001290394973070018
16h,ABHD3,-6.494681920764678e-07,0.9999894640156288,-1.1488618850708008,10.0,0.8364083739420364,8.014875609130546e-06
16h,MIB1,-0.0057862888350964006,0.9217379789786052,-0.44353926181793213,10.0,0.9768690689920493,0.0018594511413182867
16h,NPC1,-0.004981742440536076,0.9320212323313478,-0.49291113018989563,10.0,0.9719960246216979,0.0014426776096434983
16h,RNF125,-0.0010558310101274953,0.9877992505373062,-0.6114034652709961,10.0,0.9504039497307002,0.0006091305462939215
16h,SEC11C,-7.779399174943619e-09,0.9999959636785535,-2.1963400840759277,4.496121406555176,0.47040907925109005,0.0
16h,PMAIP1,-1.0294764269350652e-08,0.9999960697841394,-1.7411330938339233,5.587756633758545,0.519892921261862,0.0
16h,KIAA1468,-0.004729467254297534,0.9339053180070335,-0.391832172870636,10.0,0.9748733649653757,0.0014266478584252372
16h,BCL2,4.830658295191586e-09,0.9999960777042992,-1.1783723831176758,8.800102233886719,0.7860108361118235,0.0
16h,CD226,-1.463927185623995e-09,0.9999960090261935,-1.3262323141098022,8.254802703857422,0.7886477301872274,0.0
16h,RTTN,-0.008807696655923397,0.8626775968550765,-0.3237404227256775,10.0,0.985941908181585,0.002172031290074378
16h,TRIB3,-3.2243152230688137e-09,0.999996035708588,-0.7593410611152649,7.82368278503418,0.7742930879712747,0.0
16h,DDRGK1,1.6707563169727252e-09,0.9999960101008224,-1.7815934419631958,7.345908164978027,0.6367978968966401,0.0
16h,RNF24,-0.0008141539238964665,0.9905925010876625,-0.7166236042976379,10.0,0.9405376378558605,0.0004488330341113106
16h,PRNP,-5.219248858013985e-09,0.9999959955200283,-1.7287821769714355,7.811972141265869,0.6181312516029751,0.0
16h,RRBP1,-4.484445820113005e-05,0.9995101794112651,-0.8761517405509949,10.0,0.8829667863554758,6.411900487304436e-05
16h,CST7,-1.05596819368179e-10,0.9999959471601346,-1.6357760429382324,7.715862274169922,0.799732303154655,0.0
16h,APMAP,6.57591329951222e-09,0.9999959815468047,-1.2751682996749878,6.829382419586182,0.6233008463708644,0.0
16h,MAP1LC3A,-0.0011424926884040574,0.9869553662713257,-0.6401961445808411,10.0,0.9413311105411644,0.000761413182867402
16h,SAMHD1,-2.8673356514071525e-09,0.9999961128566325,-1.3065606355667114,7.925334930419922,0.8204587714798667,0.0
16h,RPN2,-8.948483585312345e-09,0.9999960933480675,-2.2091739177703857,5.37764310836792,0.47557867401897924,0.0
16h,PPP1R16B,-0.0017002400878782125,0.9797332924619532,-0.62040114402771,10.0,0.951069184406258,0.0007694280584765325
16h,PABPC1L,-0.008267110398873536,0.8705713557722956,-0.2783561050891876,10.0,0.9847957809694794,0.002027763529110028
16h,SDC4,-3.8228390122856126e-05,0.9995788020030916,-1.0610957145690918,10.0,0.8723310464221595,4.007437804565273e-05
16h,UBE2C,-0.0038085959585359166,0.9438107235304838,-2.256343364715576,10.0,0.7143418184149782,0.0007934726853039241
16h,CTSA,-6.2824637638885074e-09,0.9999960443830371,-1.4280377626419067,8.571155548095703,0.7345072454475506,0.0
16h,NCOA3,-2.1353393072220845e-07,0.9999939536781433,-0.8477376699447632,10.0,0.8347973839446012,8.014875609130546e-06
16h,SULF2,-0.0013265575429915661,0.9844813533796383,-0.67875736951828,10.0,0.9450179533213644,0.0006812644267760965
16h,PREX1,-0.0023691215800009644,0.9711595465752312,-0.5732434988021851,10.0,0.9606549756347782,0.0009938445755321877
16h,ZFAS1,2.2906341896373858e-09,0.9999959962097668,-1.9709542989730835,6.805992126464844,0.4830485380866889,0.0
16h,SLC9A8,-0.006779136146012327,0.9037881706494397,-0.37499719858169556,10.0,0.9809165811746602,0.0019716593998461143
16h,CEBPB,-5.990467912321741e-09,0.9999960198447877,-1.1895257234573364,6.772822856903076,0.6732255065401385,0.0
16h,PTPN1,-7.713616075136091e-10,0.9999959620874117,-1.0439605712890625,7.524047374725342,0.6969254937163375,0.0
16h,NFATC2,-0.0007082605037559902,0.9919950733878892,-0.6451917290687561,10.0,0.927802000512952,0.0004728776609387022
16h,TSHZ2,2.726899779077584e-09,0.999995974676527,-1.0734199285507202,7.813355445861816,0.7741568350859195,0.0
16h,DOK5,-0.018732491308345093,0.6642059077091337,-0.21413961052894592,10.0,0.9928587458322646,0.0031177866119517826
16h,NPEPL1,-0.012441124345761731,0.7958856942819962,-0.32508355379104614,10.0,0.9890196204154912,0.003045652731469608
16h,TAF4,-0.006980218712427845,0.8970292057084853,-0.2555433511734009,10.0,0.9821428571428571,0.001891510643754809
16h,HELZ2,-0.010028306938681217,0.8614878413345171,-0.703545331954956,10.0,0.8696620928443191,0.003254039497307002
16h,GZMM,-1.1951770470917296e-08,0.9999960453391833,-1.2792646884918213,8.387772560119629,0.7082424980764298,0.0
16h,BSG,2.558572048252048e-09,0.9999960102446206,-2.3633334636688232,5.282896995544434,0.46010194921774816,0.0
16h,ARID3A,-0.003632699704055908,0.9517298698712239,-0.39923644065856934,10.0,0.9704731982559631,0.001234290843806104
16h,GPX4,-7.718364140745521e-09,0.9999960199043918,-1.7948696613311768,4.449753761291504,0.4822470505257758,0.0
16h,STK11,-0.004038318711371553,0.9452924310371007,-0.3838934004306793,10.0,0.9685255834829444,0.0011862015901513208
16h,AC012615.1,-0.006156848007206387,0.9128882288275183,-0.2573533356189728,10.0,0.9812211464478071,0.00190754039497307
16h,IZUMO4,-0.0066470640553838506,0.9139843499676696,-0.6505113244056702,10.0,0.976981277250577,0.0025166709412669914
16h,DOT1L,-0.0023765563204964308,0.9706190409187558,-0.4025397002696991,10.0,0.9569200436009233,0.0009617850730956655
16h,SPPL2B,-0.003999351475238045,0.9462359017506201,-0.3749145269393921,10.0,0.9721963965119261,0.0013304693511156707
16h,GADD45B,1.096305589981472e-09,0.9999959383375814,-1.4528552293777466,6.728567123413086,0.6301295203898436,0.0
16h,GNA15,-0.00014399078675665384,0.9984163614498484,-1.1370495557785034,10.0,0.8842812259553732,0.00014426776096434983
16h,S1PR4,-7.855811134530979e-06,0.9999134548388983,-1.2669167518615723,10.0,0.8152090279558861,8.014875609130546e-06
16h,EBI3,-0.007361680647024597,0.898655495501591,-0.6606783866882324,10.0,0.9709861502949474,0.0022201205437291614
16h,MYDGF,1.2308142675240805e-09,0.9999960177889258,-2.351227045059204,5.043303489685059,0.46155264170300075,0.0
16h,PRR22,-0.004100793104019961,0.9417377696507528,-0.2979053258895874,10.0,0.9740798922800719,0.001234290843806104
16h,CD70,-0.004446281622890935,0.9444984635469108,-0.9314482808113098,10.0,0.8798570146191331,0.0020197486535008975
16h,TNFSF14,-5.666186077686096e-09,0.9999959308928049,-2.1896984577178955,6.501974105834961,0.6084332521159271,0.0
16h,GPR108,-3.0637991250919323e-09,0.9999959818470588,-1.1371568441390991,7.448577880859375,0.6934630674531931,0.0
16h,MYO1F,-0.0073024319973026145,0.9028610197841562,-0.7592480182647705,10.0,0.8974656963323929,0.0027651320851500385
16h,ZNF699,-0.010477656011436541,0.8376067111225687,-0.31512075662612915,10.0,0.9874567196717107,0.002596819697358297
16h,OLFM2,-0.013595194137962844,0.7779336346641651,-0.25466105341911316,10.0,0.9867193511156707,0.0029013849705052577
16h,C19orf66,-2.6109472521950755e-09,0.9999959568772714,-1.1389617919921875,9.569146156311035,0.8274076686329828,0.0
16h,ICAM1,-3.560541369094188e-05,0.9996243567789238,-1.2669365406036377,10.0,0.8857239035650166,5.6104129263913826e-05
16h,ICAM3,1.0417847765952866e-09,0.9999960158222624,-1.4555224180221558,8.047750473022461,0.7435880995126956,0.0
16h,LDLR,-7.920521427319281e-05,0.9991660279196639,-0.867962121963501,10.0,0.8861486919723006,0.00015228263657348037
16h,TMEM205,-3.726633196896925e-09,0.9999960819981504,-1.080877661705017,7.823891639709473,0.7183813157219799,0.0
16h,PRKCSH,1.5854183812863373e-09,0.999996009278024,-1.166428565979004,8.793966293334961,0.7559470377019749,0.0
16h,ACP5,-0.003585140201174512,0.9548993165100146,-0.6477661728858948,10.0,0.9713147601949218,0.0014186329828161067
16h,JUNB,-4.057944910647919e-09,0.9999959897520487,-2.022519588470459,4.305975437164307,0.49749134393434213,0.0
16h,CALR,7.2575077005054344e-09,0.9999959977826849,-3.1152281761169434,4.636856555938721,0.4568559245960503,0.0
16h,AC092069.1,-0.0005795208390128077,0.9937411864307976,-0.6015661954879761,10.0,0.9262310848935624,0.0005850859194665299
16h,IER2,-7.59903694590179e-09,0.9999960248590758,-1.3990237712860107,7.01476526260376,0.5843004616568351,0.0
16h,AC020916.1,-0.004162260096373214,0.946246555807204,-0.6528356075286865,10.0,0.9694553090536034,0.001538856116953065
16h,IL27RA,1.081113031636196e-08,0.9999959461583565,-1.8935176134109497,5.767197132110596,0.5272105026929982,0.0
16h,ADGRE5,1.979121586116077e-09,0.9999960241575772,-1.0322209596633911,9.108945846557617,0.7635210951526032,0.0
16h,TPM4,2.1998858364037157e-09,0.9999960120857063,-2.001239061355591,5.387101650238037,0.6293039882021031,0.0
16h,AC008764.8,-0.011902896111402323,0.8117379655810135,-0.24133656919002533,10.0,0.9902619261349064,0.0030055783534239547
16h,MYO9B,-0.0013919994203090977,0.983656356338576,-0.5251672863960266,10.0,0.9452583995896384,0.0006972941779943575
16h,BST2,-9.183025574516681e-09,0.99999598293314,-2.0403659343719482,5.43670654296875,0.5458691331110541,0.0
16h,IL12RB1,-0.0011582430447721133,0.9866252141517322,-0.7195461988449097,10.0,0.9324265837394203,0.0005770710438573993
16h,PBX4,-0.002985050420939241,0.9632935910216749,-0.5412610769271851,10.0,0.968501538856117,0.0013304693511156707
16h,LPAR2,-0.0013590329184267832,0.9841146431851067,-0.532982349395752,10.0,0.9494261349063863,0.0006652346755578354
16h,ZNF493,-0.0013799407748349257,0.983826385576173,-0.418362021446228,10.0,0.9455709797383944,0.0006812644267760965
16h,KIAA0355,-0.0031102433157770646,0.9606587267502784,-0.299621045589447,10.0,0.9676599769171582,0.0010900230828417544
16h,GRAMD1A,-1.905575911706745e-09,0.9999959611443944,-1.5803396701812744,7.7228546142578125,0.7120014747371121,0.0
16h,FXYD5,9.247759775474924e-10,0.9999959436871179,-2.9430370330810547,4.613258361816406,0.4577295460374455,0.0
16h,LSR,-0.0001398541953911043,0.9984949533716106,-0.7909165024757385,10.0,0.9023708002051808,0.00021640164144652474
16h,ZBTB32,3.020304717620431e-09,0.9999960974197201,-1.6164813041687012,9.685449600219727,0.8453850346242626,0.0
16h,IGFLR1,-0.0006352649440100981,0.9930965000151599,-0.9896230101585388,10.0,0.9349031803026417,0.0005610412926391383
16h,PSENEN,3.839789214182346e-09,0.9999959943544233,-1.535115361213684,6.401742458343506,0.5522890484739676,0.0
16h,NFKBID,2.0071366004932518e-10,0.9999960298229733,-1.0313208103179932,7.145068168640137,0.7710069889715312,0.0
16h,HCST,2.0846134951887645e-09,0.9999959293805114,-1.6428295373916626,7.1163835525512695,0.6433941395229547,0.0
16h,SPINT2,-5.759632372074966e-10,0.9999959884513165,-1.0687741041183472,8.658141136169434,0.7908197614773018,0.0
16h,ACTN4,5.869452865943829e-10,0.9999959918499595,-1.273266077041626,8.683432579040527,0.7654206206719671,0.0
16h,GMFG,-4.285385437975528e-09,0.9999960224437427,-1.8907959461212158,4.604856967926025,0.48665523211079764,0.0
16h,ZFP36,1.499804348994054e-10,0.9999959950141598,-1.1230742931365967,8.709166526794434,0.743371697871249,0.0
16h,CLC,-0.018049402137576102,0.634151777377573,-0.1365649402141571,10.0,0.9948624647345473,0.0025727750705309056
16h,LINC01480,-6.296195931435484e-05,0.9993144350497604,-0.9715027213096619,10.0,0.8952215311618363,7.213388048217492e-05
16h,RABAC1,-2.9233150328065078e-09,0.9999959903699907,-1.8606903553009033,5.875482559204102,0.5282844960246217,0.0
16h,ETHE1,-1.4069729082463832e-09,0.999995953650393,-1.3705601692199707,7.529145240783691,0.7212907155680944,0.0
16h,PLAUR,-0.005738515145584602,0.9234108913033816,-0.5107384920120239,10.0,0.9609916004103616,0.0017231982559630674
16h,KCNN4,2.4430754423278167e-09,0.9999960526567909,-1.6547294855117798,7.48565149307251,0.7388352782764811,0.0
16h,PTGIR,-0.0003747705754128417,0.995936529714281,-0.6942899227142334,10.0,0.931360605283406,0.00035265452680174403
16h,GNG8,-0.00014587177073878952,0.9984599030217707,-0.7738601565361023,10.0,0.9315850218004617,0.00024044626827391638
16h,SLC1A5,7.962835901810279e-09,0.9999960419167675,-2.2290444374084473,4.75700044631958,0.4863586817132598,0.0
16h,ZC3H4,-7.440811121049494e-05,0.9992287544331261,-0.4986740052700043,10.0,0.8989244036932547,0.0001602975121826109
16h,BBC3,-0.0009040111431128776,0.9893808557553103,-0.5268054604530334,10.0,0.9558460502692998,0.0005610412926391383
16h,EMP3,-3.158686290442146e-09,0.9999959777296417,-2.914194345474243,4.216604709625244,0.4495543729161323,0.0
16h,PPP1R15A,-8.55827621429511e-09,0.9999960462734582,-1.277605652809143,6.456832408905029,0.5917783406001539,0.0
16h,NUCB1,1.004380978899163e-08,0.9999960390366499,-1.4163861274719238,7.239224910736084,0.6889907668632983,0.0
16h,FLT3LG,2.1573508238165743e-09,0.9999959764670584,-1.1447117328643799,8.848478317260742,0.7897778276481149,0.0
16h,IL4I1,-8.557759720955435e-06,0.9999080624114565,-1.7659493684768677,10.0,0.8177256988971531,1.602975121826109e-05
16h,NAPSA,-0.006612056003992259,0.9113147376729211,-0.5684700012207031,10.0,0.9401128494485765,0.0020998974095922033
16h,NKG7,3.750969524327404e-09,0.9999959647363762,-1.6540175676345825,8.602472305297852,0.8174772377532701,0.0
16h,SPACA6,-0.008558804733966766,0.8717560059414555,-0.1867060512304306,10.0,0.987472749422929,0.0025327006924852524
16h,MYADM,-0.004704001525888459,0.9401988278782346,-0.6869539022445679,10.0,0.9641254167735317,0.0019476147730187227
16h,MBOAT7,-2.2426945910924837e-09,0.999995992096453,-1.5094422101974487,8.874151229858398,0.781121761990254,0.0
16h,LILRB3,-0.011792012598637975,0.8038884160143094,-0.23166947066783905,10.0,0.9900855988715055,0.0029414593485509104
16h,LENG8,-0.0011468476320373978,0.987005725429682,-0.6590262651443481,10.0,0.9350634778148244,0.0006652346755578354
16h,LAIR2,-0.008977072594075012,0.8772994736077881,-0.6389363408088684,10.0,0.9646223390612978,0.0029735188509874325
16h,AC005261.1,-0.002050137480128806,0.9753094129280713,-0.36655962467193604,10.0,0.9570482816106693,0.0008736214413952295
16h,RPS4Y1,3.440293258217321e-09,0.9999959886428931,-3.398848056793213,5.334187030792236,0.48612625032059503,0.0
16h,USP9Y,-0.010873744071291562,0.8307499357791565,-0.3333342969417572,10.0,0.7358617594254937,0.002909399846114388
16h,UTY,-0.0055952980550355216,0.9210259652098406,-0.4337120056152344,10.0,0.7245527699410105,0.001787317260836112
16h,IL17RA,-0.0015408931950106738,0.9817557433606722,-0.5653301477432251,10.0,0.9496906258014876,0.000777442934085663
16h,MICAL3,-0.006188521623981244,0.914386649874341,-0.40572822093963623,10.0,0.9793055911772249,0.0018674660169274173
16h,USP18,-0.006726945026603208,0.9147110135079191,-0.5627561807632446,10.0,0.9404655039753783,0.00263689407540395
16h,LINC01311,-0.007206846157342786,0.8950615577654474,-0.22416023910045624,10.0,0.9841626057963581,0.0022361502949474225
16h,CLDN5,-0.019974517867195493,0.6185163447776281,-0.29437288641929626,10.0,0.9765324442164658,0.002949474224160041
16h,ZDHHC8,-0.006069462986180803,0.9132029148277775,-0.37257304787635803,10.0,0.9778308540651449,0.0016190048730443704
16h,PI4KA,-0.004416174278802065,0.9386133520562305,-0.33829617500305176,10.0,0.9745527699410105,0.0013705437291613234
16h,SDF2L1,2.105422541960244e-09,0.9999960289220274,-2.0876712799072266,4.6036224365234375,0.4889234419081816,0.0
16h,AC245060.5,-0.00826929264889234,0.8763001410176681,-0.30391621589660645,10.0,0.9855171197743011,0.002156001538856117
16h,SPECC1L,-0.004509914774797851,0.9370736039737381,-0.30455851554870605,10.0,0.9768049499871762,0.001482751987689151
16h,GGT1,-0.0027457835068635523,0.966521388439499,-0.6222581267356873,10.0,0.9529847396768402,0.0011862015901513208
16h,MIAT,-0.005737285638301653,0.9265520619283979,-0.9444458484649658,10.0,0.8658710566812003,0.002364388304693511
16h,XBP1,-5.7345641181989e-09,0.9999959868327633,-2.1759440898895264,4.237335681915283,0.48455533470120543,0.0
16h,Z93930.2,-0.0019004502767891887,0.9762852734821903,-0.3363536596298218,10.0,0.957705501410618,0.0007453834316491408
16h,LIF,-0.0008805586780064948,0.9900887903512462,-1.3446156978607178,10.0,0.8774685816876122,0.0006572197999487048
16h,OSM,-0.0003428474271253301,0.9961974070163088,-1.0176149606704712,10.0,0.9042462810977173,0.0003205950243652218
16h,SELENOM,8.301757537373123e-11,0.9999960401501851,-0.8565775156021118,8.545077323913574,0.781923249551167,0.0
16h,PIK3IP1,-0.0008029455535500094,0.9911023604924747,-0.9957152009010315,10.0,0.9429100410361632,0.0005610412926391383
16h,HMOX1,-0.010591588025387079,0.8449567848004863,-0.46871039271354675,10.0,0.9238346370864324,0.0027170428314952553
16h,APOL6,-1.7385160736851498e-09,0.9999960544988364,-1.0798403024673462,9.698174476623535,0.8143193767632726,0.0
16h,APOL2,3.0486269984494933e-09,0.9999959397567062,-1.1622158288955688,6.194423675537109,0.6337602590407797,0.0
16h,APOL1,8.314782975728342e-10,0.9999959462334653,-0.9188722372055054,9.49174690246582,0.8716417671197743,0.0
16h,IL2RB,4.803278647071752e-09,0.9999959641510596,-1.7707899808883667,7.9069061279296875,0.7478279687099256,0.0
16h,CYTH4,-0.004429684767128076,0.943132284888783,-0.5714311599731445,10.0,0.961809117722493,0.0017151833803539368
16h,LGALS1,-1.2686099327281266e-09,0.9999960139572934,-1.3824232816696167,8.137621879577637,0.815754039497307,0.0
16h,PLA2G6,-0.011173224326418525,0.8263230179880858,-0.31022366881370544,10.0,0.9899493459861503,0.002861310592459605
16h,SUN2,-0.0014525184897222947,0.9832623424123872,-0.9215775728225708,10.0,0.9518466273403436,0.0008976660682226212
16h,CBX6,-1.3629636315584005e-08,0.9999959950065657,-1.5689014196395874,4.772146224975586,0.5010579635804052,0.0
16h,APOBEC3C,1.9000886192305953e-09,0.9999960617762396,-1.187792181968689,7.644054889678955,0.7735637342908438,0.0
16h,APOBEC3G,-4.50567114438229e-09,0.9999959304676292,-1.5562899112701416,7.213878631591797,0.791749487047961,0.0
16h,TNRC6B,-3.1793116949924785e-09,0.9999959432343467,-0.6867859959602356,8.815189361572266,0.7986342651962042,0.0
16h,AL022238.2,-0.00343556862615759,0.9549834897687148,-0.35870176553726196,10.0,0.9714349833290588,0.001218261092587843
16h,CRELD2,3.4740936467690366e-11,0.9999960184914111,-1.5665974617004395,6.289916515350342,0.6433220056424724,0.0
16h,PIM3,4.740617844077045e-09,0.9999960023228186,-2.1841650009155273,3.7166686058044434,0.48342523724031805,0.0
16h,TUBGCP6,-0.00521302274730319,0.9294276157228877,-0.3939964473247528,10.0,0.9740478327776353,0.0015067966145165426
16h,HDAC10,-0.0021175110637734374,0.9743027450405807,-0.5120924711227417,10.0,0.9529927545524494,0.0009217106950500128
16h,MAPK11,-0.009350105247708898,0.8671010878561854,-0.37761133909225464,10.0,0.9872563477814824,0.002877340343677866
16h,SBF1,-0.0032881070921252113,0.956930484465303,-0.4299311637878418,10.0,0.9647265324442165,0.0009377404462682739
16h,LMF2,-6.474890067300846e-05,0.9993057607891725,-0.9279484152793884,10.0,0.8923441908181585,0.00014426776096434983
16h,TYMP,-2.0083341174014917e-10,0.9999960074476598,-1.8162139654159546,5.324294090270996,0.6339446011797897,0.0
16h,ODF3B,-0.003761889688057503,0.9524354553021295,-0.34438109397888184,10.0,0.9752741087458323,0.0015067966145165426
16h,ARSA,-0.005040419889830534,0.9358961127316779,-0.5745731592178345,10.0,0.975562644267761,0.001923570146191331
16h,HSPA13,5.136469357282469e-09,0.9999960217478234,-0.932371199131012,8.567842483520508,0.7901946011797897,0.0
16h,SAMSN1,-4.2886276924071785e-09,0.9999961198347234,-1.6809017658233643,4.571045398712158,0.5027491023339318,0.0
16h,BTG3,1.076267869332284e-08,0.9999959880904026,-1.1853545904159546,5.818447589874268,0.6430174403693255,0.0
16h,APP,4.520180270322543e-09,0.9999960061817,-1.077803134918213,8.452744483947754,0.7576381764555014,0.0
16h,BACH1,-0.0011789526540217417,0.9861102173756313,-0.5806999206542969,10.0,0.9470697614773018,0.0005450115414208772
16h,SON,-6.721644211390388e-09,0.999996026563689,-2.2472078800201416,4.804445743560791,0.44272569889715313,0.0
16h,SLC5A3,-0.0003891594863942676,0.9957567833380511,-0.6616335511207581,10.0,0.9126057963580405,0.0004167735316747884
16h,DYRK1A,-0.0027845814172250166,0.9649836064704291,-0.36659371852874756,10.0,0.9622819953834316,0.0009778148243139266
16h,MX2,-0.004863204506334302,0.9386093049099845,-0.5409954786300659,10.0,0.9712426263144396,0.0019716593998461143
16h,MX1,-2.0026303852980147e-06,0.9999758114456406,-1.1066997051239014,10.0,0.9075564247242883,8.014875609130546e-06
16h,TMPRSS3,-0.01146102033262788,0.820957697321895,-0.25049924850463867,10.0,0.989011605539882,0.002829251090023083
16h,POFUT2,-0.004478459128488699,0.9391066859541236,-0.3142580986022949,10.0,0.9741359964093357,0.0014106181072069761
16h,MT-CO2,-1.2989472026845525e-10,0.9999959933920727,-11.721303939819336,4.357619762420654,0.4524557578866376,0.0
16h,MT-ATP8,-0.00506473741021755,0.9318798172307637,-0.6259011626243591,10.0,0.9709060015388561,0.0014346627340343678
16h,MT-CO3,-1.4315061575207733e-10,0.9999960550573126,-9.888664245605469,4.105742931365967,0.44722204411387534,0.0
16h,MT-ND3,6.847872224983871e-09,0.9999960480672581,-6.88521671295166,4.380865573883057,0.44207649397281357,0.0
16h,MT-ND4L,2.7963294592867475e-09,0.9999960907512827,-3.17952823638916,6.568641662597656,0.6281498461143883,0.0
16h,MT-ND6,9.124655467387605e-10,0.9999959802114843,-1.1618870496749878,9.083664894104004,0.7897297383944601,0.0
16h,MT-CYB,1.8510790807324666e-09,0.999996016852013,-7.422354221343994,3.9207162857055664,0.44265356501667097,0.0
