task_key,unit,stratum,partition,independent_control_r,shared_control_r
T3,chen,perturbation=BPTF,0,0.27980733239935207,0.4383192178924899
T3,chen,perturbation=BPTF,1,0.22115079592322304,0.24526121722670088
T3,chen,perturbation=BPTF,2,0.3663430831593496,0.4781521483866016
T3,chen,perturbation=BPTF,3,0.32115231449431875,0.4338363366469907
T3,chen,perturbation=BPTF,4,0.38844383731349597,0.4916825549806697
T3,chen,perturbation=BPTF,5,0.35171145000081694,0.458363760990422
T3,chen,perturbation=BPTF,6,0.38140471757643213,0.48218323792605444
T3,chen,perturbation=BPTF,7,0.36884444960598345,0.4725049500966805
T3,chen,perturbation=BPTF,8,0.38767163204410976,0.49314851982381386
T3,chen,perturbation=BPTF,9,0.3601361033629813,0.4411217011624403
T3,chen,perturbation=BPTF,10,0.3505265247006898,0.4459293091314617
T3,chen,perturbation=BPTF,11,0.30696316801470236,0.3950360772717327
T3,chen,perturbation=BPTF,12,0.31846125086512655,0.4467399493356047
T3,chen,perturbation=BPTF,13,0.39885212551542687,0.47367130886786946
T3,chen,perturbation=BPTF,14,0.3402179840867791,0.48024121763916044
T3,chen,perturbation=BPTF,15,0.3274745716230587,0.4364709412680521
T3,chen,perturbation=BPTF,16,0.35577865031136136,0.46727017017888095
T3,chen,perturbation=BPTF,17,0.2775548711711234,0.39173711341724593
T3,chen,perturbation=BPTF,18,0.3252273144401524,0.44707489079960633
T3,chen,perturbation=BPTF,19,0.3808670580950947,0.4743840004855365
T3,chen,perturbation=BPTF,20,0.3452026541432784,0.4304352756358901
T3,chen,perturbation=BPTF,21,0.3597594373044291,0.41476126667081953
T3,chen,perturbation=BPTF,22,0.35788352005903906,0.4726254522233729
T3,chen,perturbation=BPTF,23,0.36251098886267213,0.4431091086679008
T3,chen,perturbation=BPTF,24,0.36303424608384677,0.44287443206712385
T3,chen,perturbation=BPTF,25,0.30416566648192805,0.2978121866259514
T3,chen,perturbation=BPTF,26,0.3582395252797421,0.47355527188986857
T3,chen,perturbation=BPTF,27,0.39395169767110955,0.4936124888136821
T3,chen,perturbation=BPTF,28,0.3217327289276056,0.44930006143015094
T3,chen,perturbation=BPTF,29,0.3700489030557637,0.46967986312626997
T3,chen,perturbation=BPTF,30,0.27439686205430003,0.4113069962568889
T3,chen,perturbation=BPTF,31,0.3217548381707703,0.46782818838912305
T3,chen,perturbation=BPTF,32,0.32295869027511465,0.4435314876288667
T3,chen,perturbation=BPTF,33,0.2590324798357274,0.3812296293816796
T3,chen,perturbation=BPTF,34,0.33118537304538964,0.3845907395727061
T3,chen,perturbation=BPTF,35,0.37246298910290526,0.44348186451805577
T3,chen,perturbation=BPTF,36,0.3158920757999874,0.44348457853421563
T3,chen,perturbation=BPTF,37,0.38293692032891047,0.4260141326415353
T3,chen,perturbation=BPTF,38,0.36766247600740043,0.47393836609473894
T3,chen,perturbation=BPTF,39,0.3452248510288803,0.47506735917223025
T3,chen,perturbation=BPTF,40,0.32383711176356866,0.4297506232849088
T3,chen,perturbation=BPTF,41,0.3845814143749363,0.4423296933919242
T3,chen,perturbation=BPTF,42,0.31913321396419125,0.4481834974791975
T3,chen,perturbation=BPTF,43,0.3764626985711662,0.4656208575302109
T3,chen,perturbation=BPTF,44,0.3534271491749462,0.4572348534155699
T3,chen,perturbation=BPTF,45,0.3783369303604306,0.47856058719734385
T3,chen,perturbation=BPTF,46,0.246365693145694,0.35375307355101565
T3,chen,perturbation=BPTF,47,0.3484499013149564,0.4535397418119213
T3,chen,perturbation=BPTF,48,0.3188805965216572,0.4256504697133442
T3,chen,perturbation=BPTF,49,0.23971685936280387,0.4222891624118593
T3,chen,perturbation=BPTF,50,0.3079354528825101,0.42235741063253757
T3,chen,perturbation=BPTF,51,0.2948303551383164,0.3972825067265911
T3,chen,perturbation=BPTF,52,0.36981319759968245,0.468070030124532
T3,chen,perturbation=BPTF,53,0.3296072800112014,0.42776666690246706
T3,chen,perturbation=BPTF,54,0.37959090270942986,0.48869250754246024
T3,chen,perturbation=BPTF,55,0.31585323236324836,0.4240139824883148
T3,chen,perturbation=BPTF,56,0.3053553276471791,0.4196977445528065
T3,chen,perturbation=BPTF,57,0.3893393144271156,0.46476155041941747
T3,chen,perturbation=BPTF,58,0.3403205853110515,0.4335557286992713
T3,chen,perturbation=BPTF,59,0.2674155567837554,0.42625126141774183
T3,chen,perturbation=BPTF,60,0.31641786927558196,0.4115914500173254
T3,chen,perturbation=BPTF,61,0.35391562144577965,0.45843138404267353
T3,chen,perturbation=BPTF,62,0.35101927812537886,0.45978154625302886
T3,chen,perturbation=BPTF,63,0.2889176822876974,0.3854922950159177
T3,chen,perturbation=BPTF,64,0.21546758135849156,0.28382023549151436
T3,chen,perturbation=BPTF,65,0.36098078481363277,0.47038862205506193
T3,chen,perturbation=BPTF,66,0.3123000530614493,0.4240675650289355
T3,chen,perturbation=BPTF,67,0.3538383918893791,0.4522853303532839
T3,chen,perturbation=BPTF,68,0.3347508494545586,0.4372127539215601
T3,chen,perturbation=BPTF,69,0.37642428985336723,0.46224539195693404
T3,chen,perturbation=BPTF,70,0.3157844744753635,0.4669603028523224
T3,chen,perturbation=BPTF,71,0.30594267675479647,0.38515471196758305
T3,chen,perturbation=BPTF,72,0.37192212879895276,0.4977471565029596
T3,chen,perturbation=BPTF,73,0.3567532947469997,0.48072772015394283
T3,chen,perturbation=BPTF,74,0.3592463348564644,0.4530946732002268
T3,chen,perturbation=BPTF,75,0.36921530863328333,0.48412645984397595
T3,chen,perturbation=BPTF,76,0.3834822325668768,0.46342547479253954
T3,chen,perturbation=BPTF,77,0.3321410137267325,0.42023930609254856
T3,chen,perturbation=BPTF,78,0.3585754636006588,0.44829537164281186
T3,chen,perturbation=BPTF,79,0.3139239471189357,0.4305221650975858
T3,chen,perturbation=BPTF,80,0.33672700460317184,0.44522461207222885
T3,chen,perturbation=BPTF,81,0.3173302997557969,0.38062844987936906
T3,chen,perturbation=BPTF,82,0.34440996330501356,0.4584555043846184
T3,chen,perturbation=BPTF,83,0.36412303931119233,0.506006316816086
T3,chen,perturbation=BPTF,84,0.3157237536065185,0.40385866418535976
T3,chen,perturbation=BPTF,85,0.3421031484002778,0.43280889125156086
T3,chen,perturbation=BPTF,86,0.2970564313030337,0.42020944280680084
T3,chen,perturbation=BPTF,87,0.39446917096972345,0.49164254434959814
T3,chen,perturbation=BPTF,88,0.37865796951512787,0.45509945492703713
T3,chen,perturbation=BPTF,89,0.3172342461198689,0.47951798171209914
T3,chen,perturbation=BPTF,90,0.30039630000185624,0.40849999148966876
T3,chen,perturbation=BPTF,91,0.36099644051437774,0.45821096139859185
T3,chen,perturbation=BPTF,92,0.34819314365543697,0.4264194408125374
T3,chen,perturbation=BPTF,93,0.3548819892354223,0.4784521606178346
T3,chen,perturbation=BPTF,94,0.21821692633667114,0.3529074543766811
T3,chen,perturbation=BPTF,95,0.3571716381297148,0.41633488571792254
T3,chen,perturbation=BPTF,96,0.33562532168883863,0.4367781122756955
T3,chen,perturbation=BPTF,97,0.3591519725768731,0.4479772758223361
T3,chen,perturbation=BPTF,98,0.35744525369508207,0.46381571246065123
T3,chen,perturbation=BPTF,99,0.35834465776398505,0.4285781934567802
T3,chen,perturbation=NOSIP,0,0.24107294129627752,0.41716878540972296
T3,chen,perturbation=NOSIP,1,0.16539960433438392,0.3480104624199326
T3,chen,perturbation=NOSIP,2,0.22747908267371292,0.41530989804358287
T3,chen,perturbation=NOSIP,3,0.19765059958910863,0.3283911380475732
T3,chen,perturbation=NOSIP,4,0.23139202445806206,0.4216389842225913
T3,chen,perturbation=NOSIP,5,0.18028796452670845,0.35059265880474605
T3,chen,perturbation=NOSIP,6,0.18176015828830946,0.346885201031383
T3,chen,perturbation=NOSIP,7,0.15691784077928414,0.4004884774212201
T3,chen,perturbation=NOSIP,8,0.1894980047077447,0.40287934261202046
T3,chen,perturbation=NOSIP,9,0.10673903058772066,0.35507035130521947
T3,chen,perturbation=NOSIP,10,0.23031303325037708,0.3740049690992662
T3,chen,perturbation=NOSIP,11,0.2469524347770253,0.3937322281478092
T3,chen,perturbation=NOSIP,12,0.18029252758488115,0.35586726269090135
T3,chen,perturbation=NOSIP,13,0.09616409439863492,0.31130350319862027
T3,chen,perturbation=NOSIP,14,0.17820926020483754,0.3134989521041898
T3,chen,perturbation=NOSIP,15,0.2125776217059837,0.41048438638511364
T3,chen,perturbation=NOSIP,16,0.19745357201178554,0.3794269491830601
T3,chen,perturbation=NOSIP,17,0.2422770710375717,0.4067617580363301
T3,chen,perturbation=NOSIP,18,0.2042884444535013,0.3622141214798039
T3,chen,perturbation=NOSIP,19,0.1283951244541925,0.35931866444443045
T3,chen,perturbation=NOSIP,20,0.1280316770902225,0.2777613908804894
T3,chen,perturbation=NOSIP,21,0.0762086172627369,0.35424233195456595
T3,chen,perturbation=NOSIP,22,0.20531936131853104,0.34390260768455716
T3,chen,perturbation=NOSIP,23,0.1714994242366365,0.3889508438229463
T3,chen,perturbation=NOSIP,24,-0.08901886979294932,0.18092785923707227
T3,chen,perturbation=NOSIP,25,0.16849967703141866,0.2809315172801138
T3,chen,perturbation=NOSIP,26,0.1668693836059853,0.3500520188905163
T3,chen,perturbation=NOSIP,27,0.22820809019357932,0.3787530143666129
T3,chen,perturbation=NOSIP,28,0.15789711645298507,0.363685666643592
T3,chen,perturbation=NOSIP,29,0.23568389090978986,0.3965810316467984
T3,chen,perturbation=NOSIP,30,0.2280948656514356,0.3911737258431986
T3,chen,perturbation=NOSIP,31,0.17385056223626297,0.3779068746216223
T3,chen,perturbation=NOSIP,32,0.19338698495945453,0.38367413117363663
T3,chen,perturbation=NOSIP,33,0.15179646811331207,0.3385600169583661
T3,chen,perturbation=NOSIP,34,0.1248575313399347,0.3941087844385486
T3,chen,perturbation=NOSIP,35,0.17731559855062476,0.3567389303406859
T3,chen,perturbation=NOSIP,36,0.15876722158353224,0.4150682820809459
T3,chen,perturbation=NOSIP,37,0.22530156466777218,0.36609049164628493
T3,chen,perturbation=NOSIP,38,0.25555175839759975,0.3938698738648799
T3,chen,perturbation=NOSIP,39,0.19095578471801147,0.4095279500523365
T3,chen,perturbation=NOSIP,40,0.14308694344556286,0.40538059835416806
T3,chen,perturbation=NOSIP,41,0.25573083678837694,0.4174071165990676
T3,chen,perturbation=NOSIP,42,0.1166819330743583,0.3028095591363899
T3,chen,perturbation=NOSIP,43,0.22150997537428274,0.3972182193722675
T3,chen,perturbation=NOSIP,44,0.1781538304620705,0.3640895396984387
T3,chen,perturbation=NOSIP,45,0.23996748491858147,0.3996338339282843
T3,chen,perturbation=NOSIP,46,0.17177690600576503,0.31885503194248394
T3,chen,perturbation=NOSIP,47,0.226712753120409,0.4032297891862087
T3,chen,perturbation=NOSIP,48,0.14956365609997915,0.3832206495128626
T3,chen,perturbation=NOSIP,49,0.0884952681050939,0.333962684899469
T3,chen,perturbation=NOSIP,50,0.17200019868711136,0.3899057482067842
T3,chen,perturbation=NOSIP,51,0.1954863994424467,0.39338088532927307
T3,chen,perturbation=NOSIP,52,0.1917695317800675,0.4321445992412564
T3,chen,perturbation=NOSIP,53,0.19960103792337855,0.3610417353989726
T3,chen,perturbation=NOSIP,54,0.19138653689316204,0.3806396640247541
T3,chen,perturbation=NOSIP,55,0.16800731341836989,0.3788222051964999
T3,chen,perturbation=NOSIP,56,0.18477904436138115,0.38450132960680844
T3,chen,perturbation=NOSIP,57,0.18164295149852483,0.35258621636249426
T3,chen,perturbation=NOSIP,58,0.22194193575592638,0.40876528544706375
T3,chen,perturbation=NOSIP,59,0.2725963205760063,0.3779340947560454
T3,chen,perturbation=NOSIP,60,0.2268309492646856,0.4094603103025657
T3,chen,perturbation=NOSIP,61,0.19889007746206766,0.32226052575389097
T3,chen,perturbation=NOSIP,62,0.20263895204368604,0.3722772575073277
T3,chen,perturbation=NOSIP,63,0.21370127368898453,0.4025504387840006
T3,chen,perturbation=NOSIP,64,0.17675821255879773,0.3756493846559737
T3,chen,perturbation=NOSIP,65,0.2083862414189257,0.38333329321637527
T3,chen,perturbation=NOSIP,66,0.15343997920131713,0.3569688133981589
T3,chen,perturbation=NOSIP,67,0.1150402748566583,0.35025634012270335
T3,chen,perturbation=NOSIP,68,0.19457180025014006,0.3833782985049879
T3,chen,perturbation=NOSIP,69,0.21277890363817323,0.388289773938557
T3,chen,perturbation=NOSIP,70,0.20348953127122504,0.38973533732423293
T3,chen,perturbation=NOSIP,71,0.15766086016863673,0.38589432865859863
T3,chen,perturbation=NOSIP,72,0.2137159442407429,0.4081111592643102
T3,chen,perturbation=NOSIP,73,0.16822207256477079,0.37975930526062307
T3,chen,perturbation=NOSIP,74,0.22020320380846908,0.41151914041237614
T3,chen,perturbation=NOSIP,75,0.15975760901919686,0.34088626343954903
T3,chen,perturbation=NOSIP,76,0.19807221783302117,0.38159430625158636
T3,chen,perturbation=NOSIP,77,0.20533132734020385,0.37630617215547535
T3,chen,perturbation=NOSIP,78,0.2116978510046298,0.3106858459000239
T3,chen,perturbation=NOSIP,79,0.07596868266285328,0.3598722723786199
T3,chen,perturbation=NOSIP,80,0.13138775970455863,0.33305989277414294
T3,chen,perturbation=NOSIP,81,0.11828673712873132,0.3210090498590123
T3,chen,perturbation=NOSIP,82,0.19170262263255058,0.38689708844584575
T3,chen,perturbation=NOSIP,83,0.18619169988328174,0.37540686164706594
T3,chen,perturbation=NOSIP,84,0.24404787287961202,0.41416838180925714
T3,chen,perturbation=NOSIP,85,0.07813608403941875,0.2723611079570424
T3,chen,perturbation=NOSIP,86,0.21053120594972347,0.3613086167330482
T3,chen,perturbation=NOSIP,87,0.17792039660228773,0.3372349422420351
T3,chen,perturbation=NOSIP,88,0.16215514673232617,0.3429582468758164
T3,chen,perturbation=NOSIP,89,0.08218775230631413,0.3654019850561828
T3,chen,perturbation=NOSIP,90,0.10553384288391433,0.36828793532940907
T3,chen,perturbation=NOSIP,91,0.22692492963433297,0.42141804745991335
T3,chen,perturbation=NOSIP,92,0.136616195834616,0.31932295691342494
T3,chen,perturbation=NOSIP,93,0.2030587477593038,0.4117819673171434
T3,chen,perturbation=NOSIP,94,0.18320240711487162,0.38545113938756476
T3,chen,perturbation=NOSIP,95,0.0826550584562234,0.29647382231032776
T3,chen,perturbation=NOSIP,96,0.1407933358981333,0.342059172557824
T3,chen,perturbation=NOSIP,97,0.2238263442697367,0.3374487169599043
T3,chen,perturbation=NOSIP,98,0.14095600841438102,0.36708130725212806
T3,chen,perturbation=NOSIP,99,0.1599444794635649,0.3993424343233892
T3,chen,perturbation=SRPRB,0,0.5115887793597124,0.5809143969374303
T3,chen,perturbation=SRPRB,1,0.5180028902176177,0.5901280526361244
T3,chen,perturbation=SRPRB,2,0.5280442714192158,0.6064521267160503
T3,chen,perturbation=SRPRB,3,0.5258481154496667,0.5982692151536291
T3,chen,perturbation=SRPRB,4,0.4487976157503408,0.5747821558489338
T3,chen,perturbation=SRPRB,5,0.49869249583464614,0.6080870055524175
T3,chen,perturbation=SRPRB,6,0.5249107997046185,0.615350627552784
T3,chen,perturbation=SRPRB,7,0.5072192064501827,0.6123909575478551
T3,chen,perturbation=SRPRB,8,0.4476985254280628,0.5547083258646107
T3,chen,perturbation=SRPRB,9,0.4587395349236426,0.5687148093531759
T3,chen,perturbation=SRPRB,10,0.5283492488519891,0.6015790706159805
T3,chen,perturbation=SRPRB,11,0.5089017477931612,0.5833171192227797
T3,chen,perturbation=SRPRB,12,0.5560077634731602,0.6224899715114339
T3,chen,perturbation=SRPRB,13,0.4925761434096558,0.5782298815715046
T3,chen,perturbation=SRPRB,14,0.5274404584990727,0.6024493329042704
T3,chen,perturbation=SRPRB,15,0.5098355655775876,0.5960896492613117
T3,chen,perturbation=SRPRB,16,0.4870755545153097,0.568211491791765
T3,chen,perturbation=SRPRB,17,0.49024902414860994,0.5970709600033502
T3,chen,perturbation=SRPRB,18,0.4507707793906113,0.5687627607007072
T3,chen,perturbation=SRPRB,19,0.4928943529584654,0.5986334409129811
T3,chen,perturbation=SRPRB,20,0.5071065240227426,0.601958515781432
T3,chen,perturbation=SRPRB,21,0.457931727859807,0.5542669607835345
T3,chen,perturbation=SRPRB,22,0.4901975752296287,0.5773706376566159
T3,chen,perturbation=SRPRB,23,0.4703745337475737,0.5675322395046599
T3,chen,perturbation=SRPRB,24,0.551956296516974,0.6396617574851462
T3,chen,perturbation=SRPRB,25,0.5184795475238431,0.6017375399139688
T3,chen,perturbation=SRPRB,26,0.5284547846732128,0.6132355795224591
T3,chen,perturbation=SRPRB,27,0.44451128576428756,0.4978243590896592
T3,chen,perturbation=SRPRB,28,0.5365909531862074,0.599623639484668
T3,chen,perturbation=SRPRB,29,0.5396092187573603,0.6121756219031046
T3,chen,perturbation=SRPRB,30,0.5164407075141075,0.6240925424455133
T3,chen,perturbation=SRPRB,31,0.5216678898538669,0.6192949475321714
T3,chen,perturbation=SRPRB,32,0.461528142841803,0.5498981250074578
T3,chen,perturbation=SRPRB,33,0.4361620902324425,0.4965809084666997
T3,chen,perturbation=SRPRB,34,0.5313787719629998,0.6346612587857047
T3,chen,perturbation=SRPRB,35,0.49091535462496205,0.5788917391314893
T3,chen,perturbation=SRPRB,36,0.541824029917499,0.6088739083715503
T3,chen,perturbation=SRPRB,37,0.5068689053192584,0.6187836336595557
T3,chen,perturbation=SRPRB,38,0.517729409271648,0.6115056016349932
T3,chen,perturbation=SRPRB,39,0.43402658774795655,0.5549079217395911
T3,chen,perturbation=SRPRB,40,0.4698865068376521,0.6101789417165012
T3,chen,perturbation=SRPRB,41,0.4951990999999493,0.5422929773188271
T3,chen,perturbation=SRPRB,42,0.46836453688199414,0.5848400377274312
T3,chen,perturbation=SRPRB,43,0.5326145496090667,0.6191783138407041
T3,chen,perturbation=SRPRB,44,0.5038375377228899,0.612744799574309
T3,chen,perturbation=SRPRB,45,0.521594557858434,0.6050377343642208
T3,chen,perturbation=SRPRB,46,0.5342742641197114,0.6166009938313431
T3,chen,perturbation=SRPRB,47,0.47841294218891955,0.5603878784966846
T3,chen,perturbation=SRPRB,48,0.494164145226917,0.6159858830102033
T3,chen,perturbation=SRPRB,49,0.4559154993671696,0.6173927306921944
T3,chen,perturbation=SRPRB,50,0.5223900262338338,0.593507014999572
T3,chen,perturbation=SRPRB,51,0.5634081846704833,0.6449509979341704
T3,chen,perturbation=SRPRB,52,0.44311762052324133,0.549458663070191
T3,chen,perturbation=SRPRB,53,0.5263706816474476,0.6115952708070874
T3,chen,perturbation=SRPRB,54,0.5111488700472158,0.5994954283571227
T3,chen,perturbation=SRPRB,55,0.5356942818480857,0.5960957865885773
T3,chen,perturbation=SRPRB,56,0.5059396687939104,0.5937699278711586
T3,chen,perturbation=SRPRB,57,0.5063548091660945,0.5928662085880932
T3,chen,perturbation=SRPRB,58,0.5299348967403548,0.611156274432849
T3,chen,perturbation=SRPRB,59,0.5047087423687764,0.6027005905658728
T3,chen,perturbation=SRPRB,60,0.5314906355528937,0.6252802753183159
T3,chen,perturbation=SRPRB,61,0.4961714267803736,0.6227107189741308
T3,chen,perturbation=SRPRB,62,0.49746263381438854,0.5867535690874639
T3,chen,perturbation=SRPRB,63,0.5246582843338731,0.5927512896236913
T3,chen,perturbation=SRPRB,64,0.5215779768622193,0.6199353080697371
T3,chen,perturbation=SRPRB,65,0.4737526366671117,0.5609034308710534
T3,chen,perturbation=SRPRB,66,0.5358791609108149,0.597866129951971
T3,chen,perturbation=SRPRB,67,0.4988621407509149,0.5989743629599963
T3,chen,perturbation=SRPRB,68,0.4780625922813108,0.5792084680196605
T3,chen,perturbation=SRPRB,69,0.5029802022716988,0.6075546368936268
T3,chen,perturbation=SRPRB,70,0.5089175904908079,0.5999376350724769
T3,chen,perturbation=SRPRB,71,0.4960528166998469,0.6130573612023715
T3,chen,perturbation=SRPRB,72,0.49025327956327946,0.5656573024495258
T3,chen,perturbation=SRPRB,73,0.47719220594517153,0.5688720917775387
T3,chen,perturbation=SRPRB,74,0.46414000147366463,0.5340918495096938
T3,chen,perturbation=SRPRB,75,0.5184353490899536,0.6010226567615792
T3,chen,perturbation=SRPRB,76,0.497361201111211,0.5768603051234257
T3,chen,perturbation=SRPRB,77,0.4740990917468582,0.5612476795457725
T3,chen,perturbation=SRPRB,78,0.5573771692516775,0.6236353896508864
T3,chen,perturbation=SRPRB,79,0.5181284981891482,0.5895258322024135
T3,chen,perturbation=SRPRB,80,0.5092617653005663,0.6062132349858951
T3,chen,perturbation=SRPRB,81,0.48646222148822565,0.5853289918093479
T3,chen,perturbation=SRPRB,82,0.5055104208952103,0.6059117129372249
T3,chen,perturbation=SRPRB,83,0.5136860551506602,0.614003061181139
T3,chen,perturbation=SRPRB,84,0.5084830383342609,0.611063997130129
T3,chen,perturbation=SRPRB,85,0.4611733370121656,0.5835475332739439
T3,chen,perturbation=SRPRB,86,0.5376362662970936,0.590536510385204
T3,chen,perturbation=SRPRB,87,0.5041909115626463,0.5795000596651517
T3,chen,perturbation=SRPRB,88,0.4982158278008938,0.6107899502969207
T3,chen,perturbation=SRPRB,89,0.4326810434482469,0.5702245229897607
T3,chen,perturbation=SRPRB,90,0.45990630940381966,0.5975099353966734
T3,chen,perturbation=SRPRB,91,0.5064246040370031,0.617529899044009
T3,chen,perturbation=SRPRB,92,0.537525031019504,0.6338850019626056
T3,chen,perturbation=SRPRB,93,0.5024751751370239,0.5887109500521018
T3,chen,perturbation=SRPRB,94,0.450930369920953,0.5617405902224576
T3,chen,perturbation=SRPRB,95,0.5016372042546114,0.604700969043681
T3,chen,perturbation=SRPRB,96,0.4712735841388197,0.6051946641430536
T3,chen,perturbation=SRPRB,97,0.5416328556146464,0.6214613118817562
T3,chen,perturbation=SRPRB,98,0.5301995037179091,0.6330501279022863
T3,chen,perturbation=SRPRB,99,0.5316546293778694,0.6057120460473514
T3,chen,perturbation=U2AF1,0,0.12206793625022894,0.23124543831704314
T3,chen,perturbation=U2AF1,1,0.07599522913357011,0.18943768029891905
T3,chen,perturbation=U2AF1,2,0.14637884070727095,0.24918914976379808
T3,chen,perturbation=U2AF1,3,0.13395570540134494,0.2242433720317212
T3,chen,perturbation=U2AF1,4,0.009970418671749153,0.10548952227828375
T3,chen,perturbation=U2AF1,5,0.13192426277495653,0.2388903386783732
T3,chen,perturbation=U2AF1,6,0.07260047802316644,0.15982788566416206
T3,chen,perturbation=U2AF1,7,0.13262268654445616,0.2646933685014654
T3,chen,perturbation=U2AF1,8,0.15164218086477232,0.225033220835276
T3,chen,perturbation=U2AF1,9,0.1968638898860474,0.27521892236101986
T3,chen,perturbation=U2AF1,10,0.14463602913797413,0.21279670631799835
T3,chen,perturbation=U2AF1,11,0.03369232161122683,0.14427713189747005
T3,chen,perturbation=U2AF1,12,0.10878717515740155,0.23951730186352788
T3,chen,perturbation=U2AF1,13,0.06926427337678091,0.18794027808756497
T3,chen,perturbation=U2AF1,14,0.00658325817373591,0.1642552991821905
T3,chen,perturbation=U2AF1,15,-0.004416110728085669,0.09829205816142955
T3,chen,perturbation=U2AF1,16,0.13041828920932205,0.2502073033213764
T3,chen,perturbation=U2AF1,17,0.1356034388113013,0.2015533971131112
T3,chen,perturbation=U2AF1,18,0.12107303624587352,0.22860168399773653
T3,chen,perturbation=U2AF1,19,0.13785849745471107,0.20725525273438736
T3,chen,perturbation=U2AF1,20,0.06046516440038487,0.16249886542926745
T3,chen,perturbation=U2AF1,21,0.13955943120100142,0.25197329720783634
T3,chen,perturbation=U2AF1,22,0.13581158250177736,0.19997833196027393
T3,chen,perturbation=U2AF1,23,0.12230184134331952,0.2062528046170502
T3,chen,perturbation=U2AF1,24,0.09998836226545874,0.2126203740229362
T3,chen,perturbation=U2AF1,25,0.032130072229946606,0.2666418024940119
T3,chen,perturbation=U2AF1,26,0.08285919916351706,0.18446654147915637
T3,chen,perturbation=U2AF1,27,0.13174226235719302,0.223762252678952
T3,chen,perturbation=U2AF1,28,0.13627628479666898,0.23818343008940157
T3,chen,perturbation=U2AF1,29,0.04223872199376051,0.09502821913450311
T3,chen,perturbation=U2AF1,30,0.1439141756725555,0.23069692691364022
T3,chen,perturbation=U2AF1,31,0.1773149977851416,0.2704071439872313
T3,chen,perturbation=U2AF1,32,0.12890032249473196,0.20851488447234973
T3,chen,perturbation=U2AF1,33,0.17524321709866206,0.2477814585611777
T3,chen,perturbation=U2AF1,34,0.16986055038996495,0.22264850026403002
T3,chen,perturbation=U2AF1,35,0.12804424834197864,0.23435504751633174
T3,chen,perturbation=U2AF1,36,0.08356426368419691,0.23385516865352993
T3,chen,perturbation=U2AF1,37,-0.02654440781957003,0.13781650211248458
T3,chen,perturbation=U2AF1,38,0.1341408815689192,0.2002636345250916
T3,chen,perturbation=U2AF1,39,0.18139393348491714,0.25753777371932773
T3,chen,perturbation=U2AF1,40,0.0770343500485684,0.1355745215898595
T3,chen,perturbation=U2AF1,41,0.12119065186539045,0.23925635205454826
T3,chen,perturbation=U2AF1,42,0.14394841037889633,0.23015948876064754
T3,chen,perturbation=U2AF1,43,0.08628345596415117,0.13978310131307026
T3,chen,perturbation=U2AF1,44,0.12826116343689298,0.22409566007566817
T3,chen,perturbation=U2AF1,45,0.11248015577033324,0.2171606455131059
T3,chen,perturbation=U2AF1,46,0.09608051328441383,0.17766882129537856
T3,chen,perturbation=U2AF1,47,0.059995248789724134,0.1725084098098829
T3,chen,perturbation=U2AF1,48,0.15413478767067734,0.23809799339705065
T3,chen,perturbation=U2AF1,49,0.16684263987190567,0.2830683060335653
T3,chen,perturbation=U2AF1,50,0.13387368291688345,0.21132287803685057
T3,chen,perturbation=U2AF1,51,0.12279418147668208,0.19394353604377995
T3,chen,perturbation=U2AF1,52,0.0026776038148817512,0.1320374246876753
T3,chen,perturbation=U2AF1,53,0.09307528125349615,0.18642279350778695
T3,chen,perturbation=U2AF1,54,-0.019459249534598953,0.0230996944892605
T3,chen,perturbation=U2AF1,55,0.0435139188641268,0.14063106904949788
T3,chen,perturbation=U2AF1,56,0.13236336259755765,0.22478118288821275
T3,chen,perturbation=U2AF1,57,0.16837851459655592,0.24808048513227704
T3,chen,perturbation=U2AF1,58,0.1454921370457918,0.23544188500935204
T3,chen,perturbation=U2AF1,59,0.18340191064279554,0.2659681289068054
T3,chen,perturbation=U2AF1,60,0.17154590697206645,0.22132292857510275
T3,chen,perturbation=U2AF1,61,0.17816423587864835,0.25195661328525804
T3,chen,perturbation=U2AF1,62,0.04825640871148334,0.14254284407521858
T3,chen,perturbation=U2AF1,63,0.1454191028568498,0.2268635395009979
T3,chen,perturbation=U2AF1,64,0.12780880738515943,0.24767155483691336
T3,chen,perturbation=U2AF1,65,0.14341079737786433,0.2013372491101049
T3,chen,perturbation=U2AF1,66,0.13922162810767066,0.21615200933163492
T3,chen,perturbation=U2AF1,67,0.17487644534025246,0.26351803615961855
T3,chen,perturbation=U2AF1,68,0.09668114938887692,0.22014149129442634
T3,chen,perturbation=U2AF1,69,0.01840137884827925,0.12484188168855297
T3,chen,perturbation=U2AF1,70,0.14545140278218188,0.24515969361837564
T3,chen,perturbation=U2AF1,71,0.1490481364823502,0.24219445403881446
T3,chen,perturbation=U2AF1,72,0.13471938117440188,0.21182217741607653
T3,chen,perturbation=U2AF1,73,0.08116274567965143,0.19763359547992998
T3,chen,perturbation=U2AF1,74,0.15999665313171274,0.2202393189879965
T3,chen,perturbation=U2AF1,75,0.15676252838127008,0.24843155248443458
T3,chen,perturbation=U2AF1,76,0.21390420131206037,0.27101624892648796
T3,chen,perturbation=U2AF1,77,0.15533284110759335,0.21298024182404485
T3,chen,perturbation=U2AF1,78,0.12937653546665076,0.2353054103783904
T3,chen,perturbation=U2AF1,79,0.07602087065478368,0.23125178862521517
T3,chen,perturbation=U2AF1,80,0.10009288919027062,0.21750208138980218
T3,chen,perturbation=U2AF1,81,0.15897469720937166,0.23522388870183097
T3,chen,perturbation=U2AF1,82,0.12019049845711392,0.22326093805163552
T3,chen,perturbation=U2AF1,83,-0.13520019688274962,0.053832367388559316
T3,chen,perturbation=U2AF1,84,0.13155984546833477,0.19992720223286178
T3,chen,perturbation=U2AF1,85,0.166682476917949,0.24931743895989988
T3,chen,perturbation=U2AF1,86,0.08546293176338926,0.21837883077008474
T3,chen,perturbation=U2AF1,87,0.16353849686183253,0.22295477250806273
T3,chen,perturbation=U2AF1,88,0.1507424427503808,0.2571973770489623
T3,chen,perturbation=U2AF1,89,0.07055915273690475,0.19001851547396853
T3,chen,perturbation=U2AF1,90,0.08797172927343198,0.22615749326584184
T3,chen,perturbation=U2AF1,91,0.14969769047424103,0.21809721817002323
T3,chen,perturbation=U2AF1,92,0.07119509023649202,0.18228242379666096
T3,chen,perturbation=U2AF1,93,-0.018211684408934236,0.094754996841346
T3,chen,perturbation=U2AF1,94,0.1611164616236298,0.21084027201988276
T3,chen,perturbation=U2AF1,95,0.15057006395721198,0.25370001031834216
T3,chen,perturbation=U2AF1,96,0.05715929542973781,0.19234123379573168
T3,chen,perturbation=U2AF1,97,0.16022856620161405,0.2203994028478891
T3,chen,perturbation=U2AF1,98,0.17543213653267126,0.24379505186432132
T3,chen,perturbation=U2AF1,99,0.14880719431665834,0.246153725595087
T3,chen,perturbation=CYLD,0,0.2076691115019583,0.38822232974904536
T3,chen,perturbation=CYLD,1,0.1320379032200618,0.29953028206596166
T3,chen,perturbation=CYLD,2,0.2615684735648552,0.40529911083166303
T3,chen,perturbation=CYLD,3,0.16560932597127745,0.31598906723964126
T3,chen,perturbation=CYLD,4,0.2716184426762254,0.40478786397518574
T3,chen,perturbation=CYLD,5,0.2477842764984269,0.377161253107222
T3,chen,perturbation=CYLD,6,0.18328649722077656,0.31175664560952915
T3,chen,perturbation=CYLD,7,0.2276165012061415,0.3941037158868354
T3,chen,perturbation=CYLD,8,0.1935599516051826,0.3987485515808753
T3,chen,perturbation=CYLD,9,0.2639372005242365,0.4429092311138897
T3,chen,perturbation=CYLD,10,0.23236146103400557,0.37897928337019215
T3,chen,perturbation=CYLD,11,0.1860813118084291,0.3283534383583069
T3,chen,perturbation=CYLD,12,0.2444926860421499,0.3918822194639367
T3,chen,perturbation=CYLD,13,0.25449365859588247,0.3650758057286657
T3,chen,perturbation=CYLD,14,0.22853380916527266,0.40869267509043006
T3,chen,perturbation=CYLD,15,0.21208704557736538,0.36636702055798387
T3,chen,perturbation=CYLD,16,0.18956548550044824,0.3447597967416202
T3,chen,perturbation=CYLD,17,0.2641920783425873,0.3859684446154119
T3,chen,perturbation=CYLD,18,0.24072401966858106,0.3744787690034717
T3,chen,perturbation=CYLD,19,0.14705435636093828,0.34871015647289905
T3,chen,perturbation=CYLD,20,0.250316838556652,0.3690675308727751
T3,chen,perturbation=CYLD,21,0.12611381583312664,0.3629181547056305
T3,chen,perturbation=CYLD,22,0.24363787871519713,0.4064647392549635
T3,chen,perturbation=CYLD,23,0.21403191031989485,0.3997754772497682
T3,chen,perturbation=CYLD,24,0.24447321474219744,0.4125734270271734
T3,chen,perturbation=CYLD,25,0.23772618790122724,0.38773751870598383
T3,chen,perturbation=CYLD,26,0.2177085516235093,0.3688247341788785
T3,chen,perturbation=CYLD,27,0.23100685099881738,0.3440879340072294
T3,chen,perturbation=CYLD,28,0.2287997027502089,0.37619087782156296
T3,chen,perturbation=CYLD,29,0.19882771561208534,0.32895146878124687
T3,chen,perturbation=CYLD,30,0.2047334691176189,0.37673568952550435
T3,chen,perturbation=CYLD,31,0.1508550656811193,0.3351488079742238
T3,chen,perturbation=CYLD,32,0.21335688600668268,0.3780291625678538
T3,chen,perturbation=CYLD,33,0.2150207377115281,0.3762047138212476
T3,chen,perturbation=CYLD,34,0.2507311887603971,0.36131791210583714
T3,chen,perturbation=CYLD,35,0.20442186541313068,0.3525536297927244
T3,chen,perturbation=CYLD,36,0.16995548888668868,0.3912974594440952
T3,chen,perturbation=CYLD,37,0.2194620503711859,0.36675898876642166
T3,chen,perturbation=CYLD,38,0.1871409758697937,0.36799863184774884
T3,chen,perturbation=CYLD,39,0.2113245726358217,0.344418191709934
T3,chen,perturbation=CYLD,40,0.21356327667823669,0.27503366636716325
T3,chen,perturbation=CYLD,41,0.22304288093276792,0.37559154721019855
T3,chen,perturbation=CYLD,42,0.2671935087153532,0.41539740104299694
T3,chen,perturbation=CYLD,43,0.22666126969855419,0.38973232726054186
T3,chen,perturbation=CYLD,44,0.16980274402709616,0.3102105749929866
T3,chen,perturbation=CYLD,45,0.22547454938201517,0.3685309542358882
T3,chen,perturbation=CYLD,46,0.23773860117358864,0.4028343847819063
T3,chen,perturbation=CYLD,47,0.20905980312204986,0.3553687365275653
T3,chen,perturbation=CYLD,48,0.1470658725316805,0.3403153976100577
T3,chen,perturbation=CYLD,49,0.11817249861976756,0.3689625380880754
T3,chen,perturbation=CYLD,50,0.2534441243220238,0.3808401861413721
T3,chen,perturbation=CYLD,51,0.1767755736699939,0.2896087762643155
T3,chen,perturbation=CYLD,52,0.26759338425553464,0.42428282309213955
T3,chen,perturbation=CYLD,53,0.27851098838738175,0.41420207311196167
T3,chen,perturbation=CYLD,54,0.1644197653267146,0.3541099638454421
T3,chen,perturbation=CYLD,55,0.23239186006600301,0.3614124697179627
T3,chen,perturbation=CYLD,56,0.18800577602978716,0.38827620889317516
T3,chen,perturbation=CYLD,57,0.18992952168375055,0.3551294286525959
T3,chen,perturbation=CYLD,58,0.2515147891002436,0.3711300906047293
T3,chen,perturbation=CYLD,59,0.1944659767652088,0.38647037098190723
T3,chen,perturbation=CYLD,60,0.21645893913010505,0.350149018547639
T3,chen,perturbation=CYLD,61,0.15225882084131448,0.3432695205624744
T3,chen,perturbation=CYLD,62,0.1858093864235976,0.3253482731266239
T3,chen,perturbation=CYLD,63,0.22066514100997037,0.3823967503173487
T3,chen,perturbation=CYLD,64,0.22788120524654742,0.38717415269033734
T3,chen,perturbation=CYLD,65,0.18767984689553202,0.35609534279244087
T3,chen,perturbation=CYLD,66,0.23964667457031727,0.34086980228855046
T3,chen,perturbation=CYLD,67,0.10574313847026366,0.20282240437416318
T3,chen,perturbation=CYLD,68,0.23423452396337618,0.3890799979993249
T3,chen,perturbation=CYLD,69,0.1804226599736002,0.2708087665504828
T3,chen,perturbation=CYLD,70,0.22642870162670878,0.3459860123792723
T3,chen,perturbation=CYLD,71,0.2338323236472291,0.3612136722612745
T3,chen,perturbation=CYLD,72,0.16617500071100338,0.34344692631889057
T3,chen,perturbation=CYLD,73,0.2776627884577716,0.39035421931972747
T3,chen,perturbation=CYLD,74,0.17144534003572628,0.3448490933336041
T3,chen,perturbation=CYLD,75,0.19830071814443115,0.33981171622578343
T3,chen,perturbation=CYLD,76,0.22044315107714632,0.38726564511571027
T3,chen,perturbation=CYLD,77,0.2314722723654014,0.3253752085361992
T3,chen,perturbation=CYLD,78,0.23873214072253512,0.3816949904764177
T3,chen,perturbation=CYLD,79,0.1269076613532534,0.3703413712776156
T3,chen,perturbation=CYLD,80,0.24016358538325475,0.40989499723290407
T3,chen,perturbation=CYLD,81,0.24987307620862728,0.3557998436018253
T3,chen,perturbation=CYLD,82,0.21551880813109345,0.36014755924394426
T3,chen,perturbation=CYLD,83,0.08055809540551559,0.3360382708823607
T3,chen,perturbation=CYLD,84,0.1681189538890998,0.2978445661094901
T3,chen,perturbation=CYLD,85,0.22430725959447959,0.3788693152532911
T3,chen,perturbation=CYLD,86,0.21922065492620427,0.4134584215041339
T3,chen,perturbation=CYLD,87,0.2576741014764841,0.3838183526528775
T3,chen,perturbation=CYLD,88,0.08476211378709637,0.33489261382499713
T3,chen,perturbation=CYLD,89,0.2585856782866953,0.4339455943739679
T3,chen,perturbation=CYLD,90,0.14999118471780667,0.39070464049700293
T3,chen,perturbation=CYLD,91,0.2020139412507809,0.2719291816341132
T3,chen,perturbation=CYLD,92,0.1734267279807218,0.3502957227853156
T3,chen,perturbation=CYLD,93,0.19248008277691087,0.3373666636671656
T3,chen,perturbation=CYLD,94,0.12045573622906633,0.2639478024251897
T3,chen,perturbation=CYLD,95,0.2339827153322233,0.37120377136495675
T3,chen,perturbation=CYLD,96,0.24160726112112965,0.3964494732208857
T3,chen,perturbation=CYLD,97,0.23655267078364964,0.3573261596314364
T3,chen,perturbation=CYLD,98,0.25711395133708753,0.37209364785651644
T3,chen,perturbation=CYLD,99,0.1591316555912589,0.36797736241211326
T3,chen,perturbation=FOXRED2,0,0.17360112181294143,0.37237279524552724
T3,chen,perturbation=FOXRED2,1,0.23140765552476236,0.3700383232458568
T3,chen,perturbation=FOXRED2,2,0.1651151054769582,0.2756044898083833
T3,chen,perturbation=FOXRED2,3,0.2588909296912096,0.36878360485618344
T3,chen,perturbation=FOXRED2,4,0.2095017515329848,0.37662159447181287
T3,chen,perturbation=FOXRED2,5,0.24230636462707722,0.3770463546078698
T3,chen,perturbation=FOXRED2,6,0.1836296409751716,0.3071015779948175
T3,chen,perturbation=FOXRED2,7,0.20769997175623453,0.3634116155006807
T3,chen,perturbation=FOXRED2,8,0.18424911089032148,0.29928994639693607
T3,chen,perturbation=FOXRED2,9,0.1458030476599511,0.29352728267904543
T3,chen,perturbation=FOXRED2,10,0.24823504472928037,0.3962489621455168
T3,chen,perturbation=FOXRED2,11,0.251670379896562,0.39721944368597834
T3,chen,perturbation=FOXRED2,12,0.25326189630118556,0.42497878132445177
T3,chen,perturbation=FOXRED2,13,0.15660091474736856,0.3598587709780909
T3,chen,perturbation=FOXRED2,14,0.22976545511735574,0.3654413333668178
T3,chen,perturbation=FOXRED2,15,0.19830287744454947,0.3655507434131352
T3,chen,perturbation=FOXRED2,16,0.17021649991467522,0.31909017999634093
T3,chen,perturbation=FOXRED2,17,0.2524120490315784,0.4136293524528399
T3,chen,perturbation=FOXRED2,18,0.1794924122048831,0.3835495245849559
T3,chen,perturbation=FOXRED2,19,0.1859902380427617,0.3466231790577155
T3,chen,perturbation=FOXRED2,20,0.22902995821536482,0.3642991277957296
T3,chen,perturbation=FOXRED2,21,0.2075689847041007,0.3712449284952735
T3,chen,perturbation=FOXRED2,22,0.2521608479624575,0.36933524413547086
T3,chen,perturbation=FOXRED2,23,0.11312826662091957,0.3161731854009611
T3,chen,perturbation=FOXRED2,24,0.18886123514947806,0.36036812088388565
T3,chen,perturbation=FOXRED2,25,-0.033085329385600146,0.293490229980033
T3,chen,perturbation=FOXRED2,26,0.21044234750178098,0.3492546320805327
T3,chen,perturbation=FOXRED2,27,0.19240904462339872,0.37149516384328624
T3,chen,perturbation=FOXRED2,28,0.18197697970942,0.36483924096634074
T3,chen,perturbation=FOXRED2,29,0.24699812415563127,0.4183708638625226
T3,chen,perturbation=FOXRED2,30,0.27117208809223337,0.37211851025863674
T3,chen,perturbation=FOXRED2,31,0.21601574547183205,0.3741319950270083
T3,chen,perturbation=FOXRED2,32,0.20615743193287242,0.35752720730385973
T3,chen,perturbation=FOXRED2,33,0.2647135306412804,0.4244266434019261
T3,chen,perturbation=FOXRED2,34,0.20782044282273351,0.31922317320347243
T3,chen,perturbation=FOXRED2,35,0.24147096949449093,0.36919341199152417
T3,chen,perturbation=FOXRED2,36,0.22752177815209565,0.3227644937816619
T3,chen,perturbation=FOXRED2,37,0.25117841260082147,0.4100944501596964
T3,chen,perturbation=FOXRED2,38,0.21714121538334863,0.31952391538832714
T3,chen,perturbation=FOXRED2,39,0.23129675367197164,0.3425978171905673
T3,chen,perturbation=FOXRED2,40,0.15652690986850812,0.3595745365301659
T3,chen,perturbation=FOXRED2,41,0.1728220175414732,0.3670422299308993
T3,chen,perturbation=FOXRED2,42,0.24066227549532052,0.3729354301510193
T3,chen,perturbation=FOXRED2,43,0.22853246524292856,0.394204763884566
T3,chen,perturbation=FOXRED2,44,0.19154795225249535,0.3494080605430435
T3,chen,perturbation=FOXRED2,45,0.22633598418116627,0.40393612163887804
T3,chen,perturbation=FOXRED2,46,0.1979177636473997,0.3209018662430413
T3,chen,perturbation=FOXRED2,47,0.21194728361940382,0.3173936838344965
T3,chen,perturbation=FOXRED2,48,0.15122442161482452,0.33099973452926845
T3,chen,perturbation=FOXRED2,49,0.16265437749300893,0.388594549509962
T3,chen,perturbation=FOXRED2,50,0.2667781581569193,0.4001403218644608
T3,chen,perturbation=FOXRED2,51,0.16381357066450458,0.3125477619307648
T3,chen,perturbation=FOXRED2,52,0.21149257521815262,0.41061497662628965
T3,chen,perturbation=FOXRED2,53,0.25687133000513085,0.3935599135924079
T3,chen,perturbation=FOXRED2,54,0.05280430082380098,0.22995897233570717
T3,chen,perturbation=FOXRED2,55,0.2729021542758746,0.41734872298665704
T3,chen,perturbation=FOXRED2,56,0.21395435281058056,0.3906066899261258
T3,chen,perturbation=FOXRED2,57,0.1655730087000271,0.24783274614379905
T3,chen,perturbation=FOXRED2,58,0.2680767902401997,0.4109723628129065
T3,chen,perturbation=FOXRED2,59,0.2027150811293104,0.38197876491502725
T3,chen,perturbation=FOXRED2,60,0.20954653095153564,0.3640717099592093
T3,chen,perturbation=FOXRED2,61,0.14777221314412348,0.3590666491275042
T3,chen,perturbation=FOXRED2,62,0.24380781632880882,0.4049794057413275
T3,chen,perturbation=FOXRED2,63,0.2088292917850361,0.36516882175212306
T3,chen,perturbation=FOXRED2,64,0.2520067350957607,0.4083374266786095
T3,chen,perturbation=FOXRED2,65,0.2300141621467723,0.3407710027000498
T3,chen,perturbation=FOXRED2,66,0.2031035843857339,0.3914627834775906
T3,chen,perturbation=FOXRED2,67,0.16741883576212654,0.3219659201944394
T3,chen,perturbation=FOXRED2,68,0.21667512752561394,0.3130998539086056
T3,chen,perturbation=FOXRED2,69,0.19655402862860988,0.34701753339024227
T3,chen,perturbation=FOXRED2,70,0.15333986968677837,0.362260000856875
T3,chen,perturbation=FOXRED2,71,0.2328766555603497,0.3845409652540927
T3,chen,perturbation=FOXRED2,72,0.14186079543088312,0.3320293893940586
T3,chen,perturbation=FOXRED2,73,0.24210133133121356,0.351110052798978
T3,chen,perturbation=FOXRED2,74,0.20519722826628398,0.32914180586257924
T3,chen,perturbation=FOXRED2,75,0.18467800526010603,0.38371334292672554
T3,chen,perturbation=FOXRED2,76,0.18157982321363494,0.3093944969256986
T3,chen,perturbation=FOXRED2,77,0.2313437675780231,0.39659581676898337
T3,chen,perturbation=FOXRED2,78,0.26214810294203544,0.41040429778132875
T3,chen,perturbation=FOXRED2,79,0.0508467142687643,0.3242723422195665
T3,chen,perturbation=FOXRED2,80,0.18780510306272516,0.34647709798432874
T3,chen,perturbation=FOXRED2,81,0.2291626988476594,0.3387672272751521
T3,chen,perturbation=FOXRED2,82,0.267886407023215,0.353763072512652
T3,chen,perturbation=FOXRED2,83,0.17386167697244645,0.3671647700867019
T3,chen,perturbation=FOXRED2,84,0.20387309404126247,0.36424543506494056
T3,chen,perturbation=FOXRED2,85,0.2719565741409775,0.40537621676821595
T3,chen,perturbation=FOXRED2,86,0.1362671091761441,0.32295803542114376
T3,chen,perturbation=FOXRED2,87,0.22824335295878082,0.36521341544437813
T3,chen,perturbation=FOXRED2,88,0.21418936615244957,0.31225852425987277
T3,chen,perturbation=FOXRED2,89,0.17018954928149357,0.3264613502083555
T3,chen,perturbation=FOXRED2,90,0.1617425941292394,0.3512485957839622
T3,chen,perturbation=FOXRED2,91,0.19187030754394893,0.355904922399853
T3,chen,perturbation=FOXRED2,92,0.2262591873660501,0.37525807049979565
T3,chen,perturbation=FOXRED2,93,0.2050474835249109,0.38389130628594403
T3,chen,perturbation=FOXRED2,94,0.21302605706818473,0.34436320289207023
T3,chen,perturbation=FOXRED2,95,0.23368048993805912,0.36739441723787075
T3,chen,perturbation=FOXRED2,96,0.21791775988087742,0.2886621198810982
T3,chen,perturbation=FOXRED2,97,0.2411695370933618,0.39459571906346463
T3,chen,perturbation=FOXRED2,98,0.26285384186811656,0.40178688383225813
T3,chen,perturbation=FOXRED2,99,0.238237699376021,0.345563261582741
T3,chen,perturbation=SMARCA4,0,0.49392560964762083,0.6034732087822235
T3,chen,perturbation=SMARCA4,1,0.46082085657256516,0.5790074452620768
T3,chen,perturbation=SMARCA4,2,0.4627039960123213,0.5821165096573155
T3,chen,perturbation=SMARCA4,3,0.4593294378172543,0.5829290907473773
T3,chen,perturbation=SMARCA4,4,0.475454025893533,0.568792184992456
T3,chen,perturbation=SMARCA4,5,0.4451971666696667,0.5664846615178569
T3,chen,perturbation=SMARCA4,6,0.46739710421263864,0.5712259005496627
T3,chen,perturbation=SMARCA4,7,0.44829841483457655,0.5775576347698286
T3,chen,perturbation=SMARCA4,8,0.43623603428624885,0.5847418464642359
T3,chen,perturbation=SMARCA4,9,0.40836765774888195,0.5563767950056626
T3,chen,perturbation=SMARCA4,10,0.5226600922674721,0.6103733728004628
T3,chen,perturbation=SMARCA4,11,0.4562508171726201,0.5542117170807518
T3,chen,perturbation=SMARCA4,12,0.45929425480913705,0.5833448311456048
T3,chen,perturbation=SMARCA4,13,0.4466126264920673,0.5864712284649317
T3,chen,perturbation=SMARCA4,14,0.5051872473180294,0.5911555245036761
T3,chen,perturbation=SMARCA4,15,0.4220558772666818,0.5520869692132694
T3,chen,perturbation=SMARCA4,16,0.456738918122283,0.5718387794631299
T3,chen,perturbation=SMARCA4,17,0.47832894956261973,0.5610036081473513
T3,chen,perturbation=SMARCA4,18,0.45975670093767707,0.5644178793555233
T3,chen,perturbation=SMARCA4,19,0.4815764758191298,0.5549816658916032
T3,chen,perturbation=SMARCA4,20,0.4492197824149815,0.5408735281628041
T3,chen,perturbation=SMARCA4,21,0.4334474440891085,0.5523759398656515
T3,chen,perturbation=SMARCA4,22,0.4819362055978736,0.5829366538949808
T3,chen,perturbation=SMARCA4,23,0.4846522947643011,0.5783649539305986
T3,chen,perturbation=SMARCA4,24,0.48646992013301754,0.5958502432294627
T3,chen,perturbation=SMARCA4,25,0.4515844904153003,0.5941335165901109
T3,chen,perturbation=SMARCA4,26,0.4905377663774793,0.5936546213106484
T3,chen,perturbation=SMARCA4,27,0.4898219420326993,0.5921975610551571
T3,chen,perturbation=SMARCA4,28,0.4378152581876847,0.5721455029458037
T3,chen,perturbation=SMARCA4,29,0.4964709400191193,0.5684613007124775
T3,chen,perturbation=SMARCA4,30,0.4824684342727768,0.575420793528753
T3,chen,perturbation=SMARCA4,31,0.45963815984780404,0.5960118236982062
T3,chen,perturbation=SMARCA4,32,0.4495226626514518,0.5525125134443236
T3,chen,perturbation=SMARCA4,33,0.48364510315174813,0.5641648608219507
T3,chen,perturbation=SMARCA4,34,0.4545050837728878,0.5952160610045818
T3,chen,perturbation=SMARCA4,35,0.49436000804067687,0.5614019948859247
T3,chen,perturbation=SMARCA4,36,0.44053491436332576,0.5715064647571146
T3,chen,perturbation=SMARCA4,37,0.40843106177749455,0.5771746245210746
T3,chen,perturbation=SMARCA4,38,0.45126775136267694,0.5776117849472868
T3,chen,perturbation=SMARCA4,39,0.45217260553128225,0.5986125410565827
T3,chen,perturbation=SMARCA4,40,0.39471912737229264,0.5552497001225238
T3,chen,perturbation=SMARCA4,41,0.49301677658472604,0.5948245478765313
T3,chen,perturbation=SMARCA4,42,0.49056640550191377,0.562660263798267
T3,chen,perturbation=SMARCA4,43,0.49789096761649654,0.584992121633272
T3,chen,perturbation=SMARCA4,44,0.45297963807087327,0.543037571228392
T3,chen,perturbation=SMARCA4,45,0.5073289620889965,0.6067261152628769
T3,chen,perturbation=SMARCA4,46,0.4403735076929403,0.5460475474304279
T3,chen,perturbation=SMARCA4,47,0.4701037187239668,0.5951037974021512
T3,chen,perturbation=SMARCA4,48,0.4522037537977885,0.5833475467788878
T3,chen,perturbation=SMARCA4,49,0.499730007375099,0.5634481783442656
T3,chen,perturbation=SMARCA4,50,0.5045651198268569,0.6246749353618
T3,chen,perturbation=SMARCA4,51,0.4285423189120461,0.5462337053838446
T3,chen,perturbation=SMARCA4,52,0.4656035605520435,0.5576697501449653
T3,chen,perturbation=SMARCA4,53,0.4948802089890737,0.5912322201912157
T3,chen,perturbation=SMARCA4,54,0.45643648754854294,0.585356953253383
T3,chen,perturbation=SMARCA4,55,0.4371588631421609,0.5718262423727115
T3,chen,perturbation=SMARCA4,56,0.4436710359845992,0.5461668121126564
T3,chen,perturbation=SMARCA4,57,0.44890473652932417,0.5220164742849498
T3,chen,perturbation=SMARCA4,58,0.490617301810549,0.6001737472103128
T3,chen,perturbation=SMARCA4,59,0.42948341158997727,0.580942433681885
T3,chen,perturbation=SMARCA4,60,0.49162493293414505,0.5789572918711534
T3,chen,perturbation=SMARCA4,61,0.47583809570381597,0.6001908732569938
T3,chen,perturbation=SMARCA4,62,0.47323986434405385,0.571346465964396
T3,chen,perturbation=SMARCA4,63,0.5107630544247955,0.5945520011631599
T3,chen,perturbation=SMARCA4,64,0.4153987881051585,0.5396275605155385
T3,chen,perturbation=SMARCA4,65,0.4567926772541257,0.5690806690405958
T3,chen,perturbation=SMARCA4,66,0.479882413026646,0.5737691707331698
T3,chen,perturbation=SMARCA4,67,0.5100941473687954,0.6088626284376555
T3,chen,perturbation=SMARCA4,68,0.5064340811370086,0.6034063615878446
T3,chen,perturbation=SMARCA4,69,0.44477481081982134,0.5565267149610925
T3,chen,perturbation=SMARCA4,70,0.3537214967073979,0.5227388328252071
T3,chen,perturbation=SMARCA4,71,0.4082030264839343,0.5373673390419428
T3,chen,perturbation=SMARCA4,72,0.45999718270358947,0.572849084440294
T3,chen,perturbation=SMARCA4,73,0.4831010674607183,0.5740084992858374
T3,chen,perturbation=SMARCA4,74,0.44936474971635487,0.5460976421029183
T3,chen,perturbation=SMARCA4,75,0.4587532809496928,0.5658893983270196
T3,chen,perturbation=SMARCA4,76,0.4695520130041916,0.5927344294099283
T3,chen,perturbation=SMARCA4,77,0.3834403738600854,0.47318442206286604
T3,chen,perturbation=SMARCA4,78,0.4698879410173452,0.555411805878334
T3,chen,perturbation=SMARCA4,79,0.36622168045134196,0.5663513780732395
T3,chen,perturbation=SMARCA4,80,0.46082350216165285,0.5849597753761979
T3,chen,perturbation=SMARCA4,81,0.48057277574577634,0.5780092929970966
T3,chen,perturbation=SMARCA4,82,0.48467276574114965,0.5806419932309501
T3,chen,perturbation=SMARCA4,83,0.4490779435929428,0.5946307005364143
T3,chen,perturbation=SMARCA4,84,0.5026717314553636,0.5840510753615472
T3,chen,perturbation=SMARCA4,85,0.4632720656945108,0.5746230274576545
T3,chen,perturbation=SMARCA4,86,0.4907351561048475,0.5954741375301948
T3,chen,perturbation=SMARCA4,87,0.4996876639659787,0.5880501399678338
T3,chen,perturbation=SMARCA4,88,0.4568499716878407,0.5963762697687871
T3,chen,perturbation=SMARCA4,89,0.37183788613741187,0.5655554486877667
T3,chen,perturbation=SMARCA4,90,0.4253695408429119,0.5829293535614757
T3,chen,perturbation=SMARCA4,91,0.4788419660517521,0.587939058559857
T3,chen,perturbation=SMARCA4,92,0.4878710688077317,0.5972458301618566
T3,chen,perturbation=SMARCA4,93,0.4589344417000989,0.558379557966687
T3,chen,perturbation=SMARCA4,94,0.4293408869121727,0.5543169808105165
T3,chen,perturbation=SMARCA4,95,0.4718204057689986,0.588168017172247
T3,chen,perturbation=SMARCA4,96,0.4585763037656342,0.5794327033554832
T3,chen,perturbation=SMARCA4,97,0.5091877160854569,0.6030034901437659
T3,chen,perturbation=SMARCA4,98,0.45677791446643057,0.5409640959475643
T3,chen,perturbation=SMARCA4,99,0.4347390268867684,0.586764224789712
T3,chen,perturbation=PLRG1,0,0.24010528260346348,0.306756103271925
T3,chen,perturbation=PLRG1,1,0.21450130334630926,0.3672404890720102
T3,chen,perturbation=PLRG1,2,0.2321757948835459,0.39547633661312154
T3,chen,perturbation=PLRG1,3,0.26293980710971987,0.3884266857801052
T3,chen,perturbation=PLRG1,4,0.28816680300577335,0.3917642537559303
T3,chen,perturbation=PLRG1,5,0.16711945256808813,0.3164603992681511
T3,chen,perturbation=PLRG1,6,0.2442280017552247,0.36830913930938103
T3,chen,perturbation=PLRG1,7,0.2039087636062197,0.3128578231925267
T3,chen,perturbation=PLRG1,8,0.24231121245558696,0.3478636229634935
T3,chen,perturbation=PLRG1,9,0.21830865197815627,0.35356550877861875
T3,chen,perturbation=PLRG1,10,0.21473444140269107,0.365997961901621
T3,chen,perturbation=PLRG1,11,0.25401936692873867,0.40350074622613485
T3,chen,perturbation=PLRG1,12,0.3098913757677276,0.43850665763690316
T3,chen,perturbation=PLRG1,13,0.28078971535936076,0.4072486586460884
T3,chen,perturbation=PLRG1,14,0.2876788512973507,0.3453400524027265
T3,chen,perturbation=PLRG1,15,0.26267534504824963,0.36780002228477937
T3,chen,perturbation=PLRG1,16,0.2722120454200779,0.4165710126944845
T3,chen,perturbation=PLRG1,17,0.22268014304552253,0.3572778854107549
T3,chen,perturbation=PLRG1,18,0.29698962789780126,0.3995933084124093
T3,chen,perturbation=PLRG1,19,0.25093550636610024,0.39781513126891804
T3,chen,perturbation=PLRG1,20,0.24253161903904716,0.3609163715640083
T3,chen,perturbation=PLRG1,21,0.2792396317671168,0.4030777667906544
T3,chen,perturbation=PLRG1,22,0.27014237759352666,0.39974664923804254
T3,chen,perturbation=PLRG1,23,0.13726120169779768,0.2969452102061151
T3,chen,perturbation=PLRG1,24,0.24967952013964048,0.40865988522373264
T3,chen,perturbation=PLRG1,25,0.06047861187122931,0.34652390105280884
T3,chen,perturbation=PLRG1,26,0.19499518562294352,0.31950974061446263
T3,chen,perturbation=PLRG1,27,0.24999353462719737,0.36671338445632545
T3,chen,perturbation=PLRG1,28,0.2632368749050203,0.3933001553123986
T3,chen,perturbation=PLRG1,29,0.26686365690914143,0.38176214085989746
T3,chen,perturbation=PLRG1,30,0.21464710339566154,0.36706738976239167
T3,chen,perturbation=PLRG1,31,0.2930239078798174,0.4199081336784803
T3,chen,perturbation=PLRG1,32,0.25317422681228996,0.40722810827435224
T3,chen,perturbation=PLRG1,33,0.3062332854684066,0.413090876703723
T3,chen,perturbation=PLRG1,34,0.30904538593240094,0.3691597525742821
T3,chen,perturbation=PLRG1,35,0.2703766931980859,0.3928153109968405
T3,chen,perturbation=PLRG1,36,0.23963685509941574,0.38134232233452475
T3,chen,perturbation=PLRG1,37,0.2412770200285796,0.3960818356317361
T3,chen,perturbation=PLRG1,38,0.2356531492149596,0.39570894301569043
T3,chen,perturbation=PLRG1,39,0.21394002877750404,0.36986739709677285
T3,chen,perturbation=PLRG1,40,0.23765148169092593,0.41306806178548866
T3,chen,perturbation=PLRG1,41,0.2477791190175251,0.30160050421824935
T3,chen,perturbation=PLRG1,42,0.154381771439488,0.344809038639301
T3,chen,perturbation=PLRG1,43,0.22175887034794323,0.29354519440670235
T3,chen,perturbation=PLRG1,44,0.30254579267499326,0.3768378793089243
T3,chen,perturbation=PLRG1,45,0.2800028979778502,0.401258048288674
T3,chen,perturbation=PLRG1,46,0.27244117231917386,0.4120143922037352
T3,chen,perturbation=PLRG1,47,0.23913266912307926,0.3659191428265122
T3,chen,perturbation=PLRG1,48,0.28267127422915994,0.42089670903595994
T3,chen,perturbation=PLRG1,49,0.2197849972960881,0.39431798986095384
T3,chen,perturbation=PLRG1,50,0.30450321637667627,0.40657285259672593
T3,chen,perturbation=PLRG1,51,0.28342881423437727,0.432106720712317
T3,chen,perturbation=PLRG1,52,0.2951747367516545,0.37333610903765363
T3,chen,perturbation=PLRG1,53,0.23194032205129264,0.37888914011311137
T3,chen,perturbation=PLRG1,54,0.25302988180889946,0.39407884470605525
T3,chen,perturbation=PLRG1,55,0.2841924932505536,0.36230075767188
T3,chen,perturbation=PLRG1,56,0.2523779879600686,0.3782235873083176
T3,chen,perturbation=PLRG1,57,0.2973474857709138,0.3972195021018333
T3,chen,perturbation=PLRG1,58,0.27193230003427876,0.4294241207037526
T3,chen,perturbation=PLRG1,59,0.22274275901109372,0.3910663936651976
T3,chen,perturbation=PLRG1,60,0.2338852225925814,0.3873254683993795
T3,chen,perturbation=PLRG1,61,0.29959805252308164,0.3957905394194821
T3,chen,perturbation=PLRG1,62,0.2781227981610724,0.41788086805063246
T3,chen,perturbation=PLRG1,63,0.2708597709268495,0.41163733348546255
T3,chen,perturbation=PLRG1,64,0.22119679158548988,0.36404258435752135
T3,chen,perturbation=PLRG1,65,0.2391740456934792,0.3558239277588909
T3,chen,perturbation=PLRG1,66,0.27799813251024724,0.41501067802819513
T3,chen,perturbation=PLRG1,67,0.2770727050329181,0.41531887846570886
T3,chen,perturbation=PLRG1,68,0.24804783000264163,0.4008056598099675
T3,chen,perturbation=PLRG1,69,0.2964865876381733,0.3776048032641831
T3,chen,perturbation=PLRG1,70,0.2507071456485951,0.3932221309821394
T3,chen,perturbation=PLRG1,71,0.27000313739721915,0.42127551716101097
T3,chen,perturbation=PLRG1,72,0.2238367066037044,0.3115705685123071
T3,chen,perturbation=PLRG1,73,0.2026326758620607,0.3490159388364956
T3,chen,perturbation=PLRG1,74,0.2427775243597177,0.3635758657200695
T3,chen,perturbation=PLRG1,75,0.1714436361882705,0.34317950804526043
T3,chen,perturbation=PLRG1,76,0.2110222489662008,0.361698254845052
T3,chen,perturbation=PLRG1,77,0.28228800964053025,0.4056489927601389
T3,chen,perturbation=PLRG1,78,0.1650948355151978,0.30771200984048575
T3,chen,perturbation=PLRG1,79,0.2733232280894159,0.41441091725098167
T3,chen,perturbation=PLRG1,80,0.25237645618434773,0.3790135440386776
T3,chen,perturbation=PLRG1,81,0.2818456661964375,0.34925191367646036
T3,chen,perturbation=PLRG1,82,0.21860705607743225,0.369279863275095
T3,chen,perturbation=PLRG1,83,0.17033599642602262,0.3788442221914628
T3,chen,perturbation=PLRG1,84,0.21211127255875273,0.3194495320457748
T3,chen,perturbation=PLRG1,85,0.17983048022802284,0.3019487622352465
T3,chen,perturbation=PLRG1,86,0.22607423158532267,0.37908779474774185
T3,chen,perturbation=PLRG1,87,0.25713705357402833,0.3774743541517179
T3,chen,perturbation=PLRG1,88,0.23223933354729906,0.3815266395938735
T3,chen,perturbation=PLRG1,89,0.3057164140847325,0.3828834063229795
T3,chen,perturbation=PLRG1,90,0.20473706173158854,0.39672540413439866
T3,chen,perturbation=PLRG1,91,0.2657574860552184,0.40094598548422034
T3,chen,perturbation=PLRG1,92,0.27151871173369485,0.3736385938061632
T3,chen,perturbation=PLRG1,93,0.2724230647625714,0.42757074813406215
T3,chen,perturbation=PLRG1,94,0.19749797491306395,0.25292606614617824
T3,chen,perturbation=PLRG1,95,0.24316641733032363,0.2785801238764255
T3,chen,perturbation=PLRG1,96,0.14789389357906751,0.3623047109464796
T3,chen,perturbation=PLRG1,97,0.2893607850340353,0.4179763017689391
T3,chen,perturbation=PLRG1,98,0.24521058184311167,0.3903193336630907
T3,chen,perturbation=PLRG1,99,0.14338556477327302,0.3396166495750209
T3,chen,perturbation=SIK3,0,0.20187468002030928,0.4146138728578921
T3,chen,perturbation=SIK3,1,0.29698868207843465,0.445383703184736
T3,chen,perturbation=SIK3,2,0.2920313558306207,0.43749628737764856
T3,chen,perturbation=SIK3,3,0.24966970366919122,0.4206588851819936
T3,chen,perturbation=SIK3,4,0.2789190081514565,0.4471573346087418
T3,chen,perturbation=SIK3,5,0.2503792743891314,0.4627759324926527
T3,chen,perturbation=SIK3,6,0.23771145706496352,0.37979217544746124
T3,chen,perturbation=SIK3,7,0.3134210058832818,0.4338653199363327
T3,chen,perturbation=SIK3,8,0.3123916677092991,0.4615010871500784
T3,chen,perturbation=SIK3,9,0.3097725139164247,0.4639090256143825
T3,chen,perturbation=SIK3,10,0.33490611847798385,0.4811960098587362
T3,chen,perturbation=SIK3,11,0.32422854220530584,0.4853536794247852
T3,chen,perturbation=SIK3,12,0.31138222004528465,0.4408452654470531
T3,chen,perturbation=SIK3,13,0.27495032465108843,0.4129771595091637
T3,chen,perturbation=SIK3,14,0.30961467028346124,0.4835778721164708
T3,chen,perturbation=SIK3,15,0.15743039537196174,0.3428793963699817
T3,chen,perturbation=SIK3,16,0.20622525215371681,0.32681781856876135
T3,chen,perturbation=SIK3,17,0.2224268847347064,0.38443933962224014
T3,chen,perturbation=SIK3,18,0.19630976925421592,0.43903644329625374
T3,chen,perturbation=SIK3,19,0.26937806543161635,0.44956854198180307
T3,chen,perturbation=SIK3,20,0.26587604060297654,0.45983994676120177
T3,chen,perturbation=SIK3,21,0.2534160246009066,0.4767564721816183
T3,chen,perturbation=SIK3,22,0.3044927943692455,0.46816791407224817
T3,chen,perturbation=SIK3,23,0.26519113294043845,0.46920249902165556
T3,chen,perturbation=SIK3,24,0.24653567862307643,0.4177529873411863
T3,chen,perturbation=SIK3,25,0.26649663138929597,0.47782192982901645
T3,chen,perturbation=SIK3,26,0.2212929626549965,0.3992136384239294
T3,chen,perturbation=SIK3,27,0.3262218350767306,0.4850510261999639
T3,chen,perturbation=SIK3,28,0.2126200719990318,0.4237580787597488
T3,chen,perturbation=SIK3,29,0.3279397359309621,0.5058245794147097
T3,chen,perturbation=SIK3,30,0.32307524732906145,0.5194322748875112
T3,chen,perturbation=SIK3,31,0.2600585437210466,0.462684238049763
T3,chen,perturbation=SIK3,32,0.28636326682508967,0.47800511556531455
T3,chen,perturbation=SIK3,33,0.27412474627607974,0.4570807137869733
T3,chen,perturbation=SIK3,34,0.2538873687540744,0.47339038651569115
T3,chen,perturbation=SIK3,35,0.2719222745936033,0.42511741819446536
T3,chen,perturbation=SIK3,36,0.1443747477784664,0.4465122173400906
T3,chen,perturbation=SIK3,37,0.286145990328288,0.43964119136743723
T3,chen,perturbation=SIK3,38,0.3060882358567106,0.4517487897891755
T3,chen,perturbation=SIK3,39,0.26235956158261725,0.4128311059256321
T3,chen,perturbation=SIK3,40,0.2522436676879638,0.4766526109312442
T3,chen,perturbation=SIK3,41,0.27078294053355384,0.46847734902280336
T3,chen,perturbation=SIK3,42,0.2948436918194482,0.47640876018025125
T3,chen,perturbation=SIK3,43,0.3083208612327073,0.4896555152686985
T3,chen,perturbation=SIK3,44,0.2772959608047602,0.43717541513856906
T3,chen,perturbation=SIK3,45,0.2111167691313389,0.4028473737116343
T3,chen,perturbation=SIK3,46,0.24189174291977195,0.423597597376373
T3,chen,perturbation=SIK3,47,0.05967639263415418,0.2291028377939389
T3,chen,perturbation=SIK3,48,0.22430543732051844,0.429645059444055
T3,chen,perturbation=SIK3,49,0.13536469958807265,0.4170920789929532
T3,chen,perturbation=SIK3,50,0.29560253696646466,0.4907766337590274
T3,chen,perturbation=SIK3,51,0.3073848666566028,0.4721116338980961
T3,chen,perturbation=SIK3,52,0.27901303324511656,0.49958409015700034
T3,chen,perturbation=SIK3,53,0.2895286669399004,0.45323953208636186
T3,chen,perturbation=SIK3,54,0.32318556848374697,0.43421288469443037
T3,chen,perturbation=SIK3,55,0.2487094870588921,0.4469790763468791
T3,chen,perturbation=SIK3,56,0.2527478142538408,0.4393954915091405
T3,chen,perturbation=SIK3,57,0.2792192176331942,0.46508984975986994
T3,chen,perturbation=SIK3,58,0.24479796365768822,0.39807027109960125
T3,chen,perturbation=SIK3,59,0.25568151465908406,0.47265050680552817
T3,chen,perturbation=SIK3,60,0.2743513265773749,0.4512678802669874
T3,chen,perturbation=SIK3,61,0.24954097759080296,0.4706807242986756
T3,chen,perturbation=SIK3,62,0.30320462462722514,0.45768263204493204
T3,chen,perturbation=SIK3,63,0.3191941888249519,0.4865771059569022
T3,chen,perturbation=SIK3,64,0.29896579923654937,0.47898352685900397
T3,chen,perturbation=SIK3,65,0.2427289486904431,0.38807216519637383
T3,chen,perturbation=SIK3,66,0.3306362235019207,0.47547327376557036
T3,chen,perturbation=SIK3,67,0.27162147539317066,0.4671654397483517
T3,chen,perturbation=SIK3,68,0.2460179575169506,0.42391202402486167
T3,chen,perturbation=SIK3,69,0.2621500518143182,0.46463360685228516
T3,chen,perturbation=SIK3,70,0.24824838580272032,0.4650416484664765
T3,chen,perturbation=SIK3,71,0.197252238066678,0.4401899126704515
T3,chen,perturbation=SIK3,72,0.2659361905414807,0.442112745033213
T3,chen,perturbation=SIK3,73,0.2730244361183534,0.4634238154529971
T3,chen,perturbation=SIK3,74,0.2653567614781558,0.47269725950064057
T3,chen,perturbation=SIK3,75,0.20386754158325437,0.4286387012307245
T3,chen,perturbation=SIK3,76,0.2621486325042163,0.4427429747585642
T3,chen,perturbation=SIK3,77,0.3285083021914002,0.490630439976964
T3,chen,perturbation=SIK3,78,0.28955332865852296,0.3792823950079723
T3,chen,perturbation=SIK3,79,0.16622972925615642,0.4309903445157946
T3,chen,perturbation=SIK3,80,0.2892113411429603,0.4234449700990186
T3,chen,perturbation=SIK3,81,0.26934056845276366,0.46024987203798695
T3,chen,perturbation=SIK3,82,0.2876161984303914,0.4939556426728895
T3,chen,perturbation=SIK3,83,0.20271137346502072,0.49488051696181556
T3,chen,perturbation=SIK3,84,0.2908435234549463,0.4624730878232646
T3,chen,perturbation=SIK3,85,0.2932246633528076,0.47421517594752444
T3,chen,perturbation=SIK3,86,0.2902618975861832,0.4801043163024477
T3,chen,perturbation=SIK3,87,0.28875995789959685,0.459031806490078
T3,chen,perturbation=SIK3,88,0.08775137849298585,0.36546963931190213
T3,chen,perturbation=SIK3,89,0.1826523198471197,0.4609791126096604
T3,chen,perturbation=SIK3,90,0.1220532227430803,0.4153599900030896
T3,chen,perturbation=SIK3,91,0.2894898089893426,0.48522063419181743
T3,chen,perturbation=SIK3,92,0.27503156531009004,0.4419345595943788
T3,chen,perturbation=SIK3,93,0.29394173588737427,0.4718967022714532
T3,chen,perturbation=SIK3,94,0.2862041781855358,0.45861474565901866
T3,chen,perturbation=SIK3,95,0.23393901307940082,0.4243870001860796
T3,chen,perturbation=SIK3,96,0.19140612428686773,0.43731087389968903
T3,chen,perturbation=SIK3,97,0.19292370896390365,0.3716645334955666
T3,chen,perturbation=SIK3,98,0.25975398096870467,0.42078331499115357
T3,chen,perturbation=SIK3,99,0.3033515953157815,0.46630345035364396
T3,chen,perturbation=KIDINS220,0,0.06096699731139215,0.26020611518947057
T3,chen,perturbation=KIDINS220,1,0.16828450545804396,0.2673401428800232
T3,chen,perturbation=KIDINS220,2,0.21303121726498278,0.3505253670249802
T3,chen,perturbation=KIDINS220,3,0.1451034796521888,0.2774529907593936
T3,chen,perturbation=KIDINS220,4,0.14368402339263567,0.26490567562433814
T3,chen,perturbation=KIDINS220,5,0.18308917942027733,0.3226211370887695
T3,chen,perturbation=KIDINS220,6,0.1892174211288592,0.3349438536266944
T3,chen,perturbation=KIDINS220,7,0.0709224254727436,0.25905765636699213
T3,chen,perturbation=KIDINS220,8,0.19263270501164786,0.32277638839617406
T3,chen,perturbation=KIDINS220,9,0.19922456649737624,0.32265416101806715
T3,chen,perturbation=KIDINS220,10,0.24899983752928187,0.32938414670686683
T3,chen,perturbation=KIDINS220,11,0.1975037666070883,0.2825030373829106
T3,chen,perturbation=KIDINS220,12,0.19386690499409776,0.32896883885264383
T3,chen,perturbation=KIDINS220,13,0.14614979115697055,0.26954793248363806
T3,chen,perturbation=KIDINS220,14,0.1499948292457131,0.26567546166321526
T3,chen,perturbation=KIDINS220,15,0.14786075386023115,0.3099448505615395
T3,chen,perturbation=KIDINS220,16,0.15162595622182445,0.3101201503449648
T3,chen,perturbation=KIDINS220,17,0.09052044631095695,0.16106308596932647
T3,chen,perturbation=KIDINS220,18,0.1488043948638739,0.29456162009131404
T3,chen,perturbation=KIDINS220,19,0.17740327367180866,0.30583367283324026
T3,chen,perturbation=KIDINS220,20,0.1832799504169828,0.3389039958992854
T3,chen,perturbation=KIDINS220,21,0.15164352628140487,0.3056642236001612
T3,chen,perturbation=KIDINS220,22,0.0629538707070238,0.23175514727626115
T3,chen,perturbation=KIDINS220,23,0.10439488744515157,0.27545830570442414
T3,chen,perturbation=KIDINS220,24,0.12405686416411323,0.3090842584317702
T3,chen,perturbation=KIDINS220,25,0.1119197285645071,0.26366954650892643
T3,chen,perturbation=KIDINS220,26,0.16760786119879004,0.29557137834617425
T3,chen,perturbation=KIDINS220,27,0.14953490667416436,0.2818302169480625
T3,chen,perturbation=KIDINS220,28,0.13844131469550583,0.2549236435788413
T3,chen,perturbation=KIDINS220,29,0.15733865979417028,0.2925527967613033
T3,chen,perturbation=KIDINS220,30,0.059268469665221035,0.23285219870916604
T3,chen,perturbation=KIDINS220,31,0.1307608165814276,0.20406939757051637
T3,chen,perturbation=KIDINS220,32,0.12405624916152974,0.2672455022014855
T3,chen,perturbation=KIDINS220,33,0.10913666383408847,0.2529239322828147
T3,chen,perturbation=KIDINS220,34,0.01572467307574245,0.2222925767187319
T3,chen,perturbation=KIDINS220,35,0.1743559536499365,0.3022178415371943
T3,chen,perturbation=KIDINS220,36,0.15287069329080627,0.3161784556437831
T3,chen,perturbation=KIDINS220,37,0.19624989192742356,0.2852073856653665
T3,chen,perturbation=KIDINS220,38,0.0825904891416221,0.23338749708176681
T3,chen,perturbation=KIDINS220,39,0.1760921934178045,0.3405981208171861
T3,chen,perturbation=KIDINS220,40,-0.0540564697814361,0.14863229538758552
T3,chen,perturbation=KIDINS220,41,0.11966568394367134,0.24451950049170695
T3,chen,perturbation=KIDINS220,42,0.1606544896963413,0.3272696882388824
T3,chen,perturbation=KIDINS220,43,0.1676333547253598,0.3009549081633308
T3,chen,perturbation=KIDINS220,44,0.15856069025125863,0.3060697751370204
T3,chen,perturbation=KIDINS220,45,0.19899973538362672,0.3108216306240606
T3,chen,perturbation=KIDINS220,46,0.2121022284559539,0.30004567874192545
T3,chen,perturbation=KIDINS220,47,0.12527470684421177,0.28332921702950464
T3,chen,perturbation=KIDINS220,48,0.13503440898019875,0.3096638870097583
T3,chen,perturbation=KIDINS220,49,0.03461251915801716,0.24456388606081583
T3,chen,perturbation=KIDINS220,50,0.051589366985926755,0.2263942046950948
T3,chen,perturbation=KIDINS220,51,0.1149971800070543,0.25663839620392187
T3,chen,perturbation=KIDINS220,52,0.11880832481375922,0.30816950760401596
T3,chen,perturbation=KIDINS220,53,0.12993014728669233,0.2741843792364124
T3,chen,perturbation=KIDINS220,54,0.19174274840593625,0.31035735622115884
T3,chen,perturbation=KIDINS220,55,0.189201789836256,0.3085243055404984
T3,chen,perturbation=KIDINS220,56,0.15351016372609075,0.2697821508062335
T3,chen,perturbation=KIDINS220,57,0.20685658977994378,0.339449103124485
T3,chen,perturbation=KIDINS220,58,0.16252225405308673,0.2899850614873214
T3,chen,perturbation=KIDINS220,59,0.14880706086489373,0.2690336511060798
T3,chen,perturbation=KIDINS220,60,0.1687834195645709,0.3371460787869409
T3,chen,perturbation=KIDINS220,61,0.11814502827496115,0.3231920380376622
T3,chen,perturbation=KIDINS220,62,0.13953725805530445,0.27867046955883634
T3,chen,perturbation=KIDINS220,63,0.1842354144849832,0.3357877758342635
T3,chen,perturbation=KIDINS220,64,0.09859365567603223,0.19921610348623478
T3,chen,perturbation=KIDINS220,65,0.10143224895117825,0.2672340711721713
T3,chen,perturbation=KIDINS220,66,0.07801205494180301,0.24463358835731083
T3,chen,perturbation=KIDINS220,67,0.08685189691600485,0.261639201355116
T3,chen,perturbation=KIDINS220,68,0.15069566486297636,0.30943888417727794
T3,chen,perturbation=KIDINS220,69,0.09047018229788105,0.2325546863335359
T3,chen,perturbation=KIDINS220,70,0.1629780960663212,0.32423279641515845
T3,chen,perturbation=KIDINS220,71,0.15575354775555666,0.30129511463959313
T3,chen,perturbation=KIDINS220,72,0.18140621536084495,0.2847314904282667
T3,chen,perturbation=KIDINS220,73,0.1368030926030217,0.29743406552658685
T3,chen,perturbation=KIDINS220,74,0.17492980391661636,0.25732927090548097
T3,chen,perturbation=KIDINS220,75,0.1200731367446297,0.2468315615840417
T3,chen,perturbation=KIDINS220,76,0.09376167518817109,0.27808461919159483
T3,chen,perturbation=KIDINS220,77,0.2030308533540954,0.34144173181451704
T3,chen,perturbation=KIDINS220,78,0.17230970102671372,0.3124600334102672
T3,chen,perturbation=KIDINS220,79,-0.0017047929323823557,0.26243377126728257
T3,chen,perturbation=KIDINS220,80,0.0197121232975022,0.2033415823299085
T3,chen,perturbation=KIDINS220,81,-0.09066472534620006,0.05486490939241505
T3,chen,perturbation=KIDINS220,82,0.1556154674265589,0.32945356693608957
T3,chen,perturbation=KIDINS220,83,0.1389494213783548,0.31838213117457187
T3,chen,perturbation=KIDINS220,84,0.11429263130812144,0.22685389726125008
T3,chen,perturbation=KIDINS220,85,0.20624206910509682,0.31908536529780707
T3,chen,perturbation=KIDINS220,86,0.20762086277336017,0.3003020392813186
T3,chen,perturbation=KIDINS220,87,0.16234099370331054,0.27392966178806943
T3,chen,perturbation=KIDINS220,88,0.1564961527962576,0.31907832831701227
T3,chen,perturbation=KIDINS220,89,0.16646473290959127,0.2434218128004114
T3,chen,perturbation=KIDINS220,90,0.13139937077957606,0.32703427418611447
T3,chen,perturbation=KIDINS220,91,0.18654612464221607,0.3014543379581123
T3,chen,perturbation=KIDINS220,92,0.131917127698803,0.25332439024523573
T3,chen,perturbation=KIDINS220,93,0.15603408346259337,0.3011637401871835
T3,chen,perturbation=KIDINS220,94,0.10525676757509574,0.22039177095056064
T3,chen,perturbation=KIDINS220,95,0.20475023417711552,0.3271562357588365
T3,chen,perturbation=KIDINS220,96,0.11170154224403023,0.3074698680078257
T3,chen,perturbation=KIDINS220,97,0.18580768159120747,0.3204351066204882
T3,chen,perturbation=KIDINS220,98,0.13299185523105825,0.3006900317710243
T3,chen,perturbation=KIDINS220,99,0.1925184761667491,0.3372888530931939
T3,chen,perturbation=NMNAT1,0,0.1578154687348821,0.3444313947954428
T3,chen,perturbation=NMNAT1,1,0.19359684541324135,0.35018003747803766
T3,chen,perturbation=NMNAT1,2,0.23259955000571567,0.32324279388826765
T3,chen,perturbation=NMNAT1,3,0.23223495600874533,0.3761954223952448
T3,chen,perturbation=NMNAT1,4,0.1648417802342667,0.3171132159439394
T3,chen,perturbation=NMNAT1,5,0.1515987012634899,0.28923988496689224
T3,chen,perturbation=NMNAT1,6,0.19588494126523898,0.3343684320943015
T3,chen,perturbation=NMNAT1,7,0.17142434084514044,0.3445904923420109
T3,chen,perturbation=NMNAT1,8,0.11831674335144762,0.2943874237219645
T3,chen,perturbation=NMNAT1,9,0.18908480502298244,0.326907299181543
T3,chen,perturbation=NMNAT1,10,0.18215384688226607,0.279615636119429
T3,chen,perturbation=NMNAT1,11,0.1960365907513833,0.32014148583944574
T3,chen,perturbation=NMNAT1,12,0.17094102124412014,0.2788337635775904
T3,chen,perturbation=NMNAT1,13,0.18595466599508115,0.3617376642593189
T3,chen,perturbation=NMNAT1,14,0.1869811204609119,0.2971541731819414
T3,chen,perturbation=NMNAT1,15,0.17008533399711348,0.26740077598426626
T3,chen,perturbation=NMNAT1,16,0.1939737919092244,0.33335629824532403
T3,chen,perturbation=NMNAT1,17,0.15251168416996724,0.3336538177438307
T3,chen,perturbation=NMNAT1,18,0.1665592937031537,0.32228242299308896
T3,chen,perturbation=NMNAT1,19,0.11358861867594788,0.3334882374832032
T3,chen,perturbation=NMNAT1,20,0.22535193330655656,0.36450518016050343
T3,chen,perturbation=NMNAT1,21,0.1739912818247512,0.23061483182676182
T3,chen,perturbation=NMNAT1,22,0.15724896381810893,0.2861871566293558
T3,chen,perturbation=NMNAT1,23,0.22535644805063365,0.33730330198940917
T3,chen,perturbation=NMNAT1,24,0.1672297903889388,0.27688644218627606
T3,chen,perturbation=NMNAT1,25,-0.009718164477145578,0.25552543944302153
T3,chen,perturbation=NMNAT1,26,0.2264061367098138,0.3350541473130449
T3,chen,perturbation=NMNAT1,27,0.20479272450638178,0.32251184147698886
T3,chen,perturbation=NMNAT1,28,0.18846687912010712,0.33985059624092145
T3,chen,perturbation=NMNAT1,29,0.1938634858197872,0.3409110353234535
T3,chen,perturbation=NMNAT1,30,0.19075058631326935,0.3101040142082869
T3,chen,perturbation=NMNAT1,31,0.09175566989549809,0.2805036024245653
T3,chen,perturbation=NMNAT1,32,0.14955426603021868,0.30957166932364777
T3,chen,perturbation=NMNAT1,33,0.1820779343498982,0.34969309157197004
T3,chen,perturbation=NMNAT1,34,0.16797043210478968,0.26966083451505934
T3,chen,perturbation=NMNAT1,35,0.09347749343312046,0.13569498484637432
T3,chen,perturbation=NMNAT1,36,0.17676924460849525,0.15515867837998668
T3,chen,perturbation=NMNAT1,37,0.04453394651641027,0.2907166474544672
T3,chen,perturbation=NMNAT1,38,0.18580992424425616,0.3246511885893514
T3,chen,perturbation=NMNAT1,39,0.13567001143327687,0.29303793165247083
T3,chen,perturbation=NMNAT1,40,0.1533806064716724,0.28350417482656637
T3,chen,perturbation=NMNAT1,41,0.210672300999045,0.3513544764545341
T3,chen,perturbation=NMNAT1,42,0.19082784807378325,0.3254715288524849
T3,chen,perturbation=NMNAT1,43,0.21007693050980497,0.3628511797093734
T3,chen,perturbation=NMNAT1,44,0.07324672085637342,0.2240101779380341
T3,chen,perturbation=NMNAT1,45,0.1211473377051532,0.29628844791491477
T3,chen,perturbation=NMNAT1,46,0.15390188597466012,0.3090860515810182
T3,chen,perturbation=NMNAT1,47,-0.03014508058581885,0.1428543190198701
T3,chen,perturbation=NMNAT1,48,0.1676525084412109,0.3331061149083212
T3,chen,perturbation=NMNAT1,49,0.09930673807922462,0.3368340223465709
T3,chen,perturbation=NMNAT1,50,0.13784214074486478,0.27675805612288995
T3,chen,perturbation=NMNAT1,51,0.14993585029580733,0.3151679063981566
T3,chen,perturbation=NMNAT1,52,0.19991866596488692,0.3002926202623365
T3,chen,perturbation=NMNAT1,53,0.16048621953911169,0.30508863677209475
T3,chen,perturbation=NMNAT1,54,0.17131037503425067,0.3015026726988516
T3,chen,perturbation=NMNAT1,55,0.18531445125778756,0.33541035781745243
T3,chen,perturbation=NMNAT1,56,0.22076777956399518,0.34109736687946773
T3,chen,perturbation=NMNAT1,57,0.17970969023513753,0.2855683893462984
T3,chen,perturbation=NMNAT1,58,0.2116574738973863,0.3645315599771332
T3,chen,perturbation=NMNAT1,59,0.17193328021397514,0.36023373515461
T3,chen,perturbation=NMNAT1,60,0.19589726074117378,0.3192968385470675
T3,chen,perturbation=NMNAT1,61,0.1603818019006859,0.3268278857485688
T3,chen,perturbation=NMNAT1,62,0.17046925333124993,0.3022614857642008
T3,chen,perturbation=NMNAT1,63,0.1776192325471525,0.32404040008210866
T3,chen,perturbation=NMNAT1,64,0.14757523121331798,0.25192206865635625
T3,chen,perturbation=NMNAT1,65,0.1291215024623323,0.2530444504172037
T3,chen,perturbation=NMNAT1,66,0.15861871412962444,0.3262376987110132
T3,chen,perturbation=NMNAT1,67,0.18345842226665335,0.3298688195930742
T3,chen,perturbation=NMNAT1,68,0.15137594955569023,0.3385888163605862
T3,chen,perturbation=NMNAT1,69,0.20308890906136484,0.3755936310056906
T3,chen,perturbation=NMNAT1,70,0.1936620563395249,0.34922920464172325
T3,chen,perturbation=NMNAT1,71,0.16417688240999764,0.3393790777624273
T3,chen,perturbation=NMNAT1,72,0.15811960705889644,0.24135049969591255
T3,chen,perturbation=NMNAT1,73,0.12518575788381975,0.2686293132674439
T3,chen,perturbation=NMNAT1,74,0.22153414343678368,0.3737954410698756
T3,chen,perturbation=NMNAT1,75,0.19924914826683424,0.3200512871990503
T3,chen,perturbation=NMNAT1,76,0.1540111418255418,0.2750073297501175
T3,chen,perturbation=NMNAT1,77,0.16267744782589488,0.291263068652442
T3,chen,perturbation=NMNAT1,78,0.15479192707825415,0.30981612362031474
T3,chen,perturbation=NMNAT1,79,0.05933514634545822,0.3150244566856657
T3,chen,perturbation=NMNAT1,80,0.11232704526027645,0.29997812823312153
T3,chen,perturbation=NMNAT1,81,0.06602228474676684,0.13093308455028624
T3,chen,perturbation=NMNAT1,82,0.20120376300206827,0.31796481389726716
T3,chen,perturbation=NMNAT1,83,0.13576760001391036,0.36188857471180585
T3,chen,perturbation=NMNAT1,84,0.1372270797169134,0.26787943864414576
T3,chen,perturbation=NMNAT1,85,0.20114183534538532,0.3506820114527676
T3,chen,perturbation=NMNAT1,86,0.22709731480714132,0.35482162357195385
T3,chen,perturbation=NMNAT1,87,0.1983176955768732,0.3284096539673777
T3,chen,perturbation=NMNAT1,88,0.11900337848229686,0.3118645625735157
T3,chen,perturbation=NMNAT1,89,0.16284473142441713,0.3246516356340115
T3,chen,perturbation=NMNAT1,90,0.04994211681387224,0.1893173008220642
T3,chen,perturbation=NMNAT1,91,0.1808278776216104,0.33611497300642856
T3,chen,perturbation=NMNAT1,92,0.13530926748932623,0.3097235328276462
T3,chen,perturbation=NMNAT1,93,0.1264718355407602,0.28440288316004164
T3,chen,perturbation=NMNAT1,94,0.20309795570466205,0.34292804021619305
T3,chen,perturbation=NMNAT1,95,0.08131106623801121,0.26701244242500655
T3,chen,perturbation=NMNAT1,96,0.16917556717478047,0.3001748072645885
T3,chen,perturbation=NMNAT1,97,0.20155405994360767,0.3406369755086894
T3,chen,perturbation=NMNAT1,98,0.13758679468018653,0.2800076890444025
T3,chen,perturbation=NMNAT1,99,0.1601096278281208,0.34143583394414867
T3,chen,perturbation=MED28,0,0.41228725867877214,0.545551280741739
T3,chen,perturbation=MED28,1,0.45030111758677654,0.559245852115878
T3,chen,perturbation=MED28,2,0.4356492661330138,0.5345806938333929
T3,chen,perturbation=MED28,3,0.46354394535732224,0.5620717832973069
T3,chen,perturbation=MED28,4,0.4358943052029946,0.5537893868082309
T3,chen,perturbation=MED28,5,0.44452791417612914,0.5517415713936751
T3,chen,perturbation=MED28,6,0.41798163789546044,0.5212264166029444
T3,chen,perturbation=MED28,7,0.4377140812832231,0.5129906424720777
T3,chen,perturbation=MED28,8,0.44426892367282694,0.5563213230357952
T3,chen,perturbation=MED28,9,0.4350115419132546,0.4950014935698145
T3,chen,perturbation=MED28,10,0.3865728820625678,0.4953366398484927
T3,chen,perturbation=MED28,11,0.4633797835382959,0.5655413145700272
T3,chen,perturbation=MED28,12,0.4779533688907532,0.568565510298158
T3,chen,perturbation=MED28,13,0.30333556449658583,0.45745750203098123
T3,chen,perturbation=MED28,14,0.4268560793663732,0.48467149426138784
T3,chen,perturbation=MED28,15,0.44238702887141657,0.5600314939206036
T3,chen,perturbation=MED28,16,0.36787105869851994,0.5047988589009612
T3,chen,perturbation=MED28,17,0.41891845628449353,0.5224955513692999
T3,chen,perturbation=MED28,18,0.4377845916707888,0.5134976430586523
T3,chen,perturbation=MED28,19,0.4008897618023525,0.46675285985528486
T3,chen,perturbation=MED28,20,0.46103007537215224,0.5597553091001967
T3,chen,perturbation=MED28,21,0.4510376111922228,0.5577737764056855
T3,chen,perturbation=MED28,22,0.44322451144683594,0.5576914125735767
T3,chen,perturbation=MED28,23,0.43120367423815553,0.5380209021940954
T3,chen,perturbation=MED28,24,0.4403314219826885,0.5548806758755054
T3,chen,perturbation=MED28,25,0.3578690778163148,0.5600452968211275
T3,chen,perturbation=MED28,26,0.4751348810900908,0.5772939887167647
T3,chen,perturbation=MED28,27,0.4637073165707369,0.5776177223199673
T3,chen,perturbation=MED28,28,0.31675271561917,0.45713724600745353
T3,chen,perturbation=MED28,29,0.4175327178746799,0.5111222889767859
T3,chen,perturbation=MED28,30,0.39166557155824105,0.49865940861825103
T3,chen,perturbation=MED28,31,0.34921383656425087,0.489691654899682
T3,chen,perturbation=MED28,32,0.46805949573580163,0.5532857042042879
T3,chen,perturbation=MED28,33,0.3154627392318116,0.4405829157149648
T3,chen,perturbation=MED28,34,0.46276497903629493,0.5287589664289866
T3,chen,perturbation=MED28,35,0.46207986515853006,0.5412795761967135
T3,chen,perturbation=MED28,36,0.3053952314776577,0.48475538673580176
T3,chen,perturbation=MED28,37,0.30693046608722224,0.48951847196996967
T3,chen,perturbation=MED28,38,0.47248671096635053,0.5718026072679937
T3,chen,perturbation=MED28,39,0.48063067044677243,0.5487193853190193
T3,chen,perturbation=MED28,40,0.38058496417676135,0.5141707002798658
T3,chen,perturbation=MED28,41,0.3992337503066999,0.47649871545297395
T3,chen,perturbation=MED28,42,0.439044179759806,0.5653817380060631
T3,chen,perturbation=MED28,43,0.45698220287968,0.5768155270702922
T3,chen,perturbation=MED28,44,0.44553832226106627,0.5346708300266739
T3,chen,perturbation=MED28,45,0.44760215014031274,0.5478223334988838
T3,chen,perturbation=MED28,46,0.4485994336507581,0.525851098973658
T3,chen,perturbation=MED28,47,0.4416599981638163,0.5479701824733987
T3,chen,perturbation=MED28,48,0.35350885625431133,0.5032193279839059
T3,chen,perturbation=MED28,49,0.2921911537677352,0.4937506915821754
T3,chen,perturbation=MED28,50,0.455361394961275,0.566092493232723
T3,chen,perturbation=MED28,51,0.4345300694140634,0.5399225459820728
T3,chen,perturbation=MED28,52,0.4260487602793469,0.5209775673373547
T3,chen,perturbation=MED28,53,0.4575148744238289,0.5364549857379108
T3,chen,perturbation=MED28,54,0.35041741365351753,0.4891085243704143
T3,chen,perturbation=MED28,55,0.3496506962652495,0.40299849222665807
T3,chen,perturbation=MED28,56,0.45693745106299616,0.5586990653205866
T3,chen,perturbation=MED28,57,0.467351576162704,0.5444253379075485
T3,chen,perturbation=MED28,58,0.4665760720859844,0.5679978538302808
T3,chen,perturbation=MED28,59,0.44924615578471744,0.5667341974130145
T3,chen,perturbation=MED28,60,0.46187107275417566,0.567548258626174
T3,chen,perturbation=MED28,61,0.4271678884672557,0.5594855878628726
T3,chen,perturbation=MED28,62,0.40960948962133215,0.5280356480537167
T3,chen,perturbation=MED28,63,0.46170028330158003,0.5769568613275454
T3,chen,perturbation=MED28,64,0.43114829988294434,0.5334265548654535
T3,chen,perturbation=MED28,65,0.38181147089282025,0.5096450297913631
T3,chen,perturbation=MED28,66,0.4315807764304269,0.498449127085043
T3,chen,perturbation=MED28,67,0.4386462549393663,0.5476780880287628
T3,chen,perturbation=MED28,68,0.4283539131176278,0.5749152133175318
T3,chen,perturbation=MED28,69,0.4268881664694175,0.5233496651967257
T3,chen,perturbation=MED28,70,0.4237763878839686,0.4993992452956345
T3,chen,perturbation=MED28,71,0.4691892096477907,0.5752688078209447
T3,chen,perturbation=MED28,72,0.4187338407043604,0.5248815886306176
T3,chen,perturbation=MED28,73,0.463847681545382,0.548262056520992
T3,chen,perturbation=MED28,74,0.46349755778337604,0.5471914955857354
T3,chen,perturbation=MED28,75,0.4511136126737204,0.5902119041549125
T3,chen,perturbation=MED28,76,0.4305295439622612,0.5290405799857841
T3,chen,perturbation=MED28,77,0.44029066742248935,0.5259622690596529
T3,chen,perturbation=MED28,78,0.45444117007708923,0.5732305042511237
T3,chen,perturbation=MED28,79,0.4033810566673791,0.5303907391341426
T3,chen,perturbation=MED28,80,0.4490819055137985,0.5304148366049801
T3,chen,perturbation=MED28,81,0.3952273265891767,0.5099841718016311
T3,chen,perturbation=MED28,82,0.42669850208444904,0.5380147194290007
T3,chen,perturbation=MED28,83,0.4579284600630586,0.5512225604044539
T3,chen,perturbation=MED28,84,0.3169749707804258,0.36404462800766474
T3,chen,perturbation=MED28,85,0.39656473193023306,0.5059005673172322
T3,chen,perturbation=MED28,86,0.432249801704011,0.5485392116276632
T3,chen,perturbation=MED28,87,0.46759126378216187,0.5684304161880367
T3,chen,perturbation=MED28,88,0.4615366039433668,0.58660132207753
T3,chen,perturbation=MED28,89,0.4714419094214688,0.5622643256603126
T3,chen,perturbation=MED28,90,0.45970215008198745,0.577996577342119
T3,chen,perturbation=MED28,91,0.4061294199796729,0.5343552503313741
T3,chen,perturbation=MED28,92,0.4549995563987569,0.5489895296791194
T3,chen,perturbation=MED28,93,0.3913868795772608,0.5084340525219846
T3,chen,perturbation=MED28,94,0.4267234280551902,0.5426936273375893
T3,chen,perturbation=MED28,95,0.4158085379756411,0.5539800335496976
T3,chen,perturbation=MED28,96,0.45597996449905726,0.5662274850866595
T3,chen,perturbation=MED28,97,0.44352222725944573,0.5177902535313014
T3,chen,perturbation=MED28,98,0.48439734575188403,0.5614454739998022
T3,chen,perturbation=MED28,99,0.4515656031025067,0.5662121279350314
T3,chen,perturbation=TET2,0,0.20828993054784878,0.36553361870574574
T3,chen,perturbation=TET2,1,0.26530624202133923,0.40465312385670243
T3,chen,perturbation=TET2,2,0.2332407335117943,0.36015295634056715
T3,chen,perturbation=TET2,3,0.21121388880376724,0.35904752341790686
T3,chen,perturbation=TET2,4,0.25655893458799006,0.40153371572770635
T3,chen,perturbation=TET2,5,0.27706325109103314,0.39067135300393774
T3,chen,perturbation=TET2,6,0.2974498737954416,0.40814395628178174
T3,chen,perturbation=TET2,7,0.22463985030303504,0.33210135471173874
T3,chen,perturbation=TET2,8,0.2800276844112649,0.4192790558359347
T3,chen,perturbation=TET2,9,0.2225304973901693,0.30545636369371604
T3,chen,perturbation=TET2,10,0.25830477487046044,0.3788616362604971
T3,chen,perturbation=TET2,11,0.22300857280688619,0.36404093585705966
T3,chen,perturbation=TET2,12,0.135473889138407,0.2778941315161788
T3,chen,perturbation=TET2,13,0.25977149886569373,0.4070071423011334
T3,chen,perturbation=TET2,14,0.2908507332791874,0.3920139592152353
T3,chen,perturbation=TET2,15,0.22935901070508297,0.3827151494986412
T3,chen,perturbation=TET2,16,0.2705282081755306,0.40950321363287184
T3,chen,perturbation=TET2,17,0.13856105675516855,0.3228506448794322
T3,chen,perturbation=TET2,18,0.2688073557485766,0.3830800761497781
T3,chen,perturbation=TET2,19,0.1840169481183284,0.3508497129020236
T3,chen,perturbation=TET2,20,0.2681411335876571,0.38622218454316215
T3,chen,perturbation=TET2,21,0.22280086516897224,0.38584272507661205
T3,chen,perturbation=TET2,22,0.15323708412412748,0.30654819948053846
T3,chen,perturbation=TET2,23,0.20799343953000807,0.26428382929993016
T3,chen,perturbation=TET2,24,0.22946422619903845,0.3852965798492465
T3,chen,perturbation=TET2,25,0.1848479454545312,0.3948062270342186
T3,chen,perturbation=TET2,26,0.2594354192569961,0.38332034121328873
T3,chen,perturbation=TET2,27,0.26221769317526245,0.37209564052938804
T3,chen,perturbation=TET2,28,0.30827046982758677,0.36481560655834455
T3,chen,perturbation=TET2,29,0.2670378066770509,0.37303281321528503
T3,chen,perturbation=TET2,30,0.2815627707596918,0.39554786428899213
T3,chen,perturbation=TET2,31,0.10246087374597636,0.27464714071579155
T3,chen,perturbation=TET2,32,0.132040154367596,0.2782313697741994
T3,chen,perturbation=TET2,33,0.257366277448661,0.36504686251536267
T3,chen,perturbation=TET2,34,0.20471259040493744,0.3460575016910888
T3,chen,perturbation=TET2,35,0.19835007018489592,0.2580647507736843
T3,chen,perturbation=TET2,36,0.24486748900880595,0.36153474581529876
T3,chen,perturbation=TET2,37,0.25481442399266413,0.39696781876731824
T3,chen,perturbation=TET2,38,0.24983738629699564,0.38949249694663063
T3,chen,perturbation=TET2,39,0.2821609465543088,0.4004996118617267
T3,chen,perturbation=TET2,40,0.18685470278743796,0.3840515489565796
T3,chen,perturbation=TET2,41,0.23844474276384398,0.3780365614839701
T3,chen,perturbation=TET2,42,0.24282526406161725,0.3933394797213994
T3,chen,perturbation=TET2,43,0.2540725602253446,0.33946340965874655
T3,chen,perturbation=TET2,44,0.26237773582998125,0.41091992492027907
T3,chen,perturbation=TET2,45,0.24322464416452694,0.38382175341781555
T3,chen,perturbation=TET2,46,0.24792712150955978,0.3804226459356832
T3,chen,perturbation=TET2,47,0.27974665051828945,0.40162010340322263
T3,chen,perturbation=TET2,48,0.2167616142288292,0.37083691176862527
T3,chen,perturbation=TET2,49,0.19566551496007784,0.41032034875738166
T3,chen,perturbation=TET2,50,0.2607955811142074,0.3820720054415244
T3,chen,perturbation=TET2,51,0.23006215772665844,0.3494406044306696
T3,chen,perturbation=TET2,52,0.22213540087176334,0.4011572182797871
T3,chen,perturbation=TET2,53,0.2567400064375727,0.38396379477039727
T3,chen,perturbation=TET2,54,0.27637904428727794,0.41626136335507125
T3,chen,perturbation=TET2,55,0.25303451399160787,0.41452513571710703
T3,chen,perturbation=TET2,56,0.22116411907845998,0.37008357390460755
T3,chen,perturbation=TET2,57,0.24693171501295666,0.3459200206035307
T3,chen,perturbation=TET2,58,0.25614950951820964,0.37163622480812125
T3,chen,perturbation=TET2,59,0.21773436765351323,0.3742539959483769
T3,chen,perturbation=TET2,60,0.26501109481678486,0.37945284721233885
T3,chen,perturbation=TET2,61,0.25835656224561,0.31206280429929006
T3,chen,perturbation=TET2,62,0.17463289097424,0.30555995029686994
T3,chen,perturbation=TET2,63,0.23038172227007978,0.34200294730273995
T3,chen,perturbation=TET2,64,0.20010886390744773,0.34453205305389006
T3,chen,perturbation=TET2,65,0.14581894519935448,0.3293178807839776
T3,chen,perturbation=TET2,66,0.13631717037453558,0.3327085182972706
T3,chen,perturbation=TET2,67,0.24264659642976075,0.3587816667554215
T3,chen,perturbation=TET2,68,0.2303322968535938,0.3130036993795014
T3,chen,perturbation=TET2,69,0.21801202413083956,0.37102867832979364
T3,chen,perturbation=TET2,70,0.21898584544964247,0.3171669359402217
T3,chen,perturbation=TET2,71,0.29307632104097586,0.4041372744462743
T3,chen,perturbation=TET2,72,0.23685823527355632,0.3897223464287618
T3,chen,perturbation=TET2,73,0.26159098208869525,0.3771501211995064
T3,chen,perturbation=TET2,74,0.2589063814699314,0.39804999992275586
T3,chen,perturbation=TET2,75,0.2597988179464035,0.3870205661305281
T3,chen,perturbation=TET2,76,0.2636910378036487,0.39316173470281796
T3,chen,perturbation=TET2,77,0.17721771167482253,0.2986305904822939
T3,chen,perturbation=TET2,78,0.2758419027913856,0.38387912158106713
T3,chen,perturbation=TET2,79,0.26322792092297537,0.3352042441150654
T3,chen,perturbation=TET2,80,0.28055644405221347,0.41694604368431176
T3,chen,perturbation=TET2,81,0.19831089205766866,0.31943332152390663
T3,chen,perturbation=TET2,82,0.24838021203256724,0.383668653243565
T3,chen,perturbation=TET2,83,0.2133291526409785,0.41606735745531065
T3,chen,perturbation=TET2,84,0.2702410286099869,0.3963071013816083
T3,chen,perturbation=TET2,85,0.21063760481711102,0.3409485145585457
T3,chen,perturbation=TET2,86,0.2660337922652302,0.366801492400566
T3,chen,perturbation=TET2,87,0.27672446431057635,0.38590027615035555
T3,chen,perturbation=TET2,88,0.21679742534076143,0.3661033184954026
T3,chen,perturbation=TET2,89,0.11302976600111957,0.32860165971175603
T3,chen,perturbation=TET2,90,0.24509325417030373,0.3906401023335433
T3,chen,perturbation=TET2,91,0.20906885613456494,0.36714364375359976
T3,chen,perturbation=TET2,92,0.20171842022366218,0.33230013621242266
T3,chen,perturbation=TET2,93,0.1924956671367257,0.3418751439370985
T3,chen,perturbation=TET2,94,0.19554137021439988,0.2788345026127626
T3,chen,perturbation=TET2,95,0.25717762191377713,0.40948144123511127
T3,chen,perturbation=TET2,96,0.21705903539266375,0.3149497552373891
T3,chen,perturbation=TET2,97,0.20081511213095635,0.33560808756417987
T3,chen,perturbation=TET2,98,0.23161168538397608,0.3187295487481636
T3,chen,perturbation=TET2,99,0.2574483654758966,0.3736243059477509
T3,chen,perturbation=NCOR2,0,0.09537041835585754,0.29881072492287064
T3,chen,perturbation=NCOR2,1,0.12978750412726375,0.26995403459886863
T3,chen,perturbation=NCOR2,2,0.21462120173888208,0.3449123690310757
T3,chen,perturbation=NCOR2,3,0.21067838463268523,0.3599971654938651
T3,chen,perturbation=NCOR2,4,0.17558077990819757,0.34144780112856127
T3,chen,perturbation=NCOR2,5,0.23250556389810317,0.394762907139105
T3,chen,perturbation=NCOR2,6,0.21651132831060815,0.38342355934521827
T3,chen,perturbation=NCOR2,7,0.221824534903818,0.39416473210564384
T3,chen,perturbation=NCOR2,8,0.1305625172885455,0.27906146657772324
T3,chen,perturbation=NCOR2,9,0.22559931199178698,0.3122375614347727
T3,chen,perturbation=NCOR2,10,0.26558208871385663,0.39186899587492013
T3,chen,perturbation=NCOR2,11,0.18080380254691789,0.34057677934536307
T3,chen,perturbation=NCOR2,12,0.22268482561381647,0.39460591552866453
T3,chen,perturbation=NCOR2,13,0.17980077978530004,0.35743996716254733
T3,chen,perturbation=NCOR2,14,0.23528050933312558,0.4071018818359958
T3,chen,perturbation=NCOR2,15,0.2028216538106355,0.3293974981321537
T3,chen,perturbation=NCOR2,16,0.18733752455603436,0.35795806145912173
T3,chen,perturbation=NCOR2,17,0.1988203073349972,0.37514676013806675
T3,chen,perturbation=NCOR2,18,0.129873451844512,0.2736089768094481
T3,chen,perturbation=NCOR2,19,0.22582134520847544,0.4079561843018814
T3,chen,perturbation=NCOR2,20,0.1996831814860734,0.3387302931319746
T3,chen,perturbation=NCOR2,21,0.1063338650568736,0.32871398693530884
T3,chen,perturbation=NCOR2,22,0.24697246271393916,0.3952177521869219
T3,chen,perturbation=NCOR2,23,0.16936001102410414,0.3821754465260594
T3,chen,perturbation=NCOR2,24,0.2316341763940357,0.3999615154414937
T3,chen,perturbation=NCOR2,25,0.16755281974294892,0.2619319092566987
T3,chen,perturbation=NCOR2,26,0.22886962316325027,0.39016344845039885
T3,chen,perturbation=NCOR2,27,0.23124385170191303,0.4067786784749964
T3,chen,perturbation=NCOR2,28,0.22735676023514018,0.4029256902184199
T3,chen,perturbation=NCOR2,29,0.1945193689749834,0.32334438923747943
T3,chen,perturbation=NCOR2,30,0.18434287584370887,0.3549226129202825
T3,chen,perturbation=NCOR2,31,0.266709120853326,0.4013869721432687
T3,chen,perturbation=NCOR2,32,0.11818878022657443,0.2538959729952901
T3,chen,perturbation=NCOR2,33,0.18796811745744402,0.32794359978317206
T3,chen,perturbation=NCOR2,34,0.23245030127121535,0.32468929455511636
T3,chen,perturbation=NCOR2,35,0.20208889511825218,0.3421568087641879
T3,chen,perturbation=NCOR2,36,0.19117569510760743,0.407263200238324
T3,chen,perturbation=NCOR2,37,0.17103703829703454,0.4237205164872445
T3,chen,perturbation=NCOR2,38,0.21175784652631946,0.3900756201060734
T3,chen,perturbation=NCOR2,39,0.1787887291323317,0.3557907165706974
T3,chen,perturbation=NCOR2,40,0.15920833836866063,0.3744844957421056
T3,chen,perturbation=NCOR2,41,0.16230670159728325,0.3557802983679298
T3,chen,perturbation=NCOR2,42,0.18907661489361907,0.39145932220609386
T3,chen,perturbation=NCOR2,43,0.19961533655485292,0.3598860197269013
T3,chen,perturbation=NCOR2,44,0.16987568165645736,0.2930591739520338
T3,chen,perturbation=NCOR2,45,0.22740721509137954,0.39452463091967177
T3,chen,perturbation=NCOR2,46,0.24851226444094818,0.3976456437591857
T3,chen,perturbation=NCOR2,47,0.21088259407318394,0.3468446954769642
T3,chen,perturbation=NCOR2,48,0.21231668437055182,0.3732390734587285
T3,chen,perturbation=NCOR2,49,0.19068892910253213,0.30115753526527095
T3,chen,perturbation=NCOR2,50,0.24247679009101544,0.39544080968698664
T3,chen,perturbation=NCOR2,51,0.21855352830123817,0.3894648895912515
T3,chen,perturbation=NCOR2,52,0.20251895930619887,0.34265675120599204
T3,chen,perturbation=NCOR2,53,0.23605382170528197,0.39006610078406695
T3,chen,perturbation=NCOR2,54,0.2222238953126605,0.4252735129377969
T3,chen,perturbation=NCOR2,55,0.22370168135940635,0.3921383711238354
T3,chen,perturbation=NCOR2,56,0.21439998656372872,0.3781839975498939
T3,chen,perturbation=NCOR2,57,0.12573648015197522,0.2967450685979858
T3,chen,perturbation=NCOR2,58,0.16212900275349063,0.32006889624853546
T3,chen,perturbation=NCOR2,59,0.1673874378400102,0.3657891651145559
T3,chen,perturbation=NCOR2,60,0.17287501541371333,0.3218220871072928
T3,chen,perturbation=NCOR2,61,0.24593319816192036,0.3840091912049391
T3,chen,perturbation=NCOR2,62,0.20287390445959205,0.3716727043919618
T3,chen,perturbation=NCOR2,63,0.1902518315377295,0.31101816602300264
T3,chen,perturbation=NCOR2,64,0.2042087910422774,0.3028735607245651
T3,chen,perturbation=NCOR2,65,0.11963592612324128,0.30733906881481127
T3,chen,perturbation=NCOR2,66,0.21704685054691777,0.3692440625623186
T3,chen,perturbation=NCOR2,67,0.18415716653403744,0.3476325328362567
T3,chen,perturbation=NCOR2,68,0.21119455309013643,0.3956981454553157
T3,chen,perturbation=NCOR2,69,0.18525451614238522,0.3752438922834161
T3,chen,perturbation=NCOR2,70,0.14219797143637217,0.37155200777726055
T3,chen,perturbation=NCOR2,71,0.20605962838771932,0.3914810295240413
T3,chen,perturbation=NCOR2,72,0.23361910142201991,0.3981883663812786
T3,chen,perturbation=NCOR2,73,0.2197380123916134,0.3529484216518474
T3,chen,perturbation=NCOR2,74,0.1818186412205608,0.3616615485168079
T3,chen,perturbation=NCOR2,75,0.16552057606366047,0.28958722558663963
T3,chen,perturbation=NCOR2,76,0.21118390014831992,0.35590663044251425
T3,chen,perturbation=NCOR2,77,0.2510443564694809,0.40033207526736836
T3,chen,perturbation=NCOR2,78,0.19863683194585158,0.36571613979491396
T3,chen,perturbation=NCOR2,79,0.22275116831647376,0.36532369527798575
T3,chen,perturbation=NCOR2,80,0.15709919847099177,0.3317423870395433
T3,chen,perturbation=NCOR2,81,0.13470237478536093,0.31314666156075627
T3,chen,perturbation=NCOR2,82,0.17436269456203457,0.3435806880317295
T3,chen,perturbation=NCOR2,83,0.24201673730341466,0.4084408498141242
T3,chen,perturbation=NCOR2,84,0.2101153479959259,0.34910827670392136
T3,chen,perturbation=NCOR2,85,0.2344884751969625,0.37455896893076845
T3,chen,perturbation=NCOR2,86,0.043983746027844266,0.25977626387262903
T3,chen,perturbation=NCOR2,87,0.07039561113979693,0.1879874593297017
T3,chen,perturbation=NCOR2,88,0.16635958288059088,0.39501106826769183
T3,chen,perturbation=NCOR2,89,0.12853656449426945,0.3145745045408307
T3,chen,perturbation=NCOR2,90,0.12176529898678197,0.35488895590643815
T3,chen,perturbation=NCOR2,91,0.24169523709207932,0.39051385465068267
T3,chen,perturbation=NCOR2,92,0.21764705602293064,0.3741591650864945
T3,chen,perturbation=NCOR2,93,0.20152583065416582,0.3698028707114012
T3,chen,perturbation=NCOR2,94,0.20725865838521398,0.3710129079589956
T3,chen,perturbation=NCOR2,95,0.22527402567527277,0.37189659641302475
T3,chen,perturbation=NCOR2,96,0.12094762404797861,0.37683100149950616
T3,chen,perturbation=NCOR2,97,0.2285766435535413,0.388262685012261
T3,chen,perturbation=NCOR2,98,0.10184781809683913,0.2497582821631529
T3,chen,perturbation=NCOR2,99,0.1605144509563958,0.3744779415811255
T3,chen,perturbation=ALKBH5,0,0.02866110967478587,0.17207789052682113
T3,chen,perturbation=ALKBH5,1,0.10440086056648246,0.26286549414542015
T3,chen,perturbation=ALKBH5,2,0.14705105208980868,0.26970301126957535
T3,chen,perturbation=ALKBH5,3,0.05553892660199584,0.21527549598553805
T3,chen,perturbation=ALKBH5,4,0.09579836386653866,0.2352530107481542
T3,chen,perturbation=ALKBH5,5,0.10312191881175758,0.26253862047910326
T3,chen,perturbation=ALKBH5,6,0.07717441555290887,0.20193948351244234
T3,chen,perturbation=ALKBH5,7,0.06657835017089997,0.19151902954136596
T3,chen,perturbation=ALKBH5,8,0.07997597403366914,0.17158065521453567
T3,chen,perturbation=ALKBH5,9,0.07926138798323186,0.24033250811507162
T3,chen,perturbation=ALKBH5,10,0.1445497662192002,0.2735648334347308
T3,chen,perturbation=ALKBH5,11,0.12004422961267251,0.1972619576488982
T3,chen,perturbation=ALKBH5,12,0.007066470542263378,0.1465812003190076
T3,chen,perturbation=ALKBH5,13,0.0849189712133985,0.18193362642925012
T3,chen,perturbation=ALKBH5,14,0.1306613868783879,0.24631750019514306
T3,chen,perturbation=ALKBH5,15,0.10897902770749347,0.2809085774083182
T3,chen,perturbation=ALKBH5,16,0.055628732599517935,0.2341031011397881
T3,chen,perturbation=ALKBH5,17,0.040066034600821025,0.1998514198272904
T3,chen,perturbation=ALKBH5,18,0.0032697006543542526,0.18103638606815514
T3,chen,perturbation=ALKBH5,19,0.061065240807011936,0.23297556570853625
T3,chen,perturbation=ALKBH5,20,0.06898992407861435,0.1801380275344714
T3,chen,perturbation=ALKBH5,21,0.0934242052246406,0.22953903373174678
T3,chen,perturbation=ALKBH5,22,0.10679673791886585,0.25677517745624573
T3,chen,perturbation=ALKBH5,23,0.13843602195405608,0.2930879955624304
T3,chen,perturbation=ALKBH5,24,-0.07187055096637615,0.1608682768884169
T3,chen,perturbation=ALKBH5,25,-0.10783306056378106,0.19230191578756936
T3,chen,perturbation=ALKBH5,26,0.12829612828389472,0.29597436652688053
T3,chen,perturbation=ALKBH5,27,0.09796398895815782,0.24477098490857466
T3,chen,perturbation=ALKBH5,28,0.12246265520426051,0.21865695654420825
T3,chen,perturbation=ALKBH5,29,0.08899356482758682,0.20790479614739887
T3,chen,perturbation=ALKBH5,30,0.05118631055644951,0.20028579096786492
T3,chen,perturbation=ALKBH5,31,-0.030149570992330187,0.16965335958804667
T3,chen,perturbation=ALKBH5,32,0.10166115395701547,0.23409471806221205
T3,chen,perturbation=ALKBH5,33,0.09441082290801615,0.24338443992624986
T3,chen,perturbation=ALKBH5,34,0.10485709087059396,0.22427231164062614
T3,chen,perturbation=ALKBH5,35,0.11887161850739335,0.264144898920787
T3,chen,perturbation=ALKBH5,36,0.10856285661361509,0.2706281934628129
T3,chen,perturbation=ALKBH5,37,0.03183987670566494,0.19892182886309726
T3,chen,perturbation=ALKBH5,38,0.039910916111023306,0.22175689100350082
T3,chen,perturbation=ALKBH5,39,0.046678863193070914,0.23528154706990595
T3,chen,perturbation=ALKBH5,40,0.008381368023850764,0.19850945901664502
T3,chen,perturbation=ALKBH5,41,0.11799917378906437,0.21945664989205207
T3,chen,perturbation=ALKBH5,42,0.14976707041964332,0.2276659166672463
T3,chen,perturbation=ALKBH5,43,0.09984734506765525,0.24927021488090337
T3,chen,perturbation=ALKBH5,44,0.0967889664183662,0.2218040668711392
T3,chen,perturbation=ALKBH5,45,0.11001708670949319,0.23549256791068943
T3,chen,perturbation=ALKBH5,46,0.04505876100017561,0.17787520784857738
T3,chen,perturbation=ALKBH5,47,0.14267744710907426,0.26909251496519293
T3,chen,perturbation=ALKBH5,48,0.08556132845974306,0.2211721946251775
T3,chen,perturbation=ALKBH5,49,0.10924309800263954,0.19241932591940442
T3,chen,perturbation=ALKBH5,50,0.06630442792860856,0.1519168303455971
T3,chen,perturbation=ALKBH5,51,0.07688466388393816,0.1701372234990023
T3,chen,perturbation=ALKBH5,52,0.13886270998935474,0.2925431346281926
T3,chen,perturbation=ALKBH5,53,0.07364241514744217,0.21627427179693276
T3,chen,perturbation=ALKBH5,54,0.1112617191837484,0.27240776817621026
T3,chen,perturbation=ALKBH5,55,0.09782779607029737,0.23201054158530435
T3,chen,perturbation=ALKBH5,56,0.13014365712473736,0.29146622287206336
T3,chen,perturbation=ALKBH5,57,0.11603843901223922,0.2569837003844247
T3,chen,perturbation=ALKBH5,58,0.07829957435101392,0.21490529358496616
T3,chen,perturbation=ALKBH5,59,0.0599806219571933,0.18427782659534203
T3,chen,perturbation=ALKBH5,60,0.09201443851805437,0.24340178426955622
T3,chen,perturbation=ALKBH5,61,0.09563834506083002,0.24639690624159352
T3,chen,perturbation=ALKBH5,62,0.12601508275266346,0.259476739357021
T3,chen,perturbation=ALKBH5,63,0.08017884184690605,0.22374417433674434
T3,chen,perturbation=ALKBH5,64,0.1054658632601532,0.23295321750624431
T3,chen,perturbation=ALKBH5,65,0.09972827387062029,0.23050869128900137
T3,chen,perturbation=ALKBH5,66,0.05991232527271289,0.20083477338738362
T3,chen,perturbation=ALKBH5,67,0.05151669590980976,0.1511126635431962
T3,chen,perturbation=ALKBH5,68,0.08012812131168542,0.21249516489192277
T3,chen,perturbation=ALKBH5,69,0.09325372921550383,0.201523586538244
T3,chen,perturbation=ALKBH5,70,0.15992436500947968,0.2645147200153578
T3,chen,perturbation=ALKBH5,71,0.049223545928427176,0.12623259680689936
T3,chen,perturbation=ALKBH5,72,0.11000338943361108,0.22925878529549787
T3,chen,perturbation=ALKBH5,73,0.03312436491326199,0.17305531324036894
T3,chen,perturbation=ALKBH5,74,0.08089833472520354,0.25032511563974796
T3,chen,perturbation=ALKBH5,75,0.06814443705511858,0.24296781509761198
T3,chen,perturbation=ALKBH5,76,0.08804260652001791,0.18243313876268594
T3,chen,perturbation=ALKBH5,77,0.14640030127522433,0.2814274625952378
T3,chen,perturbation=ALKBH5,78,0.08002833115306981,0.18623953919050457
T3,chen,perturbation=ALKBH5,79,0.0062212967537280455,0.17282474899048067
T3,chen,perturbation=ALKBH5,80,0.11553857640080675,0.2676074077554905
T3,chen,perturbation=ALKBH5,81,0.03822543010729016,0.199904960206047
T3,chen,perturbation=ALKBH5,82,0.12229418458540005,0.2524743856372227
T3,chen,perturbation=ALKBH5,83,0.12025884183358013,0.2479107511199931
T3,chen,perturbation=ALKBH5,84,0.1232710841484427,0.24086740014936905
T3,chen,perturbation=ALKBH5,85,0.047384980889888725,0.1716589108285146
T3,chen,perturbation=ALKBH5,86,0.04266716963572478,0.2285986088088151
T3,chen,perturbation=ALKBH5,87,0.09008292920871677,0.2041235486801672
T3,chen,perturbation=ALKBH5,88,0.03185441034253138,0.24180468053021115
T3,chen,perturbation=ALKBH5,89,0.0938374073550957,0.21834366420515755
T3,chen,perturbation=ALKBH5,90,0.08761363851014616,0.167367710098592
T3,chen,perturbation=ALKBH5,91,0.07022113887889331,0.2158788764371854
T3,chen,perturbation=ALKBH5,92,0.12565861590798158,0.25861746918600215
T3,chen,perturbation=ALKBH5,93,0.12087050072481169,0.24850760407754693
T3,chen,perturbation=ALKBH5,94,0.1279821928468653,0.2611009556133476
T3,chen,perturbation=ALKBH5,95,0.14685334153423427,0.2794933914835388
T3,chen,perturbation=ALKBH5,96,0.005209493391040522,0.1489645304128292
T3,chen,perturbation=ALKBH5,97,0.12137843305942521,0.2308367274692844
T3,chen,perturbation=ALKBH5,98,0.012408576629135725,0.14265205641335799
T3,chen,perturbation=ALKBH5,99,0.11026620791266405,0.22775196614161275
T3,chen,perturbation=ANKRD17,0,0.24967397510308656,0.4253554229652069
T3,chen,perturbation=ANKRD17,1,0.3413393682583284,0.4762227758863513
T3,chen,perturbation=ANKRD17,2,0.22472843275066767,0.38927354268802183
T3,chen,perturbation=ANKRD17,3,0.3036652176749061,0.43547807249912657
T3,chen,perturbation=ANKRD17,4,0.2773805785467289,0.38255721858278063
T3,chen,perturbation=ANKRD17,5,0.322631768984738,0.4682573550305516
T3,chen,perturbation=ANKRD17,6,0.27699002198856826,0.4188606130168106
T3,chen,perturbation=ANKRD17,7,0.21836268297466016,0.41676764648069553
T3,chen,perturbation=ANKRD17,8,0.2569439296531109,0.44834407152245104
T3,chen,perturbation=ANKRD17,9,0.2888254378409469,0.44777029895661646
T3,chen,perturbation=ANKRD17,10,0.30300764979251443,0.43332677888934024
T3,chen,perturbation=ANKRD17,11,0.21670069383965962,0.3074332451495113
T3,chen,perturbation=ANKRD17,12,0.3043608084602366,0.46819777958829367
T3,chen,perturbation=ANKRD17,13,0.26051919872883533,0.390076980275943
T3,chen,perturbation=ANKRD17,14,0.26234916752673126,0.3555467422405723
T3,chen,perturbation=ANKRD17,15,0.2480272725204106,0.38107351238436266
T3,chen,perturbation=ANKRD17,16,0.30503057695235436,0.46327335284642485
T3,chen,perturbation=ANKRD17,17,0.30457744573300827,0.4421877278630593
T3,chen,perturbation=ANKRD17,18,0.179053188109897,0.34358844223341656
T3,chen,perturbation=ANKRD17,19,0.27705536056970576,0.4629550791628579
T3,chen,perturbation=ANKRD17,20,0.323458837232182,0.4299918833872991
T3,chen,perturbation=ANKRD17,21,0.1881859448422501,0.4459523473588965
T3,chen,perturbation=ANKRD17,22,0.22092520095598278,0.39298929170812863
T3,chen,perturbation=ANKRD17,23,0.2559803260110183,0.39984011192453495
T3,chen,perturbation=ANKRD17,24,0.27599439819653504,0.4543554313771934
T3,chen,perturbation=ANKRD17,25,0.248726230128441,0.4445358311937574
T3,chen,perturbation=ANKRD17,26,0.2862477611502006,0.46125891719766227
T3,chen,perturbation=ANKRD17,27,0.30146242103413917,0.4374181937243472
T3,chen,perturbation=ANKRD17,28,0.24429713657834626,0.3913984499173814
T3,chen,perturbation=ANKRD17,29,0.25058037084762863,0.40174623240226864
T3,chen,perturbation=ANKRD17,30,0.26081322636686205,0.42585053470517953
T3,chen,perturbation=ANKRD17,31,0.22118347971483154,0.4214215685559975
T3,chen,perturbation=ANKRD17,32,0.20367866386990258,0.35468896548887907
T3,chen,perturbation=ANKRD17,33,0.2813193282469392,0.4146747452807927
T3,chen,perturbation=ANKRD17,34,0.2852306135532764,0.44718583547228224
T3,chen,perturbation=ANKRD17,35,0.2416311222379449,0.39871902675049203
T3,chen,perturbation=ANKRD17,36,0.24320396100647862,0.42604867981791755
T3,chen,perturbation=ANKRD17,37,0.15710081358419212,0.40768955707146026
T3,chen,perturbation=ANKRD17,38,0.3100683870998809,0.47078270078721773
T3,chen,perturbation=ANKRD17,39,0.29202905654941236,0.39649852718091055
T3,chen,perturbation=ANKRD17,40,0.2115612243053905,0.42242637795489285
T3,chen,perturbation=ANKRD17,41,0.22179357834600494,0.32195894155339183
T3,chen,perturbation=ANKRD17,42,0.29084734866979634,0.45516469237023566
T3,chen,perturbation=ANKRD17,43,0.29881405839058994,0.42080304761475146
T3,chen,perturbation=ANKRD17,44,0.23618122704985403,0.4168199681161135
T3,chen,perturbation=ANKRD17,45,0.20071020477604107,0.3238085111196361
T3,chen,perturbation=ANKRD17,46,0.2647973592680736,0.40117032267741365
T3,chen,perturbation=ANKRD17,47,0.263233555799564,0.4392670516492901
T3,chen,perturbation=ANKRD17,48,0.29254390937719865,0.4686115253649879
T3,chen,perturbation=ANKRD17,49,0.23296036045673676,0.44831548799699616
T3,chen,perturbation=ANKRD17,50,0.3155832041815336,0.4268133596098125
T3,chen,perturbation=ANKRD17,51,0.24708525162080636,0.40639509702216475
T3,chen,perturbation=ANKRD17,52,0.18599182173223255,0.3863255657661094
T3,chen,perturbation=ANKRD17,53,0.307785758702887,0.45416574649484914
T3,chen,perturbation=ANKRD17,54,0.29242566669999304,0.38405651112038586
T3,chen,perturbation=ANKRD17,55,0.2307745648200233,0.4219971702741669
T3,chen,perturbation=ANKRD17,56,0.25189612963467123,0.41160216607338374
T3,chen,perturbation=ANKRD17,57,0.28687510627306617,0.43255449064453066
T3,chen,perturbation=ANKRD17,58,0.35105641084121825,0.4754681752218055
T3,chen,perturbation=ANKRD17,59,0.30272202773914325,0.453363180844659
T3,chen,perturbation=ANKRD17,60,0.28908042223013414,0.43269103350173765
T3,chen,perturbation=ANKRD17,61,0.2957780854685365,0.47441860134842195
T3,chen,perturbation=ANKRD17,62,0.247220130824509,0.4217107867146699
T3,chen,perturbation=ANKRD17,63,0.21113509807404918,0.3562535033108019
T3,chen,perturbation=ANKRD17,64,0.31860705201631967,0.45646576563866975
T3,chen,perturbation=ANKRD17,65,0.2864227758069325,0.43216966048302435
T3,chen,perturbation=ANKRD17,66,0.2616720193899585,0.4513598629414906
T3,chen,perturbation=ANKRD17,67,0.19583586160488736,0.3301321543612283
T3,chen,perturbation=ANKRD17,68,0.2398016011381618,0.43408967125183745
T3,chen,perturbation=ANKRD17,69,0.3220002521803924,0.4397382166490581
T3,chen,perturbation=ANKRD17,70,0.3148201186150578,0.4416128873434
T3,chen,perturbation=ANKRD17,71,0.2211964724739635,0.39929282395253435
T3,chen,perturbation=ANKRD17,72,0.20984846240713897,0.39963586440511334
T3,chen,perturbation=ANKRD17,73,0.2787431212900137,0.41642330091004287
T3,chen,perturbation=ANKRD17,74,0.27322530683996654,0.42464406797095844
T3,chen,perturbation=ANKRD17,75,0.32232953897692523,0.461803085303645
T3,chen,perturbation=ANKRD17,76,0.18661470731154597,0.374906955068741
T3,chen,perturbation=ANKRD17,77,0.33019113227810004,0.45068562426814357
T3,chen,perturbation=ANKRD17,78,0.27721686801381423,0.39947572718096924
T3,chen,perturbation=ANKRD17,79,0.2719182042878333,0.4942065790686162
T3,chen,perturbation=ANKRD17,80,0.2914962038632897,0.463331510429459
T3,chen,perturbation=ANKRD17,81,0.25011176242195304,0.4320353617842321
T3,chen,perturbation=ANKRD17,82,0.26427445826982576,0.443631228431425
T3,chen,perturbation=ANKRD17,83,0.24585238608288207,0.4789583090844151
T3,chen,perturbation=ANKRD17,84,0.3114186913417774,0.45179724880631433
T3,chen,perturbation=ANKRD17,85,0.17077169999376185,0.3001175677598822
T3,chen,perturbation=ANKRD17,86,0.17073359839996582,0.3525325534197954
T3,chen,perturbation=ANKRD17,87,0.2733735264925518,0.4177224167302326
T3,chen,perturbation=ANKRD17,88,0.13845009182817813,0.38118379356948695
T3,chen,perturbation=ANKRD17,89,0.19324745656274928,0.4228435297548029
T3,chen,perturbation=ANKRD17,90,0.19065654070942417,0.4157757328280188
T3,chen,perturbation=ANKRD17,91,0.30098891074949913,0.4529043712402321
T3,chen,perturbation=ANKRD17,92,0.2761916877518121,0.4554248430330381
T3,chen,perturbation=ANKRD17,93,0.19709228091715209,0.39769193708885325
T3,chen,perturbation=ANKRD17,94,0.2885453093504085,0.4323154204304555
T3,chen,perturbation=ANKRD17,95,0.27444864239633654,0.42569855356492864
T3,chen,perturbation=ANKRD17,96,0.2716358660770251,0.40286712975236705
T3,chen,perturbation=ANKRD17,97,0.3092834547762186,0.4500134654069255
T3,chen,perturbation=ANKRD17,98,0.15789434491682114,0.3422060944439045
T3,chen,perturbation=ANKRD17,99,0.28498705739251623,0.3452102341305357
T3,chen,perturbation=PCLAF,0,0.12666354000974564,0.29902098876221417
T3,chen,perturbation=PCLAF,1,0.150237845910946,0.2888474855167357
T3,chen,perturbation=PCLAF,2,0.0011168893928288671,0.19723134844743043
T3,chen,perturbation=PCLAF,3,0.10187455679776726,0.24883072618989668
T3,chen,perturbation=PCLAF,4,0.09040441017207825,0.2663872027765496
T3,chen,perturbation=PCLAF,5,0.05644881773710349,0.26001599870283776
T3,chen,perturbation=PCLAF,6,0.09491230987970961,0.23910308056000115
T3,chen,perturbation=PCLAF,7,0.1623739099533836,0.2881607755659458
T3,chen,perturbation=PCLAF,8,0.06587241814985358,0.2666510488745138
T3,chen,perturbation=PCLAF,9,0.10306148534141941,0.2787776488759715
T3,chen,perturbation=PCLAF,10,0.054287304271721,0.2122768730934698
T3,chen,perturbation=PCLAF,11,0.042922324854014066,0.19869895665557497
T3,chen,perturbation=PCLAF,12,0.12565944235476842,0.27742091616506614
T3,chen,perturbation=PCLAF,13,0.058284606976160634,0.11937574406556842
T3,chen,perturbation=PCLAF,14,0.06312463272109776,0.2279282243749866
T3,chen,perturbation=PCLAF,15,0.07570671522671527,0.27403116489250795
T3,chen,perturbation=PCLAF,16,0.10594626276428212,0.2858588530142224
T3,chen,perturbation=PCLAF,17,0.06530037318678938,0.24083454480172103
T3,chen,perturbation=PCLAF,18,0.03671526020730635,0.19760230917600297
T3,chen,perturbation=PCLAF,19,0.06138214349743472,0.2814979275093177
T3,chen,perturbation=PCLAF,20,0.08492277484731103,0.26047359127812664
T3,chen,perturbation=PCLAF,21,0.08306164769360527,0.3193725555477886
T3,chen,perturbation=PCLAF,22,0.08763951919964119,0.2763686547403506
T3,chen,perturbation=PCLAF,23,0.058599130888378696,0.25263143747165034
T3,chen,perturbation=PCLAF,24,0.08568464650259232,0.22478120529810552
T3,chen,perturbation=PCLAF,25,0.002446788041189529,0.13853892074891772
T3,chen,perturbation=PCLAF,26,0.07902929158938334,0.23312335676843832
T3,chen,perturbation=PCLAF,27,0.08295811931682735,0.24428322126162794
T3,chen,perturbation=PCLAF,28,0.011227572630754183,0.1890506626019015
T3,chen,perturbation=PCLAF,29,0.06558425164731935,0.26063117060082724
T3,chen,perturbation=PCLAF,30,0.05673896165994179,0.20283071932495328
T3,chen,perturbation=PCLAF,31,-0.04665488582538701,0.17751579829183045
T3,chen,perturbation=PCLAF,32,0.003895712718727574,0.16322356632654586
T3,chen,perturbation=PCLAF,33,0.05764716224794785,0.18580397857782902
T3,chen,perturbation=PCLAF,34,0.04910959025529612,0.29824864530976325
T3,chen,perturbation=PCLAF,35,0.10134153338290487,0.2537554011014399
T3,chen,perturbation=PCLAF,36,-0.08726380710169557,0.1602210321281947
T3,chen,perturbation=PCLAF,37,0.013629324137578822,0.2875480081903204
T3,chen,perturbation=PCLAF,38,0.06467480448903914,0.26757598131568283
T3,chen,perturbation=PCLAF,39,0.056057165648372986,0.24836846248950564
T3,chen,perturbation=PCLAF,40,-0.04263511499452436,0.21362832182144467
T3,chen,perturbation=PCLAF,41,0.10281508602673556,0.2957825876992227
T3,chen,perturbation=PCLAF,42,0.01916114633340052,0.24268999548518874
T3,chen,perturbation=PCLAF,43,0.12823110832602713,0.29502085771992154
T3,chen,perturbation=PCLAF,44,0.04213849041060976,0.1687488394243222
T3,chen,perturbation=PCLAF,45,0.052623447446195896,0.23405519950779066
T3,chen,perturbation=PCLAF,46,0.06612656101414137,0.2545758175374878
T3,chen,perturbation=PCLAF,47,0.07106208415399648,0.2509548102880765
T3,chen,perturbation=PCLAF,48,0.05092210767187927,0.27626601602015816
T3,chen,perturbation=PCLAF,49,0.018720491072359093,0.29117623472969484
T3,chen,perturbation=PCLAF,50,-0.08334114245330664,0.12106416611946415
T3,chen,perturbation=PCLAF,51,0.05188916080228171,0.21923975614584648
T3,chen,perturbation=PCLAF,52,0.0646015810131687,0.24189309308740178
T3,chen,perturbation=PCLAF,53,0.048145900425198916,0.2254693911642635
T3,chen,perturbation=PCLAF,54,0.10587597233830236,0.2377154166652107
T3,chen,perturbation=PCLAF,55,0.05374707291520392,0.24112248143986895
T3,chen,perturbation=PCLAF,56,0.10673360327697111,0.2914073224084392
T3,chen,perturbation=PCLAF,57,0.034103895030028926,0.23771662910370844
T3,chen,perturbation=PCLAF,58,-0.0063657915955024,0.12065789682355094
T3,chen,perturbation=PCLAF,59,-0.16908303778728914,0.07494725125217955
T3,chen,perturbation=PCLAF,60,0.12390248545987957,0.2768652635755214
T3,chen,perturbation=PCLAF,61,0.03161993486830929,0.2653568007161929
T3,chen,perturbation=PCLAF,62,0.08577906602649023,0.265915656394549
T3,chen,perturbation=PCLAF,63,0.020953433683242723,0.22716348504316664
T3,chen,perturbation=PCLAF,64,0.02099379779788712,0.26340030154408384
T3,chen,perturbation=PCLAF,65,0.037891887634903414,0.21892848081871225
T3,chen,perturbation=PCLAF,66,0.04892910566992266,0.12316110421352082
T3,chen,perturbation=PCLAF,67,0.020335476007392824,0.1587074977171541
T3,chen,perturbation=PCLAF,68,0.0006664505427297137,0.239714859832951
T3,chen,perturbation=PCLAF,69,0.017338021740263283,0.2587701408776976
T3,chen,perturbation=PCLAF,70,0.05247146407752368,0.20257268496649375
T3,chen,perturbation=PCLAF,71,-0.08543674646757683,0.14673611731146666
T3,chen,perturbation=PCLAF,72,0.12744463391864905,0.300625686531839
T3,chen,perturbation=PCLAF,73,0.07628935994985045,0.23766126347379254
T3,chen,perturbation=PCLAF,74,0.007422979594798567,0.22881118331440223
T3,chen,perturbation=PCLAF,75,0.019993352472985084,0.21112820439634394
T3,chen,perturbation=PCLAF,76,0.05561262119101181,0.2446209409984025
T3,chen,perturbation=PCLAF,77,-0.013284599461323737,0.1710762456567496
T3,chen,perturbation=PCLAF,78,0.10833145280668356,0.2993537274081859
T3,chen,perturbation=PCLAF,79,-0.016835332871123248,0.26594934263212444
T3,chen,perturbation=PCLAF,80,0.08505602157395448,0.29574096607951766
T3,chen,perturbation=PCLAF,81,0.10927467382845009,0.2701649532370118
T3,chen,perturbation=PCLAF,82,0.10676545797005846,0.29816498855419704
T3,chen,perturbation=PCLAF,83,-0.012547777866999328,0.2456343177513297
T3,chen,perturbation=PCLAF,84,0.0683951033632687,0.2397806908147592
T3,chen,perturbation=PCLAF,85,0.04542691902957189,0.23471431460275075
T3,chen,perturbation=PCLAF,86,0.029152844193960237,0.21641293791104657
T3,chen,perturbation=PCLAF,87,0.02702831106484165,0.1636763819168706
T3,chen,perturbation=PCLAF,88,0.054174347588177324,0.21949349500002552
T3,chen,perturbation=PCLAF,89,-0.01608810664526638,0.2203567633717229
T3,chen,perturbation=PCLAF,90,0.07950713892882502,0.30845268838175993
T3,chen,perturbation=PCLAF,91,0.08363579342635391,0.23748963671610468
T3,chen,perturbation=PCLAF,92,0.1035077286688954,0.2873593085572904
T3,chen,perturbation=PCLAF,93,-0.08832078616179018,0.1075418864929372
T3,chen,perturbation=PCLAF,94,0.08016671801489718,0.2916068691712754
T3,chen,perturbation=PCLAF,95,-0.04397005419002257,0.19665829678082825
T3,chen,perturbation=PCLAF,96,0.007228412092774644,0.22861661218418872
T3,chen,perturbation=PCLAF,97,0.043036224360423404,0.18467906893423872
T3,chen,perturbation=PCLAF,98,0.09072134366385945,0.2694466905725328
T3,chen,perturbation=PCLAF,99,0.10917871578114888,0.29214604587450643
T3,chen,perturbation=SMARCB1,0,0.784599861699464,0.8502333458876503
T3,chen,perturbation=SMARCB1,1,0.7928257317979229,0.8574712046553081
T3,chen,perturbation=SMARCB1,2,0.7905646588796197,0.843286844390322
T3,chen,perturbation=SMARCB1,3,0.7729588847780328,0.8443416359269039
T3,chen,perturbation=SMARCB1,4,0.7676884242397936,0.8403083409712214
T3,chen,perturbation=SMARCB1,5,0.7741135219858892,0.838775947526554
T3,chen,perturbation=SMARCB1,6,0.7781573314974126,0.8466296815109284
T3,chen,perturbation=SMARCB1,7,0.7537557770491944,0.8310784270518073
T3,chen,perturbation=SMARCB1,8,0.7416301456832989,0.784489298184321
T3,chen,perturbation=SMARCB1,9,0.7841947109780637,0.8496608327149994
T3,chen,perturbation=SMARCB1,10,0.7765323740943428,0.8372776899734997
T3,chen,perturbation=SMARCB1,11,0.7923984312058069,0.8403656446909528
T3,chen,perturbation=SMARCB1,12,0.7853683482804742,0.8447563295113256
T3,chen,perturbation=SMARCB1,13,0.7351431157200388,0.8185213440777264
T3,chen,perturbation=SMARCB1,14,0.7705091548789991,0.8391960802816215
T3,chen,perturbation=SMARCB1,15,0.7866872379262818,0.8361522655823733
T3,chen,perturbation=SMARCB1,16,0.7581185046555303,0.8344894938716036
T3,chen,perturbation=SMARCB1,17,0.7726120642083508,0.8241022941898448
T3,chen,perturbation=SMARCB1,18,0.7787990311921578,0.8498486214305084
T3,chen,perturbation=SMARCB1,19,0.7666089886252311,0.8480835484054586
T3,chen,perturbation=SMARCB1,20,0.7751140961104271,0.8223037664474828
T3,chen,perturbation=SMARCB1,21,0.7719344488701811,0.8518740117116196
T3,chen,perturbation=SMARCB1,22,0.7772573117357491,0.8368350883205506
T3,chen,perturbation=SMARCB1,23,0.7533646570690046,0.8423419531690686
T3,chen,perturbation=SMARCB1,24,0.7757098973807109,0.8132355249263673
T3,chen,perturbation=SMARCB1,25,0.6973793886945974,0.8195573227616131
T3,chen,perturbation=SMARCB1,26,0.7692271988437386,0.8400051131484214
T3,chen,perturbation=SMARCB1,27,0.7733462063655584,0.8395117887987807
T3,chen,perturbation=SMARCB1,28,0.7789804294605539,0.8474295202865347
T3,chen,perturbation=SMARCB1,29,0.7766394026279266,0.8460424021523398
T3,chen,perturbation=SMARCB1,30,0.770333885041092,0.8404913572002726
T3,chen,perturbation=SMARCB1,31,0.7635362907620399,0.8295658583651917
T3,chen,perturbation=SMARCB1,32,0.77163761669494,0.8438232238621858
T3,chen,perturbation=SMARCB1,33,0.7913360583794128,0.8538080112201675
T3,chen,perturbation=SMARCB1,34,0.7734378783857813,0.8293303686917862
T3,chen,perturbation=SMARCB1,35,0.7658380560990913,0.8345085529884864
T3,chen,perturbation=SMARCB1,36,0.7469054082281976,0.850124512486344
T3,chen,perturbation=SMARCB1,37,0.7425746155902879,0.8337596150520816
T3,chen,perturbation=SMARCB1,38,0.7897808310676162,0.8438296760235593
T3,chen,perturbation=SMARCB1,39,0.7645844401130028,0.8404894939468142
T3,chen,perturbation=SMARCB1,40,0.7459889489837959,0.8294995698870276
T3,chen,perturbation=SMARCB1,41,0.7245169332388849,0.81369094377703
T3,chen,perturbation=SMARCB1,42,0.745033352007782,0.8312223238927038
T3,chen,perturbation=SMARCB1,43,0.7854465576684871,0.8465425719923773
T3,chen,perturbation=SMARCB1,44,0.7883815384144791,0.8523473139227762
T3,chen,perturbation=SMARCB1,45,0.7788107445411577,0.8433708886405623
T3,chen,perturbation=SMARCB1,46,0.779461403055509,0.8435553605794364
T3,chen,perturbation=SMARCB1,47,0.7839794725683927,0.8500674321221741
T3,chen,perturbation=SMARCB1,48,0.770395842060261,0.8475425257882243
T3,chen,perturbation=SMARCB1,49,0.7048866334356222,0.8188870328814875
T3,chen,perturbation=SMARCB1,50,0.7686125228650467,0.844502986832082
T3,chen,perturbation=SMARCB1,51,0.7750866242142657,0.8481067064442763
T3,chen,perturbation=SMARCB1,52,0.7821549928571223,0.8314281332803484
T3,chen,perturbation=SMARCB1,53,0.7182012277303204,0.7733991063777982
T3,chen,perturbation=SMARCB1,54,0.7710657839971068,0.8467646754167282
T3,chen,perturbation=SMARCB1,55,0.7663574026538762,0.8329677495913234
T3,chen,perturbation=SMARCB1,56,0.7845217230921423,0.8281566141116111
T3,chen,perturbation=SMARCB1,57,0.7880757513745277,0.8479747116307345
T3,chen,perturbation=SMARCB1,58,0.7840416881556299,0.8429844800012303
T3,chen,perturbation=SMARCB1,59,0.7608530082332783,0.8226379318215525
T3,chen,perturbation=SMARCB1,60,0.7675812632135248,0.8387562877870136
T3,chen,perturbation=SMARCB1,61,0.7774995287357257,0.8448316724572984
T3,chen,perturbation=SMARCB1,62,0.770301392218733,0.8395665393349188
T3,chen,perturbation=SMARCB1,63,0.7737307067135498,0.8365706020430574
T3,chen,perturbation=SMARCB1,64,0.7800359010633157,0.8387009325173801
T3,chen,perturbation=SMARCB1,65,0.758645858032672,0.8428521434298911
T3,chen,perturbation=SMARCB1,66,0.768866428205397,0.8420727639279196
T3,chen,perturbation=SMARCB1,67,0.7658666043120512,0.8478855005335234
T3,chen,perturbation=SMARCB1,68,0.7747233385496626,0.8433404544876366
T3,chen,perturbation=SMARCB1,69,0.7904772585955405,0.842134023262418
T3,chen,perturbation=SMARCB1,70,0.7704795265297297,0.8129913384809728
T3,chen,perturbation=SMARCB1,71,0.7484440633921415,0.8233104419960067
T3,chen,perturbation=SMARCB1,72,0.7850063527818054,0.8484576945379932
T3,chen,perturbation=SMARCB1,73,0.7808297107892416,0.8508614098283213
T3,chen,perturbation=SMARCB1,74,0.7757821699547859,0.8459599254239433
T3,chen,perturbation=SMARCB1,75,0.7653298936497753,0.84348014700893
T3,chen,perturbation=SMARCB1,76,0.7670393737037707,0.8355819454423105
T3,chen,perturbation=SMARCB1,77,0.8016521216981064,0.8556315754966727
T3,chen,perturbation=SMARCB1,78,0.7822586244377436,0.8516702550945623
T3,chen,perturbation=SMARCB1,79,0.7712209871752128,0.8353187696363829
T3,chen,perturbation=SMARCB1,80,0.7551901122679294,0.8265029484941725
T3,chen,perturbation=SMARCB1,81,0.7704156424055132,0.8411608773476402
T3,chen,perturbation=SMARCB1,82,0.7602494429456703,0.8291645513539879
T3,chen,perturbation=SMARCB1,83,0.7755374629174018,0.8417697590033131
T3,chen,perturbation=SMARCB1,84,0.7802132929340021,0.838212177686381
T3,chen,perturbation=SMARCB1,85,0.789607870309569,0.850837906797849
T3,chen,perturbation=SMARCB1,86,0.7550121427274806,0.8336838777454415
T3,chen,perturbation=SMARCB1,87,0.7721346953241912,0.8354197323871224
T3,chen,perturbation=SMARCB1,88,0.7735267314225851,0.8400978092164766
T3,chen,perturbation=SMARCB1,89,0.7782383177115705,0.8508375210724112
T3,chen,perturbation=SMARCB1,90,0.732988053792555,0.8119264343664977
T3,chen,perturbation=SMARCB1,91,0.7669743704242014,0.8292138084035521
T3,chen,perturbation=SMARCB1,92,0.7420531172298777,0.8086539878872264
T3,chen,perturbation=SMARCB1,93,0.7706803795043016,0.8188148029168655
T3,chen,perturbation=SMARCB1,94,0.7494772555950032,0.8318440750264349
T3,chen,perturbation=SMARCB1,95,0.7885200357777334,0.8349162795623659
T3,chen,perturbation=SMARCB1,96,0.7408583666100995,0.8366437248913681
T3,chen,perturbation=SMARCB1,97,0.793019780849254,0.8478062280494449
T3,chen,perturbation=SMARCB1,98,0.7708948613525166,0.834060133924335
T3,chen,perturbation=SMARCB1,99,0.7331495951476076,0.8298331775813385
T3,chen,perturbation=SMARCD2,0,0.27451046782364136,0.39770659457912816
T3,chen,perturbation=SMARCD2,1,0.2626059280488238,0.37646398632945677
T3,chen,perturbation=SMARCD2,2,0.29019193160895906,0.43555674220286605
T3,chen,perturbation=SMARCD2,3,0.29229835614955685,0.43076551374267036
T3,chen,perturbation=SMARCD2,4,0.18815602375595958,0.3338485762838069
T3,chen,perturbation=SMARCD2,5,0.23971278332847812,0.3669193787525996
T3,chen,perturbation=SMARCD2,6,0.27160583013921763,0.4054912240287021
T3,chen,perturbation=SMARCD2,7,0.27427124900545774,0.42715397933123533
T3,chen,perturbation=SMARCD2,8,0.14099547609193486,0.38181657375522643
T3,chen,perturbation=SMARCD2,9,0.2320867362446359,0.3518512474622095
T3,chen,perturbation=SMARCD2,10,0.2311021401848806,0.4047991118899005
T3,chen,perturbation=SMARCD2,11,0.2926645974914192,0.42976687363207505
T3,chen,perturbation=SMARCD2,12,0.16970399378003734,0.3331332014990405
T3,chen,perturbation=SMARCD2,13,0.14445908706075142,0.35008301774135514
T3,chen,perturbation=SMARCD2,14,0.2446259742744654,0.4073783682898175
T3,chen,perturbation=SMARCD2,15,0.2475084306624416,0.38695815026569563
T3,chen,perturbation=SMARCD2,16,0.21559349667371194,0.396896248283032
T3,chen,perturbation=SMARCD2,17,0.2940913547213119,0.4343946668785101
T3,chen,perturbation=SMARCD2,18,0.23371656979341365,0.3319725654664853
T3,chen,perturbation=SMARCD2,19,0.19193396364882762,0.38224351932066586
T3,chen,perturbation=SMARCD2,20,0.17183478484872566,0.31746222149904557
T3,chen,perturbation=SMARCD2,21,0.1874544251265554,0.38395231768623145
T3,chen,perturbation=SMARCD2,22,0.23812907441968675,0.3848607028143341
T3,chen,perturbation=SMARCD2,23,0.21739802696253838,0.3604795913172855
T3,chen,perturbation=SMARCD2,24,0.23560153425271907,0.3593478713937131
T3,chen,perturbation=SMARCD2,25,0.178488867160951,0.3951413141464256
T3,chen,perturbation=SMARCD2,26,0.189419304166862,0.3347449816828735
T3,chen,perturbation=SMARCD2,27,0.28589655175255274,0.4399596259592062
T3,chen,perturbation=SMARCD2,28,0.2706340031627146,0.42576349831846616
T3,chen,perturbation=SMARCD2,29,0.23430124175225717,0.37462461077515846
T3,chen,perturbation=SMARCD2,30,0.29157697070095523,0.41482495327342644
T3,chen,perturbation=SMARCD2,31,0.24592077737203824,0.4266587836399798
T3,chen,perturbation=SMARCD2,32,0.24469915070928638,0.4177188012670714
T3,chen,perturbation=SMARCD2,33,0.2772942189913755,0.4270906386400439
T3,chen,perturbation=SMARCD2,34,0.22223311147588537,0.4035676039996456
T3,chen,perturbation=SMARCD2,35,0.28601073051436204,0.3669119345171717
T3,chen,perturbation=SMARCD2,36,0.20234769004726327,0.3865391306834326
T3,chen,perturbation=SMARCD2,37,0.23666763995272866,0.4123365244914655
T3,chen,perturbation=SMARCD2,38,0.2572843537996396,0.4206431701148591
T3,chen,perturbation=SMARCD2,39,0.2263638896407571,0.37159392920669854
T3,chen,perturbation=SMARCD2,40,0.10826178611165503,0.3620119406343604
T3,chen,perturbation=SMARCD2,41,0.2681416697691983,0.36336118332734124
T3,chen,perturbation=SMARCD2,42,0.23302641616324352,0.41972421295688855
T3,chen,perturbation=SMARCD2,43,0.18806167585622052,0.3655704390447124
T3,chen,perturbation=SMARCD2,44,0.12316542323230616,0.2825093615950441
T3,chen,perturbation=SMARCD2,45,0.2426986069629664,0.39049423780867626
T3,chen,perturbation=SMARCD2,46,0.20048697786701022,0.3274392036898871
T3,chen,perturbation=SMARCD2,47,0.2649281564080185,0.432873231446326
T3,chen,perturbation=SMARCD2,48,0.188830979093132,0.38954471869088925
T3,chen,perturbation=SMARCD2,49,0.2659778070824021,0.4222559857780465
T3,chen,perturbation=SMARCD2,50,0.27914014825851574,0.42731421249292656
T3,chen,perturbation=SMARCD2,51,0.2645666460572624,0.4201405608957981
T3,chen,perturbation=SMARCD2,52,0.2613629952133947,0.4296166901271289
T3,chen,perturbation=SMARCD2,53,0.21306950579446535,0.3598232863356627
T3,chen,perturbation=SMARCD2,54,0.27334953327459344,0.4206743123120627
T3,chen,perturbation=SMARCD2,55,0.25962963689692825,0.36582023332933533
T3,chen,perturbation=SMARCD2,56,0.22741146799847875,0.3094055770435236
T3,chen,perturbation=SMARCD2,57,0.1730448812291241,0.28162567884046535
T3,chen,perturbation=SMARCD2,58,0.228996173735824,0.38846363421548546
T3,chen,perturbation=SMARCD2,59,0.28098224826840934,0.3815622405384247
T3,chen,perturbation=SMARCD2,60,0.2718338187198412,0.43018991878886537
T3,chen,perturbation=SMARCD2,61,0.2196598964133855,0.41107319209034154
T3,chen,perturbation=SMARCD2,62,0.26243368992251814,0.408545182207586
T3,chen,perturbation=SMARCD2,63,0.26719603678177206,0.43610669918936085
T3,chen,perturbation=SMARCD2,64,0.2821369962467041,0.4541940892432934
T3,chen,perturbation=SMARCD2,65,0.20208451729145915,0.2898333154715926
T3,chen,perturbation=SMARCD2,66,0.1780840283660487,0.20798406374311118
T3,chen,perturbation=SMARCD2,67,0.21738190182649791,0.38674482793146503
T3,chen,perturbation=SMARCD2,68,0.2541782907684401,0.40154094878217467
T3,chen,perturbation=SMARCD2,69,0.20798784435489356,0.3819571340929075
T3,chen,perturbation=SMARCD2,70,0.22654588653251778,0.4228680573260486
T3,chen,perturbation=SMARCD2,71,0.20128532320904693,0.4038655473541185
T3,chen,perturbation=SMARCD2,72,0.2344502757727893,0.3682798673350262
T3,chen,perturbation=SMARCD2,73,0.264062288442539,0.38560957251936956
T3,chen,perturbation=SMARCD2,74,0.26463098331017926,0.40729599769024305
T3,chen,perturbation=SMARCD2,75,0.15754678356242255,0.2646731091722148
T3,chen,perturbation=SMARCD2,76,0.20765242334381395,0.36239063970410257
T3,chen,perturbation=SMARCD2,77,0.2781330446048499,0.39568339871336733
T3,chen,perturbation=SMARCD2,78,0.19950088263948568,0.3598282909051427
T3,chen,perturbation=SMARCD2,79,0.23788163596363757,0.4054601111496039
T3,chen,perturbation=SMARCD2,80,0.23049841897337608,0.4029909602949247
T3,chen,perturbation=SMARCD2,81,0.2617597961885345,0.39274451318514403
T3,chen,perturbation=SMARCD2,82,0.09812692077315853,0.2450989722863386
T3,chen,perturbation=SMARCD2,83,0.20303067039544154,0.40268486273014875
T3,chen,perturbation=SMARCD2,84,0.24164678464375902,0.3828431354879077
T3,chen,perturbation=SMARCD2,85,0.27791243148148426,0.4310772807764597
T3,chen,perturbation=SMARCD2,86,0.2549136020756028,0.41346054207107374
T3,chen,perturbation=SMARCD2,87,0.2843319478763638,0.40761541244048216
T3,chen,perturbation=SMARCD2,88,0.22918106613220565,0.415082332651235
T3,chen,perturbation=SMARCD2,89,0.23551131043656917,0.37379203443506437
T3,chen,perturbation=SMARCD2,90,0.2581288568371152,0.39824829350701973
T3,chen,perturbation=SMARCD2,91,0.26187777206082674,0.41243133208678573
T3,chen,perturbation=SMARCD2,92,0.20342856439956283,0.3679090959556962
T3,chen,perturbation=SMARCD2,93,0.2647707143529955,0.4363303102808488
T3,chen,perturbation=SMARCD2,94,0.2526551502114626,0.4302101418927676
T3,chen,perturbation=SMARCD2,95,0.25397913037340164,0.3898159556997357
T3,chen,perturbation=SMARCD2,96,0.20873228675646957,0.3922407757178439
T3,chen,perturbation=SMARCD2,97,0.24866025621609933,0.36078762531160935
T3,chen,perturbation=SMARCD2,98,0.21834836186248183,0.3866802071367351
T3,chen,perturbation=SMARCD2,99,0.20188479256745703,0.4054085100355408
T3,chen,perturbation=RPL8,0,0.22893491798491297,0.3219617863444125
T3,chen,perturbation=RPL8,1,0.26126701543987396,0.3098401237463668
T3,chen,perturbation=RPL8,2,0.21586605714854454,0.2619686054476772
T3,chen,perturbation=RPL8,3,0.22866536611590918,0.3083568032395795
T3,chen,perturbation=RPL8,4,0.24609953698117054,0.33423337206628323
T3,chen,perturbation=RPL8,5,0.23701295276154385,0.3017770809922621
T3,chen,perturbation=RPL8,6,0.22860662097630544,0.29065858601637007
T3,chen,perturbation=RPL8,7,0.19979286411907496,0.2973782883792628
T3,chen,perturbation=RPL8,8,0.18744838966430893,0.30756641851991745
T3,chen,perturbation=RPL8,9,0.217066637291078,0.3369422150339658
T3,chen,perturbation=RPL8,10,0.2789380640760057,0.3316589897885475
T3,chen,perturbation=RPL8,11,0.17676225651550387,0.2716249816330864
T3,chen,perturbation=RPL8,12,0.21567537776323448,0.2984433004107512
T3,chen,perturbation=RPL8,13,0.2614210124488908,0.3136803768507232
T3,chen,perturbation=RPL8,14,0.26013072221578065,0.30403595115881815
T3,chen,perturbation=RPL8,15,0.22487666436572712,0.2916418469957744
T3,chen,perturbation=RPL8,16,0.21990919537678238,0.29690516293410935
T3,chen,perturbation=RPL8,17,0.21252108614417622,0.29865349080102377
T3,chen,perturbation=RPL8,18,0.2515656121293162,0.30452892789719554
T3,chen,perturbation=RPL8,19,0.2488850686959282,0.3218400613674344
T3,chen,perturbation=RPL8,20,0.21602285126641557,0.25796601766510396
T3,chen,perturbation=RPL8,21,0.12621501710973096,0.25084602684831997
T3,chen,perturbation=RPL8,22,0.23198362398614633,0.2921461774638522
T3,chen,perturbation=RPL8,23,0.19735210064912848,0.21494461122334538
T3,chen,perturbation=RPL8,24,0.23282744252983542,0.2990824649411282
T3,chen,perturbation=RPL8,25,0.1962810217114719,0.34387238733005404
T3,chen,perturbation=RPL8,26,0.26123402679844127,0.31439786872323777
T3,chen,perturbation=RPL8,27,0.21358798129122342,0.29635656437256336
T3,chen,perturbation=RPL8,28,0.19161728346384907,0.28109623217384083
T3,chen,perturbation=RPL8,29,0.207790562989621,0.2868526595678546
T3,chen,perturbation=RPL8,30,0.23947624272311832,0.2749234096188681
T3,chen,perturbation=RPL8,31,0.22381218085936416,0.2887377111696648
T3,chen,perturbation=RPL8,32,0.24485098088800492,0.3028833584624717
T3,chen,perturbation=RPL8,33,0.20489886190160989,0.2919373941350661
T3,chen,perturbation=RPL8,34,0.13894583894211168,0.2751786827180851
T3,chen,perturbation=RPL8,35,0.22199171167136686,0.2949951058254749
T3,chen,perturbation=RPL8,36,0.22088649712300995,0.289024054901691
T3,chen,perturbation=RPL8,37,0.09203091597459909,0.2722918276487581
T3,chen,perturbation=RPL8,38,0.2352876627804605,0.28322203958173925
T3,chen,perturbation=RPL8,39,0.1788089748587103,0.29117870847531674
T3,chen,perturbation=RPL8,40,0.21317502718964293,0.30997563785408855
T3,chen,perturbation=RPL8,41,0.22254690170072028,0.2996786478445341
T3,chen,perturbation=RPL8,42,0.2356908388317819,0.3311241337392811
T3,chen,perturbation=RPL8,43,0.21972446545758342,0.3002294381160271
T3,chen,perturbation=RPL8,44,0.17103217170122353,0.2566924970320196
T3,chen,perturbation=RPL8,45,0.1427263072420887,0.20915579134460527
T3,chen,perturbation=RPL8,46,0.23097947484160736,0.3194819196979689
T3,chen,perturbation=RPL8,47,0.22963523664800986,0.2857090164643433
T3,chen,perturbation=RPL8,48,0.23761457452260337,0.2996631656057776
T3,chen,perturbation=RPL8,49,0.08833111779076583,0.2554404965133421
T3,chen,perturbation=RPL8,50,0.20479942293995654,0.27101146837200873
T3,chen,perturbation=RPL8,51,0.1621093118712029,0.19889747102824015
T3,chen,perturbation=RPL8,52,0.20887098450353167,0.2954060348339028
T3,chen,perturbation=RPL8,53,0.24223304119685446,0.3153945334743762
T3,chen,perturbation=RPL8,54,0.10373584493325398,0.19990471293731313
T3,chen,perturbation=RPL8,55,0.12390970960949878,0.22879864643742676
T3,chen,perturbation=RPL8,56,0.26550940730855005,0.3224691162194865
T3,chen,perturbation=RPL8,57,0.20945614765790485,0.2990358033544482
T3,chen,perturbation=RPL8,58,0.242569438263731,0.31235105047596873
T3,chen,perturbation=RPL8,59,0.26558765835637393,0.3452116960239718
T3,chen,perturbation=RPL8,60,0.22514645518109253,0.29858181026314906
T3,chen,perturbation=RPL8,61,0.24223225465284867,0.3700292373235131
T3,chen,perturbation=RPL8,62,0.23498734777561656,0.30980677103342386
T3,chen,perturbation=RPL8,63,0.22591624564598908,0.3084574665056421
T3,chen,perturbation=RPL8,64,0.1012347416414687,0.2165306951660839
T3,chen,perturbation=RPL8,65,0.19770757835617397,0.30935960809010643
T3,chen,perturbation=RPL8,66,0.2330925067563603,0.2630383578902413
T3,chen,perturbation=RPL8,67,0.24934379178505553,0.30688000170819685
T3,chen,perturbation=RPL8,68,0.20486754207015995,0.3178485573095609
T3,chen,perturbation=RPL8,69,0.20123371479944324,0.26661471535056275
T3,chen,perturbation=RPL8,70,0.2738661996406661,0.3436988147325801
T3,chen,perturbation=RPL8,71,0.1800431104427814,0.2542490327743514
T3,chen,perturbation=RPL8,72,0.2544179859122458,0.3215038946053126
T3,chen,perturbation=RPL8,73,0.20085034631246207,0.2782674035628341
T3,chen,perturbation=RPL8,74,0.18906044171955566,0.2751421704142001
T3,chen,perturbation=RPL8,75,0.2094092174203801,0.3138715245923888
T3,chen,perturbation=RPL8,76,0.14065886067067215,0.20920868538055087
T3,chen,perturbation=RPL8,77,0.2027748160638779,0.2481658320208039
T3,chen,perturbation=RPL8,78,0.24327109862337087,0.3150690585406191
T3,chen,perturbation=RPL8,79,0.10474035182063599,0.2767139773321152
T3,chen,perturbation=RPL8,80,0.22342060189262683,0.3241118473821982
T3,chen,perturbation=RPL8,81,0.20801956517350792,0.29323570655601106
T3,chen,perturbation=RPL8,82,0.19348658731321267,0.27115687948158224
T3,chen,perturbation=RPL8,83,0.21363212041126206,0.30495637743793286
T3,chen,perturbation=RPL8,84,0.24309394299932993,0.34473332582513877
T3,chen,perturbation=RPL8,85,0.24999149217357253,0.3145158038083908
T3,chen,perturbation=RPL8,86,0.28101633863348907,0.33983561807017987
T3,chen,perturbation=RPL8,87,0.21784094838068205,0.2794858739031391
T3,chen,perturbation=RPL8,88,0.10129388480162273,0.1748218506163604
T3,chen,perturbation=RPL8,89,0.24072943090999055,0.3458580614696089
T3,chen,perturbation=RPL8,90,0.15486537267090916,0.1719397350463047
T3,chen,perturbation=RPL8,91,0.2750717657963249,0.33469309818126486
T3,chen,perturbation=RPL8,92,0.23573412175239272,0.326170190596436
T3,chen,perturbation=RPL8,93,0.2549927257681579,0.3488148818804772
T3,chen,perturbation=RPL8,94,0.26986068810353014,0.30666201003450444
T3,chen,perturbation=RPL8,95,0.224959483196824,0.3135175788467191
T3,chen,perturbation=RPL8,96,0.2383013354184572,0.32451370407533986
T3,chen,perturbation=RPL8,97,0.25065947425259044,0.33615014703921253
T3,chen,perturbation=RPL8,98,0.18539322249978002,0.2513043554806107
T3,chen,perturbation=RPL8,99,0.22669694613540495,0.2998448437345527
T3,chen,perturbation=PLAGL2,0,0.5645276953875054,0.6357800542007893
T3,chen,perturbation=PLAGL2,1,0.5211358538528641,0.634622131154476
T3,chen,perturbation=PLAGL2,2,0.5685917354624886,0.6420176666518889
T3,chen,perturbation=PLAGL2,3,0.4871245989954857,0.5918551246290772
T3,chen,perturbation=PLAGL2,4,0.5587399225670778,0.6577841394013425
T3,chen,perturbation=PLAGL2,5,0.4594974259947956,0.5728089747442975
T3,chen,perturbation=PLAGL2,6,0.4958891537771099,0.577207142288066
T3,chen,perturbation=PLAGL2,7,0.5133322130120831,0.6023449001451485
T3,chen,perturbation=PLAGL2,8,0.5469741582320373,0.6495533876108661
T3,chen,perturbation=PLAGL2,9,0.5180804196223506,0.6254314455322181
T3,chen,perturbation=PLAGL2,10,0.54854045393391,0.6345178064523486
T3,chen,perturbation=PLAGL2,11,0.48443955569496283,0.6071327947297245
T3,chen,perturbation=PLAGL2,12,0.5071758006174101,0.5941488954833279
T3,chen,perturbation=PLAGL2,13,0.4562969221658768,0.5897831901342191
T3,chen,perturbation=PLAGL2,14,0.5172575632454951,0.6273189018479775
T3,chen,perturbation=PLAGL2,15,0.5246625242487742,0.6228526512614742
T3,chen,perturbation=PLAGL2,16,0.5339252589790471,0.628310564689777
T3,chen,perturbation=PLAGL2,17,0.5174805037659241,0.6096864383921227
T3,chen,perturbation=PLAGL2,18,0.44123135284801934,0.5866558954326533
T3,chen,perturbation=PLAGL2,19,0.4892126684943602,0.6065265320702868
T3,chen,perturbation=PLAGL2,20,0.4757292901406074,0.588109930530236
T3,chen,perturbation=PLAGL2,21,0.5263909766789834,0.6505173569582715
T3,chen,perturbation=PLAGL2,22,0.5102166695089694,0.5901711215206288
T3,chen,perturbation=PLAGL2,23,0.5167119127513752,0.5731199236609075
T3,chen,perturbation=PLAGL2,24,0.4976497049147059,0.6113672367188261
T3,chen,perturbation=PLAGL2,25,0.5307611620770449,0.5921736468413497
T3,chen,perturbation=PLAGL2,26,0.5516007279488151,0.6521998576437725
T3,chen,perturbation=PLAGL2,27,0.5321940663560417,0.6391320781843696
T3,chen,perturbation=PLAGL2,28,0.5246626460282228,0.6063573640490153
T3,chen,perturbation=PLAGL2,29,0.5384021259491616,0.6018225136649384
T3,chen,perturbation=PLAGL2,30,0.523387057391386,0.6212091899836836
T3,chen,perturbation=PLAGL2,31,0.506965721187033,0.6055955820809813
T3,chen,perturbation=PLAGL2,32,0.5131531444449358,0.6209708193371235
T3,chen,perturbation=PLAGL2,33,0.5697316853500087,0.6373424792055997
T3,chen,perturbation=PLAGL2,34,0.5192413791671953,0.5764762550365911
T3,chen,perturbation=PLAGL2,35,0.5299330401084293,0.6136696305334679
T3,chen,perturbation=PLAGL2,36,0.48763675746740254,0.6473974733274654
T3,chen,perturbation=PLAGL2,37,0.5577189961739413,0.6495054016466438
T3,chen,perturbation=PLAGL2,38,0.5172166093366328,0.579598454797103
T3,chen,perturbation=PLAGL2,39,0.5145763959401096,0.6293973456140809
T3,chen,perturbation=PLAGL2,40,0.5681302809853042,0.6796567291395915
T3,chen,perturbation=PLAGL2,41,0.5434076140778437,0.6274121960121929
T3,chen,perturbation=PLAGL2,42,0.4131726933160005,0.5534804935596178
T3,chen,perturbation=PLAGL2,43,0.5407058504406272,0.6434822199232484
T3,chen,perturbation=PLAGL2,44,0.5474685964397991,0.6405765085424853
T3,chen,perturbation=PLAGL2,45,0.4918735542039465,0.6096230369605488
T3,chen,perturbation=PLAGL2,46,0.4727859847385268,0.5835605217702199
T3,chen,perturbation=PLAGL2,47,0.5375325740337533,0.6265024528196323
T3,chen,perturbation=PLAGL2,48,0.5130611339938921,0.639011599090983
T3,chen,perturbation=PLAGL2,49,0.5387013419633824,0.6230125177092742
T3,chen,perturbation=PLAGL2,50,0.5478963110003936,0.6345245890496221
T3,chen,perturbation=PLAGL2,51,0.5541927560467655,0.6365860380244238
T3,chen,perturbation=PLAGL2,52,0.5482936459142279,0.6504418777107499
T3,chen,perturbation=PLAGL2,53,0.5097390751523204,0.6050653812333274
T3,chen,perturbation=PLAGL2,54,0.5335585558376185,0.6439184686309665
T3,chen,perturbation=PLAGL2,55,0.4916410008731645,0.5753274000708957
T3,chen,perturbation=PLAGL2,56,0.5247790563376374,0.6086438330816962
T3,chen,perturbation=PLAGL2,57,0.5396486087397263,0.6507171629412661
T3,chen,perturbation=PLAGL2,58,0.5260570195735021,0.6115441724993775
T3,chen,perturbation=PLAGL2,59,0.46617303805431154,0.6152845596685094
T3,chen,perturbation=PLAGL2,60,0.5442116252975712,0.6318894129824498
T3,chen,perturbation=PLAGL2,61,0.5660220588192116,0.6545063135865608
T3,chen,perturbation=PLAGL2,62,0.5101406819508001,0.6168854378432287
T3,chen,perturbation=PLAGL2,63,0.5127721032094492,0.6256143706810955
T3,chen,perturbation=PLAGL2,64,0.5190734683110974,0.6174909406946619
T3,chen,perturbation=PLAGL2,65,0.5684221422364056,0.6483566792100627
T3,chen,perturbation=PLAGL2,66,0.40241521049125006,0.5358625177399935
T3,chen,perturbation=PLAGL2,67,0.5281036004016509,0.5785214213311918
T3,chen,perturbation=PLAGL2,68,0.5382780448226333,0.6273660915766324
T3,chen,perturbation=PLAGL2,69,0.5331244974450517,0.6259517991981256
T3,chen,perturbation=PLAGL2,70,0.5192375228360765,0.6336035059556014
T3,chen,perturbation=PLAGL2,71,0.49153176524742465,0.6241376301527966
T3,chen,perturbation=PLAGL2,72,0.5344243962880904,0.6348543544106942
T3,chen,perturbation=PLAGL2,73,0.4731712970909726,0.5599294471395755
T3,chen,perturbation=PLAGL2,74,0.5145206204702726,0.6323481271539874
T3,chen,perturbation=PLAGL2,75,0.5081470792327721,0.6219348520140451
T3,chen,perturbation=PLAGL2,76,0.5004575938916326,0.6153162807010699
T3,chen,perturbation=PLAGL2,77,0.5365714005468732,0.6137126770268728
T3,chen,perturbation=PLAGL2,78,0.5245256041654438,0.6098670200531211
T3,chen,perturbation=PLAGL2,79,0.5087565265510956,0.5515732742730491
T3,chen,perturbation=PLAGL2,80,0.5263226886663119,0.6032083325721368
T3,chen,perturbation=PLAGL2,81,0.49431787709520986,0.6110142359235964
T3,chen,perturbation=PLAGL2,82,0.5200617491899977,0.6021048811849707
T3,chen,perturbation=PLAGL2,83,0.5393884624084896,0.6106259648111407
T3,chen,perturbation=PLAGL2,84,0.5390968028178829,0.6414993074130774
T3,chen,perturbation=PLAGL2,85,0.4913778689487201,0.5967758974464393
T3,chen,perturbation=PLAGL2,86,0.5352850261207344,0.6109707970835618
T3,chen,perturbation=PLAGL2,87,0.5433810065940807,0.6263830390617741
T3,chen,perturbation=PLAGL2,88,0.4636880056327147,0.6125330857370467
T3,chen,perturbation=PLAGL2,89,0.46918975486991593,0.6100737587552272
T3,chen,perturbation=PLAGL2,90,0.49765868668182583,0.6160289066322926
T3,chen,perturbation=PLAGL2,91,0.5322541551499037,0.6222567138352747
T3,chen,perturbation=PLAGL2,92,0.5408435485768542,0.6193114143589606
T3,chen,perturbation=PLAGL2,93,0.4916895534253397,0.5939101377338311
T3,chen,perturbation=PLAGL2,94,0.5088786612413368,0.6356989683722583
T3,chen,perturbation=PLAGL2,95,0.5513736640921549,0.6332367601434892
T3,chen,perturbation=PLAGL2,96,0.5587435636491306,0.6617261232173981
T3,chen,perturbation=PLAGL2,97,0.5075297454598828,0.5958215555437938
T3,chen,perturbation=PLAGL2,98,0.5052947092093799,0.6189059688558696
T3,chen,perturbation=PLAGL2,99,0.48682017238968556,0.6092115697831603
T3,chen,perturbation=EMC4,0,0.1780004422164832,0.36551568459025313
T3,chen,perturbation=EMC4,1,0.21818356784337287,0.3635853253072419
T3,chen,perturbation=EMC4,2,0.22973250224549305,0.33779366386248877
T3,chen,perturbation=EMC4,3,0.2032222772348672,0.31832957291827996
T3,chen,perturbation=EMC4,4,0.22773903183119726,0.34535593103025136
T3,chen,perturbation=EMC4,5,0.1525972257333312,0.3028322082965301
T3,chen,perturbation=EMC4,6,0.24593880075149407,0.3457739604660749
T3,chen,perturbation=EMC4,7,0.23774031129716153,0.36159119456758176
T3,chen,perturbation=EMC4,8,0.23131909099542952,0.3384283594920634
T3,chen,perturbation=EMC4,9,0.12671675713202407,0.30142100243272146
T3,chen,perturbation=EMC4,10,0.23353689154686605,0.32273226881664113
T3,chen,perturbation=EMC4,11,0.22707437468119146,0.33439799422965716
T3,chen,perturbation=EMC4,12,0.23110721932777714,0.3068631187028243
T3,chen,perturbation=EMC4,13,0.2799309239401659,0.3598890597557938
T3,chen,perturbation=EMC4,14,0.17908600441741523,0.35217379168548263
T3,chen,perturbation=EMC4,15,0.2838537653030027,0.39421756187834667
T3,chen,perturbation=EMC4,16,0.18096462969723745,0.3147970188617923
T3,chen,perturbation=EMC4,17,0.2092682789420987,0.3061330701512672
T3,chen,perturbation=EMC4,18,0.22423716245353623,0.3764427969573708
T3,chen,perturbation=EMC4,19,0.1822262127347772,0.3086374668203379
T3,chen,perturbation=EMC4,20,0.23861648720019674,0.3405617122052671
T3,chen,perturbation=EMC4,21,0.2032547891434865,0.32901524515121094
T3,chen,perturbation=EMC4,22,0.2155829743042948,0.335049197128563
T3,chen,perturbation=EMC4,23,0.18859709561039542,0.25802752632207443
T3,chen,perturbation=EMC4,24,0.23643788416404926,0.33698488124383424
T3,chen,perturbation=EMC4,25,0.10673259499417201,0.35075074675490764
T3,chen,perturbation=EMC4,26,0.20337748680514192,0.3198457415284015
T3,chen,perturbation=EMC4,27,0.25095282016629766,0.3602990691546189
T3,chen,perturbation=EMC4,28,0.22139010687588437,0.32275854970788204
T3,chen,perturbation=EMC4,29,0.22979400719191098,0.32718503965926377
T3,chen,perturbation=EMC4,30,0.16990964966892336,0.30666836523560725
T3,chen,perturbation=EMC4,31,0.1795044953611583,0.2810618009470281
T3,chen,perturbation=EMC4,32,0.2052154185107,0.33384851589014797
T3,chen,perturbation=EMC4,33,0.19553557366687893,0.28977440298900176
T3,chen,perturbation=EMC4,34,0.24473644583560722,0.36669388024338073
T3,chen,perturbation=EMC4,35,0.20904719812258676,0.321105514068604
T3,chen,perturbation=EMC4,36,-0.004065163342332393,0.22125638679343326
T3,chen,perturbation=EMC4,37,0.24774804998411065,0.3581969876454441
T3,chen,perturbation=EMC4,38,0.20248985163937647,0.31844161328051607
T3,chen,perturbation=EMC4,39,0.2557156502364986,0.30622736043418924
T3,chen,perturbation=EMC4,40,0.14817261018605982,0.3208364326249118
T3,chen,perturbation=EMC4,41,0.15688483479067017,0.2687091851823443
T3,chen,perturbation=EMC4,42,0.2550553950172096,0.38243875601729505
T3,chen,perturbation=EMC4,43,0.2697795590012727,0.34734974859116186
T3,chen,perturbation=EMC4,44,0.19806649376138283,0.2994033295395202
T3,chen,perturbation=EMC4,45,0.11258428649519152,0.17588802371935006
T3,chen,perturbation=EMC4,46,0.1499193683588673,0.23194968554384895
T3,chen,perturbation=EMC4,47,0.25239134750394304,0.35570494530201857
T3,chen,perturbation=EMC4,48,0.14027422984630689,0.2652097857238532
T3,chen,perturbation=EMC4,49,0.15395531293498438,0.3232865322504343
T3,chen,perturbation=EMC4,50,0.20419906778352562,0.31284912511465246
T3,chen,perturbation=EMC4,51,0.12052805574580458,0.2322672498422192
T3,chen,perturbation=EMC4,52,0.24695208205565172,0.3547588507956014
T3,chen,perturbation=EMC4,53,0.23253678210936415,0.3284988584455144
T3,chen,perturbation=EMC4,54,0.2435780658839904,0.33430617054881745
T3,chen,perturbation=EMC4,55,0.11192426241644958,0.2344098294751357
T3,chen,perturbation=EMC4,56,0.20949701754459701,0.343681128442554
T3,chen,perturbation=EMC4,57,0.1746141734202388,0.27078419950679705
T3,chen,perturbation=EMC4,58,0.24784972557271998,0.34505837538209416
T3,chen,perturbation=EMC4,59,0.10436021950037246,0.2742828733889305
T3,chen,perturbation=EMC4,60,0.1950949159379108,0.28972692747637163
T3,chen,perturbation=EMC4,61,0.20252177107726127,0.3267955926534824
T3,chen,perturbation=EMC4,62,0.13281465396463496,0.2531423504067677
T3,chen,perturbation=EMC4,63,0.24183657296543296,0.3594485783633746
T3,chen,perturbation=EMC4,64,0.20117627884810715,0.3120329992422065
T3,chen,perturbation=EMC4,65,0.1894179085136073,0.31304316308958446
T3,chen,perturbation=EMC4,66,0.22486761126763935,0.28708803564118046
T3,chen,perturbation=EMC4,67,0.21717830395576423,0.29644790492221623
T3,chen,perturbation=EMC4,68,0.20095755282613834,0.3469713731183994
T3,chen,perturbation=EMC4,69,0.2696908711516546,0.3676702216761162
T3,chen,perturbation=EMC4,70,0.25859657311704626,0.37029213170147995
T3,chen,perturbation=EMC4,71,0.19846313280820022,0.35512437756333337
T3,chen,perturbation=EMC4,72,0.19888359234736536,0.3481622703447689
T3,chen,perturbation=EMC4,73,0.267473697600045,0.3649951307439673
T3,chen,perturbation=EMC4,74,0.11646466948247144,0.27261139982042365
T3,chen,perturbation=EMC4,75,0.1920639928018127,0.33985301123000944
T3,chen,perturbation=EMC4,76,0.24402460381789823,0.3466259990101825
T3,chen,perturbation=EMC4,77,0.18405727063310762,0.3031986323718043
T3,chen,perturbation=EMC4,78,0.2428108724074684,0.3480178424047713
T3,chen,perturbation=EMC4,79,0.1030648734657733,0.31378602825929414
T3,chen,perturbation=EMC4,80,0.22095903109895745,0.31860912822015297
T3,chen,perturbation=EMC4,81,0.22949896361757213,0.31765939207818583
T3,chen,perturbation=EMC4,82,0.24745987582496443,0.3313115665886264
T3,chen,perturbation=EMC4,83,0.14323854773668013,0.3087159419805099
T3,chen,perturbation=EMC4,84,0.2189494133974812,0.3518605274608627
T3,chen,perturbation=EMC4,85,0.2504140741121534,0.32925350523666996
T3,chen,perturbation=EMC4,86,0.23616323054206875,0.2992507562236693
T3,chen,perturbation=EMC4,87,0.20914263567028363,0.29529004448579416
T3,chen,perturbation=EMC4,88,0.22971759124251834,0.3462847927706446
T3,chen,perturbation=EMC4,89,0.10218334765622948,0.3035158352175688
T3,chen,perturbation=EMC4,90,0.1964034196650375,0.3403474788919247
T3,chen,perturbation=EMC4,91,0.20981894059054118,0.33704456058837723
T3,chen,perturbation=EMC4,92,0.24952308212854943,0.3715250295497703
T3,chen,perturbation=EMC4,93,0.21961357744715568,0.3591464504112164
T3,chen,perturbation=EMC4,94,0.1976946794007171,0.32700356090304294
T3,chen,perturbation=EMC4,95,0.1613784547507336,0.29490868336761095
T3,chen,perturbation=EMC4,96,0.24728683710942226,0.3557313970751385
T3,chen,perturbation=EMC4,97,0.1825806891677682,0.2846446134950264
T3,chen,perturbation=EMC4,98,0.2592641314647294,0.330706405137502
T3,chen,perturbation=EMC4,99,0.13151093096503938,0.28409701071461485
T3,chen,perturbation=TRAPPC2,0,0.08483696206658076,0.24312231271787296
T3,chen,perturbation=TRAPPC2,1,0.11053088641831206,0.23068449250480402
T3,chen,perturbation=TRAPPC2,2,0.13127700126506478,0.29224955403497455
T3,chen,perturbation=TRAPPC2,3,0.12051841343971711,0.27612817846366255
T3,chen,perturbation=TRAPPC2,4,-0.006714485337015883,0.18991383631516492
T3,chen,perturbation=TRAPPC2,5,0.13982030915505594,0.2893658851488922
T3,chen,perturbation=TRAPPC2,6,0.11807048737933418,0.2910197330527439
T3,chen,perturbation=TRAPPC2,7,0.057604874352796744,0.17452234469265024
T3,chen,perturbation=TRAPPC2,8,0.04258007236102695,0.23650812326864293
T3,chen,perturbation=TRAPPC2,9,0.18957790899411947,0.3233265351134215
T3,chen,perturbation=TRAPPC2,10,0.05947516829232379,0.20853758954968657
T3,chen,perturbation=TRAPPC2,11,0.15573052380119326,0.2974318175472473
T3,chen,perturbation=TRAPPC2,12,0.08236271995021906,0.2404144073130875
T3,chen,perturbation=TRAPPC2,13,0.07516870849056034,0.26259730422366995
T3,chen,perturbation=TRAPPC2,14,0.1410216967597217,0.2895586154287953
T3,chen,perturbation=TRAPPC2,15,0.08183679912404876,0.2437921235859903
T3,chen,perturbation=TRAPPC2,16,0.11343781064509922,0.26628484063769214
T3,chen,perturbation=TRAPPC2,17,0.14020273511350856,0.2447043956858654
T3,chen,perturbation=TRAPPC2,18,0.07160431751712686,0.26799912818725136
T3,chen,perturbation=TRAPPC2,19,0.014211998279616452,0.2048656880139693
T3,chen,perturbation=TRAPPC2,20,0.06314889408444098,0.19853601973660565
T3,chen,perturbation=TRAPPC2,21,0.09922282580544584,0.27806402969812355
T3,chen,perturbation=TRAPPC2,22,0.07250194768283852,0.253099710961383
T3,chen,perturbation=TRAPPC2,23,0.10039138732418755,0.2816322602320148
T3,chen,perturbation=TRAPPC2,24,0.08857399646014846,0.2386991125845677
T3,chen,perturbation=TRAPPC2,25,0.05017548016969342,0.30260183227669507
T3,chen,perturbation=TRAPPC2,26,0.059093557370944315,0.23246659127187058
T3,chen,perturbation=TRAPPC2,27,0.04809945475922232,0.23022404011008038
T3,chen,perturbation=TRAPPC2,28,0.08141290142708565,0.2569915505311654
T3,chen,perturbation=TRAPPC2,29,0.09073491775720371,0.2625468573628936
T3,chen,perturbation=TRAPPC2,30,-0.0025210400506696074,0.13385240322594397
T3,chen,perturbation=TRAPPC2,31,0.044358638632058196,0.2796496687442742
T3,chen,perturbation=TRAPPC2,32,0.05883682692097726,0.20456225331706426
T3,chen,perturbation=TRAPPC2,33,0.13757462481441013,0.28876632186326895
T3,chen,perturbation=TRAPPC2,34,0.12367807077220595,0.32057637795172206
T3,chen,perturbation=TRAPPC2,35,0.0718240591107292,0.25617085311343596
T3,chen,perturbation=TRAPPC2,36,0.11892669889365069,0.2821195304534313
T3,chen,perturbation=TRAPPC2,37,0.06853266084093053,0.2390460320000103
T3,chen,perturbation=TRAPPC2,38,0.08175775411679456,0.20298555228965262
T3,chen,perturbation=TRAPPC2,39,-0.07566361919783171,0.13697406624767136
T3,chen,perturbation=TRAPPC2,40,0.06184156517961807,0.2347731648105231
T3,chen,perturbation=TRAPPC2,41,0.1512193564889886,0.30984742563662454
T3,chen,perturbation=TRAPPC2,42,0.14423708698480822,0.2521223679886944
T3,chen,perturbation=TRAPPC2,43,0.04657925323153582,0.22566811240666323
T3,chen,perturbation=TRAPPC2,44,0.07321704770904808,0.2531685267512686
T3,chen,perturbation=TRAPPC2,45,0.09942141003075068,0.27705862765415173
T3,chen,perturbation=TRAPPC2,46,0.08317779401067245,0.1779952411962103
T3,chen,perturbation=TRAPPC2,47,0.09414551574812266,0.2565644903595433
T3,chen,perturbation=TRAPPC2,48,0.059052182531104565,0.21302529357370312
T3,chen,perturbation=TRAPPC2,49,-0.04292428794002133,0.23991113974416375
T3,chen,perturbation=TRAPPC2,50,0.09189359331516872,0.27047449648526567
T3,chen,perturbation=TRAPPC2,51,0.05206516355596817,0.20375345584501853
T3,chen,perturbation=TRAPPC2,52,0.07443471091279864,0.2677102612777642
T3,chen,perturbation=TRAPPC2,53,0.11128243680654025,0.23977963199963725
T3,chen,perturbation=TRAPPC2,54,0.09519537142849607,0.28949871325786514
T3,chen,perturbation=TRAPPC2,55,0.11252234085061469,0.2741198961636102
T3,chen,perturbation=TRAPPC2,56,0.09903355064184453,0.24334240488357822
T3,chen,perturbation=TRAPPC2,57,0.13549389311270726,0.30849630528373356
T3,chen,perturbation=TRAPPC2,58,0.09925457294613567,0.27604014452482445
T3,chen,perturbation=TRAPPC2,59,0.11453325084834327,0.26601920962899633
T3,chen,perturbation=TRAPPC2,60,0.09418604958664188,0.27944582091110914
T3,chen,perturbation=TRAPPC2,61,-0.00863737993120562,0.21421778498876864
T3,chen,perturbation=TRAPPC2,62,0.10902758370041118,0.26817242111632983
T3,chen,perturbation=TRAPPC2,63,0.1031153941666738,0.27131592239199226
T3,chen,perturbation=TRAPPC2,64,0.07398459696830999,0.24289226557122856
T3,chen,perturbation=TRAPPC2,65,0.06487425712875813,0.25165606898363624
T3,chen,perturbation=TRAPPC2,66,0.06916212123656836,0.20925633186896497
T3,chen,perturbation=TRAPPC2,67,0.10907789226550628,0.2891707597209881
T3,chen,perturbation=TRAPPC2,68,0.13591626736797716,0.27530831893941565
T3,chen,perturbation=TRAPPC2,69,0.05945464453884474,0.23742714725500266
T3,chen,perturbation=TRAPPC2,70,0.039405429578394685,0.2015450832966989
T3,chen,perturbation=TRAPPC2,71,0.10900407655576463,0.28104357121386286
T3,chen,perturbation=TRAPPC2,72,0.11931889407300338,0.2673786986611584
T3,chen,perturbation=TRAPPC2,73,-0.03888112978932364,0.12269056914556399
T3,chen,perturbation=TRAPPC2,74,0.11553098509784179,0.2901966857342963
T3,chen,perturbation=TRAPPC2,75,0.06277399798965472,0.20371453765518918
T3,chen,perturbation=TRAPPC2,76,0.11467732370135182,0.29192768407616587
T3,chen,perturbation=TRAPPC2,77,0.0439587649320977,0.1864763548257406
T3,chen,perturbation=TRAPPC2,78,0.10393354702049194,0.2689513226139797
T3,chen,perturbation=TRAPPC2,79,0.0014072479901502473,0.1453618516310772
T3,chen,perturbation=TRAPPC2,80,0.032455545275729164,0.1909911012537182
T3,chen,perturbation=TRAPPC2,81,0.1337746894302964,0.2869502853562931
T3,chen,perturbation=TRAPPC2,82,0.02310225795223454,0.1978861422064407
T3,chen,perturbation=TRAPPC2,83,0.08481561028674556,0.24870411473570425
T3,chen,perturbation=TRAPPC2,84,0.11414427748860767,0.26723397251729525
T3,chen,perturbation=TRAPPC2,85,0.08626991532569386,0.2627617853516835
T3,chen,perturbation=TRAPPC2,86,0.08782860238155964,0.3015936774420972
T3,chen,perturbation=TRAPPC2,87,0.07252118995839416,0.19987341217268995
T3,chen,perturbation=TRAPPC2,88,0.11661504927861108,0.26634844125392443
T3,chen,perturbation=TRAPPC2,89,-0.06339192472329906,0.2148763817877536
T3,chen,perturbation=TRAPPC2,90,0.06594227518925164,0.23837619488953413
T3,chen,perturbation=TRAPPC2,91,0.12242525584375458,0.26533023996210264
T3,chen,perturbation=TRAPPC2,92,0.12935086509862367,0.3103099789638332
T3,chen,perturbation=TRAPPC2,93,0.08862160393900115,0.25443923388004075
T3,chen,perturbation=TRAPPC2,94,0.07790737787606204,0.20948431624172367
T3,chen,perturbation=TRAPPC2,95,0.007919038155984954,0.23257542126205477
T3,chen,perturbation=TRAPPC2,96,0.08241073312607386,0.22400616780358953
T3,chen,perturbation=TRAPPC2,97,0.10169431118552502,0.2553105146448388
T3,chen,perturbation=TRAPPC2,98,0.14772813641645566,0.30852928107685135
T3,chen,perturbation=TRAPPC2,99,0.11961818323393186,0.2716605677710937
T3,chen,perturbation=ALG1,0,0.4749809689894778,0.5860838886298688
T3,chen,perturbation=ALG1,1,0.5441902038693355,0.6381105065928818
T3,chen,perturbation=ALG1,2,0.5339700363070137,0.578434786329145
T3,chen,perturbation=ALG1,3,0.5342244576953304,0.6485213748318319
T3,chen,perturbation=ALG1,4,0.51111354697223,0.6105701783497526
T3,chen,perturbation=ALG1,5,0.5111114216570658,0.6360887970817896
T3,chen,perturbation=ALG1,6,0.5466328951134913,0.641226887382503
T3,chen,perturbation=ALG1,7,0.4432965292000649,0.597609960382896
T3,chen,perturbation=ALG1,8,0.48263147849012267,0.6398114900354162
T3,chen,perturbation=ALG1,9,0.5065576640260675,0.619982894033088
T3,chen,perturbation=ALG1,10,0.5037191057323135,0.6092506545532602
T3,chen,perturbation=ALG1,11,0.5121367068937249,0.6235492915887334
T3,chen,perturbation=ALG1,12,0.48077441645725905,0.5574287153044389
T3,chen,perturbation=ALG1,13,0.5280643431995994,0.6463674641575832
T3,chen,perturbation=ALG1,14,0.5231383500585026,0.6201985182037101
T3,chen,perturbation=ALG1,15,0.4699746179929186,0.5995921452680806
T3,chen,perturbation=ALG1,16,0.45107624499546295,0.5865467787976769
T3,chen,perturbation=ALG1,17,0.49441830790133423,0.5963290115435765
T3,chen,perturbation=ALG1,18,0.49127329372191303,0.5605955889383234
T3,chen,perturbation=ALG1,19,0.4365018815810754,0.5636869289780179
T3,chen,perturbation=ALG1,20,0.49730581532717644,0.577446345286834
T3,chen,perturbation=ALG1,21,0.43575161166056453,0.6138227323968657
T3,chen,perturbation=ALG1,22,0.5378630755194904,0.629852323986847
T3,chen,perturbation=ALG1,23,0.5036106998485074,0.5858069758065932
T3,chen,perturbation=ALG1,24,0.500912473108581,0.5870605240561135
T3,chen,perturbation=ALG1,25,0.4229278349542923,0.6144998399843011
T3,chen,perturbation=ALG1,26,0.4534033590846178,0.5605747975485381
T3,chen,perturbation=ALG1,27,0.48312401088145496,0.6130926209209766
T3,chen,perturbation=ALG1,28,0.4417130633209718,0.5884015346109133
T3,chen,perturbation=ALG1,29,0.5080755501633644,0.6060041852774956
T3,chen,perturbation=ALG1,30,0.4941692203918742,0.6132458850300976
T3,chen,perturbation=ALG1,31,0.5107529923803816,0.6014992423328436
T3,chen,perturbation=ALG1,32,0.5044628125590824,0.6028940788372025
T3,chen,perturbation=ALG1,33,0.4821926570283562,0.5998453312535607
T3,chen,perturbation=ALG1,34,0.5195866957109546,0.6524016881675262
T3,chen,perturbation=ALG1,35,0.5227649895053568,0.6168224892463782
T3,chen,perturbation=ALG1,36,0.5127248446641681,0.6432557262114861
T3,chen,perturbation=ALG1,37,0.5259917959267584,0.616248919639532
T3,chen,perturbation=ALG1,38,0.4419427607470997,0.5915994960783667
T3,chen,perturbation=ALG1,39,0.520050088239888,0.6422291902486399
T3,chen,perturbation=ALG1,40,0.4737429447152203,0.6138997117053527
T3,chen,perturbation=ALG1,41,0.5106599875795704,0.5826166153765845
T3,chen,perturbation=ALG1,42,0.47810708680728714,0.6118758798965049
T3,chen,perturbation=ALG1,43,0.5276552497405008,0.6120639186794646
T3,chen,perturbation=ALG1,44,0.5094693996202329,0.6275106345881705
T3,chen,perturbation=ALG1,45,0.43300817875757547,0.5524301693550546
T3,chen,perturbation=ALG1,46,0.5104883494867016,0.6218062494914994
T3,chen,perturbation=ALG1,47,0.48145536177371073,0.6199137030917535
T3,chen,perturbation=ALG1,48,0.4939227696084678,0.6305586675497882
T3,chen,perturbation=ALG1,49,0.5017934014898563,0.6187999014533132
T3,chen,perturbation=ALG1,50,0.5236002080858277,0.6183402907449077
T3,chen,perturbation=ALG1,51,0.4662551336349791,0.549462955907127
T3,chen,perturbation=ALG1,52,0.4697359103433283,0.5963689441676978
T3,chen,perturbation=ALG1,53,0.507203212846867,0.596530479072755
T3,chen,perturbation=ALG1,54,0.5376157623226543,0.6412250726362503
T3,chen,perturbation=ALG1,55,0.5254927519139136,0.6016185345667322
T3,chen,perturbation=ALG1,56,0.509636042239249,0.6311467682191917
T3,chen,perturbation=ALG1,57,0.47459389075153635,0.6129285703616629
T3,chen,perturbation=ALG1,58,0.4247276030716392,0.5542103649262137
T3,chen,perturbation=ALG1,59,0.5011192628562465,0.6023239422145136
T3,chen,perturbation=ALG1,60,0.48587004648899623,0.5923899396345812
T3,chen,perturbation=ALG1,61,0.4855797469187382,0.60806535378272
T3,chen,perturbation=ALG1,62,0.5187030185769098,0.6412058528174357
T3,chen,perturbation=ALG1,63,0.5198412194769,0.6464686195186733
T3,chen,perturbation=ALG1,64,0.468156807290467,0.5883950857242936
T3,chen,perturbation=ALG1,65,0.441556113543327,0.5936873201098979
T3,chen,perturbation=ALG1,66,0.5164176327094151,0.6401263557586783
T3,chen,perturbation=ALG1,67,0.4932413197731311,0.6131443409183744
T3,chen,perturbation=ALG1,68,0.5161412675137421,0.5956031030159369
T3,chen,perturbation=ALG1,69,0.48795895284964597,0.6071985180132558
T3,chen,perturbation=ALG1,70,0.501510030631316,0.6216378192436895
T3,chen,perturbation=ALG1,71,0.5112758027407263,0.6575520116133468
T3,chen,perturbation=ALG1,72,0.5163913517469212,0.6262094955198201
T3,chen,perturbation=ALG1,73,0.5061567813279721,0.6244505828085536
T3,chen,perturbation=ALG1,74,0.48280043191234306,0.6376543534539659
T3,chen,perturbation=ALG1,75,0.5042277154808253,0.6221070431659004
T3,chen,perturbation=ALG1,76,0.5167233040733786,0.5974540073973517
T3,chen,perturbation=ALG1,77,0.5011757016921278,0.5934009252563276
T3,chen,perturbation=ALG1,78,0.44962942917540855,0.5870831339368354
T3,chen,perturbation=ALG1,79,0.39668497333633734,0.5990285876052869
T3,chen,perturbation=ALG1,80,0.46344832800349517,0.6100372737224642
T3,chen,perturbation=ALG1,81,0.489771124841503,0.626560660197612
T3,chen,perturbation=ALG1,82,0.5174164024025804,0.6286672903034344
T3,chen,perturbation=ALG1,83,0.48510510827258596,0.6368594196237692
T3,chen,perturbation=ALG1,84,0.492694798742108,0.6041411785844367
T3,chen,perturbation=ALG1,85,0.49420157173680185,0.5990455490442766
T3,chen,perturbation=ALG1,86,0.48612663005497997,0.6363851272988554
T3,chen,perturbation=ALG1,87,0.5208084460032171,0.6210242398650616
T3,chen,perturbation=ALG1,88,0.5034623531167538,0.6433213504899982
T3,chen,perturbation=ALG1,89,0.48395168524072296,0.6025643968448959
T3,chen,perturbation=ALG1,90,0.45924077310321,0.6098946773773647
T3,chen,perturbation=ALG1,91,0.489259317389611,0.5362046249333451
T3,chen,perturbation=ALG1,92,0.4292870011521476,0.5542960043192842
T3,chen,perturbation=ALG1,93,0.5251186659841754,0.6437703163830762
T3,chen,perturbation=ALG1,94,0.4675129644204496,0.5932655879517073
T3,chen,perturbation=ALG1,95,0.470333020365322,0.585866270585054
T3,chen,perturbation=ALG1,96,0.4940669461391462,0.6475294232956855
T3,chen,perturbation=ALG1,97,0.5313112793128446,0.6271508857891156
T3,chen,perturbation=ALG1,98,0.44707178598553554,0.5617118417907491
T3,chen,perturbation=ALG1,99,0.473946521458627,0.6052458545038866
T3,chen,perturbation=PTEN,0,0.6477927914450159,0.7141657239898647
T3,chen,perturbation=PTEN,1,0.6533636611359197,0.73871586835399
T3,chen,perturbation=PTEN,2,0.658012749886688,0.7407679046909564
T3,chen,perturbation=PTEN,3,0.6338551105291937,0.705180607508509
T3,chen,perturbation=PTEN,4,0.6287465317304808,0.7101803662055192
T3,chen,perturbation=PTEN,5,0.5868216063083063,0.6663058577873716
T3,chen,perturbation=PTEN,6,0.6476467174687078,0.7213781427719288
T3,chen,perturbation=PTEN,7,0.6035815456123029,0.684134047302582
T3,chen,perturbation=PTEN,8,0.6020113442009973,0.6616231073498813
T3,chen,perturbation=PTEN,9,0.6440753604173978,0.7294602601976977
T3,chen,perturbation=PTEN,10,0.6418170039425379,0.7293361356941134
T3,chen,perturbation=PTEN,11,0.6092579114651742,0.7075812433974403
T3,chen,perturbation=PTEN,12,0.6330445322953752,0.7192115325761232
T3,chen,perturbation=PTEN,13,0.6589872966797286,0.7196971790349858
T3,chen,perturbation=PTEN,14,0.6693618590703271,0.7369051280360498
T3,chen,perturbation=PTEN,15,0.4439761523010207,0.5301530110166042
T3,chen,perturbation=PTEN,16,0.6043857509383475,0.6878437475971558
T3,chen,perturbation=PTEN,17,0.6689763343746785,0.7296591425873594
T3,chen,perturbation=PTEN,18,0.6323050074184238,0.6985240081010565
T3,chen,perturbation=PTEN,19,0.6135208109024849,0.7055022748593469
T3,chen,perturbation=PTEN,20,0.665753963987353,0.7411214543585786
T3,chen,perturbation=PTEN,21,0.6084530508750503,0.7069893785543363
T3,chen,perturbation=PTEN,22,0.6126678722386323,0.7108057819732809
T3,chen,perturbation=PTEN,23,0.6359285482740306,0.7169659954661424
T3,chen,perturbation=PTEN,24,0.6385279299639056,0.7329329133326866
T3,chen,perturbation=PTEN,25,0.6416208787935153,0.740446001162945
T3,chen,perturbation=PTEN,26,0.6533483476719785,0.7133543077975912
T3,chen,perturbation=PTEN,27,0.657548683207717,0.7252124483784189
T3,chen,perturbation=PTEN,28,0.5833753096898905,0.6914029759707773
T3,chen,perturbation=PTEN,29,0.6661714808879494,0.7230661217025146
T3,chen,perturbation=PTEN,30,0.6475079755860863,0.7077814952185587
T3,chen,perturbation=PTEN,31,0.5577383000927743,0.6782673931370374
T3,chen,perturbation=PTEN,32,0.659139645616604,0.7233123333711615
T3,chen,perturbation=PTEN,33,0.6589392742176011,0.7207784061821731
T3,chen,perturbation=PTEN,34,0.6388891305137544,0.7230584845584739
T3,chen,perturbation=PTEN,35,0.6583670969383927,0.7053982251137267
T3,chen,perturbation=PTEN,36,0.6726513979207864,0.7062852814374191
T3,chen,perturbation=PTEN,37,0.62870064256773,0.7430996271445447
T3,chen,perturbation=PTEN,38,0.6187619041369956,0.7127645199796008
T3,chen,perturbation=PTEN,39,0.6433697022056302,0.6741092418899458
T3,chen,perturbation=PTEN,40,0.6155197474505046,0.6904883209367617
T3,chen,perturbation=PTEN,41,0.6567520030887142,0.7222958500535843
T3,chen,perturbation=PTEN,42,0.616890754287751,0.7096963605100192
T3,chen,perturbation=PTEN,43,0.6313986398843237,0.7017433359543822
T3,chen,perturbation=PTEN,44,0.6482877070751946,0.7202135671593209
T3,chen,perturbation=PTEN,45,0.6590848377431157,0.7361220986859583
T3,chen,perturbation=PTEN,46,0.6358880418029649,0.7148213916096884
T3,chen,perturbation=PTEN,47,0.6315962520932008,0.7185280941149742
T3,chen,perturbation=PTEN,48,0.6365868698666618,0.7185415479413305
T3,chen,perturbation=PTEN,49,0.64302775899116,0.7088440500578667
T3,chen,perturbation=PTEN,50,0.6622855472298839,0.7398878040280616
T3,chen,perturbation=PTEN,51,0.5729696541505979,0.6569298238993782
T3,chen,perturbation=PTEN,52,0.6226589058825479,0.6997783803016349
T3,chen,perturbation=PTEN,53,0.6500319831487246,0.7139484050483829
T3,chen,perturbation=PTEN,54,0.6257610399166348,0.6949912139392778
T3,chen,perturbation=PTEN,55,0.6017274590227908,0.6781399117030568
T3,chen,perturbation=PTEN,56,0.6568157535917223,0.7241762778705264
T3,chen,perturbation=PTEN,57,0.6565922359194544,0.7154691393282532
T3,chen,perturbation=PTEN,58,0.6112030720461453,0.7077279722521045
T3,chen,perturbation=PTEN,59,0.6628717985331608,0.7371070958944743
T3,chen,perturbation=PTEN,60,0.6560378300988646,0.7318299601084836
T3,chen,perturbation=PTEN,61,0.5985424959101218,0.6977458112487533
T3,chen,perturbation=PTEN,62,0.5885615121219893,0.6624727549192467
T3,chen,perturbation=PTEN,63,0.6333757156403709,0.7032569662596724
T3,chen,perturbation=PTEN,64,0.5641346739660515,0.6418041212414771
T3,chen,perturbation=PTEN,65,0.6232126030321774,0.702137729207933
T3,chen,perturbation=PTEN,66,0.6128470447928542,0.7051914651689634
T3,chen,perturbation=PTEN,67,0.6496074971255948,0.7262513544251235
T3,chen,perturbation=PTEN,68,0.6121276200306752,0.6901952684756065
T3,chen,perturbation=PTEN,69,0.5709064797037433,0.6670259179457559
T3,chen,perturbation=PTEN,70,0.5907022840292376,0.6808090005468699
T3,chen,perturbation=PTEN,71,0.6447105154153163,0.7116012521870394
T3,chen,perturbation=PTEN,72,0.6250002356015918,0.7149692439659975
T3,chen,perturbation=PTEN,73,0.6380809792666429,0.7038104579936082
T3,chen,perturbation=PTEN,74,0.6686194120408994,0.74103962018438
T3,chen,perturbation=PTEN,75,0.6332555082715293,0.7166313881846859
T3,chen,perturbation=PTEN,76,0.6389878559347058,0.6987091177884879
T3,chen,perturbation=PTEN,77,0.6471103024437324,0.6929221958957996
T3,chen,perturbation=PTEN,78,0.6478180205854931,0.7143589676153007
T3,chen,perturbation=PTEN,79,0.60531705689299,0.7185470113415958
T3,chen,perturbation=PTEN,80,0.5936392301412863,0.7002347606901194
T3,chen,perturbation=PTEN,81,0.6197013505925927,0.6748785409876557
T3,chen,perturbation=PTEN,82,0.6338509970126962,0.709010324922143
T3,chen,perturbation=PTEN,83,0.6570230705468575,0.7351667976982033
T3,chen,perturbation=PTEN,84,0.6419118421344917,0.7300818837950787
T3,chen,perturbation=PTEN,85,0.6440230716325411,0.7091663021436022
T3,chen,perturbation=PTEN,86,0.6511286437754883,0.7418933239326296
T3,chen,perturbation=PTEN,87,0.6647777080029156,0.7262830126255062
T3,chen,perturbation=PTEN,88,0.623232949207247,0.7175332631586919
T3,chen,perturbation=PTEN,89,0.639664647472893,0.6601456826821932
T3,chen,perturbation=PTEN,90,0.6100059776498211,0.7214916853172796
T3,chen,perturbation=PTEN,91,0.629100583527109,0.7165117361675905
T3,chen,perturbation=PTEN,92,0.6316756220315302,0.7092109849515639
T3,chen,perturbation=PTEN,93,0.6509664187971255,0.7245688510212475
T3,chen,perturbation=PTEN,94,0.643940729166658,0.7014403837839417
T3,chen,perturbation=PTEN,95,0.6617286958223975,0.7323805686325743
T3,chen,perturbation=PTEN,96,0.6494147516679043,0.7230265015730902
T3,chen,perturbation=PTEN,97,0.6556629751741387,0.7199574051579
T3,chen,perturbation=PTEN,98,0.62273952598788,0.6944870249694131
T3,chen,perturbation=PTEN,99,0.6572655932273199,0.7431242217528198
T3,chen,perturbation=ABCA13,0,0.015653586143011645,0.1273562141675574
T3,chen,perturbation=ABCA13,1,0.09017254779904349,0.23275155020187982
T3,chen,perturbation=ABCA13,2,0.025436389572113492,0.12533111723694298
T3,chen,perturbation=ABCA13,3,0.03562236790423143,0.1610901032332387
T3,chen,perturbation=ABCA13,4,0.028051183214723885,0.18907286145901592
T3,chen,perturbation=ABCA13,5,-0.02147872751117195,0.1614248446296437
T3,chen,perturbation=ABCA13,6,-0.011633615437592996,0.15222364097584098
T3,chen,perturbation=ABCA13,7,0.048156805196536416,0.11758031925048171
T3,chen,perturbation=ABCA13,8,0.04800514546212824,0.15300231737334438
T3,chen,perturbation=ABCA13,9,-0.01246390159426924,0.030739565546418813
T3,chen,perturbation=ABCA13,10,-0.0037329516591751203,0.1593014458084103
T3,chen,perturbation=ABCA13,11,0.09389800193886223,0.23914998905564294
T3,chen,perturbation=ABCA13,12,0.01093657790978029,0.1711036612488269
T3,chen,perturbation=ABCA13,13,0.06312720814293168,0.2510346196863419
T3,chen,perturbation=ABCA13,14,0.042756904094366575,0.19170494566644755
T3,chen,perturbation=ABCA13,15,0.0316321046973532,0.19471138770840626
T3,chen,perturbation=ABCA13,16,0.06180293119330968,0.15627846143155225
T3,chen,perturbation=ABCA13,17,0.05272879586275085,0.17614886449481976
T3,chen,perturbation=ABCA13,18,0.015062906878856107,0.1480385341471471
T3,chen,perturbation=ABCA13,19,-0.004075861954425999,0.13962352914549234
T3,chen,perturbation=ABCA13,20,-0.026621761876928374,0.12996889366841202
T3,chen,perturbation=ABCA13,21,0.028792994160466472,0.1984330249315081
T3,chen,perturbation=ABCA13,22,-0.0515286504551514,0.11904288101232793
T3,chen,perturbation=ABCA13,23,0.010222109284616056,0.16215548878908653
T3,chen,perturbation=ABCA13,24,-0.043461405327830965,0.13366917915288434
T3,chen,perturbation=ABCA13,25,-0.05402462349234277,0.20676741351267622
T3,chen,perturbation=ABCA13,26,0.066953544007851,0.2238493228975464
T3,chen,perturbation=ABCA13,27,-0.02243121805012661,0.12240066494041017
T3,chen,perturbation=ABCA13,28,0.04418225045411186,0.1804072962255934
T3,chen,perturbation=ABCA13,29,0.018968422189857975,0.1836016533004356
T3,chen,perturbation=ABCA13,30,-0.059076496236371664,0.12660834203179142
T3,chen,perturbation=ABCA13,31,-0.10768685716780554,0.10228672326881323
T3,chen,perturbation=ABCA13,32,0.020333514898671714,0.1900445337201739
T3,chen,perturbation=ABCA13,33,0.025177643349706798,0.17301062250055277
T3,chen,perturbation=ABCA13,34,0.0019474054214765198,0.15009832081081717
T3,chen,perturbation=ABCA13,35,0.011067826389202132,0.17691167825908113
T3,chen,perturbation=ABCA13,36,-0.030156303108459282,0.11837060361080926
T3,chen,perturbation=ABCA13,37,-0.026668338613734514,0.1634843458101011
T3,chen,perturbation=ABCA13,38,0.05508925956152063,0.21899147504026958
T3,chen,perturbation=ABCA13,39,-0.04471242458481214,0.15439234167576785
T3,chen,perturbation=ABCA13,40,-0.14370914370194562,0.07518271896575068
T3,chen,perturbation=ABCA13,41,0.08821943640539098,0.2282437907948492
T3,chen,perturbation=ABCA13,42,0.06971299630648028,0.15482017456207656
T3,chen,perturbation=ABCA13,43,0.017334067805568343,0.14281159984695221
T3,chen,perturbation=ABCA13,44,0.004421359150003861,0.16235949459854232
T3,chen,perturbation=ABCA13,45,0.04438125030883785,0.1507898003047872
T3,chen,perturbation=ABCA13,46,-0.002011257728510008,0.15445071241461017
T3,chen,perturbation=ABCA13,47,-0.0334019540749651,0.12427971676292464
T3,chen,perturbation=ABCA13,48,-0.009936739393521512,0.19427053973057307
T3,chen,perturbation=ABCA13,49,0.06646244305317892,0.20758938246351846
T3,chen,perturbation=ABCA13,50,0.03088180877256077,0.1546079472291773
T3,chen,perturbation=ABCA13,51,-0.004831876171810037,0.17024436756494943
T3,chen,perturbation=ABCA13,52,0.020915929536960566,0.19313507055367282
T3,chen,perturbation=ABCA13,53,-0.008660489843453568,0.15867462290925102
T3,chen,perturbation=ABCA13,54,0.0782597290412621,0.20742154986766181
T3,chen,perturbation=ABCA13,55,-0.03604390921601167,0.13598114392237953
T3,chen,perturbation=ABCA13,56,0.004148023809968109,0.1163793605767777
T3,chen,perturbation=ABCA13,57,0.01446794467128501,0.17149619623298115
T3,chen,perturbation=ABCA13,58,0.08032524900034782,0.24021974737237947
T3,chen,perturbation=ABCA13,59,0.040346137848492974,0.17861324621579436
T3,chen,perturbation=ABCA13,60,0.03556812449302953,0.19709924261593836
T3,chen,perturbation=ABCA13,61,0.01282109447658518,0.18812605601601587
T3,chen,perturbation=ABCA13,62,0.02854442973002922,0.16106829484230348
T3,chen,perturbation=ABCA13,63,-0.002481476645409943,0.14678456652469118
T3,chen,perturbation=ABCA13,64,0.06093218157562678,0.20310053701153702
T3,chen,perturbation=ABCA13,65,-0.006674610416064685,0.17311986027969112
T3,chen,perturbation=ABCA13,66,0.005639193076495406,0.07091341476997859
T3,chen,perturbation=ABCA13,67,0.010906666130532799,0.1751795081919003
T3,chen,perturbation=ABCA13,68,0.006598400928467095,0.1499490422380422
T3,chen,perturbation=ABCA13,69,-0.016061957224513663,0.10641773161471188
T3,chen,perturbation=ABCA13,70,0.017789692821212726,0.16537034208581072
T3,chen,perturbation=ABCA13,71,-0.011324162782909823,0.15673787532988298
T3,chen,perturbation=ABCA13,72,0.07078356715447107,0.18557003474786746
T3,chen,perturbation=ABCA13,73,-0.024022405593948346,0.1546651881955119
T3,chen,perturbation=ABCA13,74,0.05508424587556227,0.19896394041642826
T3,chen,perturbation=ABCA13,75,0.01686060562515002,0.15902800360306799
T3,chen,perturbation=ABCA13,76,0.07668297184468115,0.23768347174387217
T3,chen,perturbation=ABCA13,77,0.06337160053643928,0.20731669493216123
T3,chen,perturbation=ABCA13,78,0.07172361035301199,0.21936188811415855
T3,chen,perturbation=ABCA13,79,-0.0511211803956856,0.1960232979359798
T3,chen,perturbation=ABCA13,80,-0.09462711683191868,0.08684046344545143
T3,chen,perturbation=ABCA13,81,0.04129636545349225,0.18457934763758949
T3,chen,perturbation=ABCA13,82,0.02485570281802642,0.17754913396845184
T3,chen,perturbation=ABCA13,83,-0.15397049237232024,0.1030844826117557
T3,chen,perturbation=ABCA13,84,0.027901319730200404,0.17867897131021243
T3,chen,perturbation=ABCA13,85,-0.044831740484368124,0.1150599339027972
T3,chen,perturbation=ABCA13,86,0.03285774715096449,0.16800134300180006
T3,chen,perturbation=ABCA13,87,0.07504356169576136,0.21958030043469653
T3,chen,perturbation=ABCA13,88,-0.08147442611528319,0.10284271114475807
T3,chen,perturbation=ABCA13,89,0.022994017081550005,0.2121293086698612
T3,chen,perturbation=ABCA13,90,-0.02863985019711839,0.1978580147057899
T3,chen,perturbation=ABCA13,91,0.08835710982355632,0.21981617483751964
T3,chen,perturbation=ABCA13,92,0.03297280334925019,0.1982156249888006
T3,chen,perturbation=ABCA13,93,-0.005701621225696301,0.17339254062714626
T3,chen,perturbation=ABCA13,94,-0.05365266937340499,0.11648930528425018
T3,chen,perturbation=ABCA13,95,0.04361540377480661,0.15985451291831781
T3,chen,perturbation=ABCA13,96,-0.17490964134142772,0.07439867126677159
T3,chen,perturbation=ABCA13,97,0.04328836028071088,0.19939797757833774
T3,chen,perturbation=ABCA13,98,0.032267062596769716,0.1785558479523118
T3,chen,perturbation=ABCA13,99,-0.04501866068489404,0.1479815907441967
T3,chen,perturbation=FHIP1A,0,0.10881821565822282,0.2335881116400906
T3,chen,perturbation=FHIP1A,1,-0.02618839862291012,0.12776411417197098
T3,chen,perturbation=FHIP1A,2,0.06375139515638763,0.2130034191313542
T3,chen,perturbation=FHIP1A,3,0.05330286131617331,0.1902358155906502
T3,chen,perturbation=FHIP1A,4,0.021844454965438184,0.18100399348266913
T3,chen,perturbation=FHIP1A,5,0.07986101715958509,0.20570186154330955
T3,chen,perturbation=FHIP1A,6,-0.006273081067048714,0.1342276164155783
T3,chen,perturbation=FHIP1A,7,0.0712777864838899,0.15928407803611944
T3,chen,perturbation=FHIP1A,8,0.04734584461744306,0.2231171689295931
T3,chen,perturbation=FHIP1A,9,0.022006499676892752,0.16284167327283716
T3,chen,perturbation=FHIP1A,10,-0.019969328713065834,0.11173364442113155
T3,chen,perturbation=FHIP1A,11,0.039093669784696077,0.17568765519053625
T3,chen,perturbation=FHIP1A,12,0.051747851602823254,0.22698604344955958
T3,chen,perturbation=FHIP1A,13,0.05952511876713415,0.21689511564464006
T3,chen,perturbation=FHIP1A,14,-0.005379251386184579,0.15616285088042797
T3,chen,perturbation=FHIP1A,15,-0.012015279004137368,0.06507685759369486
T3,chen,perturbation=FHIP1A,16,0.036947727333116846,0.1456319795140647
T3,chen,perturbation=FHIP1A,17,0.0638467292039544,0.16749495260363922
T3,chen,perturbation=FHIP1A,18,0.0981787121774091,0.25560506818358625
T3,chen,perturbation=FHIP1A,19,0.009270125504984931,0.14934196841034078
T3,chen,perturbation=FHIP1A,20,-0.001923674147892969,0.14194338939942863
T3,chen,perturbation=FHIP1A,21,0.050337925568693966,0.24004029797333915
T3,chen,perturbation=FHIP1A,22,0.042519215927851586,0.21055828851751923
T3,chen,perturbation=FHIP1A,23,0.04422168571674358,0.2694635185450847
T3,chen,perturbation=FHIP1A,24,0.08101548112397347,0.2139658288217543
T3,chen,perturbation=FHIP1A,25,-0.14428500727791257,0.16730013364422944
T3,chen,perturbation=FHIP1A,26,0.059469024302623054,0.21393302709782025
T3,chen,perturbation=FHIP1A,27,0.04848275665480125,0.21305076807610712
T3,chen,perturbation=FHIP1A,28,0.05148917488844598,0.1929706598449875
T3,chen,perturbation=FHIP1A,29,-0.001432245398295723,0.14598168996874733
T3,chen,perturbation=FHIP1A,30,-0.07426917596857852,0.07036004521948926
T3,chen,perturbation=FHIP1A,31,0.0639480635642616,0.2441259562443346
T3,chen,perturbation=FHIP1A,32,0.03746456878311352,0.20682021533018677
T3,chen,perturbation=FHIP1A,33,0.031204754694280263,0.15424012829487618
T3,chen,perturbation=FHIP1A,34,-0.008646312700815317,0.08459470769549537
T3,chen,perturbation=FHIP1A,35,0.010519491880780952,0.18800457501048098
T3,chen,perturbation=FHIP1A,36,0.050019365381771076,0.2366578203375611
T3,chen,perturbation=FHIP1A,37,-0.03857799936408466,0.18925825601537577
T3,chen,perturbation=FHIP1A,38,-0.04099966183008553,0.14187569636098485
T3,chen,perturbation=FHIP1A,39,-0.04130870229334258,0.09798587295037357
T3,chen,perturbation=FHIP1A,40,-0.08774513330575605,0.08533741612314652
T3,chen,perturbation=FHIP1A,41,0.05613914000399607,0.22759317150058045
T3,chen,perturbation=FHIP1A,42,0.03277472219484094,0.22638949739203593
T3,chen,perturbation=FHIP1A,43,-0.027307249514731777,0.07653452658333763
T3,chen,perturbation=FHIP1A,44,0.05791181290279625,0.20920645979890376
T3,chen,perturbation=FHIP1A,45,0.06407485841742618,0.206511316228839
T3,chen,perturbation=FHIP1A,46,0.023348321492277724,0.14821228373225687
T3,chen,perturbation=FHIP1A,47,0.05938408071161074,0.2236577675582573
T3,chen,perturbation=FHIP1A,48,0.024415896869542784,0.18401612122650807
T3,chen,perturbation=FHIP1A,49,0.06446566142800773,0.2090487107891676
T3,chen,perturbation=FHIP1A,50,-0.03233459347849876,0.15001895334846216
T3,chen,perturbation=FHIP1A,51,0.07587088729446247,0.2053079328904214
T3,chen,perturbation=FHIP1A,52,0.03277768410541386,0.19288399915658458
T3,chen,perturbation=FHIP1A,53,0.04801652123062504,0.16887180145467326
T3,chen,perturbation=FHIP1A,54,0.053092169115256056,0.20881459827757853
T3,chen,perturbation=FHIP1A,55,0.09781953231164191,0.24104292247707096
T3,chen,perturbation=FHIP1A,56,0.05906232525933488,0.11920688034483067
T3,chen,perturbation=FHIP1A,57,0.08146663294654567,0.21764786635557043
T3,chen,perturbation=FHIP1A,58,-0.05048475889956225,0.06716025499229245
T3,chen,perturbation=FHIP1A,59,-0.043202385154442774,0.14508569815879158
T3,chen,perturbation=FHIP1A,60,0.06356237895903162,0.2278097884421608
T3,chen,perturbation=FHIP1A,61,0.053095052623575584,0.20930671054639785
T3,chen,perturbation=FHIP1A,62,-0.003566765171821189,0.11813412355862846
T3,chen,perturbation=FHIP1A,63,0.010749692995329761,0.17007626761560954
T3,chen,perturbation=FHIP1A,64,0.02549309105590441,0.16047979152052919
T3,chen,perturbation=FHIP1A,65,0.090272862815041,0.24018643065213205
T3,chen,perturbation=FHIP1A,66,0.003275949103585486,0.1949553913867055
T3,chen,perturbation=FHIP1A,67,0.02768755503998782,0.1394354234646101
T3,chen,perturbation=FHIP1A,68,0.020706321087214114,0.19284184615407496
T3,chen,perturbation=FHIP1A,69,-0.009604110744008234,0.16036603722364642
T3,chen,perturbation=FHIP1A,70,-0.027463110049657395,0.15782622258236936
T3,chen,perturbation=FHIP1A,71,0.058399559566300586,0.2305398951654416
T3,chen,perturbation=FHIP1A,72,0.013832137691207624,0.1607884547026062
T3,chen,perturbation=FHIP1A,73,0.04784368994845233,0.19260358433165442
T3,chen,perturbation=FHIP1A,74,0.09294203181118135,0.24201565678296622
T3,chen,perturbation=FHIP1A,75,0.06866763246236604,0.15215328338553283
T3,chen,perturbation=FHIP1A,76,0.04052265959784071,0.1961584234379502
T3,chen,perturbation=FHIP1A,77,-0.07356443671437309,0.07246334937652822
T3,chen,perturbation=FHIP1A,78,0.03611652916412305,0.09743163369657871
T3,chen,perturbation=FHIP1A,79,-0.1463980462392709,0.113760672803593
T3,chen,perturbation=FHIP1A,80,-0.03696403651631563,0.0698783657613326
T3,chen,perturbation=FHIP1A,81,0.04804666480718293,0.21189900874374876
T3,chen,perturbation=FHIP1A,82,0.08088356681287873,0.21904725093619265
T3,chen,perturbation=FHIP1A,83,-0.01164150130903456,0.1682358071556858
T3,chen,perturbation=FHIP1A,84,0.06804857937246504,0.22233159178431977
T3,chen,perturbation=FHIP1A,85,0.019766445766361163,0.16955992609295947
T3,chen,perturbation=FHIP1A,86,-0.00872093829826736,0.16935188151725727
T3,chen,perturbation=FHIP1A,87,0.0496835788300681,0.18715048341054935
T3,chen,perturbation=FHIP1A,88,0.003044790253537765,0.09643556633729738
T3,chen,perturbation=FHIP1A,89,0.09919408978638262,0.2148861056673974
T3,chen,perturbation=FHIP1A,90,0.07761613551588377,0.13957826431361017
T3,chen,perturbation=FHIP1A,91,0.06910974752797716,0.17662835940847724
T3,chen,perturbation=FHIP1A,92,0.03996520022468877,0.19257824186140543
T3,chen,perturbation=FHIP1A,93,0.04915028971377916,0.18611635529205245
T3,chen,perturbation=FHIP1A,94,0.009523503638188954,0.16522763743294236
T3,chen,perturbation=FHIP1A,95,0.02028458797369863,0.1707819904251121
T3,chen,perturbation=FHIP1A,96,0.03705013275971113,0.18039038052708775
T3,chen,perturbation=FHIP1A,97,0.07106614474682343,0.2108934590078894
T3,chen,perturbation=FHIP1A,98,0.05272531669281175,0.19808352176773036
T3,chen,perturbation=FHIP1A,99,0.00573594777567928,0.22646249507249053
T3,chen,perturbation=PDRG1,0,0.2569215544960436,0.3374645740542538
T3,chen,perturbation=PDRG1,1,0.18135941431976882,0.2703623980080012
T3,chen,perturbation=PDRG1,2,0.2554934071044373,0.3379527969762438
T3,chen,perturbation=PDRG1,3,0.25583612464813404,0.3253350569339172
T3,chen,perturbation=PDRG1,4,0.21474890270261107,0.29626005724775994
T3,chen,perturbation=PDRG1,5,0.30058098323983595,0.39097890718430667
T3,chen,perturbation=PDRG1,6,0.22355533382700568,0.31212111668396836
T3,chen,perturbation=PDRG1,7,0.2630618347877354,0.3418191493814565
T3,chen,perturbation=PDRG1,8,0.18076591436904774,0.3245589361633402
T3,chen,perturbation=PDRG1,9,0.26322218362515537,0.3728107082899448
T3,chen,perturbation=PDRG1,10,0.2813617698163834,0.37586587390022574
T3,chen,perturbation=PDRG1,11,0.2970488775852749,0.3731728299361036
T3,chen,perturbation=PDRG1,12,0.2558337368890743,0.35426636823428076
T3,chen,perturbation=PDRG1,13,0.25565736705827835,0.3716083951085485
T3,chen,perturbation=PDRG1,14,0.25246224080388374,0.33896242949963956
T3,chen,perturbation=PDRG1,15,0.3015412698315927,0.3809638229905233
T3,chen,perturbation=PDRG1,16,0.2392106583077388,0.352513883975674
T3,chen,perturbation=PDRG1,17,0.2441971884532252,0.34494903347836825
T3,chen,perturbation=PDRG1,18,0.13177499043237506,0.2272510587407891
T3,chen,perturbation=PDRG1,19,0.239528289144124,0.310666876074832
T3,chen,perturbation=PDRG1,20,0.2338702974325271,0.34191655825040784
T3,chen,perturbation=PDRG1,21,0.1775507091446862,0.2110607648855154
T3,chen,perturbation=PDRG1,22,0.1365630277873897,0.18489598676143046
T3,chen,perturbation=PDRG1,23,0.12171269183539314,0.24071440102914635
T3,chen,perturbation=PDRG1,24,0.18474778242487552,0.3082284802832002
T3,chen,perturbation=PDRG1,25,0.13237558119205167,0.3273079294746915
T3,chen,perturbation=PDRG1,26,0.25249756506312737,0.3268452152123943
T3,chen,perturbation=PDRG1,27,0.24922363099762548,0.3397790582171266
T3,chen,perturbation=PDRG1,28,0.22318034215914087,0.33371537900092635
T3,chen,perturbation=PDRG1,29,0.25430101580719894,0.330279398142851
T3,chen,perturbation=PDRG1,30,0.16936184487745673,0.2992255015952594
T3,chen,perturbation=PDRG1,31,0.20135640178038205,0.3265069661281419
T3,chen,perturbation=PDRG1,32,0.1906995944652064,0.27321207366074124
T3,chen,perturbation=PDRG1,33,0.22412636725054805,0.3169183260907435
T3,chen,perturbation=PDRG1,34,0.28023198006643013,0.382142738902582
T3,chen,perturbation=PDRG1,35,0.2843751147031313,0.368382946404278
T3,chen,perturbation=PDRG1,36,0.1780999723379844,0.2908212869912073
T3,chen,perturbation=PDRG1,37,0.15161293224652714,0.3162452517053001
T3,chen,perturbation=PDRG1,38,0.2742551441647964,0.3373669804871401
T3,chen,perturbation=PDRG1,39,0.28243770268049206,0.330698458201917
T3,chen,perturbation=PDRG1,40,0.24538504613209292,0.3305621173773344
T3,chen,perturbation=PDRG1,41,0.2597797993390914,0.33374736868746807
T3,chen,perturbation=PDRG1,42,0.2612296705489243,0.30057081605581126
T3,chen,perturbation=PDRG1,43,0.2560610333925797,0.33403863941650797
T3,chen,perturbation=PDRG1,44,0.2620067839298642,0.3679323020715018
T3,chen,perturbation=PDRG1,45,0.22736771003936995,0.32806569876093494
T3,chen,perturbation=PDRG1,46,0.22346909271492926,0.3175014315385797
T3,chen,perturbation=PDRG1,47,0.1708726660339022,0.2802508248444236
T3,chen,perturbation=PDRG1,48,0.24236958807496897,0.3570210524439641
T3,chen,perturbation=PDRG1,49,0.267058350081878,0.3038609229261196
T3,chen,perturbation=PDRG1,50,0.2121656088145792,0.31212873651949136
T3,chen,perturbation=PDRG1,51,0.22494981484575338,0.32742333127554685
T3,chen,perturbation=PDRG1,52,0.239051573966066,0.29499002773774274
T3,chen,perturbation=PDRG1,53,0.2512127695169651,0.3259401361749359
T3,chen,perturbation=PDRG1,54,0.19550722961966355,0.2572059708155007
T3,chen,perturbation=PDRG1,55,0.21937989348678766,0.3109642784004591
T3,chen,perturbation=PDRG1,56,0.2525379167525671,0.32434398250957863
T3,chen,perturbation=PDRG1,57,0.1870818350775055,0.3183450243116512
T3,chen,perturbation=PDRG1,58,0.26743534038355476,0.3390455557037847
T3,chen,perturbation=PDRG1,59,0.1487971840345437,0.30325739162023
T3,chen,perturbation=PDRG1,60,0.18824121660696666,0.27222498471490647
T3,chen,perturbation=PDRG1,61,0.27163519841712175,0.34297854255815347
T3,chen,perturbation=PDRG1,62,0.28853554035828394,0.3884295689426158
T3,chen,perturbation=PDRG1,63,0.195983911478721,0.2704508783058138
T3,chen,perturbation=PDRG1,64,0.18254827996571962,0.2970488292154976
T3,chen,perturbation=PDRG1,65,0.24537527605297818,0.3254056881270481
T3,chen,perturbation=PDRG1,66,0.3077917549181406,0.3622208036365092
T3,chen,perturbation=PDRG1,67,0.18906184839786483,0.2551122800117819
T3,chen,perturbation=PDRG1,68,0.24386922116209797,0.3503091638221242
T3,chen,perturbation=PDRG1,69,0.14106125680891843,0.16196522325758964
T3,chen,perturbation=PDRG1,70,0.2338445551252191,0.353231531761313
T3,chen,perturbation=PDRG1,71,0.2574375871511125,0.3146999693319975
T3,chen,perturbation=PDRG1,72,0.2602936685240187,0.3706046798183429
T3,chen,perturbation=PDRG1,73,0.21673609000484453,0.3272016690897597
T3,chen,perturbation=PDRG1,74,0.264511341073251,0.33319686525761283
T3,chen,perturbation=PDRG1,75,0.2369975239210844,0.33599123533956116
T3,chen,perturbation=PDRG1,76,0.19590905030045827,0.2601664632712859
T3,chen,perturbation=PDRG1,77,0.27680462672299083,0.3336484392860692
T3,chen,perturbation=PDRG1,78,0.27719205265020075,0.36926604232980637
T3,chen,perturbation=PDRG1,79,0.25325563532381,0.3471433611477929
T3,chen,perturbation=PDRG1,80,0.20444446274953168,0.30243050090099727
T3,chen,perturbation=PDRG1,81,0.19244871985382023,0.30633785267487873
T3,chen,perturbation=PDRG1,82,0.20271892559643134,0.29531178641480577
T3,chen,perturbation=PDRG1,83,0.23538586207786075,0.2645311367968815
T3,chen,perturbation=PDRG1,84,0.25637063462785603,0.35258893559622456
T3,chen,perturbation=PDRG1,85,0.229685996408118,0.29987759898627736
T3,chen,perturbation=PDRG1,86,0.2168140502742097,0.3291281455505397
T3,chen,perturbation=PDRG1,87,0.2522404591684761,0.345914432904681
T3,chen,perturbation=PDRG1,88,0.22590350343615645,0.3212512361798752
T3,chen,perturbation=PDRG1,89,0.2673086924801824,0.3936325665959105
T3,chen,perturbation=PDRG1,90,0.2007975805634699,0.31016055556825817
T3,chen,perturbation=PDRG1,91,0.23116837442164492,0.2938961370911198
T3,chen,perturbation=PDRG1,92,0.18484758323718953,0.29211738473802096
T3,chen,perturbation=PDRG1,93,0.2460748369770957,0.3664933769894073
T3,chen,perturbation=PDRG1,94,0.23241182852417294,0.35008922417542904
T3,chen,perturbation=PDRG1,95,0.22174682582386246,0.3205544715054641
T3,chen,perturbation=PDRG1,96,0.19760452684236085,0.3336806263310895
T3,chen,perturbation=PDRG1,97,0.19606355696515151,0.2891244813906031
T3,chen,perturbation=PDRG1,98,0.21235817871908808,0.314120707068696
T3,chen,perturbation=PDRG1,99,0.2564063565071501,0.3377362939479908
T3,chen,perturbation=MED6,0,0.47047796650781387,0.5829349364603823
T3,chen,perturbation=MED6,1,0.4863864812950409,0.5352323339096471
T3,chen,perturbation=MED6,2,0.5115648664097515,0.5501151741490848
T3,chen,perturbation=MED6,3,0.49455852481392126,0.5798285208332669
T3,chen,perturbation=MED6,4,0.5118363400137861,0.5762774845825461
T3,chen,perturbation=MED6,5,0.46973987198413103,0.5663496522165694
T3,chen,perturbation=MED6,6,0.5397195046153676,0.6036519822851085
T3,chen,perturbation=MED6,7,0.48379494429197256,0.609279990807936
T3,chen,perturbation=MED6,8,0.3808440112580979,0.49409535213988504
T3,chen,perturbation=MED6,9,0.48226608968390033,0.5536776706161978
T3,chen,perturbation=MED6,10,0.48916919321656205,0.5672630731782096
T3,chen,perturbation=MED6,11,0.5568106728130149,0.5908107883298065
T3,chen,perturbation=MED6,12,0.5310549191030436,0.5890885051616593
T3,chen,perturbation=MED6,13,0.47101955164399284,0.5727895501145561
T3,chen,perturbation=MED6,14,0.520240806594278,0.608764050838184
T3,chen,perturbation=MED6,15,0.4924364617038481,0.5880380333477685
T3,chen,perturbation=MED6,16,0.5304363466064491,0.6315407265197237
T3,chen,perturbation=MED6,17,0.5508532872450126,0.640565351742656
T3,chen,perturbation=MED6,18,0.49000577997934863,0.5382211915800165
T3,chen,perturbation=MED6,19,0.4763321341292982,0.5790723788137175
T3,chen,perturbation=MED6,20,0.5249928810978551,0.6048008232088993
T3,chen,perturbation=MED6,21,0.4616010622454939,0.5772553686652189
T3,chen,perturbation=MED6,22,0.5364025124756259,0.6391292412325922
T3,chen,perturbation=MED6,23,0.5244897990988744,0.6141747641396684
T3,chen,perturbation=MED6,24,0.49663817564007007,0.5662970582784076
T3,chen,perturbation=MED6,25,0.5236621110063787,0.6341425379628969
T3,chen,perturbation=MED6,26,0.5357145362623686,0.6327207889977028
T3,chen,perturbation=MED6,27,0.5529801299934123,0.6420590705378045
T3,chen,perturbation=MED6,28,0.5628665244840105,0.6431850808006638
T3,chen,perturbation=MED6,29,0.5205816313470518,0.6055719763968164
T3,chen,perturbation=MED6,30,0.49535314128313546,0.584952487149897
T3,chen,perturbation=MED6,31,0.522309244790519,0.6421478442590354
T3,chen,perturbation=MED6,32,0.5074944406531536,0.6062172596562482
T3,chen,perturbation=MED6,33,0.5176900152738825,0.5968445177753889
T3,chen,perturbation=MED6,34,0.5408231204741494,0.6261824356089627
T3,chen,perturbation=MED6,35,0.5562850062650192,0.6444500197276807
T3,chen,perturbation=MED6,36,0.4407823912794013,0.599445809766099
T3,chen,perturbation=MED6,37,0.5249722614667867,0.6330469907471261
T3,chen,perturbation=MED6,38,0.5000522475320792,0.6047874040040503
T3,chen,perturbation=MED6,39,0.5386963249296097,0.6147195120695531
T3,chen,perturbation=MED6,40,0.5176541922735903,0.6225576448718957
T3,chen,perturbation=MED6,41,0.5350961154499068,0.6069887214140715
T3,chen,perturbation=MED6,42,0.49671977744591767,0.5457958996083021
T3,chen,perturbation=MED6,43,0.5386895675226908,0.6268466085502652
T3,chen,perturbation=MED6,44,0.4891807962887735,0.5796905337841672
T3,chen,perturbation=MED6,45,0.4959138621468356,0.5383753663363078
T3,chen,perturbation=MED6,46,0.5555498025153942,0.6303816945226285
T3,chen,perturbation=MED6,47,0.45405689429837937,0.5364038873518084
T3,chen,perturbation=MED6,48,0.525783876332022,0.6279270481970487
T3,chen,perturbation=MED6,49,0.5308995828559455,0.6295434086672552
T3,chen,perturbation=MED6,50,0.480093716480809,0.5740863079803041
T3,chen,perturbation=MED6,51,0.502499380101438,0.6034321192064319
T3,chen,perturbation=MED6,52,0.5438606915714825,0.6447297063672152
T3,chen,perturbation=MED6,53,0.5487294623256211,0.6153128555054068
T3,chen,perturbation=MED6,54,0.5163678472721739,0.5976419354538044
T3,chen,perturbation=MED6,55,0.38730651805247923,0.5062645718527119
T3,chen,perturbation=MED6,56,0.5728465827461656,0.6265008607966495
T3,chen,perturbation=MED6,57,0.5090538191778586,0.6270299717420266
T3,chen,perturbation=MED6,58,0.5509633843244058,0.6312220358473359
T3,chen,perturbation=MED6,59,0.485682814042648,0.5885568238537481
T3,chen,perturbation=MED6,60,0.49429860249429447,0.571051960730485
T3,chen,perturbation=MED6,61,0.5330754907459493,0.6372950304811293
T3,chen,perturbation=MED6,62,0.5238543504646638,0.6146386818602236
T3,chen,perturbation=MED6,63,0.5385198070582153,0.6174288141525355
T3,chen,perturbation=MED6,64,0.5267387866559975,0.5995866912363328
T3,chen,perturbation=MED6,65,0.559439200475573,0.6572317118803804
T3,chen,perturbation=MED6,66,0.4720937489504383,0.5915878540457483
T3,chen,perturbation=MED6,67,0.5529825429685162,0.6368925192816448
T3,chen,perturbation=MED6,68,0.521189411538211,0.5899810693314325
T3,chen,perturbation=MED6,69,0.5482640302848804,0.6438102893365444
T3,chen,perturbation=MED6,70,0.4618755192709697,0.5844063590226445
T3,chen,perturbation=MED6,71,0.5562705778080596,0.6517662272385722
T3,chen,perturbation=MED6,72,0.5589346544779763,0.6436688680445316
T3,chen,perturbation=MED6,73,0.5044134755514673,0.6103866251479603
T3,chen,perturbation=MED6,74,0.43638687105465124,0.5642997821432518
T3,chen,perturbation=MED6,75,0.5335848967173658,0.6077279731901192
T3,chen,perturbation=MED6,76,0.512451693802706,0.6148610237056941
T3,chen,perturbation=MED6,77,0.5160615985294116,0.580814555750183
T3,chen,perturbation=MED6,78,0.5436323067616023,0.6285660535706274
T3,chen,perturbation=MED6,79,0.5661706566892538,0.6024828124806679
T3,chen,perturbation=MED6,80,0.5307067467422518,0.6420383160745912
T3,chen,perturbation=MED6,81,0.542255642914476,0.6280068447868434
T3,chen,perturbation=MED6,82,0.5347076562790148,0.6183372886182434
T3,chen,perturbation=MED6,83,0.520100917137887,0.5805094305948546
T3,chen,perturbation=MED6,84,0.5746056487510909,0.6287500260319722
T3,chen,perturbation=MED6,85,0.5404541904267434,0.6308175374172279
T3,chen,perturbation=MED6,86,0.4403342650771337,0.5693953485667477
T3,chen,perturbation=MED6,87,0.5771532065074229,0.648875155832749
T3,chen,perturbation=MED6,88,0.5363494327459385,0.5925890428528279
T3,chen,perturbation=MED6,89,0.5185328079667179,0.5988473253346702
T3,chen,perturbation=MED6,90,0.5532517610188344,0.6541660011011877
T3,chen,perturbation=MED6,91,0.48462447107220996,0.6023474246517585
T3,chen,perturbation=MED6,92,0.5251068974992229,0.6177980555349797
T3,chen,perturbation=MED6,93,0.4962883736273902,0.6098890421995933
T3,chen,perturbation=MED6,94,0.5130399593004117,0.6020429781905898
T3,chen,perturbation=MED6,95,0.5377467618539284,0.6237130551338513
T3,chen,perturbation=MED6,96,0.4662388542704511,0.6147634476488067
T3,chen,perturbation=MED6,97,0.5355069441245266,0.6272671698189992
T3,chen,perturbation=MED6,98,0.5645932352204336,0.6283487249961442
T3,chen,perturbation=MED6,99,0.5518862085266183,0.6552051409989202
T3,chen,perturbation=TARDBP,0,0.48589011656218917,0.5743238091250195
T3,chen,perturbation=TARDBP,1,0.5195969627061994,0.5859676582007486
T3,chen,perturbation=TARDBP,2,0.48988940193615027,0.5776129028888588
T3,chen,perturbation=TARDBP,3,0.4520779194752974,0.5299251998487956
T3,chen,perturbation=TARDBP,4,0.4712153818455899,0.5605240727579591
T3,chen,perturbation=TARDBP,5,0.43252265741010676,0.5068945460889037
T3,chen,perturbation=TARDBP,6,0.48203522838212237,0.5610049041745299
T3,chen,perturbation=TARDBP,7,0.3952376139233145,0.5084349536401134
T3,chen,perturbation=TARDBP,8,0.30870823298347755,0.4638977786066934
T3,chen,perturbation=TARDBP,9,0.40438564308804187,0.4252509914681373
T3,chen,perturbation=TARDBP,10,0.35443792467181146,0.4323724432841804
T3,chen,perturbation=TARDBP,11,0.4258969984398718,0.5008733066318029
T3,chen,perturbation=TARDBP,12,0.4820392045783577,0.5733808746142901
T3,chen,perturbation=TARDBP,13,0.48188320478767305,0.5743115284020289
T3,chen,perturbation=TARDBP,14,0.49027935029172803,0.5254428122864965
T3,chen,perturbation=TARDBP,15,0.48770061491976374,0.5638170669530825
T3,chen,perturbation=TARDBP,16,0.41602910343706306,0.5172147151694643
T3,chen,perturbation=TARDBP,17,0.49276843691290895,0.5443508396224574
T3,chen,perturbation=TARDBP,18,0.4820958775236337,0.5468257347742905
T3,chen,perturbation=TARDBP,19,0.4415285344332435,0.5561615034709835
T3,chen,perturbation=TARDBP,20,0.46120694217655267,0.5516326544988104
T3,chen,perturbation=TARDBP,21,0.25558982463095503,0.4279972748865384
T3,chen,perturbation=TARDBP,22,0.4529825428382271,0.5512901658382878
T3,chen,perturbation=TARDBP,23,0.4307853434698235,0.5671451908068711
T3,chen,perturbation=TARDBP,24,0.3934217667140488,0.3929056107256984
T3,chen,perturbation=TARDBP,25,0.48259531547515966,0.5461852443919648
T3,chen,perturbation=TARDBP,26,0.5000913372968903,0.5614648175122567
T3,chen,perturbation=TARDBP,27,0.3952797661578063,0.49968731923235965
T3,chen,perturbation=TARDBP,28,0.3903934443273105,0.48748951121197726
T3,chen,perturbation=TARDBP,29,0.467845920290085,0.5527307650230516
T3,chen,perturbation=TARDBP,30,0.5148036569498885,0.5832106103594943
T3,chen,perturbation=TARDBP,31,0.4345310200327606,0.5510386786948979
T3,chen,perturbation=TARDBP,32,0.5151077026325603,0.59680442933643
T3,chen,perturbation=TARDBP,33,0.460043884583821,0.5525210250897066
T3,chen,perturbation=TARDBP,34,0.4578655820572082,0.5236744803793232
T3,chen,perturbation=TARDBP,35,0.47489611203074494,0.5441536486666646
T3,chen,perturbation=TARDBP,36,0.3999935104462583,0.5443949456913505
T3,chen,perturbation=TARDBP,37,0.49568878799018046,0.508337782763435
T3,chen,perturbation=TARDBP,38,0.4865561542462727,0.5188260299306843
T3,chen,perturbation=TARDBP,39,0.43925239708881547,0.5414844051563679
T3,chen,perturbation=TARDBP,40,0.4318626764854251,0.5098437977005232
T3,chen,perturbation=TARDBP,41,0.46396671655387134,0.5015834970056094
T3,chen,perturbation=TARDBP,42,0.45574437496709047,0.5690876338744559
T3,chen,perturbation=TARDBP,43,0.4586810104553976,0.5543583908111219
T3,chen,perturbation=TARDBP,44,0.4875774933406629,0.5713655309291577
T3,chen,perturbation=TARDBP,45,0.4816701865213657,0.555422314368233
T3,chen,perturbation=TARDBP,46,0.475336467520229,0.5505690366865754
T3,chen,perturbation=TARDBP,47,0.455257725064033,0.5371345428574562
T3,chen,perturbation=TARDBP,48,0.47623865684796884,0.5671145903353254
T3,chen,perturbation=TARDBP,49,0.40237658636363355,0.49541676312929533
T3,chen,perturbation=TARDBP,50,0.4935191421322434,0.582419394223604
T3,chen,perturbation=TARDBP,51,0.45927349114463817,0.5508079693812827
T3,chen,perturbation=TARDBP,52,0.4408260823105142,0.5651023240047929
T3,chen,perturbation=TARDBP,53,0.4828586480211046,0.5705142063695025
T3,chen,perturbation=TARDBP,54,0.38516213954906875,0.5006067737768911
T3,chen,perturbation=TARDBP,55,0.47306310826281645,0.5676408079214216
T3,chen,perturbation=TARDBP,56,0.4960843371160634,0.5786973409238532
T3,chen,perturbation=TARDBP,57,0.3896567886660575,0.47917968131177485
T3,chen,perturbation=TARDBP,58,0.4667942089181636,0.5506774016822791
T3,chen,perturbation=TARDBP,59,0.4399743588805223,0.5171916017131037
T3,chen,perturbation=TARDBP,60,0.4438660989862406,0.5378208349867324
T3,chen,perturbation=TARDBP,61,0.44075157904621437,0.5584838382150957
T3,chen,perturbation=TARDBP,62,0.3999240736952484,0.5219139060954754
T3,chen,perturbation=TARDBP,63,0.4292495376282357,0.5219103072261325
T3,chen,perturbation=TARDBP,64,0.46901346772541086,0.5425222884081212
T3,chen,perturbation=TARDBP,65,0.48802731256799886,0.5300799031839095
T3,chen,perturbation=TARDBP,66,0.4073831961019548,0.5456906096752574
T3,chen,perturbation=TARDBP,67,0.46016988533484676,0.5658846683549192
T3,chen,perturbation=TARDBP,68,0.4914126335678232,0.5709409990202813
T3,chen,perturbation=TARDBP,69,0.4855028796167588,0.5787232540004201
T3,chen,perturbation=TARDBP,70,0.4359771711261851,0.5285928749164733
T3,chen,perturbation=TARDBP,71,0.48339529533033654,0.5483467465103895
T3,chen,perturbation=TARDBP,72,0.4234492630633665,0.5171889361252642
T3,chen,perturbation=TARDBP,73,0.48568612755610124,0.5365783977406186
T3,chen,perturbation=TARDBP,74,0.48847792979530613,0.5789145751831372
T3,chen,perturbation=TARDBP,75,0.3945048783310091,0.5174041613111122
T3,chen,perturbation=TARDBP,76,0.41321913937688065,0.49071715834864627
T3,chen,perturbation=TARDBP,77,0.43763437169299096,0.5229212424011015
T3,chen,perturbation=TARDBP,78,0.45924773902288696,0.5529390916043073
T3,chen,perturbation=TARDBP,79,0.3755871225641917,0.5245620874893769
T3,chen,perturbation=TARDBP,80,0.48648904878884164,0.5852855770888097
T3,chen,perturbation=TARDBP,81,0.48569442106467065,0.579037755904378
T3,chen,perturbation=TARDBP,82,0.48653858992129667,0.5855264172978852
T3,chen,perturbation=TARDBP,83,0.459700474278164,0.5377929432650226
T3,chen,perturbation=TARDBP,84,0.4549546826126523,0.5640895235880312
T3,chen,perturbation=TARDBP,85,0.41739413555935223,0.516333453396871
T3,chen,perturbation=TARDBP,86,0.4430393691248193,0.5371060967404269
T3,chen,perturbation=TARDBP,87,0.4597548613415974,0.5339338401931524
T3,chen,perturbation=TARDBP,88,0.42173262564139224,0.5118873053053613
T3,chen,perturbation=TARDBP,89,0.49957809373698686,0.5381760951926032
T3,chen,perturbation=TARDBP,90,0.44449040954614477,0.5730253794695861
T3,chen,perturbation=TARDBP,91,0.492895068961687,0.5746729975847489
T3,chen,perturbation=TARDBP,92,0.5076647289580153,0.5791058680687087
T3,chen,perturbation=TARDBP,93,0.45278813581489774,0.5287550519679091
T3,chen,perturbation=TARDBP,94,0.5023250274153164,0.5569153055087503
T3,chen,perturbation=TARDBP,95,0.536551095129755,0.5807287623165629
T3,chen,perturbation=TARDBP,96,0.4994741247367145,0.5829714118123499
T3,chen,perturbation=TARDBP,97,0.41457322664362906,0.5093304700310796
T3,chen,perturbation=TARDBP,98,0.4679237453744492,0.5441700350225145
T3,chen,perturbation=TARDBP,99,0.43986268007305795,0.5691400465699025
