task_key,unit,stratum,partition,independent_control_r,shared_control_r
T1,B,donor_id=1256,0,0.8218381288778848,0.8466668661205975
T1,B,donor_id=1256,1,0.8276997792883823,0.851606412215688
T1,B,donor_id=1256,2,0.8123163074844097,0.8308607866700596
T1,B,donor_id=1256,3,0.7954780791605177,0.8174859011605675
T1,B,donor_id=1256,4,0.8165705331133627,0.8381475107239121
T1,B,donor_id=1256,5,0.8338060415556604,0.8516095174659122
T1,B,donor_id=1256,6,0.8178448553576267,0.8375250391125784
T1,B,donor_id=1256,7,0.8188421686053855,0.8458066617627421
T1,B,donor_id=1256,8,0.8241640480640685,0.8461636038246593
T1,B,donor_id=1256,9,0.8302495409737907,0.8521738450580268
T1,B,donor_id=1256,10,0.831135746016658,0.8490626132396049
T1,B,donor_id=1256,11,0.8195142133061505,0.8421108782299537
T1,B,donor_id=1256,12,0.8182979116144938,0.8388783831502742
T1,B,donor_id=1256,13,0.835259946194956,0.8550957674020203
T1,B,donor_id=1256,14,0.8251401872151023,0.8456324183405494
T1,B,donor_id=1256,15,0.8205775755919884,0.839344108359281
T1,B,donor_id=1256,16,0.8279428988709334,0.8465720340614599
T1,B,donor_id=1256,17,0.830985856824038,0.8509756223777313
T1,B,donor_id=1256,18,0.8206634930483864,0.841226359890205
T1,B,donor_id=1256,19,0.8149886345221011,0.8374844811908272
T1,B,donor_id=1256,20,0.8159714438135213,0.833961281728465
T1,B,donor_id=1256,21,0.8252128702563007,0.8430650065748355
T1,B,donor_id=1256,22,0.804951190253128,0.8304803502850376
T1,B,donor_id=1256,23,0.8306586652698088,0.8495689090060996
T1,B,donor_id=1256,24,0.8204534360075173,0.8369477583259013
T1,B,donor_id=1256,25,0.8056421954875912,0.8314575822469978
T1,B,donor_id=1256,26,0.8254486492644928,0.843837537455183
T1,B,donor_id=1256,27,0.8277706975969928,0.8432672767450249
T1,B,donor_id=1256,28,0.8089966407626271,0.818462720608986
T1,B,donor_id=1256,29,0.829756951972254,0.8473662512331949
T1,B,donor_id=1256,30,0.8251984594086605,0.8413026725777161
T1,B,donor_id=1256,31,0.8290898096916063,0.8467058004426691
T1,B,donor_id=1256,32,0.8154019159441637,0.8319186976502095
T1,B,donor_id=1256,33,0.8243067436119289,0.8437109733394679
T1,B,donor_id=1256,34,0.8200119105448707,0.8400320975198341
T1,B,donor_id=1256,35,0.8266851836772446,0.847442200575043
T1,B,donor_id=1256,36,0.8103522835030298,0.836541597644847
T1,B,donor_id=1256,37,0.8353439019872753,0.8485518927764409
T1,B,donor_id=1256,38,0.806285276769648,0.8303348177335194
T1,B,donor_id=1256,39,0.8214009158964181,0.8442077932866111
T1,B,donor_id=1256,40,0.8197548608900302,0.8383083033960499
T1,B,donor_id=1256,41,0.8180624497347159,0.8436086466249353
T1,B,donor_id=1256,42,0.8322962606308985,0.8515876125539393
T1,B,donor_id=1256,43,0.8273176768911388,0.8430806348771392
T1,B,donor_id=1256,44,0.82819251741575,0.847494947694126
T1,B,donor_id=1256,45,0.8306617871849273,0.849451767577349
T1,B,donor_id=1256,46,0.8215694472195146,0.8346065088912069
T1,B,donor_id=1256,47,0.8293054828364639,0.8498981254130857
T1,B,donor_id=1256,48,0.8244179048564508,0.8409023111033713
T1,B,donor_id=1256,49,0.8182126286650658,0.8426259079091774
T1,B,donor_id=1256,50,0.8342992336197421,0.8540143557988901
T1,B,donor_id=1256,51,0.808463138069403,0.8231119357784688
T1,B,donor_id=1256,52,0.8140233059925012,0.838639890298705
T1,B,donor_id=1256,53,0.8231913708916011,0.8397697678288247
T1,B,donor_id=1256,54,0.8179516066307365,0.8360227049228685
T1,B,donor_id=1256,55,0.8361129058924944,0.8544509636107325
T1,B,donor_id=1256,56,0.8111123561841018,0.8334077314380999
T1,B,donor_id=1256,57,0.8184682498412167,0.8351429714616239
T1,B,donor_id=1256,58,0.8295415769212514,0.8521484847312968
T1,B,donor_id=1256,59,0.8313371563634135,0.8495242131005468
T1,B,donor_id=1256,60,0.8293438704187932,0.8526994033423502
T1,B,donor_id=1256,61,0.8218540346484464,0.8480095530046653
T1,B,donor_id=1256,62,0.822804851290366,0.8400938547926408
T1,B,donor_id=1256,63,0.823463634022485,0.8374566293963823
T1,B,donor_id=1256,64,0.8230132259680052,0.8412987192098554
T1,B,donor_id=1256,65,0.8340408112653133,0.847043429191208
T1,B,donor_id=1256,66,0.8164643804207719,0.8357716067895373
T1,B,donor_id=1256,67,0.8281958783764737,0.8509338606020375
T1,B,donor_id=1256,68,0.8289024172596042,0.8463030504784049
T1,B,donor_id=1256,69,0.8230056484183595,0.8405005926888729
T1,B,donor_id=1256,70,0.810947834367353,0.8362795769261195
T1,B,donor_id=1256,71,0.8279546968872713,0.8416816135162177
T1,B,donor_id=1256,72,0.8203809903257158,0.8430350203405194
T1,B,donor_id=1256,73,0.8295919987106612,0.8530015874878067
T1,B,donor_id=1256,74,0.818571307378958,0.8427263309718599
T1,B,donor_id=1256,75,0.8329290515270281,0.8520490768928165
T1,B,donor_id=1256,76,0.8158867847888946,0.8326014996447225
T1,B,donor_id=1256,77,0.8117273552931217,0.8290445320645796
T1,B,donor_id=1256,78,0.8261615526932379,0.8478592154048411
T1,B,donor_id=1256,79,0.8118229135157257,0.8350234349850728
T1,B,donor_id=1256,80,0.819732752874097,0.8365578270499918
T1,B,donor_id=1256,81,0.824112479130422,0.8426684592902319
T1,B,donor_id=1256,82,0.817703898699652,0.8341685155170774
T1,B,donor_id=1256,83,0.829782037313187,0.852184366128552
T1,B,donor_id=1256,84,0.8129295152446151,0.83511812606702
T1,B,donor_id=1256,85,0.8263471903510763,0.8494128541062228
T1,B,donor_id=1256,86,0.8310386790036285,0.8491924863142726
T1,B,donor_id=1256,87,0.8184755348685587,0.8386930211199951
T1,B,donor_id=1256,88,0.8291476921939559,0.8491447018027559
T1,B,donor_id=1256,89,0.8203005448116092,0.8445188084103128
T1,B,donor_id=1256,90,0.8204109795811638,0.8390007257571367
T1,B,donor_id=1256,91,0.8232006488922666,0.8391871618365462
T1,B,donor_id=1256,92,0.8187533996517466,0.8412558202571294
T1,B,donor_id=1256,93,0.8210757941263602,0.841691930130405
T1,B,donor_id=1256,94,0.8161387120241,0.833460306228306
T1,B,donor_id=1256,95,0.8222748379622229,0.8464832731525862
T1,B,donor_id=1256,96,0.8176729567723505,0.8407325556245824
T1,B,donor_id=1256,97,0.8109508604653098,0.83500182737787
T1,B,donor_id=1256,98,0.8161858975764029,0.8326772684870444
T1,B,donor_id=1256,99,0.8273739453422759,0.8486596490607808
T1,B,donor_id=1488,0,0.825088007206486,0.8441274971892275
T1,B,donor_id=1488,1,0.8356966287360998,0.8566938022091038
T1,B,donor_id=1488,2,0.8210468059711808,0.8338392219991392
T1,B,donor_id=1488,3,0.8324381823504923,0.8445127359974598
T1,B,donor_id=1488,4,0.8344775881147564,0.8528711014413414
T1,B,donor_id=1488,5,0.8397034096976267,0.8552032656324622
T1,B,donor_id=1488,6,0.823275427768109,0.8448867678106287
T1,B,donor_id=1488,7,0.8344960041125967,0.8600689345604521
T1,B,donor_id=1488,8,0.8268220718418916,0.8574383879928067
T1,B,donor_id=1488,9,0.8232187425441132,0.8497302180421064
T1,B,donor_id=1488,10,0.8307479292572522,0.8463876348174284
T1,B,donor_id=1488,11,0.8275030237137107,0.8487308393118969
T1,B,donor_id=1488,12,0.8351660063385,0.8556634243786487
T1,B,donor_id=1488,13,0.8347324068811539,0.8530760986796067
T1,B,donor_id=1488,14,0.8294622058536576,0.8526811621791581
T1,B,donor_id=1488,15,0.8278400781115182,0.8447262439067292
T1,B,donor_id=1488,16,0.8271375152002289,0.8469762436537333
T1,B,donor_id=1488,17,0.8314095074966169,0.8530328504517608
T1,B,donor_id=1488,18,0.8294417572593589,0.8503017493377575
T1,B,donor_id=1488,19,0.8392796837435111,0.8565761515498269
T1,B,donor_id=1488,20,0.8275515193565257,0.8531093795047074
T1,B,donor_id=1488,21,0.8343967520248571,0.8507386104502639
T1,B,donor_id=1488,22,0.8230352143681064,0.850680607525836
T1,B,donor_id=1488,23,0.8344754811351034,0.8502345915823492
T1,B,donor_id=1488,24,0.8216957807692966,0.8450261165258679
T1,B,donor_id=1488,25,0.8415462842525322,0.8620272746170937
T1,B,donor_id=1488,26,0.8290329012857182,0.849334154382498
T1,B,donor_id=1488,27,0.8327955712455337,0.8520018319848545
T1,B,donor_id=1488,28,0.8229806482669171,0.8471032909107323
T1,B,donor_id=1488,29,0.8427951597147537,0.856859014964722
T1,B,donor_id=1488,30,0.8284435041165046,0.8465197797570022
T1,B,donor_id=1488,31,0.8318246744476268,0.852732841475007
T1,B,donor_id=1488,32,0.8380995065806714,0.8476171304116245
T1,B,donor_id=1488,33,0.8369617309319424,0.8564568286504293
T1,B,donor_id=1488,34,0.83994304193667,0.8564607135180525
T1,B,donor_id=1488,35,0.831794016891205,0.8556759372143236
T1,B,donor_id=1488,36,0.8335646775229305,0.850395794175626
T1,B,donor_id=1488,37,0.8245288426074976,0.8503276207114265
T1,B,donor_id=1488,38,0.8296704065049173,0.849019629029443
T1,B,donor_id=1488,39,0.845036666581537,0.8630230456474594
T1,B,donor_id=1488,40,0.8378080987331833,0.8566950299865099
T1,B,donor_id=1488,41,0.8414974819965824,0.8621174929011186
T1,B,donor_id=1488,42,0.8311474767108882,0.8501533144646893
T1,B,donor_id=1488,43,0.8226294720198195,0.8405253894668009
T1,B,donor_id=1488,44,0.8437656790436301,0.8642292804404167
T1,B,donor_id=1488,45,0.8313391157831754,0.8512100822833606
T1,B,donor_id=1488,46,0.8325795332782857,0.8510032823170258
T1,B,donor_id=1488,47,0.8504209766143059,0.8631010218673625
T1,B,donor_id=1488,48,0.7998784529810682,0.8229964890655984
T1,B,donor_id=1488,49,0.8357060373653984,0.8512615435837662
T1,B,donor_id=1488,50,0.8340555704293623,0.8510084179400784
T1,B,donor_id=1488,51,0.8353505928565864,0.8510392547961391
T1,B,donor_id=1488,52,0.8427585133427887,0.8563301243087001
T1,B,donor_id=1488,53,0.8303248432049649,0.8495413012943016
T1,B,donor_id=1488,54,0.8268449121495345,0.8429520940879627
T1,B,donor_id=1488,55,0.8363457783279421,0.8518293788050121
T1,B,donor_id=1488,56,0.825675221781935,0.8439388264956812
T1,B,donor_id=1488,57,0.831712666940105,0.8565511346571514
T1,B,donor_id=1488,58,0.8434654205834076,0.8615650802622523
T1,B,donor_id=1488,59,0.8168998782929116,0.8381769794312134
T1,B,donor_id=1488,60,0.8425510672250002,0.860553339220871
T1,B,donor_id=1488,61,0.8302164217546572,0.8483857759106721
T1,B,donor_id=1488,62,0.8241346735877555,0.8395298716097265
T1,B,donor_id=1488,63,0.8335873962702601,0.8538366880682187
T1,B,donor_id=1488,64,0.8288512964469071,0.8461202619920956
T1,B,donor_id=1488,65,0.8303683983791931,0.8515275767335233
T1,B,donor_id=1488,66,0.8423787678905537,0.8609301129681489
T1,B,donor_id=1488,67,0.8291878473094805,0.8492842488330284
T1,B,donor_id=1488,68,0.8273671312351343,0.8382109761659724
T1,B,donor_id=1488,69,0.8370495766049102,0.853946111998248
T1,B,donor_id=1488,70,0.8396251811659593,0.8580682783426397
T1,B,donor_id=1488,71,0.8367635548287595,0.8547325503130779
T1,B,donor_id=1488,72,0.8323784836805753,0.8495153294827223
T1,B,donor_id=1488,73,0.8351903289180885,0.8544077363829753
T1,B,donor_id=1488,74,0.8047622351699674,0.8360601976547047
T1,B,donor_id=1488,75,0.8178571260705487,0.84100545310031
T1,B,donor_id=1488,76,0.830739509635047,0.8464620545418018
T1,B,donor_id=1488,77,0.8420992640335317,0.8531462099679109
T1,B,donor_id=1488,78,0.839276535897659,0.8569563619198204
T1,B,donor_id=1488,79,0.8322257369616979,0.8505016741485157
T1,B,donor_id=1488,80,0.8384990608928526,0.8559356699083692
T1,B,donor_id=1488,81,0.8342273643957979,0.8552437054548183
T1,B,donor_id=1488,82,0.8271510081418745,0.844987940083299
T1,B,donor_id=1488,83,0.8323461647711207,0.8520836731721092
T1,B,donor_id=1488,84,0.8064756584936871,0.8374935724369713
T1,B,donor_id=1488,85,0.8547914888608051,0.870537711532994
T1,B,donor_id=1488,86,0.8323337202654014,0.8433852130832171
T1,B,donor_id=1488,87,0.8294078923405516,0.8449953190166001
T1,B,donor_id=1488,88,0.8427786766368781,0.8622600368695276
T1,B,donor_id=1488,89,0.8279994524731734,0.8507133230114343
T1,B,donor_id=1488,90,0.8264933275899627,0.845156448126919
T1,B,donor_id=1488,91,0.8294590177717461,0.8515651809986658
T1,B,donor_id=1488,92,0.8375724566044453,0.8523406485282354
T1,B,donor_id=1488,93,0.8344691073692001,0.8533684222308002
T1,B,donor_id=1488,94,0.8320524846016213,0.8493092325964955
T1,B,donor_id=1488,95,0.8302227154408721,0.8489365691294269
T1,B,donor_id=1488,96,0.8377386458190867,0.8494922568862059
T1,B,donor_id=1488,97,0.8313796195581618,0.8507011927636474
T1,B,donor_id=1488,98,0.8414664951481292,0.8614730256316014
T1,B,donor_id=1488,99,0.8379463669280891,0.8558908319211587
T1,B,donor_id=1015,0,0.8549745257064294,0.8732321795944435
T1,B,donor_id=1015,1,0.8635878849023281,0.8765401293454149
T1,B,donor_id=1015,2,0.8487203538291495,0.8685396853631928
T1,B,donor_id=1015,3,0.8581709075973661,0.8693910354240346
T1,B,donor_id=1015,4,0.8429739881579407,0.8629995340112616
T1,B,donor_id=1015,5,0.8562473579302646,0.8712263217364928
T1,B,donor_id=1015,6,0.8631169315494269,0.8817298571996844
T1,B,donor_id=1015,7,0.8396292528069044,0.8601460916299796
T1,B,donor_id=1015,8,0.8411909898099114,0.8623040811691491
T1,B,donor_id=1015,9,0.8542636533011065,0.8738083971326163
T1,B,donor_id=1015,10,0.8479580214008957,0.8660631566625604
T1,B,donor_id=1015,11,0.8447006701708225,0.8621106265658612
T1,B,donor_id=1015,12,0.8514311495054979,0.8721684363012006
T1,B,donor_id=1015,13,0.8441522335505622,0.8637032623606864
T1,B,donor_id=1015,14,0.8466308531110962,0.8669195244023844
T1,B,donor_id=1015,15,0.8525893767846225,0.8693648130764977
T1,B,donor_id=1015,16,0.8496769429724577,0.8672404573074104
T1,B,donor_id=1015,17,0.8582550464693256,0.8745801193923035
T1,B,donor_id=1015,18,0.8405618182240718,0.8612417007304565
T1,B,donor_id=1015,19,0.8537865781461726,0.8682910373819
T1,B,donor_id=1015,20,0.84908589785844,0.8685355294148716
T1,B,donor_id=1015,21,0.8384320818079919,0.8569255568987435
T1,B,donor_id=1015,22,0.8486368227915415,0.8654124477983419
T1,B,donor_id=1015,23,0.8479522374312686,0.8679455515434787
T1,B,donor_id=1015,24,0.8339693152787738,0.8518067358156498
T1,B,donor_id=1015,25,0.8437965986929228,0.8625347274943928
T1,B,donor_id=1015,26,0.8387424887011016,0.8552187352438614
T1,B,donor_id=1015,27,0.8597093903754455,0.8720526130712468
T1,B,donor_id=1015,28,0.8461649585329308,0.8664398146143832
T1,B,donor_id=1015,29,0.8517278406094393,0.8719872517489012
T1,B,donor_id=1015,30,0.8484296377862702,0.8661350437778385
T1,B,donor_id=1015,31,0.8598300093133198,0.8759643423437097
T1,B,donor_id=1015,32,0.8476614132439777,0.8617003184106492
T1,B,donor_id=1015,33,0.8390926382324042,0.863435676504709
T1,B,donor_id=1015,34,0.8497094236060079,0.8684759574354626
T1,B,donor_id=1015,35,0.8458576629417474,0.8639950027338397
T1,B,donor_id=1015,36,0.8442937871010601,0.863295881563411
T1,B,donor_id=1015,37,0.8448895369810063,0.8692493524131988
T1,B,donor_id=1015,38,0.8418167391421538,0.859281666900813
T1,B,donor_id=1015,39,0.8527366155655591,0.86714775799938
T1,B,donor_id=1015,40,0.8392641798530094,0.8583985828903131
T1,B,donor_id=1015,41,0.8519547101260659,0.8665763232539528
T1,B,donor_id=1015,42,0.8574311062123114,0.8747014107452382
T1,B,donor_id=1015,43,0.8446593980929517,0.8642273837165587
T1,B,donor_id=1015,44,0.8610625767010979,0.8782156984840117
T1,B,donor_id=1015,45,0.8597753048393921,0.8718429860176041
T1,B,donor_id=1015,46,0.853206646356085,0.8694806761434665
T1,B,donor_id=1015,47,0.863694409816932,0.8777171738849839
T1,B,donor_id=1015,48,0.8464129138290487,0.8643220786544871
T1,B,donor_id=1015,49,0.853114816159211,0.8682148277208972
T1,B,donor_id=1015,50,0.8572331055932225,0.8701696475666315
T1,B,donor_id=1015,51,0.8500417422199606,0.8669441028891939
T1,B,donor_id=1015,52,0.8515493105637745,0.8707833391363217
T1,B,donor_id=1015,53,0.8529540898623147,0.8695456217472498
T1,B,donor_id=1015,54,0.8496469929904822,0.869135302772978
T1,B,donor_id=1015,55,0.8525107185581425,0.8667510627071612
T1,B,donor_id=1015,56,0.8438732870776907,0.8618059871629072
T1,B,donor_id=1015,57,0.8437809247561052,0.858869680536556
T1,B,donor_id=1015,58,0.8479245901283158,0.8625435458998546
T1,B,donor_id=1015,59,0.8458373038543354,0.8644597158372891
T1,B,donor_id=1015,60,0.8507087909494699,0.8709847855612592
T1,B,donor_id=1015,61,0.8530289689825915,0.8700278408219638
T1,B,donor_id=1015,62,0.8500628824623488,0.8702947880692137
T1,B,donor_id=1015,63,0.8541442146133227,0.870937508222615
T1,B,donor_id=1015,64,0.861239384924664,0.875328459902922
T1,B,donor_id=1015,65,0.8569630558806032,0.8746150444708829
T1,B,donor_id=1015,66,0.8581526258611241,0.8745695330902563
T1,B,donor_id=1015,67,0.8459398087705436,0.8623415991272408
T1,B,donor_id=1015,68,0.8415301784065004,0.8648986500875391
T1,B,donor_id=1015,69,0.8553338076160967,0.8705505449167465
T1,B,donor_id=1015,70,0.8490220433235403,0.8669694173799329
T1,B,donor_id=1015,71,0.8443088419927982,0.8596758974030053
T1,B,donor_id=1015,72,0.8503736064466453,0.8666583573782201
T1,B,donor_id=1015,73,0.830612039919142,0.8539858368072424
T1,B,donor_id=1015,74,0.8555763617354729,0.8726862799518234
T1,B,donor_id=1015,75,0.8426955671702732,0.8600408589227152
T1,B,donor_id=1015,76,0.8555802957112362,0.8669619197979747
T1,B,donor_id=1015,77,0.854190288747929,0.8681414863376475
T1,B,donor_id=1015,78,0.8472758194329956,0.8657828833509281
T1,B,donor_id=1015,79,0.8543613485287705,0.8718691735176901
T1,B,donor_id=1015,80,0.849638060523842,0.8654078297150878
T1,B,donor_id=1015,81,0.8444047150470516,0.8607170121018957
T1,B,donor_id=1015,82,0.8431496627200782,0.8592028440717286
T1,B,donor_id=1015,83,0.8566425478554289,0.8775391306275236
T1,B,donor_id=1015,84,0.84801626352394,0.8634076303154606
T1,B,donor_id=1015,85,0.8447067962055228,0.8629813328114415
T1,B,donor_id=1015,86,0.851807173466668,0.8711243934295921
T1,B,donor_id=1015,87,0.8478371630578638,0.869815751512741
T1,B,donor_id=1015,88,0.8557940418077614,0.8715868569836169
T1,B,donor_id=1015,89,0.845942650623298,0.8659469241107756
T1,B,donor_id=1015,90,0.8609054040240823,0.8771718173532949
T1,B,donor_id=1015,91,0.8429968822405781,0.8557197424881232
T1,B,donor_id=1015,92,0.8504127621750519,0.8688426342915261
T1,B,donor_id=1015,93,0.8572912951008214,0.8747003582206593
T1,B,donor_id=1015,94,0.8569488100058871,0.8708468375398162
T1,B,donor_id=1015,95,0.8462540770229564,0.8673423506335322
T1,B,donor_id=1015,96,0.851118263542347,0.8671974322577941
T1,B,donor_id=1015,97,0.8406453347284737,0.8658793962836492
T1,B,donor_id=1015,98,0.8470767322718522,0.8694212989758985
T1,B,donor_id=1015,99,0.8483778814320097,0.8617897700434718
T1,B,donor_id=101,0,0.8168571622667903,0.8404671435159091
T1,B,donor_id=101,1,0.8400978038738108,0.8560768394441488
T1,B,donor_id=101,2,0.8361895891946058,0.854071204965634
T1,B,donor_id=101,3,0.8274852632649617,0.8479745099282872
T1,B,donor_id=101,4,0.8429249464215767,0.8564783374625999
T1,B,donor_id=101,5,0.831186095691802,0.851301432532666
T1,B,donor_id=101,6,0.8444549599148612,0.8587720039954388
T1,B,donor_id=101,7,0.8198538223516497,0.838211988586034
T1,B,donor_id=101,8,0.834037749459893,0.8533638125245547
T1,B,donor_id=101,9,0.8404985845720474,0.8543410664946168
T1,B,donor_id=101,10,0.8359941376709296,0.8564097165326545
T1,B,donor_id=101,11,0.8269433985938116,0.8477087333736854
T1,B,donor_id=101,12,0.8366654357734205,0.8558673227494553
T1,B,donor_id=101,13,0.8286360761361912,0.8508910674763397
T1,B,donor_id=101,14,0.8399239309882529,0.8594546545277062
T1,B,donor_id=101,15,0.8364120560089026,0.855401701112951
T1,B,donor_id=101,16,0.8342372331708947,0.8539580856006864
T1,B,donor_id=101,17,0.8251751910338253,0.844792365593802
T1,B,donor_id=101,18,0.8381322863897562,0.8537064729868191
T1,B,donor_id=101,19,0.8349039739373773,0.8563468669716036
T1,B,donor_id=101,20,0.847547292380892,0.8596681994145499
T1,B,donor_id=101,21,0.8386255926512056,0.8569911882297291
T1,B,donor_id=101,22,0.8384650443729577,0.8517995313149596
T1,B,donor_id=101,23,0.8416334885386778,0.8598667338217989
T1,B,donor_id=101,24,0.8401720543284034,0.8589904916809216
T1,B,donor_id=101,25,0.8257065687323425,0.8419928660506556
T1,B,donor_id=101,26,0.8410716087253598,0.8572909381176775
T1,B,donor_id=101,27,0.845518018737971,0.8609562293630779
T1,B,donor_id=101,28,0.8347615554514671,0.8534411596520814
T1,B,donor_id=101,29,0.8461983268133205,0.8649487145229112
T1,B,donor_id=101,30,0.8373962572792614,0.8582103348789385
T1,B,donor_id=101,31,0.8219266445114164,0.8453837911132976
T1,B,donor_id=101,32,0.8352644601597743,0.8534483025008502
T1,B,donor_id=101,33,0.8232670547516813,0.8466241693779263
T1,B,donor_id=101,34,0.8271778229314526,0.8469874393205064
T1,B,donor_id=101,35,0.8350053441314738,0.8552961615747302
T1,B,donor_id=101,36,0.8459036057272012,0.8605037908130964
T1,B,donor_id=101,37,0.8305612415690444,0.8546022247151424
T1,B,donor_id=101,38,0.8359867362738689,0.853562906740036
T1,B,donor_id=101,39,0.8440368867320711,0.8610652084936461
T1,B,donor_id=101,40,0.8357153896877207,0.8530649309846838
T1,B,donor_id=101,41,0.8386301335319828,0.8541858441148613
T1,B,donor_id=101,42,0.8320823476414718,0.8510117025911947
T1,B,donor_id=101,43,0.8358880202848872,0.8535122805131181
T1,B,donor_id=101,44,0.8412285576205807,0.8620782633346958
T1,B,donor_id=101,45,0.8245493073193848,0.8475327449092851
T1,B,donor_id=101,46,0.832242134600642,0.8454701638660104
T1,B,donor_id=101,47,0.8296085937660219,0.8523855304604921
T1,B,donor_id=101,48,0.8387760771530888,0.8610720874241461
T1,B,donor_id=101,49,0.849029249718478,0.8689692683403746
T1,B,donor_id=101,50,0.8254264731778839,0.8471763999299582
T1,B,donor_id=101,51,0.8278541114101792,0.8408409775048692
T1,B,donor_id=101,52,0.8235125189658388,0.8429381904623675
T1,B,donor_id=101,53,0.8502046219841005,0.8653931435862016
T1,B,donor_id=101,54,0.8167662828061033,0.8390730771170146
T1,B,donor_id=101,55,0.8358635736813995,0.8493453202095925
T1,B,donor_id=101,56,0.8443081128782433,0.8622021862498847
T1,B,donor_id=101,57,0.8299490403619635,0.8470652089591024
T1,B,donor_id=101,58,0.8281260771280773,0.8493108393035047
T1,B,donor_id=101,59,0.825695103810133,0.8461427280624637
T1,B,donor_id=101,60,0.8370436123294648,0.8529741701730768
T1,B,donor_id=101,61,0.8377523556810426,0.8596877552876646
T1,B,donor_id=101,62,0.8330270943135137,0.8497805662856153
T1,B,donor_id=101,63,0.8227444678090257,0.8417135796484029
T1,B,donor_id=101,64,0.8382336099559489,0.8543616514138299
T1,B,donor_id=101,65,0.8275080581015488,0.8461418303575239
T1,B,donor_id=101,66,0.8336320718604905,0.8534637401129097
T1,B,donor_id=101,67,0.836046395775112,0.8523908807039416
T1,B,donor_id=101,68,0.837283726777657,0.8545771608025128
T1,B,donor_id=101,69,0.8120137824029103,0.8298211082418268
T1,B,donor_id=101,70,0.841764729465153,0.8603096166369022
T1,B,donor_id=101,71,0.8378847210532558,0.8549247790256249
T1,B,donor_id=101,72,0.8476783167477971,0.8608691194709067
T1,B,donor_id=101,73,0.8420955075492298,0.8624042004972369
T1,B,donor_id=101,74,0.8363583998876137,0.855011035168695
T1,B,donor_id=101,75,0.8378892052046275,0.8555305676306556
T1,B,donor_id=101,76,0.8306897413380098,0.8520835213335624
T1,B,donor_id=101,77,0.8505165187677808,0.8635476994328104
T1,B,donor_id=101,78,0.834782343357641,0.847260047278754
T1,B,donor_id=101,79,0.8402815926712144,0.8627762086816575
T1,B,donor_id=101,80,0.8375825101986935,0.8564469180652249
T1,B,donor_id=101,81,0.849010094696156,0.8631730913531637
T1,B,donor_id=101,82,0.8262285372589617,0.8515471729347908
T1,B,donor_id=101,83,0.8325143475866565,0.8520348777593755
T1,B,donor_id=101,84,0.8428623317260407,0.8613205136634592
T1,B,donor_id=101,85,0.8301061037642024,0.8485886241612396
T1,B,donor_id=101,86,0.8515251353030285,0.8646612201091001
T1,B,donor_id=101,87,0.8323163207723148,0.8477251087128608
T1,B,donor_id=101,88,0.8331966539117268,0.8546915000394925
T1,B,donor_id=101,89,0.8403299210874352,0.8599125762195656
T1,B,donor_id=101,90,0.8311993374822657,0.8498995007066832
T1,B,donor_id=101,91,0.8338775468354525,0.8520000911479789
T1,B,donor_id=101,92,0.8449014977035888,0.8566373985731528
T1,B,donor_id=101,93,0.8435873880135062,0.8634864207625339
T1,B,donor_id=101,94,0.8312815548467319,0.8498596346217843
T1,B,donor_id=101,95,0.8385209358975718,0.8581263480308693
T1,B,donor_id=101,96,0.8446812925976136,0.8617347421581308
T1,B,donor_id=101,97,0.8425115360889793,0.8645295224043987
T1,B,donor_id=101,98,0.8298456158393002,0.8546168319125197
T1,B,donor_id=101,99,0.8345872162124126,0.853589451157459
T1,B,donor_id=1039,0,0.7084696928588711,0.7246566351203821
T1,B,donor_id=1039,1,0.6985678598653485,0.7187429410376668
T1,B,donor_id=1039,2,0.7136480496802493,0.7296838060000161
T1,B,donor_id=1039,3,0.7296622702770291,0.7463356806292631
T1,B,donor_id=1039,4,0.6901523387146845,0.7045936168522637
T1,B,donor_id=1039,5,0.6991039882052459,0.7229140557005435
T1,B,donor_id=1039,6,0.6935477443481973,0.7109999648837433
T1,B,donor_id=1039,7,0.7080726635205438,0.7268099057002829
T1,B,donor_id=1039,8,0.705685822253485,0.7303154749578125
T1,B,donor_id=1039,9,0.7148962602258284,0.7362813727501444
T1,B,donor_id=1039,10,0.7057815521520715,0.7242560881136869
T1,B,donor_id=1039,11,0.6918184823159065,0.7185405135841114
T1,B,donor_id=1039,12,0.7112003449779686,0.7288139391430488
T1,B,donor_id=1039,13,0.7128310338492495,0.7282629179066514
T1,B,donor_id=1039,14,0.7145348454262911,0.7310059745642649
T1,B,donor_id=1039,15,0.7125942908372893,0.7356176228191821
T1,B,donor_id=1039,16,0.7015428780984088,0.7265596713988575
T1,B,donor_id=1039,17,0.7080900893240694,0.7269730396771018
T1,B,donor_id=1039,18,0.704642790243718,0.7160549635230196
T1,B,donor_id=1039,19,0.7000874716009686,0.7042106926022152
T1,B,donor_id=1039,20,0.730724506347403,0.7453397244192957
T1,B,donor_id=1039,21,0.7157707235977004,0.7301523672751689
T1,B,donor_id=1039,22,0.697230318962113,0.7191020668724037
T1,B,donor_id=1039,23,0.7042338067533094,0.7214319653659447
T1,B,donor_id=1039,24,0.7213469658124884,0.741150985547798
T1,B,donor_id=1039,25,0.6980538344447217,0.7173462703544445
T1,B,donor_id=1039,26,0.7256463339886056,0.7399376518733354
T1,B,donor_id=1039,27,0.7053452381812999,0.7175801395046187
T1,B,donor_id=1039,28,0.7029936766538606,0.7147634023324624
T1,B,donor_id=1039,29,0.7150359080361735,0.7291198986345763
T1,B,donor_id=1039,30,0.6865310935850555,0.7113267033990422
T1,B,donor_id=1039,31,0.7247491370102629,0.7402407615779547
T1,B,donor_id=1039,32,0.713912376538439,0.7242694689826179
T1,B,donor_id=1039,33,0.7256386340350693,0.7388929649653722
T1,B,donor_id=1039,34,0.705678109619276,0.7172112153853452
T1,B,donor_id=1039,35,0.6966308374168034,0.7175084004382367
T1,B,donor_id=1039,36,0.7235240864863303,0.7311293073386439
T1,B,donor_id=1039,37,0.6991602960024702,0.7093478549491639
T1,B,donor_id=1039,38,0.70784108575226,0.726494681512285
T1,B,donor_id=1039,39,0.6711658053974031,0.6896901993321685
T1,B,donor_id=1039,40,0.688370168150635,0.703363329217728
T1,B,donor_id=1039,41,0.7192010958704329,0.7368875721828356
T1,B,donor_id=1039,42,0.6841635842078003,0.7093141045794727
T1,B,donor_id=1039,43,0.7174657886053691,0.7305884643301206
T1,B,donor_id=1039,44,0.7219101502070536,0.736345759751702
T1,B,donor_id=1039,45,0.6927926230949936,0.708499104023485
T1,B,donor_id=1039,46,0.7190788690558444,0.7282386656763927
T1,B,donor_id=1039,47,0.7198619904966761,0.7366956200457339
T1,B,donor_id=1039,48,0.7045477712048925,0.7254914170803295
T1,B,donor_id=1039,49,0.7088157463346029,0.7244385680424406
T1,B,donor_id=1039,50,0.712702612186021,0.7279456717217475
T1,B,donor_id=1039,51,0.7032747091924831,0.7181763745862191
T1,B,donor_id=1039,52,0.7295656721954683,0.7413170408465236
T1,B,donor_id=1039,53,0.7091148636870974,0.7205392722706297
T1,B,donor_id=1039,54,0.7115286410824135,0.7256979941964536
T1,B,donor_id=1039,55,0.6858145495773859,0.6997572046270919
T1,B,donor_id=1039,56,0.6892164373017367,0.7056704384715353
T1,B,donor_id=1039,57,0.727050212989876,0.7418689014640962
T1,B,donor_id=1039,58,0.722038019689072,0.7393664821646059
T1,B,donor_id=1039,59,0.67643289922263,0.6967503621607158
T1,B,donor_id=1039,60,0.6933226295006588,0.7061555044913527
T1,B,donor_id=1039,61,0.7158134656562708,0.7250697734485767
T1,B,donor_id=1039,62,0.7115964904241988,0.725530830046366
T1,B,donor_id=1039,63,0.7079425664999057,0.7212155320177654
T1,B,donor_id=1039,64,0.7013587332311527,0.7101954673600845
T1,B,donor_id=1039,65,0.7244336938559424,0.735380833472748
T1,B,donor_id=1039,66,0.6870748944811401,0.7051753672695722
T1,B,donor_id=1039,67,0.7192430327096495,0.735086705585644
T1,B,donor_id=1039,68,0.7257570291716697,0.741853060077697
T1,B,donor_id=1039,69,0.7044295497471165,0.7241561612858819
T1,B,donor_id=1039,70,0.7033675905008396,0.7236305331021692
T1,B,donor_id=1039,71,0.7299133948491211,0.7437122174418108
T1,B,donor_id=1039,72,0.7021045200624267,0.7189751116281808
T1,B,donor_id=1039,73,0.7027299990980461,0.7223123516160906
T1,B,donor_id=1039,74,0.7114125573647078,0.7320307716901588
T1,B,donor_id=1039,75,0.7142153262749851,0.7257469663359183
T1,B,donor_id=1039,76,0.7108515914268732,0.7234688163049816
T1,B,donor_id=1039,77,0.6973808195075213,0.709686031520796
T1,B,donor_id=1039,78,0.6963868096736406,0.7233084063723492
T1,B,donor_id=1039,79,0.7216748076785696,0.7314437808208741
T1,B,donor_id=1039,80,0.7176220420453068,0.7316727575099595
T1,B,donor_id=1039,81,0.7071842348764992,0.7216763966353731
T1,B,donor_id=1039,82,0.7157010798550565,0.7281642972305762
T1,B,donor_id=1039,83,0.7134831141253802,0.7302612719017109
T1,B,donor_id=1039,84,0.684523098539788,0.7206280345875294
T1,B,donor_id=1039,85,0.712448512735519,0.7273178497169187
T1,B,donor_id=1039,86,0.7232658517131115,0.7429239953741581
T1,B,donor_id=1039,87,0.7238785888149806,0.7395567589382298
T1,B,donor_id=1039,88,0.6920800206983053,0.7079362433421155
T1,B,donor_id=1039,89,0.7012829745803266,0.7157293757571901
T1,B,donor_id=1039,90,0.7195648413891902,0.7280984236277167
T1,B,donor_id=1039,91,0.7003812503076846,0.7212498314430027
T1,B,donor_id=1039,92,0.6956507409526089,0.7136304081187056
T1,B,donor_id=1039,93,0.6867120576399816,0.71218155458264
T1,B,donor_id=1039,94,0.6919926921222198,0.7091665724281475
T1,B,donor_id=1039,95,0.6919442399964817,0.7034177905568851
T1,B,donor_id=1039,96,0.7054707383018645,0.7176903923279855
T1,B,donor_id=1039,97,0.7012229269813622,0.7216442598173992
T1,B,donor_id=1039,98,0.7169152667575104,0.7296837337851111
T1,B,donor_id=1039,99,0.6950696511741614,0.7126283216394163
T1,B,donor_id=1244,0,0.8097654937487839,0.8317333673076828
T1,B,donor_id=1244,1,0.7929335320471539,0.8123863053348355
T1,B,donor_id=1244,2,0.8175916907590319,0.8390995392071877
T1,B,donor_id=1244,3,0.8230203088484936,0.8466280777607103
T1,B,donor_id=1244,4,0.7975741873401843,0.8112978458988748
T1,B,donor_id=1244,5,0.819921376487314,0.8430942251407677
T1,B,donor_id=1244,6,0.8033909482789409,0.8268213114050639
T1,B,donor_id=1244,7,0.8104680653020582,0.8290423018849914
T1,B,donor_id=1244,8,0.8074527938566783,0.8331911867582849
T1,B,donor_id=1244,9,0.8236269953062216,0.837042304245117
T1,B,donor_id=1244,10,0.8043845059771879,0.8243380623632237
T1,B,donor_id=1244,11,0.8175971369561703,0.8354862426164422
T1,B,donor_id=1244,12,0.8270682374606042,0.8494246546670906
T1,B,donor_id=1244,13,0.8055851988824075,0.8254314615328375
T1,B,donor_id=1244,14,0.798359330236921,0.8220177148996056
T1,B,donor_id=1244,15,0.8279550298489028,0.8463067238513903
T1,B,donor_id=1244,16,0.8104975938291991,0.8318544385558546
T1,B,donor_id=1244,17,0.8183231731827606,0.8420999375471276
T1,B,donor_id=1244,18,0.8148038949124231,0.835360724388326
T1,B,donor_id=1244,19,0.797476681748625,0.8268321051080945
T1,B,donor_id=1244,20,0.7889012914051299,0.8095378658330746
T1,B,donor_id=1244,21,0.8084562498685172,0.8311442405788858
T1,B,donor_id=1244,22,0.8266702337631038,0.8327854813522698
T1,B,donor_id=1244,23,0.8013835760142247,0.8261382695252999
T1,B,donor_id=1244,24,0.8004952303949219,0.8247276215577015
T1,B,donor_id=1244,25,0.8070248989206463,0.8270392805942693
T1,B,donor_id=1244,26,0.815262490334791,0.8326996836272805
T1,B,donor_id=1244,27,0.8170815405711179,0.8399358853557829
T1,B,donor_id=1244,28,0.800593326572557,0.826816170474611
T1,B,donor_id=1244,29,0.8014370920896807,0.8293659092677537
T1,B,donor_id=1244,30,0.8128790658997251,0.831237967251722
T1,B,donor_id=1244,31,0.8072960599493773,0.832379830074347
T1,B,donor_id=1244,32,0.8132492802765844,0.8338687749255551
T1,B,donor_id=1244,33,0.8091058454290176,0.8325443983203511
T1,B,donor_id=1244,34,0.8134332162045265,0.8374053251669779
T1,B,donor_id=1244,35,0.8067431399106243,0.8289807776288315
T1,B,donor_id=1244,36,0.8170630005758907,0.8391268705479957
T1,B,donor_id=1244,37,0.8242045704509421,0.845144330005303
T1,B,donor_id=1244,38,0.8168360853198293,0.8336903832133142
T1,B,donor_id=1244,39,0.8194438426290457,0.8391737994905372
T1,B,donor_id=1244,40,0.8216480221783088,0.839071501693828
T1,B,donor_id=1244,41,0.8007640774672867,0.8148372093324551
T1,B,donor_id=1244,42,0.81441726406497,0.8382255330066539
T1,B,donor_id=1244,43,0.8143347087989073,0.8373787589297195
T1,B,donor_id=1244,44,0.8186981630661877,0.8404787803836947
T1,B,donor_id=1244,45,0.8189273043667481,0.8352530692082611
T1,B,donor_id=1244,46,0.814392206619155,0.8364197748898211
T1,B,donor_id=1244,47,0.8006352134285136,0.8270878387649993
T1,B,donor_id=1244,48,0.8158417355897687,0.83326820483158
T1,B,donor_id=1244,49,0.8062464018856552,0.8298419513805506
T1,B,donor_id=1244,50,0.8136597617623765,0.8305915357580872
T1,B,donor_id=1244,51,0.8169107125339213,0.8334497216340242
T1,B,donor_id=1244,52,0.8093201732197326,0.8241008163265764
T1,B,donor_id=1244,53,0.8185693387268068,0.84076362156636
T1,B,donor_id=1244,54,0.8033787643061997,0.827275938277557
T1,B,donor_id=1244,55,0.8122446438812886,0.8332793859136453
T1,B,donor_id=1244,56,0.8231778211833403,0.8378806157821626
T1,B,donor_id=1244,57,0.8217387642195109,0.8468833765124228
T1,B,donor_id=1244,58,0.8087192522038261,0.8311877223243197
T1,B,donor_id=1244,59,0.8004299517955562,0.8206473368269293
T1,B,donor_id=1244,60,0.789663958452681,0.8183474453351188
T1,B,donor_id=1244,61,0.8029712373288085,0.8256727422501563
T1,B,donor_id=1244,62,0.8111505579588166,0.8276749100063374
T1,B,donor_id=1244,63,0.8016709678334835,0.8222050349594886
T1,B,donor_id=1244,64,0.8233501245620826,0.8392401139700669
T1,B,donor_id=1244,65,0.8189191451385337,0.8396153341905511
T1,B,donor_id=1244,66,0.825033124174609,0.8447097524264343
T1,B,donor_id=1244,67,0.8074112850696795,0.8254425738350328
T1,B,donor_id=1244,68,0.8035667487023431,0.8314922610042378
T1,B,donor_id=1244,69,0.8244974619840084,0.8460807444163679
T1,B,donor_id=1244,70,0.8206519057901951,0.8461487176231152
T1,B,donor_id=1244,71,0.8162741830489009,0.8357021564036372
T1,B,donor_id=1244,72,0.7981549040355612,0.8159213736887816
T1,B,donor_id=1244,73,0.8061956691194323,0.8304677386228521
T1,B,donor_id=1244,74,0.8132393037175596,0.8373627758891296
T1,B,donor_id=1244,75,0.8128873616539383,0.8339553476058964
T1,B,donor_id=1244,76,0.8068282959507543,0.828012382829097
T1,B,donor_id=1244,77,0.8123955887002914,0.8314919198603837
T1,B,donor_id=1244,78,0.8242603947468976,0.8485683607129249
T1,B,donor_id=1244,79,0.8203682732684473,0.8379569909520166
T1,B,donor_id=1244,80,0.8010739640884461,0.8220368570616462
T1,B,donor_id=1244,81,0.8052378169869504,0.8249694581330618
T1,B,donor_id=1244,82,0.8011900007271777,0.8181015848596518
T1,B,donor_id=1244,83,0.8185224067541452,0.8413247888870755
T1,B,donor_id=1244,84,0.8004882365817315,0.8297149890691579
T1,B,donor_id=1244,85,0.8191214140885434,0.8383980858390911
T1,B,donor_id=1244,86,0.8111203399121735,0.8326557519075893
T1,B,donor_id=1244,87,0.810207241593225,0.8304089264909179
T1,B,donor_id=1244,88,0.8094988271872514,0.8275548021878072
T1,B,donor_id=1244,89,0.8023673726821838,0.8272089372899611
T1,B,donor_id=1244,90,0.8209528642315685,0.8422912526918365
T1,B,donor_id=1244,91,0.8192805894497434,0.8336881070722337
T1,B,donor_id=1244,92,0.8143039567874094,0.8326011162387735
T1,B,donor_id=1244,93,0.8109646182277271,0.8353678046653173
T1,B,donor_id=1244,94,0.8199950091246144,0.8411987496874382
T1,B,donor_id=1244,95,0.8088383304077886,0.8309176205787399
T1,B,donor_id=1244,96,0.8299861236726974,0.8466659743162082
T1,B,donor_id=1244,97,0.8159912729962119,0.8400655107233735
T1,B,donor_id=1244,98,0.814638269269279,0.83498400402335
T1,B,donor_id=1244,99,0.827147911930943,0.8435423418636046
T1,B,donor_id=1016,0,0.845551704860394,0.8671913022613879
T1,B,donor_id=1016,1,0.8437489213832412,0.8626091077565837
T1,B,donor_id=1016,2,0.8462662484922477,0.8632657418506511
T1,B,donor_id=1016,3,0.835190495452918,0.8554873087840941
T1,B,donor_id=1016,4,0.848244353369703,0.8633355840228022
T1,B,donor_id=1016,5,0.8357774323890879,0.8571895591265261
T1,B,donor_id=1016,6,0.8384359507887811,0.8558753787090435
T1,B,donor_id=1016,7,0.827553913680499,0.8475297814783895
T1,B,donor_id=1016,8,0.8436565301328696,0.860334334168399
T1,B,donor_id=1016,9,0.8466436257970298,0.868055682056007
T1,B,donor_id=1016,10,0.8445535723151617,0.8600132412320376
T1,B,donor_id=1016,11,0.8324709196016608,0.8593950768557176
T1,B,donor_id=1016,12,0.8382753665485115,0.860683227381036
T1,B,donor_id=1016,13,0.8435627667310858,0.8642336943858219
T1,B,donor_id=1016,14,0.8338850137495054,0.8545550378828041
T1,B,donor_id=1016,15,0.8365796358999653,0.8594934197794448
T1,B,donor_id=1016,16,0.8329969980973838,0.8590779558695287
T1,B,donor_id=1016,17,0.8278825112709063,0.8511152627413368
T1,B,donor_id=1016,18,0.8348153922911201,0.8550163347202493
T1,B,donor_id=1016,19,0.8378363696296249,0.860124170417358
T1,B,donor_id=1016,20,0.8463753741724037,0.8572281423429019
T1,B,donor_id=1016,21,0.8320444684810033,0.8548345289795741
T1,B,donor_id=1016,22,0.8342487660173956,0.8584960052448898
T1,B,donor_id=1016,23,0.8422499928667957,0.8579576647345954
T1,B,donor_id=1016,24,0.827089228502502,0.8480373599638302
T1,B,donor_id=1016,25,0.8335855527606312,0.8545599538625281
T1,B,donor_id=1016,26,0.842363872940558,0.8588371546837097
T1,B,donor_id=1016,27,0.8380823443295602,0.8574672650412348
T1,B,donor_id=1016,28,0.8416275203193558,0.861422733697488
T1,B,donor_id=1016,29,0.8412144130850849,0.8658229723186083
T1,B,donor_id=1016,30,0.825319310021399,0.8478116965871226
T1,B,donor_id=1016,31,0.8313640563773923,0.852313527305497
T1,B,donor_id=1016,32,0.8439634863497176,0.8607140341484172
T1,B,donor_id=1016,33,0.8326758813804149,0.8520076276080258
T1,B,donor_id=1016,34,0.8509745188207742,0.8700168465842412
T1,B,donor_id=1016,35,0.8424447521281908,0.8622180871230156
T1,B,donor_id=1016,36,0.8474850761219236,0.8672768638744596
T1,B,donor_id=1016,37,0.8406564349482888,0.864390606839643
T1,B,donor_id=1016,38,0.8422335596619668,0.8615146329947551
T1,B,donor_id=1016,39,0.844480459349878,0.8642535212707894
T1,B,donor_id=1016,40,0.8401954744228106,0.8587942206864184
T1,B,donor_id=1016,41,0.837677105411608,0.8587300449521116
T1,B,donor_id=1016,42,0.8328081586520849,0.8532285997151874
T1,B,donor_id=1016,43,0.8520569844147853,0.871117194713075
T1,B,donor_id=1016,44,0.8373196996051917,0.8559773267875032
T1,B,donor_id=1016,45,0.8392900393399764,0.8608676907249373
T1,B,donor_id=1016,46,0.8340540770834857,0.851441320893309
T1,B,donor_id=1016,47,0.8321186017225147,0.8519772526915244
T1,B,donor_id=1016,48,0.8429911686128276,0.8601091042458512
T1,B,donor_id=1016,49,0.8452289508346683,0.8595222115423842
T1,B,donor_id=1016,50,0.8520789510171163,0.8693760275595684
T1,B,donor_id=1016,51,0.8392747398621089,0.8586375583192417
T1,B,donor_id=1016,52,0.8403897079715944,0.8613476207449882
T1,B,donor_id=1016,53,0.831462440112814,0.8479066991676296
T1,B,donor_id=1016,54,0.8405210622831296,0.8637920480709497
T1,B,donor_id=1016,55,0.8498197620115407,0.8695271526259165
T1,B,donor_id=1016,56,0.841886696071545,0.8576761037858084
T1,B,donor_id=1016,57,0.8516676805711229,0.8684351950394188
T1,B,donor_id=1016,58,0.8479632299359093,0.8672030396007695
T1,B,donor_id=1016,59,0.854466703763649,0.866241304025876
T1,B,donor_id=1016,60,0.8453442583668213,0.8615324193744425
T1,B,donor_id=1016,61,0.8391312414796024,0.8585197518633557
T1,B,donor_id=1016,62,0.8457812745776674,0.8598642627014255
T1,B,donor_id=1016,63,0.8409028180995949,0.8561523093127823
T1,B,donor_id=1016,64,0.8452568559563518,0.8600201241621781
T1,B,donor_id=1016,65,0.8359208075998962,0.8505693426969015
T1,B,donor_id=1016,66,0.8378301275415444,0.8584328027310536
T1,B,donor_id=1016,67,0.8449037239925441,0.8578626466774543
T1,B,donor_id=1016,68,0.8341711156391212,0.8550403482197052
T1,B,donor_id=1016,69,0.8490076278216916,0.8681715504860306
T1,B,donor_id=1016,70,0.8378788158026758,0.8562513777258086
T1,B,donor_id=1016,71,0.8465935853394408,0.8646248272271795
T1,B,donor_id=1016,72,0.8324970138071436,0.852119071251518
T1,B,donor_id=1016,73,0.8329843774169269,0.8537107912513919
T1,B,donor_id=1016,74,0.8495128569645714,0.8670672493298729
T1,B,donor_id=1016,75,0.8433594916517376,0.8635625974675887
T1,B,donor_id=1016,76,0.836296134558327,0.8558049297933702
T1,B,donor_id=1016,77,0.8450520989659901,0.8616385721479288
T1,B,donor_id=1016,78,0.8371797669223828,0.8538374400539093
T1,B,donor_id=1016,79,0.8430320624873886,0.8568637235256311
T1,B,donor_id=1016,80,0.846943775122416,0.8597684815755566
T1,B,donor_id=1016,81,0.8417423712021356,0.8578896246720503
T1,B,donor_id=1016,82,0.8326867169189589,0.849117156312835
T1,B,donor_id=1016,83,0.8422107411841673,0.8626842671862607
T1,B,donor_id=1016,84,0.8294199512070923,0.8555394454003884
T1,B,donor_id=1016,85,0.8357942968434793,0.857129230605492
T1,B,donor_id=1016,86,0.8381737547486352,0.8600410316757441
T1,B,donor_id=1016,87,0.8481076477848014,0.8619405817264476
T1,B,donor_id=1016,88,0.842573824494259,0.8601681193991808
T1,B,donor_id=1016,89,0.833346251795758,0.8586036477905886
T1,B,donor_id=1016,90,0.8449350074726095,0.8622581197677791
T1,B,donor_id=1016,91,0.8392189177050577,0.855039455597772
T1,B,donor_id=1016,92,0.8462759631173612,0.8584952789282452
T1,B,donor_id=1016,93,0.8421119488790504,0.8625973927790137
T1,B,donor_id=1016,94,0.8409488442617437,0.8570015347458135
T1,B,donor_id=1016,95,0.8409062419135427,0.8573523330926478
T1,B,donor_id=1016,96,0.8415961489948487,0.8623650718945998
T1,B,donor_id=1016,97,0.8446478503823599,0.8633893087738783
T1,B,donor_id=1016,98,0.8473536009606192,0.8626650857157191
T1,B,donor_id=1016,99,0.8441807014759312,0.8609944134673498
T1,B,donor_id=107,0,0.768155638233119,0.784238447031743
T1,B,donor_id=107,1,0.7802514302907496,0.8001068934433165
T1,B,donor_id=107,2,0.760563871059231,0.7758720164444189
T1,B,donor_id=107,3,0.7573529436365707,0.7790293348402323
T1,B,donor_id=107,4,0.7734249005019377,0.7887372734351806
T1,B,donor_id=107,5,0.7700390479910377,0.7868048665427217
T1,B,donor_id=107,6,0.7708491594786875,0.7872877209903816
T1,B,donor_id=107,7,0.7841351634724978,0.8021637209401369
T1,B,donor_id=107,8,0.784994564030651,0.8059046860726218
T1,B,donor_id=107,9,0.7500737960342316,0.7741164961764014
T1,B,donor_id=107,10,0.7734176783777008,0.7891673600261206
T1,B,donor_id=107,11,0.7712872586544807,0.7943386159582524
T1,B,donor_id=107,12,0.7742862643317615,0.7932249924565882
T1,B,donor_id=107,13,0.7812013486165592,0.7991522962614702
T1,B,donor_id=107,14,0.7772983077016434,0.7885368916338187
T1,B,donor_id=107,15,0.7751700178591426,0.7953286460021176
T1,B,donor_id=107,16,0.7727136757612595,0.7919370620683318
T1,B,donor_id=107,17,0.7470117328950578,0.7663945667107505
T1,B,donor_id=107,18,0.754431502684391,0.7618947759124038
T1,B,donor_id=107,19,0.7621665577067019,0.7880002186210279
T1,B,donor_id=107,20,0.7644866493192097,0.7780482862393973
T1,B,donor_id=107,21,0.7325008616115746,0.7586695755860932
T1,B,donor_id=107,22,0.7615167846826385,0.7840988038017193
T1,B,donor_id=107,23,0.7702733242593971,0.7837629248910307
T1,B,donor_id=107,24,0.7434924218005242,0.7708712694468887
T1,B,donor_id=107,25,0.757645265050596,0.7784297348999708
T1,B,donor_id=107,26,0.7653650513444896,0.787451966990433
T1,B,donor_id=107,27,0.7761637678608752,0.7904383433510904
T1,B,donor_id=107,28,0.7648360306610706,0.777706686470375
T1,B,donor_id=107,29,0.7609941452315503,0.7803568761895625
T1,B,donor_id=107,30,0.7766920012689087,0.7990466392874154
T1,B,donor_id=107,31,0.7533644253521402,0.7757353854449262
T1,B,donor_id=107,32,0.7774753206384573,0.7893501381753103
T1,B,donor_id=107,33,0.7775113266322985,0.7987841978361737
T1,B,donor_id=107,34,0.7671948857872571,0.7916996988057774
T1,B,donor_id=107,35,0.75245416162136,0.7777786717612427
T1,B,donor_id=107,36,0.7817640294813274,0.7956109262201574
T1,B,donor_id=107,37,0.7496781985864992,0.7801637959744216
T1,B,donor_id=107,38,0.7755507629566546,0.7995450542474485
T1,B,donor_id=107,39,0.7838283737894581,0.7999631899321606
T1,B,donor_id=107,40,0.7651316430257264,0.7897838684090889
T1,B,donor_id=107,41,0.7681216708755408,0.7864389980751255
T1,B,donor_id=107,42,0.7666473347488533,0.7844210485615153
T1,B,donor_id=107,43,0.7445228189021682,0.7573286387376746
T1,B,donor_id=107,44,0.7810711837793503,0.7966583907984074
T1,B,donor_id=107,45,0.7708418710337538,0.7889627633611775
T1,B,donor_id=107,46,0.7814970837288873,0.8012651300394626
T1,B,donor_id=107,47,0.7597634719488432,0.7763522926029143
T1,B,donor_id=107,48,0.7654254395949914,0.7822658728015045
T1,B,donor_id=107,49,0.7695371031947323,0.7850431915490488
T1,B,donor_id=107,50,0.769174519508271,0.7924073914451392
T1,B,donor_id=107,51,0.7646316546104647,0.7848570483216043
T1,B,donor_id=107,52,0.7600193190417766,0.7769048362421044
T1,B,donor_id=107,53,0.7576767297300032,0.7741705932457472
T1,B,donor_id=107,54,0.75079956442248,0.7795928570389444
T1,B,donor_id=107,55,0.7716893179995437,0.7878538457487353
T1,B,donor_id=107,56,0.7857301725750994,0.8066469574279653
T1,B,donor_id=107,57,0.7780703326136195,0.7968999136498999
T1,B,donor_id=107,58,0.7604845864640115,0.7782852053528685
T1,B,donor_id=107,59,0.7676989245387694,0.7861853704618157
T1,B,donor_id=107,60,0.7670119420779655,0.7851215740851386
T1,B,donor_id=107,61,0.7709957231034134,0.7802283983569166
T1,B,donor_id=107,62,0.7594691564241958,0.7794551650310513
T1,B,donor_id=107,63,0.7838400682208464,0.7985324676552031
T1,B,donor_id=107,64,0.7698858742462223,0.7917945318644211
T1,B,donor_id=107,65,0.7646871587662035,0.7830379756886302
T1,B,donor_id=107,66,0.7777278867050557,0.7937774779077745
T1,B,donor_id=107,67,0.7843097705677167,0.7991225817419657
T1,B,donor_id=107,68,0.7598382544886445,0.78395655014932
T1,B,donor_id=107,69,0.7769251665889965,0.7938604528941516
T1,B,donor_id=107,70,0.7641735236974501,0.7808477646473424
T1,B,donor_id=107,71,0.7628725308069961,0.7835280052587178
T1,B,donor_id=107,72,0.7435637525319162,0.7603126605815836
T1,B,donor_id=107,73,0.7664205477430426,0.7864197591348293
T1,B,donor_id=107,74,0.7659475507107166,0.7871709817562875
T1,B,donor_id=107,75,0.7727031243479451,0.7893007913241885
T1,B,donor_id=107,76,0.7758075199039369,0.7965977881264058
T1,B,donor_id=107,77,0.762659680961038,0.7804905922787257
T1,B,donor_id=107,78,0.7546761907117767,0.7763766797054146
T1,B,donor_id=107,79,0.7818145195161795,0.8052679284491001
T1,B,donor_id=107,80,0.7723239832544778,0.7901211072843605
T1,B,donor_id=107,81,0.7639735131430231,0.780216498952761
T1,B,donor_id=107,82,0.7690458796424012,0.7867874374593281
T1,B,donor_id=107,83,0.7835871831732585,0.795436651563535
T1,B,donor_id=107,84,0.7645418062113944,0.7899984694025092
T1,B,donor_id=107,85,0.7708056131402776,0.7895203218060384
T1,B,donor_id=107,86,0.776057412949695,0.7871391649650129
T1,B,donor_id=107,87,0.7539725367905918,0.7708076037310843
T1,B,donor_id=107,88,0.7718497229986953,0.7899652285920438
T1,B,donor_id=107,89,0.7823794164438259,0.8018180956316947
T1,B,donor_id=107,90,0.7583189145936199,0.7715831012777368
T1,B,donor_id=107,91,0.7653998786996863,0.7761493090238417
T1,B,donor_id=107,92,0.7739878734441843,0.7917461124410338
T1,B,donor_id=107,93,0.7805241053950622,0.7975242281838765
T1,B,donor_id=107,94,0.7648943293611031,0.7838334745485322
T1,B,donor_id=107,95,0.7877648978450876,0.8055553609090979
T1,B,donor_id=107,96,0.7817519541416392,0.7976981133416347
T1,B,donor_id=107,97,0.7684244973198301,0.7848102085944076
T1,B,donor_id=107,98,0.780965299838345,0.797668767052661
T1,B,donor_id=107,99,0.7739687759048648,0.7882759220344074
T1,CD4T,donor_id=1256,0,0.7585423125422285,0.782703831920723
T1,CD4T,donor_id=1256,1,0.7476018112040741,0.7792212300182884
T1,CD4T,donor_id=1256,2,0.7728972890841994,0.7894346409722818
T1,CD4T,donor_id=1256,3,0.756028102760314,0.7786973841081164
T1,CD4T,donor_id=1256,4,0.7702281995644075,0.7890377133414552
T1,CD4T,donor_id=1256,5,0.7689520933099728,0.787248672550967
T1,CD4T,donor_id=1256,6,0.761548780496315,0.7874220464072683
T1,CD4T,donor_id=1256,7,0.7731026818426104,0.7959799416583135
T1,CD4T,donor_id=1256,8,0.7663525869273238,0.7887373021388032
T1,CD4T,donor_id=1256,9,0.7682550767588002,0.7933312369847271
T1,CD4T,donor_id=1256,10,0.7606595398709836,0.7874669238889324
T1,CD4T,donor_id=1256,11,0.7624165241524133,0.7927205856939548
T1,CD4T,donor_id=1256,12,0.7877676803994372,0.8059301357243001
T1,CD4T,donor_id=1256,13,0.7687166784054852,0.7884915933694386
T1,CD4T,donor_id=1256,14,0.7731797490799007,0.7973425652049043
T1,CD4T,donor_id=1256,15,0.7731119626455487,0.7915226868472526
T1,CD4T,donor_id=1256,16,0.7530679775356056,0.7753195944039669
T1,CD4T,donor_id=1256,17,0.7612277782325525,0.7864779155120304
T1,CD4T,donor_id=1256,18,0.771644367066898,0.7971323413681394
T1,CD4T,donor_id=1256,19,0.7721819612349083,0.7939071382475695
T1,CD4T,donor_id=1256,20,0.7726208060374419,0.7884323193732882
T1,CD4T,donor_id=1256,21,0.7751929782415262,0.7938359800406839
T1,CD4T,donor_id=1256,22,0.7769588634557867,0.7947228240964672
T1,CD4T,donor_id=1256,23,0.7569615575336791,0.774774575093527
T1,CD4T,donor_id=1256,24,0.770794131272289,0.7905933605227419
T1,CD4T,donor_id=1256,25,0.7695734445964224,0.7903266214268462
T1,CD4T,donor_id=1256,26,0.7696169554992933,0.7867924609599385
T1,CD4T,donor_id=1256,27,0.7398269448731576,0.76377236499807
T1,CD4T,donor_id=1256,28,0.7661161799996047,0.7876760779185852
T1,CD4T,donor_id=1256,29,0.7563861605006276,0.7789870903760322
T1,CD4T,donor_id=1256,30,0.7632934971727245,0.789497825478815
T1,CD4T,donor_id=1256,31,0.7454167063672453,0.7655113212873732
T1,CD4T,donor_id=1256,32,0.7711183198493364,0.7923970110527411
T1,CD4T,donor_id=1256,33,0.7746933754600743,0.7970487941070012
T1,CD4T,donor_id=1256,34,0.7674070822493831,0.7895572270204803
T1,CD4T,donor_id=1256,35,0.7471289041619307,0.7675618932060501
T1,CD4T,donor_id=1256,36,0.7743425840287453,0.8018022641777101
T1,CD4T,donor_id=1256,37,0.773213926947239,0.7943410747424938
T1,CD4T,donor_id=1256,38,0.7593433763300534,0.7848478165844879
T1,CD4T,donor_id=1256,39,0.7659476466320041,0.7942892135874141
T1,CD4T,donor_id=1256,40,0.7780472511035452,0.7897542526593676
T1,CD4T,donor_id=1256,41,0.7517728249921313,0.7706134623728415
T1,CD4T,donor_id=1256,42,0.7563547204693928,0.7840260818141903
T1,CD4T,donor_id=1256,43,0.7714807724120756,0.7906181660188483
T1,CD4T,donor_id=1256,44,0.763652954800772,0.7848611671000815
T1,CD4T,donor_id=1256,45,0.7566832341623546,0.792196309418634
T1,CD4T,donor_id=1256,46,0.7723138142942906,0.7979804906687064
T1,CD4T,donor_id=1256,47,0.7681243287647934,0.7931885087158033
T1,CD4T,donor_id=1256,48,0.7716016229545353,0.7876253663556044
T1,CD4T,donor_id=1256,49,0.7784740934792077,0.7961827004450469
T1,CD4T,donor_id=1256,50,0.7581477227530659,0.7799183491410463
T1,CD4T,donor_id=1256,51,0.7778835085009026,0.7927765593616821
T1,CD4T,donor_id=1256,52,0.7677483558259623,0.791034945791607
T1,CD4T,donor_id=1256,53,0.7862336409862511,0.8115540546973916
T1,CD4T,donor_id=1256,54,0.7489601002122063,0.7853618334131688
T1,CD4T,donor_id=1256,55,0.7590889583379394,0.7814435373268418
T1,CD4T,donor_id=1256,56,0.7730645393688983,0.791581132142399
T1,CD4T,donor_id=1256,57,0.7597961560608861,0.7860428595949168
T1,CD4T,donor_id=1256,58,0.7562814333773159,0.7780954720400592
T1,CD4T,donor_id=1256,59,0.7553500052256406,0.7766550922495142
T1,CD4T,donor_id=1256,60,0.7568416333885617,0.7851020750733125
T1,CD4T,donor_id=1256,61,0.7730870954863528,0.7889299602881908
T1,CD4T,donor_id=1256,62,0.7483541160552167,0.7799664038874096
T1,CD4T,donor_id=1256,63,0.7599412085732743,0.7828203811016763
T1,CD4T,donor_id=1256,64,0.7812300934462333,0.80265991724749
T1,CD4T,donor_id=1256,65,0.7763190449486743,0.7986551629900702
T1,CD4T,donor_id=1256,66,0.7497481896050738,0.7738828227572887
T1,CD4T,donor_id=1256,67,0.7421476328809529,0.7697818403301654
T1,CD4T,donor_id=1256,68,0.7618867191959654,0.7823817919393227
T1,CD4T,donor_id=1256,69,0.7347945150955383,0.7712377892855671
T1,CD4T,donor_id=1256,70,0.7517120780239617,0.7814499719571134
T1,CD4T,donor_id=1256,71,0.7638154671248297,0.7826070299526672
T1,CD4T,donor_id=1256,72,0.7586531601236816,0.783477269074506
T1,CD4T,donor_id=1256,73,0.7747441090301543,0.794507439328076
T1,CD4T,donor_id=1256,74,0.766394723689612,0.7921401659771895
T1,CD4T,donor_id=1256,75,0.7565479613765992,0.779393827935226
T1,CD4T,donor_id=1256,76,0.7765588203041475,0.7956678813981446
T1,CD4T,donor_id=1256,77,0.7583973614445493,0.775589085329343
T1,CD4T,donor_id=1256,78,0.7805171230875294,0.7990913529964643
T1,CD4T,donor_id=1256,79,0.7816050605816441,0.8015225050352156
T1,CD4T,donor_id=1256,80,0.7694329958138849,0.7951523019842295
T1,CD4T,donor_id=1256,81,0.7643211839966632,0.7930120579299156
T1,CD4T,donor_id=1256,82,0.7790646404976472,0.7990315888721647
T1,CD4T,donor_id=1256,83,0.7630107068182971,0.786736585393873
T1,CD4T,donor_id=1256,84,0.7683897108409202,0.7945699144849883
T1,CD4T,donor_id=1256,85,0.7675955171995446,0.7866951074419604
T1,CD4T,donor_id=1256,86,0.7734390472822018,0.798651951992896
T1,CD4T,donor_id=1256,87,0.7866426496603003,0.8073560286629431
T1,CD4T,donor_id=1256,88,0.7699243745390779,0.792074115811468
T1,CD4T,donor_id=1256,89,0.7523538082045185,0.7773025871689061
T1,CD4T,donor_id=1256,90,0.7760746259344486,0.7947109831268155
T1,CD4T,donor_id=1256,91,0.777619439685798,0.7977359547586472
T1,CD4T,donor_id=1256,92,0.7585244927729966,0.7812031177623584
T1,CD4T,donor_id=1256,93,0.7442410835264978,0.7616866230270087
T1,CD4T,donor_id=1256,94,0.7672976875678075,0.7889306758761652
T1,CD4T,donor_id=1256,95,0.7646351439238855,0.7855082855831316
T1,CD4T,donor_id=1256,96,0.7607365893138579,0.7854912282565052
T1,CD4T,donor_id=1256,97,0.7607785660174191,0.7793981047858564
T1,CD4T,donor_id=1256,98,0.7709695895970535,0.790887262959464
T1,CD4T,donor_id=1256,99,0.7666944393708285,0.7889049192444144
T1,CD4T,donor_id=101,0,0.7269639263820976,0.7548705267493401
T1,CD4T,donor_id=101,1,0.7211684761547889,0.7566297885087931
T1,CD4T,donor_id=101,2,0.7314062500654819,0.7591149146344233
T1,CD4T,donor_id=101,3,0.7182935711097305,0.7470958593802935
T1,CD4T,donor_id=101,4,0.7137641635555171,0.7297728334235299
T1,CD4T,donor_id=101,5,0.7404313911029176,0.7633812054961752
T1,CD4T,donor_id=101,6,0.729511708687898,0.7455944404715853
T1,CD4T,donor_id=101,7,0.7232632314308218,0.7484134074198363
T1,CD4T,donor_id=101,8,0.7204532139077612,0.7490701158273351
T1,CD4T,donor_id=101,9,0.7294106093256357,0.761545103870142
T1,CD4T,donor_id=101,10,0.7261175535271324,0.7556565997201686
T1,CD4T,donor_id=101,11,0.7342715973311579,0.7626114086888021
T1,CD4T,donor_id=101,12,0.7246203226768567,0.7485578486607037
T1,CD4T,donor_id=101,13,0.7188466238402828,0.7452791694319416
T1,CD4T,donor_id=101,14,0.7082274768759155,0.7328251746314274
T1,CD4T,donor_id=101,15,0.7211506638275104,0.755373461726174
T1,CD4T,donor_id=101,16,0.7132764182223774,0.7332331857542179
T1,CD4T,donor_id=101,17,0.7243029245123047,0.7584734649231142
T1,CD4T,donor_id=101,18,0.7334574154767209,0.7618718031423436
T1,CD4T,donor_id=101,19,0.7322395657620981,0.7538014223884684
T1,CD4T,donor_id=101,20,0.7309777362710771,0.7574591109901543
T1,CD4T,donor_id=101,21,0.7294253707787189,0.7615237169392653
T1,CD4T,donor_id=101,22,0.7241389300771697,0.7335100226218253
T1,CD4T,donor_id=101,23,0.7044111438539054,0.7359992149642639
T1,CD4T,donor_id=101,24,0.6835305882662137,0.7183183696866284
T1,CD4T,donor_id=101,25,0.7364384619722734,0.754426765314426
T1,CD4T,donor_id=101,26,0.732087670079559,0.7541590014454507
T1,CD4T,donor_id=101,27,0.727769594857685,0.7549742832045484
T1,CD4T,donor_id=101,28,0.7338575519306817,0.7651296229477502
T1,CD4T,donor_id=101,29,0.6941652300108396,0.7296965504049796
T1,CD4T,donor_id=101,30,0.7411615006739205,0.7675611858468044
T1,CD4T,donor_id=101,31,0.7232395656917076,0.7528878763947815
T1,CD4T,donor_id=101,32,0.7308247236863389,0.7589155659118634
T1,CD4T,donor_id=101,33,0.7150440469992493,0.740242573285251
T1,CD4T,donor_id=101,34,0.7148090059866222,0.7405236011280394
T1,CD4T,donor_id=101,35,0.7175039691998338,0.7434690660711339
T1,CD4T,donor_id=101,36,0.7288860383141468,0.7591716589473441
T1,CD4T,donor_id=101,37,0.7203300430142979,0.7483139470016879
T1,CD4T,donor_id=101,38,0.7274930019458482,0.7414429888098616
T1,CD4T,donor_id=101,39,0.7277524638203854,0.7613029438895333
T1,CD4T,donor_id=101,40,0.7214508804840971,0.7463122956062929
T1,CD4T,donor_id=101,41,0.73311663536394,0.7551310773050857
T1,CD4T,donor_id=101,42,0.727436511231885,0.7442745297315009
T1,CD4T,donor_id=101,43,0.7403951012728673,0.7631612963373613
T1,CD4T,donor_id=101,44,0.7250906598440795,0.7488007268959127
T1,CD4T,donor_id=101,45,0.7191441508863456,0.7427766948105063
T1,CD4T,donor_id=101,46,0.7304128385008752,0.7573726606427399
T1,CD4T,donor_id=101,47,0.7279883375885271,0.7481835423943978
T1,CD4T,donor_id=101,48,0.7178660139344677,0.740241197198365
T1,CD4T,donor_id=101,49,0.7226067094418778,0.753644516411574
T1,CD4T,donor_id=101,50,0.7174024160855911,0.7428812124923261
T1,CD4T,donor_id=101,51,0.7175492069439644,0.7414423596667998
T1,CD4T,donor_id=101,52,0.7240268707552052,0.7442917939635401
T1,CD4T,donor_id=101,53,0.7338459307542898,0.7707137246295068
T1,CD4T,donor_id=101,54,0.7157124522915642,0.7509278646585359
T1,CD4T,donor_id=101,55,0.714364929182893,0.7434168345059404
T1,CD4T,donor_id=101,56,0.7210323062938218,0.7454535671451521
T1,CD4T,donor_id=101,57,0.7289549792574119,0.7555643512243477
T1,CD4T,donor_id=101,58,0.7080029511699237,0.7451462527201577
T1,CD4T,donor_id=101,59,0.7172825026452166,0.7424421496828679
T1,CD4T,donor_id=101,60,0.722064593573658,0.7511321962753501
T1,CD4T,donor_id=101,61,0.711119264548177,0.7520974770989585
T1,CD4T,donor_id=101,62,0.7250452282499885,0.7575725803346051
T1,CD4T,donor_id=101,63,0.7284490375170571,0.7570764532712415
T1,CD4T,donor_id=101,64,0.7327680536205582,0.753084022648443
T1,CD4T,donor_id=101,65,0.7182381286192018,0.7452863959646214
T1,CD4T,donor_id=101,66,0.7240093778619348,0.7471021425191227
T1,CD4T,donor_id=101,67,0.7195280405137288,0.7439198910932746
T1,CD4T,donor_id=101,68,0.7263599932310298,0.7541341375042974
T1,CD4T,donor_id=101,69,0.7236919109473141,0.7579429074608802
T1,CD4T,donor_id=101,70,0.7324873471871984,0.7507517304124183
T1,CD4T,donor_id=101,71,0.72017844513593,0.7534858448878511
T1,CD4T,donor_id=101,72,0.7146117978001566,0.7489548650640501
T1,CD4T,donor_id=101,73,0.7473726513474804,0.7716346166167148
T1,CD4T,donor_id=101,74,0.7243607536484686,0.7517477754470865
T1,CD4T,donor_id=101,75,0.7298664958012779,0.7539428692356703
T1,CD4T,donor_id=101,76,0.733719505229156,0.7583276181292489
T1,CD4T,donor_id=101,77,0.7279415696592267,0.7658286550722423
T1,CD4T,donor_id=101,78,0.744710059024788,0.7660413266989915
T1,CD4T,donor_id=101,79,0.7279216747963279,0.7528711040222843
T1,CD4T,donor_id=101,80,0.7383604430461583,0.7548346384031677
T1,CD4T,donor_id=101,81,0.7208668821306826,0.7522345945811818
T1,CD4T,donor_id=101,82,0.7383015584698132,0.7601237722351049
T1,CD4T,donor_id=101,83,0.7183197054240853,0.7515410279103347
T1,CD4T,donor_id=101,84,0.7296315453770439,0.7509252662298777
T1,CD4T,donor_id=101,85,0.7113714470429102,0.7364585547751593
T1,CD4T,donor_id=101,86,0.7353159649133167,0.7604361588211151
T1,CD4T,donor_id=101,87,0.7174469817379134,0.7435530201931492
T1,CD4T,donor_id=101,88,0.7397531736679697,0.7629613623119362
T1,CD4T,donor_id=101,89,0.7113850891742064,0.7337659026576085
T1,CD4T,donor_id=101,90,0.7223787397175385,0.744746414255493
T1,CD4T,donor_id=101,91,0.7117360683506383,0.7422257957764904
T1,CD4T,donor_id=101,92,0.7358711220578555,0.7620646442264509
T1,CD4T,donor_id=101,93,0.7450499864542065,0.7757478651648186
T1,CD4T,donor_id=101,94,0.7299509906936255,0.7575957396960047
T1,CD4T,donor_id=101,95,0.7346768457117182,0.7609378248058246
T1,CD4T,donor_id=101,96,0.7344103977350314,0.7543904137929146
T1,CD4T,donor_id=101,97,0.7362398230994831,0.7645069549471204
T1,CD4T,donor_id=101,98,0.7573546367157385,0.7788696844514221
T1,CD4T,donor_id=101,99,0.7340140120735013,0.7632782926108296
T1,CD4T,donor_id=1039,0,0.7729571767795066,0.7914921381861914
T1,CD4T,donor_id=1039,1,0.7581139613177599,0.7910492695878227
T1,CD4T,donor_id=1039,2,0.7678468103915886,0.7949185963375275
T1,CD4T,donor_id=1039,3,0.7508282444959546,0.7749922434770816
T1,CD4T,donor_id=1039,4,0.737783507678079,0.7484130841689459
T1,CD4T,donor_id=1039,5,0.761973758279073,0.7853832475893768
T1,CD4T,donor_id=1039,6,0.7377776543842709,0.7738226903917753
T1,CD4T,donor_id=1039,7,0.7791455383527119,0.7961077910774665
T1,CD4T,donor_id=1039,8,0.7778518926432593,0.7984471605036247
T1,CD4T,donor_id=1039,9,0.7373948603608758,0.7669021555639506
T1,CD4T,donor_id=1039,10,0.7613369142503765,0.7806736922036482
T1,CD4T,donor_id=1039,11,0.7721397896274754,0.7863215430656483
T1,CD4T,donor_id=1039,12,0.7527915463844391,0.776994643491059
T1,CD4T,donor_id=1039,13,0.7479889273488448,0.7809590022645877
T1,CD4T,donor_id=1039,14,0.7697312990724698,0.7987698640733926
T1,CD4T,donor_id=1039,15,0.7603969200025928,0.7872520699097956
T1,CD4T,donor_id=1039,16,0.7692717561869046,0.783856203076954
T1,CD4T,donor_id=1039,17,0.7576492896976543,0.7814474063236988
T1,CD4T,donor_id=1039,18,0.7598067468153544,0.788869486406279
T1,CD4T,donor_id=1039,19,0.7768128394377022,0.7971085637166643
T1,CD4T,donor_id=1039,20,0.7676807622494712,0.7869366312611237
T1,CD4T,donor_id=1039,21,0.7727963171873721,0.80113054848303
T1,CD4T,donor_id=1039,22,0.7744091813404009,0.7933490092131856
T1,CD4T,donor_id=1039,23,0.7474575205181867,0.77792100530898
T1,CD4T,donor_id=1039,24,0.7663652759306769,0.7807058144143123
T1,CD4T,donor_id=1039,25,0.7508020907657734,0.7712242496894787
T1,CD4T,donor_id=1039,26,0.7777618398355711,0.8039600024482978
T1,CD4T,donor_id=1039,27,0.7209908265107657,0.7412949207353577
T1,CD4T,donor_id=1039,28,0.7643210773578496,0.788734299797127
T1,CD4T,donor_id=1039,29,0.7455619522837132,0.7727879943640205
T1,CD4T,donor_id=1039,30,0.7674458231521479,0.7881650350973771
T1,CD4T,donor_id=1039,31,0.7554709480983913,0.7787284312505067
T1,CD4T,donor_id=1039,32,0.7587521496912377,0.7755308002059869
T1,CD4T,donor_id=1039,33,0.7666844685731034,0.7881513246453744
T1,CD4T,donor_id=1039,34,0.7712955050781168,0.7901839358906588
T1,CD4T,donor_id=1039,35,0.7823668433949694,0.7963637431105222
T1,CD4T,donor_id=1039,36,0.755110618251816,0.7884173495415914
T1,CD4T,donor_id=1039,37,0.7568507587697271,0.7769403949869838
T1,CD4T,donor_id=1039,38,0.7729850397571091,0.7913727688204087
T1,CD4T,donor_id=1039,39,0.7415724755419246,0.7636892167199563
T1,CD4T,donor_id=1039,40,0.76000129126727,0.7814261875535852
T1,CD4T,donor_id=1039,41,0.7490915777069749,0.7728531957292809
T1,CD4T,donor_id=1039,42,0.7536738869962251,0.7575751927022392
T1,CD4T,donor_id=1039,43,0.7554927095648939,0.7751586817792573
T1,CD4T,donor_id=1039,44,0.7621774389008644,0.7802688593403433
T1,CD4T,donor_id=1039,45,0.7672319994211503,0.7926800246457992
T1,CD4T,donor_id=1039,46,0.771031848596156,0.7998344695122476
T1,CD4T,donor_id=1039,47,0.7584595135448408,0.780389210603061
T1,CD4T,donor_id=1039,48,0.7595262842984205,0.7805834035210005
T1,CD4T,donor_id=1039,49,0.7681156590140664,0.7898524810305174
T1,CD4T,donor_id=1039,50,0.7302931906044073,0.750411924919731
T1,CD4T,donor_id=1039,51,0.7484613592487338,0.7747248901380676
T1,CD4T,donor_id=1039,52,0.7634009896692422,0.7859679946982204
T1,CD4T,donor_id=1039,53,0.7239077613830067,0.7583041752919187
T1,CD4T,donor_id=1039,54,0.7698158995336419,0.8001456759995006
T1,CD4T,donor_id=1039,55,0.7392992708556875,0.7601410866595636
T1,CD4T,donor_id=1039,56,0.7692013245637942,0.7907589531242739
T1,CD4T,donor_id=1039,57,0.7562030383444053,0.7761749991720059
T1,CD4T,donor_id=1039,58,0.7629292213490043,0.7894732151202046
T1,CD4T,donor_id=1039,59,0.7723104664866836,0.7838581722612196
T1,CD4T,donor_id=1039,60,0.7618171071750256,0.7859189591217486
T1,CD4T,donor_id=1039,61,0.7671787778010187,0.7861035076580819
T1,CD4T,donor_id=1039,62,0.7588169248106852,0.7884956576952998
T1,CD4T,donor_id=1039,63,0.7761937514114401,0.7901690540757499
T1,CD4T,donor_id=1039,64,0.7753691410874395,0.7972543678615901
T1,CD4T,donor_id=1039,65,0.7605828821530222,0.784331439444544
T1,CD4T,donor_id=1039,66,0.7631123771892612,0.7855311179392162
T1,CD4T,donor_id=1039,67,0.7545809808533479,0.7756407328406787
T1,CD4T,donor_id=1039,68,0.7659186254971819,0.7914214714672846
T1,CD4T,donor_id=1039,69,0.7651712678518308,0.7802072809518217
T1,CD4T,donor_id=1039,70,0.7668755710324032,0.7862202535123447
T1,CD4T,donor_id=1039,71,0.7583805613771925,0.7796959184057165
T1,CD4T,donor_id=1039,72,0.7230510920317904,0.7461569834273503
T1,CD4T,donor_id=1039,73,0.7697666237472511,0.7956835617510982
T1,CD4T,donor_id=1039,74,0.7356664359955076,0.7497394744349665
T1,CD4T,donor_id=1039,75,0.7519152078234056,0.7676275401286937
T1,CD4T,donor_id=1039,76,0.7321577149165793,0.7605667036308816
T1,CD4T,donor_id=1039,77,0.7665563054899635,0.7876491993909064
T1,CD4T,donor_id=1039,78,0.7619033023631002,0.7889605596831553
T1,CD4T,donor_id=1039,79,0.7757770076477073,0.7950748141215944
T1,CD4T,donor_id=1039,80,0.7595359616251786,0.7881104653815674
T1,CD4T,donor_id=1039,81,0.7513355142947745,0.7748531873869198
T1,CD4T,donor_id=1039,82,0.7653172249869123,0.7898430468684651
T1,CD4T,donor_id=1039,83,0.7940095305312556,0.8079435734197767
T1,CD4T,donor_id=1039,84,0.7633477622699623,0.7841712988802567
T1,CD4T,donor_id=1039,85,0.7712156017536878,0.7888594124660604
T1,CD4T,donor_id=1039,86,0.7379215113966734,0.7714362131302487
T1,CD4T,donor_id=1039,87,0.7662275170371984,0.788270281294025
T1,CD4T,donor_id=1039,88,0.7546740771381522,0.7775329032796858
T1,CD4T,donor_id=1039,89,0.760408740029321,0.7887423803089075
T1,CD4T,donor_id=1039,90,0.7435002799990569,0.7726485739821963
T1,CD4T,donor_id=1039,91,0.7526222138699868,0.771899926126323
T1,CD4T,donor_id=1039,92,0.7462565595350267,0.7668516185873364
T1,CD4T,donor_id=1039,93,0.7784329619498734,0.791070019418531
T1,CD4T,donor_id=1039,94,0.7612554196916801,0.7832319818220393
T1,CD4T,donor_id=1039,95,0.7723135577146921,0.7855517432775441
T1,CD4T,donor_id=1039,96,0.778243150529715,0.7955481552237743
T1,CD4T,donor_id=1039,97,0.7776801578164414,0.7992877379746688
T1,CD4T,donor_id=1039,98,0.7689903498103418,0.7878624416522855
T1,CD4T,donor_id=1039,99,0.7258772003093729,0.742592594252064
T1,CD4T,donor_id=1016,0,0.714130331040449,0.7408459846729613
T1,CD4T,donor_id=1016,1,0.7248496746010765,0.7642296717760442
T1,CD4T,donor_id=1016,2,0.729661842930633,0.7594094026755275
T1,CD4T,donor_id=1016,3,0.7477718857613169,0.7730625223642573
T1,CD4T,donor_id=1016,4,0.7445617800039942,0.7661395951399297
T1,CD4T,donor_id=1016,5,0.7289400960622158,0.7585775878746409
T1,CD4T,donor_id=1016,6,0.7412296326630684,0.7625741941376984
T1,CD4T,donor_id=1016,7,0.7547649094216509,0.7767695298863867
T1,CD4T,donor_id=1016,8,0.7432094370632336,0.771384826038257
T1,CD4T,donor_id=1016,9,0.7127974739821714,0.7419001601089138
T1,CD4T,donor_id=1016,10,0.7520421544887533,0.7684499178140247
T1,CD4T,donor_id=1016,11,0.7401745306256295,0.7621819098800859
T1,CD4T,donor_id=1016,12,0.7560342166328525,0.7858525869148034
T1,CD4T,donor_id=1016,13,0.7306733967108301,0.7490008703356031
T1,CD4T,donor_id=1016,14,0.7277066849890791,0.7490851068571143
T1,CD4T,donor_id=1016,15,0.7258218209103534,0.7291130867073309
T1,CD4T,donor_id=1016,16,0.7309101302389318,0.7530246661339026
T1,CD4T,donor_id=1016,17,0.7501900639278302,0.7689802659308452
T1,CD4T,donor_id=1016,18,0.751015219360507,0.7719269320063245
T1,CD4T,donor_id=1016,19,0.7068187580179228,0.7211427269601896
T1,CD4T,donor_id=1016,20,0.7503961862254206,0.7710989751044968
T1,CD4T,donor_id=1016,21,0.7359765789607112,0.7593571867780352
T1,CD4T,donor_id=1016,22,0.7160306446424729,0.7276659502402326
T1,CD4T,donor_id=1016,23,0.7332934904796675,0.757735874007231
T1,CD4T,donor_id=1016,24,0.722342629208401,0.751093933918411
T1,CD4T,donor_id=1016,25,0.7469208368746741,0.7691651130633927
T1,CD4T,donor_id=1016,26,0.7413471528540473,0.7621125191924469
T1,CD4T,donor_id=1016,27,0.7349563628304296,0.7546220493287598
T1,CD4T,donor_id=1016,28,0.7409769390111042,0.7691665801191342
T1,CD4T,donor_id=1016,29,0.7136438133496458,0.7334071030127062
T1,CD4T,donor_id=1016,30,0.7422076485835374,0.7652326672427029
T1,CD4T,donor_id=1016,31,0.7509974102436988,0.7734632640106976
T1,CD4T,donor_id=1016,32,0.7622334458187492,0.7836318765777605
T1,CD4T,donor_id=1016,33,0.739106107634513,0.7641723442865863
T1,CD4T,donor_id=1016,34,0.7434355484098903,0.7657490563158617
T1,CD4T,donor_id=1016,35,0.7250675036811725,0.7494301446611582
T1,CD4T,donor_id=1016,36,0.7320826214589746,0.7665829873791559
T1,CD4T,donor_id=1016,37,0.7302605390056967,0.7505349306549306
T1,CD4T,donor_id=1016,38,0.7112397913820309,0.7333380438975896
T1,CD4T,donor_id=1016,39,0.7495961927442966,0.7673378980622588
T1,CD4T,donor_id=1016,40,0.7278832384353721,0.7488596286441012
T1,CD4T,donor_id=1016,41,0.7289264955758289,0.7564244485362076
T1,CD4T,donor_id=1016,42,0.7253275613911223,0.7596613293335411
T1,CD4T,donor_id=1016,43,0.7343992762203699,0.7594081974897894
T1,CD4T,donor_id=1016,44,0.7508087290503088,0.7729627232170696
T1,CD4T,donor_id=1016,45,0.7191437852872886,0.7563529370222601
T1,CD4T,donor_id=1016,46,0.7340635313814348,0.7620969327203332
T1,CD4T,donor_id=1016,47,0.7497891568341599,0.7688098435960383
T1,CD4T,donor_id=1016,48,0.7376620806028044,0.7586836514666424
T1,CD4T,donor_id=1016,49,0.7146810245241306,0.7428552998703822
T1,CD4T,donor_id=1016,50,0.7335995857477566,0.7534473697320004
T1,CD4T,donor_id=1016,51,0.7504672392444439,0.7718933464000237
T1,CD4T,donor_id=1016,52,0.7411821731854065,0.7675387100587202
T1,CD4T,donor_id=1016,53,0.7191934605997133,0.7346954558853688
T1,CD4T,donor_id=1016,54,0.7166635082726633,0.7498799484656223
T1,CD4T,donor_id=1016,55,0.7353692399808103,0.7585753434863637
T1,CD4T,donor_id=1016,56,0.7543205858681682,0.7779371113873811
T1,CD4T,donor_id=1016,57,0.7254846429115669,0.7492229799620037
T1,CD4T,donor_id=1016,58,0.7374246342200604,0.7584265471256261
T1,CD4T,donor_id=1016,59,0.7294070414365142,0.7510655229284069
T1,CD4T,donor_id=1016,60,0.7565521698887114,0.773753181560385
T1,CD4T,donor_id=1016,61,0.7448733212161552,0.7591698820246529
T1,CD4T,donor_id=1016,62,0.7145689298976035,0.7439092618227001
T1,CD4T,donor_id=1016,63,0.7417339077666532,0.7709428255890498
T1,CD4T,donor_id=1016,64,0.7371206257759094,0.7641230060912515
T1,CD4T,donor_id=1016,65,0.7399457319847785,0.7603493428598299
T1,CD4T,donor_id=1016,66,0.7497673810806287,0.7726460934311311
T1,CD4T,donor_id=1016,67,0.7046240568368971,0.7311835725536053
T1,CD4T,donor_id=1016,68,0.6896932282095766,0.7142780966032367
T1,CD4T,donor_id=1016,69,0.7288769122282751,0.7465940090110238
T1,CD4T,donor_id=1016,70,0.7470109520190485,0.7733899232679623
T1,CD4T,donor_id=1016,71,0.7277136543365763,0.7420645121762114
T1,CD4T,donor_id=1016,72,0.7529803786906878,0.7645972706772596
T1,CD4T,donor_id=1016,73,0.7323492125839315,0.7549878470162702
T1,CD4T,donor_id=1016,74,0.7470032537200384,0.7676402618620934
T1,CD4T,donor_id=1016,75,0.7387256896068293,0.7539653521546997
T1,CD4T,donor_id=1016,76,0.7272184560734039,0.7518737122933932
T1,CD4T,donor_id=1016,77,0.7386449845811628,0.7661060321815725
T1,CD4T,donor_id=1016,78,0.741044838394017,0.7575348467636847
T1,CD4T,donor_id=1016,79,0.7307985379368438,0.7464838587284154
T1,CD4T,donor_id=1016,80,0.7414521388484063,0.7659779869797988
T1,CD4T,donor_id=1016,81,0.7363720706457509,0.7599758246646016
T1,CD4T,donor_id=1016,82,0.7247994315138232,0.7366245670348188
T1,CD4T,donor_id=1016,83,0.7017593370229224,0.7441078878402119
T1,CD4T,donor_id=1016,84,0.6970909000751853,0.7238083441531522
T1,CD4T,donor_id=1016,85,0.7535268967971498,0.7698534811587545
T1,CD4T,donor_id=1016,86,0.7364598574995795,0.7633639657049243
T1,CD4T,donor_id=1016,87,0.739366509240571,0.7705494609857553
T1,CD4T,donor_id=1016,88,0.7413472822840658,0.7701939552042013
T1,CD4T,donor_id=1016,89,0.7382689754673954,0.7630203889503765
T1,CD4T,donor_id=1016,90,0.7447014899342926,0.7729810497649472
T1,CD4T,donor_id=1016,91,0.772079825295333,0.7906618427673889
T1,CD4T,donor_id=1016,92,0.7370839562948153,0.7667123703108952
T1,CD4T,donor_id=1016,93,0.7295665311636506,0.7463104385342266
T1,CD4T,donor_id=1016,94,0.7114665798244872,0.7310893277446708
T1,CD4T,donor_id=1016,95,0.7300233758818628,0.750674586855396
T1,CD4T,donor_id=1016,96,0.7340178661121778,0.7607250281072493
T1,CD4T,donor_id=1016,97,0.7314924301710728,0.7476244425794795
T1,CD4T,donor_id=1016,98,0.7401568564083995,0.761515300173321
T1,CD4T,donor_id=1016,99,0.7129846493069487,0.7391417014532491
T1,CD4T,donor_id=1015,0,0.7821314676683282,0.7972082013677668
T1,CD4T,donor_id=1015,1,0.7804116795790565,0.8006377419607559
T1,CD4T,donor_id=1015,2,0.7854507412343543,0.8017839636909774
T1,CD4T,donor_id=1015,3,0.7860344454352225,0.8072482611768989
T1,CD4T,donor_id=1015,4,0.7729511580337581,0.7852313791317121
T1,CD4T,donor_id=1015,5,0.7756583587772102,0.7953120159874432
T1,CD4T,donor_id=1015,6,0.7643145400143385,0.796956093316342
T1,CD4T,donor_id=1015,7,0.7922540275532526,0.8076625735380215
T1,CD4T,donor_id=1015,8,0.7769180052755962,0.8034379403251336
T1,CD4T,donor_id=1015,9,0.7719644301072693,0.7998774657084508
T1,CD4T,donor_id=1015,10,0.7714491356087552,0.7924323972394004
T1,CD4T,donor_id=1015,11,0.7917532524076891,0.8081506511858694
T1,CD4T,donor_id=1015,12,0.7649653894959526,0.7915456393899598
T1,CD4T,donor_id=1015,13,0.7782507928366371,0.7986265493188718
T1,CD4T,donor_id=1015,14,0.7698014923419186,0.7895661245887647
T1,CD4T,donor_id=1015,15,0.7922147338461522,0.8054738406700852
T1,CD4T,donor_id=1015,16,0.7790348756561468,0.7995777796888491
T1,CD4T,donor_id=1015,17,0.775872377367082,0.7983442701417918
T1,CD4T,donor_id=1015,18,0.7768025728899653,0.7951982279589185
T1,CD4T,donor_id=1015,19,0.7788547245728156,0.7913259867203278
T1,CD4T,donor_id=1015,20,0.7652096325605253,0.7869466249920296
T1,CD4T,donor_id=1015,21,0.7831073782429765,0.803175832139636
T1,CD4T,donor_id=1015,22,0.788343998296842,0.8053213384671192
T1,CD4T,donor_id=1015,23,0.7867226212111723,0.8113077267504853
T1,CD4T,donor_id=1015,24,0.7744799538023583,0.7925819952488471
T1,CD4T,donor_id=1015,25,0.7821834923047244,0.8006734799350975
T1,CD4T,donor_id=1015,26,0.770321095191436,0.7866707587354258
T1,CD4T,donor_id=1015,27,0.7790650312983971,0.8015052656108093
T1,CD4T,donor_id=1015,28,0.7736268061747021,0.795313025535967
T1,CD4T,donor_id=1015,29,0.768324724731762,0.7912909168275676
T1,CD4T,donor_id=1015,30,0.7692252809971293,0.7918344923816408
T1,CD4T,donor_id=1015,31,0.7878476306591886,0.801886276673177
T1,CD4T,donor_id=1015,32,0.7733358960393905,0.796015317391613
T1,CD4T,donor_id=1015,33,0.7770274570074774,0.7883255047471758
T1,CD4T,donor_id=1015,34,0.7824750130519392,0.8055772338323065
T1,CD4T,donor_id=1015,35,0.7640794664618547,0.7773047542928689
T1,CD4T,donor_id=1015,36,0.783711031300471,0.8020525099337702
T1,CD4T,donor_id=1015,37,0.7715897737132157,0.7908177988785632
T1,CD4T,donor_id=1015,38,0.7808586937815771,0.8026727868333376
T1,CD4T,donor_id=1015,39,0.7664232904848778,0.7834002130392432
T1,CD4T,donor_id=1015,40,0.7740408300132846,0.8005723738789192
T1,CD4T,donor_id=1015,41,0.7693455819678455,0.7939872316550705
T1,CD4T,donor_id=1015,42,0.7832774512046484,0.8069379462488934
T1,CD4T,donor_id=1015,43,0.7894662439820591,0.8088190269274736
T1,CD4T,donor_id=1015,44,0.7586035516595175,0.7799282063290008
T1,CD4T,donor_id=1015,45,0.7909173641427928,0.8106922577875963
T1,CD4T,donor_id=1015,46,0.7838634055408839,0.8050219711977618
T1,CD4T,donor_id=1015,47,0.7661354311257796,0.7930697722994978
T1,CD4T,donor_id=1015,48,0.766281121413936,0.7909001339974344
T1,CD4T,donor_id=1015,49,0.7788971564496415,0.8041766558984996
T1,CD4T,donor_id=1015,50,0.7856995511681223,0.8020947915910399
T1,CD4T,donor_id=1015,51,0.7810660225280619,0.8021843834716696
T1,CD4T,donor_id=1015,52,0.7786371478164664,0.7986765580632067
T1,CD4T,donor_id=1015,53,0.7797338620609421,0.7990433280678118
T1,CD4T,donor_id=1015,54,0.7712887022301976,0.7994265046418424
T1,CD4T,donor_id=1015,55,0.7830259475427229,0.7990663548638505
T1,CD4T,donor_id=1015,56,0.7746173159316494,0.7936998605289615
T1,CD4T,donor_id=1015,57,0.7775732650202237,0.8026981139113358
T1,CD4T,donor_id=1015,58,0.7764726465537751,0.8015830539887636
T1,CD4T,donor_id=1015,59,0.7742574550714472,0.8034983842208397
T1,CD4T,donor_id=1015,60,0.7751381702608944,0.7942751579550759
T1,CD4T,donor_id=1015,61,0.7504440906986618,0.7861397108904468
T1,CD4T,donor_id=1015,62,0.7803560073302116,0.8009923924270194
T1,CD4T,donor_id=1015,63,0.7653968888392473,0.7919644181754826
T1,CD4T,donor_id=1015,64,0.786916279368511,0.8067350610105778
T1,CD4T,donor_id=1015,65,0.7702274141307618,0.7889968526003299
T1,CD4T,donor_id=1015,66,0.7816527885217497,0.7993810711784787
T1,CD4T,donor_id=1015,67,0.773813301981657,0.7944750814141652
T1,CD4T,donor_id=1015,68,0.77280786761837,0.7949509501686715
T1,CD4T,donor_id=1015,69,0.7629633798357741,0.7862689642288099
T1,CD4T,donor_id=1015,70,0.7801937366846965,0.8055284481600278
T1,CD4T,donor_id=1015,71,0.7728962857463105,0.7866948648631968
T1,CD4T,donor_id=1015,72,0.7848899103963975,0.810074884460029
T1,CD4T,donor_id=1015,73,0.7542092050777707,0.780722291236897
T1,CD4T,donor_id=1015,74,0.7800118819349452,0.7963922990906691
T1,CD4T,donor_id=1015,75,0.7764518460414601,0.7939973839952122
T1,CD4T,donor_id=1015,76,0.7881794094191658,0.8074491182555541
T1,CD4T,donor_id=1015,77,0.7818059687285425,0.8095030704261109
T1,CD4T,donor_id=1015,78,0.7927436029473997,0.8157435649505722
T1,CD4T,donor_id=1015,79,0.7658534452072001,0.7896025970899736
T1,CD4T,donor_id=1015,80,0.7814598439175409,0.7911779925480033
T1,CD4T,donor_id=1015,81,0.7717974610100649,0.7922910375371844
T1,CD4T,donor_id=1015,82,0.7769890253904393,0.8061045782628846
T1,CD4T,donor_id=1015,83,0.7774329483664553,0.8029671150504483
T1,CD4T,donor_id=1015,84,0.7670553553249387,0.7823949789216437
T1,CD4T,donor_id=1015,85,0.7789231311561421,0.8014879463706358
T1,CD4T,donor_id=1015,86,0.7604805822640307,0.7898044606046728
T1,CD4T,donor_id=1015,87,0.7867586869390832,0.8024310861629668
T1,CD4T,donor_id=1015,88,0.7544308716379484,0.7719313515463715
T1,CD4T,donor_id=1015,89,0.786752770379905,0.8017177550525237
T1,CD4T,donor_id=1015,90,0.7783218303782569,0.7941332722491689
T1,CD4T,donor_id=1015,91,0.7846450057537845,0.8036903873093749
T1,CD4T,donor_id=1015,92,0.7767859911712087,0.798041446399196
T1,CD4T,donor_id=1015,93,0.7694662234781299,0.7905669449974363
T1,CD4T,donor_id=1015,94,0.7735303679731111,0.7906359827462122
T1,CD4T,donor_id=1015,95,0.7835712917428956,0.8043147167029471
T1,CD4T,donor_id=1015,96,0.7846949531796582,0.8047389188304743
T1,CD4T,donor_id=1015,97,0.7927378061375712,0.8167735417320012
T1,CD4T,donor_id=1015,98,0.7791989200575263,0.7986171962308036
T1,CD4T,donor_id=1015,99,0.7756841634005921,0.7932438166816466
T1,CD4T,donor_id=1244,0,0.7615945378324299,0.7908931963885163
T1,CD4T,donor_id=1244,1,0.7407645244535004,0.773356946880171
T1,CD4T,donor_id=1244,2,0.7701063773823245,0.7993991213200868
T1,CD4T,donor_id=1244,3,0.7518437801728023,0.7798041494096533
T1,CD4T,donor_id=1244,4,0.7347200284054243,0.764419233544909
T1,CD4T,donor_id=1244,5,0.752240307551876,0.780352026275544
T1,CD4T,donor_id=1244,6,0.7550480047688836,0.7787932275016665
T1,CD4T,donor_id=1244,7,0.7335718815228948,0.7562931590936812
T1,CD4T,donor_id=1244,8,0.764489788188811,0.7909692300685702
T1,CD4T,donor_id=1244,9,0.7561634967756032,0.7825035856370227
T1,CD4T,donor_id=1244,10,0.7721817148244807,0.793660907449666
T1,CD4T,donor_id=1244,11,0.7437479127570075,0.7724006244644365
T1,CD4T,donor_id=1244,12,0.7484231591144833,0.7842410470967881
T1,CD4T,donor_id=1244,13,0.7573483604973451,0.7838119819620502
T1,CD4T,donor_id=1244,14,0.765423256093435,0.7895812657842307
T1,CD4T,donor_id=1244,15,0.7396060406966019,0.7571252034107119
T1,CD4T,donor_id=1244,16,0.7791943008700711,0.8001433682003355
T1,CD4T,donor_id=1244,17,0.7666511272510135,0.7918497259275242
T1,CD4T,donor_id=1244,18,0.7672587787742302,0.7949204148889116
T1,CD4T,donor_id=1244,19,0.7605360420536682,0.7818727871642068
T1,CD4T,donor_id=1244,20,0.7602627732872662,0.7818894407541553
T1,CD4T,donor_id=1244,21,0.7635496017064722,0.7842611355200108
T1,CD4T,donor_id=1244,22,0.7613440588248169,0.7905521435926092
T1,CD4T,donor_id=1244,23,0.7558478954046993,0.7758306946927771
T1,CD4T,donor_id=1244,24,0.7495590805963126,0.77176285644326
T1,CD4T,donor_id=1244,25,0.7476248750486966,0.7781675099451084
T1,CD4T,donor_id=1244,26,0.7697735295987471,0.7955717351367178
T1,CD4T,donor_id=1244,27,0.7429312198406554,0.7541574494400687
T1,CD4T,donor_id=1244,28,0.751448438249024,0.7733113148048552
T1,CD4T,donor_id=1244,29,0.7525877708074626,0.7829547858641024
T1,CD4T,donor_id=1244,30,0.7619003438174348,0.7889716412215616
T1,CD4T,donor_id=1244,31,0.7631446134465223,0.7783544937064572
T1,CD4T,donor_id=1244,32,0.7720252658807262,0.7955727563303379
T1,CD4T,donor_id=1244,33,0.7627397080795801,0.7908239236085983
T1,CD4T,donor_id=1244,34,0.7677419038150308,0.7930566698860073
T1,CD4T,donor_id=1244,35,0.7636160172971602,0.7812713976807716
T1,CD4T,donor_id=1244,36,0.7498941249441867,0.7862159345787604
T1,CD4T,donor_id=1244,37,0.7611630321939442,0.7842315679778482
T1,CD4T,donor_id=1244,38,0.7633671848337242,0.7838759503799325
T1,CD4T,donor_id=1244,39,0.7387947856185426,0.7616355760053032
T1,CD4T,donor_id=1244,40,0.7501463101690018,0.7678336438447833
T1,CD4T,donor_id=1244,41,0.7581992837597216,0.7794692289465834
T1,CD4T,donor_id=1244,42,0.7570700065783946,0.7663764357246924
T1,CD4T,donor_id=1244,43,0.7523031575319005,0.7782842534529292
T1,CD4T,donor_id=1244,44,0.748539042811624,0.7698966423582179
T1,CD4T,donor_id=1244,45,0.7667619688530978,0.7898744031290568
T1,CD4T,donor_id=1244,46,0.741231698303876,0.7635748381375909
T1,CD4T,donor_id=1244,47,0.7625528908249641,0.7812423398895115
T1,CD4T,donor_id=1244,48,0.7383635947991082,0.7661841566210708
T1,CD4T,donor_id=1244,49,0.7543200811953734,0.7817876612756653
T1,CD4T,donor_id=1244,50,0.7481292222611353,0.7739496697277357
T1,CD4T,donor_id=1244,51,0.7442040795520893,0.7730708842020255
T1,CD4T,donor_id=1244,52,0.7784215916687093,0.7955738614382931
T1,CD4T,donor_id=1244,53,0.7491443999137272,0.7789251690598852
T1,CD4T,donor_id=1244,54,0.7420488663319621,0.7756801634408398
T1,CD4T,donor_id=1244,55,0.7674316074354901,0.7879908112146989
T1,CD4T,donor_id=1244,56,0.750196069008243,0.7713695777047527
T1,CD4T,donor_id=1244,57,0.7595869625397749,0.7846865274031595
T1,CD4T,donor_id=1244,58,0.765326227694043,0.783002056292207
T1,CD4T,donor_id=1244,59,0.7603794213022428,0.7777103019445464
T1,CD4T,donor_id=1244,60,0.7656799011606261,0.794965805249378
T1,CD4T,donor_id=1244,61,0.7382741209466308,0.7759924128661018
T1,CD4T,donor_id=1244,62,0.7497328613640458,0.778386788574229
T1,CD4T,donor_id=1244,63,0.7604657433341901,0.7820499238353611
T1,CD4T,donor_id=1244,64,0.755208238599848,0.7818576282855165
T1,CD4T,donor_id=1244,65,0.7660869506674104,0.7848914351643594
T1,CD4T,donor_id=1244,66,0.7548174255310359,0.7794746984104606
T1,CD4T,donor_id=1244,67,0.7533223232588847,0.7783823999242572
T1,CD4T,donor_id=1244,68,0.7708931722844145,0.7986768850010169
T1,CD4T,donor_id=1244,69,0.7695807028680158,0.7969598287839609
T1,CD4T,donor_id=1244,70,0.7812081460394948,0.801951523572915
T1,CD4T,donor_id=1244,71,0.7591770905157048,0.7828844136997656
T1,CD4T,donor_id=1244,72,0.7396857006366712,0.7708668419224924
T1,CD4T,donor_id=1244,73,0.7720634065470291,0.7951370054707042
T1,CD4T,donor_id=1244,74,0.7491692947643684,0.7765476121877893
T1,CD4T,donor_id=1244,75,0.7517905328042342,0.7748658494728613
T1,CD4T,donor_id=1244,76,0.7696507765286477,0.7906517741442126
T1,CD4T,donor_id=1244,77,0.7568251286459564,0.762360977961919
T1,CD4T,donor_id=1244,78,0.7632850336372039,0.7909679350456363
T1,CD4T,donor_id=1244,79,0.75544546258166,0.7828191944040954
T1,CD4T,donor_id=1244,80,0.7745059095776086,0.8036576351254222
T1,CD4T,donor_id=1244,81,0.77313941062283,0.7959434602865518
T1,CD4T,donor_id=1244,82,0.7717501002425978,0.7970366621767543
T1,CD4T,donor_id=1244,83,0.7528658639852501,0.7763796311369859
T1,CD4T,donor_id=1244,84,0.7672244523927209,0.7938226612951785
T1,CD4T,donor_id=1244,85,0.7428458736293597,0.7682992090851175
T1,CD4T,donor_id=1244,86,0.7664722849914798,0.7957171262847346
T1,CD4T,donor_id=1244,87,0.7402703047868109,0.7734436456671006
T1,CD4T,donor_id=1244,88,0.7312443980065548,0.760614550244239
T1,CD4T,donor_id=1244,89,0.7499991409907854,0.777373699804655
T1,CD4T,donor_id=1244,90,0.7456273947695622,0.7736559098115525
T1,CD4T,donor_id=1244,91,0.7583848099279117,0.7825706159946076
T1,CD4T,donor_id=1244,92,0.7649184636520039,0.7907984251815017
T1,CD4T,donor_id=1244,93,0.7681266532476758,0.7955937772335633
T1,CD4T,donor_id=1244,94,0.7572612859138003,0.7851421196399184
T1,CD4T,donor_id=1244,95,0.7790624156987705,0.80314201820048
T1,CD4T,donor_id=1244,96,0.7512476058566284,0.7768599244735448
T1,CD4T,donor_id=1244,97,0.7468927451675288,0.7755054847429028
T1,CD4T,donor_id=1244,98,0.7799964771831277,0.8038416144761011
T1,CD4T,donor_id=1244,99,0.7566597404243727,0.7820922041968462
T1,CD4T,donor_id=107,0,0.7508928202780365,0.7755538871968195
T1,CD4T,donor_id=107,1,0.7364199610115175,0.7710225416288965
T1,CD4T,donor_id=107,2,0.7387984332914773,0.7700757999388876
T1,CD4T,donor_id=107,3,0.7484064776136554,0.7683160751835769
T1,CD4T,donor_id=107,4,0.7329106937324171,0.7651546323000172
T1,CD4T,donor_id=107,5,0.7404079687037465,0.7647405093533055
T1,CD4T,donor_id=107,6,0.7289355183774455,0.7633469314563591
T1,CD4T,donor_id=107,7,0.7589954697417394,0.7812475058435318
T1,CD4T,donor_id=107,8,0.7498061936517589,0.7719519705477275
T1,CD4T,donor_id=107,9,0.7329158874423575,0.7518086539531013
T1,CD4T,donor_id=107,10,0.7231418828485605,0.7495366476913266
T1,CD4T,donor_id=107,11,0.7398399609239491,0.7666522607540996
T1,CD4T,donor_id=107,12,0.6971601880844378,0.7412808834434128
T1,CD4T,donor_id=107,13,0.7538446851944743,0.7777596504520462
T1,CD4T,donor_id=107,14,0.7261365976622177,0.7494108438050628
T1,CD4T,donor_id=107,15,0.7238682830376192,0.7379394844381953
T1,CD4T,donor_id=107,16,0.740489488504677,0.7629231292598919
T1,CD4T,donor_id=107,17,0.7491143933701051,0.7740806883781179
T1,CD4T,donor_id=107,18,0.716215043732288,0.7317095801453559
T1,CD4T,donor_id=107,19,0.7417831163031968,0.7660381524377073
T1,CD4T,donor_id=107,20,0.7409070619757535,0.7626458501371389
T1,CD4T,donor_id=107,21,0.7401628901354391,0.757914486983332
T1,CD4T,donor_id=107,22,0.7460620462807874,0.756130190504025
T1,CD4T,donor_id=107,23,0.7480777966674749,0.768912866723293
T1,CD4T,donor_id=107,24,0.7088275680955328,0.7427140243914732
T1,CD4T,donor_id=107,25,0.7081762831037973,0.721521257777213
T1,CD4T,donor_id=107,26,0.736121832634967,0.7618508346379205
T1,CD4T,donor_id=107,27,0.7480548301821508,0.7732862281089347
T1,CD4T,donor_id=107,28,0.7261393608392287,0.7528425800335865
T1,CD4T,donor_id=107,29,0.7451216153546809,0.7691118001217812
T1,CD4T,donor_id=107,30,0.7329316008455543,0.752773998279088
T1,CD4T,donor_id=107,31,0.7353648468093632,0.7579107818473244
T1,CD4T,donor_id=107,32,0.7355853276912645,0.7607011747878506
T1,CD4T,donor_id=107,33,0.738633844311459,0.7644898213158002
T1,CD4T,donor_id=107,34,0.7499658951584621,0.7767099989468512
T1,CD4T,donor_id=107,35,0.7492818695593931,0.777791348620331
T1,CD4T,donor_id=107,36,0.7348949110082554,0.7572806465558456
T1,CD4T,donor_id=107,37,0.728571443512892,0.7544976686469786
T1,CD4T,donor_id=107,38,0.7418919348510473,0.7629931347940773
T1,CD4T,donor_id=107,39,0.7496966963556043,0.7732611203019736
T1,CD4T,donor_id=107,40,0.7332749137673282,0.762390358625185
T1,CD4T,donor_id=107,41,0.7270470515626416,0.7505819529659113
T1,CD4T,donor_id=107,42,0.7357366767858468,0.769055924599655
T1,CD4T,donor_id=107,43,0.7260857203399097,0.7476631008882149
T1,CD4T,donor_id=107,44,0.7149572669961213,0.7446232183114512
T1,CD4T,donor_id=107,45,0.72942387529681,0.7558765543926034
T1,CD4T,donor_id=107,46,0.7336642157742543,0.7636930423808164
T1,CD4T,donor_id=107,47,0.758484831693079,0.7848010179726834
T1,CD4T,donor_id=107,48,0.7285588051860515,0.7577906472378463
T1,CD4T,donor_id=107,49,0.7492878851493595,0.7732581358518503
T1,CD4T,donor_id=107,50,0.7223810183209892,0.7550782559118864
T1,CD4T,donor_id=107,51,0.7467427313740151,0.7726701573817759
T1,CD4T,donor_id=107,52,0.7244944205697593,0.7509015392989307
T1,CD4T,donor_id=107,53,0.7086427980333153,0.7432046418152534
T1,CD4T,donor_id=107,54,0.7424335617642682,0.7671988027511987
T1,CD4T,donor_id=107,55,0.7106956464925992,0.7444757432497314
T1,CD4T,donor_id=107,56,0.7171284706718916,0.7472063898297403
T1,CD4T,donor_id=107,57,0.7313744947365467,0.7549366965117899
T1,CD4T,donor_id=107,58,0.7486727280046178,0.7786562668749822
T1,CD4T,donor_id=107,59,0.7455498951371106,0.7707870536121255
T1,CD4T,donor_id=107,60,0.7278827451343103,0.7521270671134958
T1,CD4T,donor_id=107,61,0.7326296698139795,0.7465152633541681
T1,CD4T,donor_id=107,62,0.7494903864184334,0.7724568691357466
T1,CD4T,donor_id=107,63,0.7252256559501151,0.7554594924552165
T1,CD4T,donor_id=107,64,0.7455257757314806,0.769040322680758
T1,CD4T,donor_id=107,65,0.7308107269541053,0.76043275959933
T1,CD4T,donor_id=107,66,0.7378188869298132,0.7722131728861861
T1,CD4T,donor_id=107,67,0.7484101305908752,0.7741466547235014
T1,CD4T,donor_id=107,68,0.7220229577528832,0.7434433929854154
T1,CD4T,donor_id=107,69,0.7352167062673014,0.7550503879461443
T1,CD4T,donor_id=107,70,0.7407378531276365,0.7681760492180902
T1,CD4T,donor_id=107,71,0.7523688144382512,0.7713760068327512
T1,CD4T,donor_id=107,72,0.7013303442305296,0.7205437812860689
T1,CD4T,donor_id=107,73,0.7401860232198897,0.7601576092194926
T1,CD4T,donor_id=107,74,0.7287285582075197,0.7575581391343214
T1,CD4T,donor_id=107,75,0.7324562974912708,0.7618127617953367
T1,CD4T,donor_id=107,76,0.720802600089121,0.7436677958372869
T1,CD4T,donor_id=107,77,0.7327612885193814,0.7599372672988135
T1,CD4T,donor_id=107,78,0.7298337993287075,0.7579757358475587
T1,CD4T,donor_id=107,79,0.7233622133711846,0.7527469502955614
T1,CD4T,donor_id=107,80,0.7301808290206676,0.7636967449389963
T1,CD4T,donor_id=107,81,0.7453085590451138,0.7730982211513896
T1,CD4T,donor_id=107,82,0.7317099011909027,0.7575995653953269
T1,CD4T,donor_id=107,83,0.7313507399971946,0.7660003911963942
T1,CD4T,donor_id=107,84,0.7322899472333325,0.7546912582223253
T1,CD4T,donor_id=107,85,0.743709779692351,0.772670802752034
T1,CD4T,donor_id=107,86,0.7329012451393061,0.763903623672259
T1,CD4T,donor_id=107,87,0.7332629955928385,0.7556145455046217
T1,CD4T,donor_id=107,88,0.7197423521779515,0.7483497062571732
T1,CD4T,donor_id=107,89,0.73466178183174,0.76481362780591
T1,CD4T,donor_id=107,90,0.7225898204273907,0.7469488735502063
T1,CD4T,donor_id=107,91,0.7343419068011364,0.759398994912946
T1,CD4T,donor_id=107,92,0.7178861047974892,0.7518818874810678
T1,CD4T,donor_id=107,93,0.7413136118059159,0.761193092312583
T1,CD4T,donor_id=107,94,0.7468116850126688,0.7731195441194705
T1,CD4T,donor_id=107,95,0.7332002418373543,0.7560803245842233
T1,CD4T,donor_id=107,96,0.7304832225427347,0.7628750819382971
T1,CD4T,donor_id=107,97,0.7397376907572875,0.7629519211993981
T1,CD4T,donor_id=107,98,0.7236081429921145,0.7463899096130133
T1,CD4T,donor_id=107,99,0.7463404050272417,0.7698688584478864
T1,CD4T,donor_id=1488,0,0.7755310027769589,0.7972909373273627
T1,CD4T,donor_id=1488,1,0.7865037681919214,0.8024943392648772
T1,CD4T,donor_id=1488,2,0.7690174222601516,0.7981262452246021
T1,CD4T,donor_id=1488,3,0.7797317808492452,0.8072396043094392
T1,CD4T,donor_id=1488,4,0.7819302517946163,0.8031673243840735
T1,CD4T,donor_id=1488,5,0.7586441502447271,0.7888792880581645
T1,CD4T,donor_id=1488,6,0.7905163749391328,0.8151984114392061
T1,CD4T,donor_id=1488,7,0.7859565839311965,0.8037247262051507
T1,CD4T,donor_id=1488,8,0.7846809049315914,0.8103528726873315
T1,CD4T,donor_id=1488,9,0.7760522308221288,0.8034688508246118
T1,CD4T,donor_id=1488,10,0.7742032533540593,0.7989456232466505
T1,CD4T,donor_id=1488,11,0.7835763026930591,0.8062326715004366
T1,CD4T,donor_id=1488,12,0.7832143839549901,0.8073270061089511
T1,CD4T,donor_id=1488,13,0.7759255389765465,0.798679859438576
T1,CD4T,donor_id=1488,14,0.7704639320307138,0.7945967193197485
T1,CD4T,donor_id=1488,15,0.7757157955316338,0.8013103062998763
T1,CD4T,donor_id=1488,16,0.7793991875943962,0.8036981878537771
T1,CD4T,donor_id=1488,17,0.7720837826288312,0.794778098420399
T1,CD4T,donor_id=1488,18,0.7839541112017943,0.8107506629352397
T1,CD4T,donor_id=1488,19,0.7874862794809095,0.8038368200960333
T1,CD4T,donor_id=1488,20,0.7889863877391878,0.8051055735884346
T1,CD4T,donor_id=1488,21,0.7718080150374174,0.796885953911238
T1,CD4T,donor_id=1488,22,0.7781733841083212,0.8072920017878632
T1,CD4T,donor_id=1488,23,0.7752549084164464,0.7982418695665444
T1,CD4T,donor_id=1488,24,0.7807823050431554,0.8000425826234444
T1,CD4T,donor_id=1488,25,0.7723636255808249,0.8018881364181559
T1,CD4T,donor_id=1488,26,0.7816900920498339,0.8019056647775837
T1,CD4T,donor_id=1488,27,0.7933822159321772,0.8102769661593215
T1,CD4T,donor_id=1488,28,0.784069076207659,0.8057168450977199
T1,CD4T,donor_id=1488,29,0.7765580057575608,0.795316611600848
T1,CD4T,donor_id=1488,30,0.7805322069986276,0.7992473305590247
T1,CD4T,donor_id=1488,31,0.781706195419839,0.8065667157869011
T1,CD4T,donor_id=1488,32,0.7726333483507097,0.7971612826364616
T1,CD4T,donor_id=1488,33,0.7876195903821208,0.804727282916106
T1,CD4T,donor_id=1488,34,0.787052507590663,0.8032433255383902
T1,CD4T,donor_id=1488,35,0.7797907791112818,0.8015918423037028
T1,CD4T,donor_id=1488,36,0.7685173846092368,0.7821653836709135
T1,CD4T,donor_id=1488,37,0.7754169089823901,0.7998817667586091
T1,CD4T,donor_id=1488,38,0.7955853378536213,0.8195764940798701
T1,CD4T,donor_id=1488,39,0.7800879857802645,0.8001713270657337
T1,CD4T,donor_id=1488,40,0.7660847367351218,0.7906934070826682
T1,CD4T,donor_id=1488,41,0.7756201679341366,0.799754077094436
T1,CD4T,donor_id=1488,42,0.7883544062806536,0.8091671736915304
T1,CD4T,donor_id=1488,43,0.7885695489785017,0.8103171373801709
T1,CD4T,donor_id=1488,44,0.7862549529956092,0.8033729485791099
T1,CD4T,donor_id=1488,45,0.7848716929212053,0.8162126931808612
T1,CD4T,donor_id=1488,46,0.7703925961979314,0.7970835705839826
T1,CD4T,donor_id=1488,47,0.7966601593150441,0.8096971259538058
T1,CD4T,donor_id=1488,48,0.784000540874514,0.8068555636593854
T1,CD4T,donor_id=1488,49,0.785705296358277,0.8100635502934923
T1,CD4T,donor_id=1488,50,0.7904557273317366,0.8102159094812665
T1,CD4T,donor_id=1488,51,0.7924510430452025,0.813053659895023
T1,CD4T,donor_id=1488,52,0.786509286852582,0.810376585411126
T1,CD4T,donor_id=1488,53,0.7745730515001233,0.8002697996809773
T1,CD4T,donor_id=1488,54,0.772337679650218,0.8051363996882706
T1,CD4T,donor_id=1488,55,0.7698134799887095,0.7914230416383331
T1,CD4T,donor_id=1488,56,0.7830314813445346,0.8087840338727019
T1,CD4T,donor_id=1488,57,0.7811235384976136,0.8015310703710455
T1,CD4T,donor_id=1488,58,0.7766641583693694,0.7973398734886057
T1,CD4T,donor_id=1488,59,0.797048528939506,0.8185662209934509
T1,CD4T,donor_id=1488,60,0.7907551541384422,0.8114478156804612
T1,CD4T,donor_id=1488,61,0.7784339744406454,0.8050719649004122
T1,CD4T,donor_id=1488,62,0.774044850443359,0.7966665176008183
T1,CD4T,donor_id=1488,63,0.7777666370760561,0.7992481990970697
T1,CD4T,donor_id=1488,64,0.7686879176056887,0.7934030454548329
T1,CD4T,donor_id=1488,65,0.7718850258446723,0.7921368022907329
T1,CD4T,donor_id=1488,66,0.7766679487601078,0.8001540850563988
T1,CD4T,donor_id=1488,67,0.7827222508662272,0.802756401496856
T1,CD4T,donor_id=1488,68,0.7709500158418292,0.7932567838020911
T1,CD4T,donor_id=1488,69,0.7793125849005802,0.8021331974906173
T1,CD4T,donor_id=1488,70,0.7753800133090137,0.8001140910275201
T1,CD4T,donor_id=1488,71,0.7813697569965945,0.8015463958179874
T1,CD4T,donor_id=1488,72,0.7804705620826079,0.8042598437150918
T1,CD4T,donor_id=1488,73,0.7688383492910896,0.7932868597709687
T1,CD4T,donor_id=1488,74,0.7838667859313941,0.8065246736995229
T1,CD4T,donor_id=1488,75,0.7772346043284853,0.7880629186837601
T1,CD4T,donor_id=1488,76,0.7666330556577532,0.7932444955790383
T1,CD4T,donor_id=1488,77,0.7780658771546133,0.8099826834517369
T1,CD4T,donor_id=1488,78,0.7824439877432728,0.808727455320996
T1,CD4T,donor_id=1488,79,0.7641672012745279,0.7881081522361542
T1,CD4T,donor_id=1488,80,0.7614767861108528,0.7902782617641084
T1,CD4T,donor_id=1488,81,0.7713356945575958,0.8016128930736597
T1,CD4T,donor_id=1488,82,0.7881420013763004,0.8035952737858382
T1,CD4T,donor_id=1488,83,0.7804794226461587,0.802568627671608
T1,CD4T,donor_id=1488,84,0.7899292052573582,0.808789769726213
T1,CD4T,donor_id=1488,85,0.7860547665805252,0.8133173816491011
T1,CD4T,donor_id=1488,86,0.785960650332288,0.8043010357065049
T1,CD4T,donor_id=1488,87,0.7853773471203672,0.8050734122860982
T1,CD4T,donor_id=1488,88,0.786882196381589,0.8084389417709551
T1,CD4T,donor_id=1488,89,0.7709430453569265,0.7959742055572764
T1,CD4T,donor_id=1488,90,0.7701782010253038,0.7957233115043268
T1,CD4T,donor_id=1488,91,0.7768361904720283,0.7971365057436768
T1,CD4T,donor_id=1488,92,0.77920679527117,0.8061025298897838
T1,CD4T,donor_id=1488,93,0.7687463198219846,0.7910753455632576
T1,CD4T,donor_id=1488,94,0.7786453002351819,0.8016617010760252
T1,CD4T,donor_id=1488,95,0.7831718375414832,0.8062694499088582
T1,CD4T,donor_id=1488,96,0.7811495364230804,0.8039990790519703
T1,CD4T,donor_id=1488,97,0.7793991435533638,0.7937283788258965
T1,CD4T,donor_id=1488,98,0.7748902719567647,0.7989630758250582
T1,CD4T,donor_id=1488,99,0.7861158268108145,0.8132303606964911
T1,CD8T,donor_id=101,0,0.6878212274130542,0.7320321667343774
T1,CD8T,donor_id=101,1,0.6786225243432471,0.7241728292456543
T1,CD8T,donor_id=101,2,0.6929992324415449,0.7349027123596644
T1,CD8T,donor_id=101,3,0.6876210629676219,0.7303885428732575
T1,CD8T,donor_id=101,4,0.7041630212085265,0.7412206193039219
T1,CD8T,donor_id=101,5,0.7086131821464308,0.7443921502338542
T1,CD8T,donor_id=101,6,0.7027382849352759,0.7398747467600557
T1,CD8T,donor_id=101,7,0.6992872751413448,0.7438203992607375
T1,CD8T,donor_id=101,8,0.685036996727813,0.7141824962860246
T1,CD8T,donor_id=101,9,0.6816226155698754,0.7248395883129252
T1,CD8T,donor_id=101,10,0.6927714681336351,0.734396211437706
T1,CD8T,donor_id=101,11,0.7164549102443369,0.7453723835239455
T1,CD8T,donor_id=101,12,0.6992147191433167,0.7387080781616714
T1,CD8T,donor_id=101,13,0.7031961449368972,0.7424953214896254
T1,CD8T,donor_id=101,14,0.7012423718160794,0.7339181879175996
T1,CD8T,donor_id=101,15,0.7124709941477202,0.7494781937430213
T1,CD8T,donor_id=101,16,0.6984425524242013,0.733742147686374
T1,CD8T,donor_id=101,17,0.6821587553577685,0.7228009328668001
T1,CD8T,donor_id=101,18,0.7074402704973132,0.7511349152051428
T1,CD8T,donor_id=101,19,0.6911468667109196,0.7267744412482524
T1,CD8T,donor_id=101,20,0.7139013432430121,0.7501503666524051
T1,CD8T,donor_id=101,21,0.7054979559856273,0.748310059943608
T1,CD8T,donor_id=101,22,0.7095647134801513,0.7445088627872029
T1,CD8T,donor_id=101,23,0.7125359648160352,0.7566461329485862
T1,CD8T,donor_id=101,24,0.6755093823794163,0.7069656873841431
T1,CD8T,donor_id=101,25,0.687882656554457,0.7230037071572888
T1,CD8T,donor_id=101,26,0.6898406894708229,0.7312788251413226
T1,CD8T,donor_id=101,27,0.6759926381739528,0.7161982704326024
T1,CD8T,donor_id=101,28,0.7028380356542377,0.7418454339106733
T1,CD8T,donor_id=101,29,0.6763922415127882,0.7180815491510333
T1,CD8T,donor_id=101,30,0.7084498683731516,0.7541629804859982
T1,CD8T,donor_id=101,31,0.6765870724035931,0.7178802817088366
T1,CD8T,donor_id=101,32,0.6877628208971219,0.7269537111176823
T1,CD8T,donor_id=101,33,0.6924356859854072,0.7293784524334039
T1,CD8T,donor_id=101,34,0.6960031433859851,0.7339530285453507
T1,CD8T,donor_id=101,35,0.6896567402968637,0.7298984138932111
T1,CD8T,donor_id=101,36,0.6870231111249485,0.7220204972731351
T1,CD8T,donor_id=101,37,0.6939156418830368,0.7372625708240166
T1,CD8T,donor_id=101,38,0.6784903726874654,0.7252602733324984
T1,CD8T,donor_id=101,39,0.6925797965552809,0.7326667843721253
T1,CD8T,donor_id=101,40,0.714928309917203,0.7472612914905419
T1,CD8T,donor_id=101,41,0.6950088256993617,0.7354544797533493
T1,CD8T,donor_id=101,42,0.6651502242283157,0.7200510437633745
T1,CD8T,donor_id=101,43,0.6873312018687833,0.722979880734125
T1,CD8T,donor_id=101,44,0.6978599878107934,0.7427499997876903
T1,CD8T,donor_id=101,45,0.6911187113529145,0.7314173486245901
T1,CD8T,donor_id=101,46,0.6942745875349321,0.7263850683099778
T1,CD8T,donor_id=101,47,0.7021762420121104,0.7380886872633814
T1,CD8T,donor_id=101,48,0.6985636883536489,0.7366183425931266
T1,CD8T,donor_id=101,49,0.6893689412782078,0.7220417155433593
T1,CD8T,donor_id=101,50,0.7114599452053326,0.7425973214171743
T1,CD8T,donor_id=101,51,0.6779117546055073,0.722951835493935
T1,CD8T,donor_id=101,52,0.7080748577069622,0.7454768470859429
T1,CD8T,donor_id=101,53,0.690430788538276,0.7299286081244061
T1,CD8T,donor_id=101,54,0.7090160580040072,0.7389148387307612
T1,CD8T,donor_id=101,55,0.6955885288218484,0.7415956589752286
T1,CD8T,donor_id=101,56,0.7108020514184495,0.7420844174531196
T1,CD8T,donor_id=101,57,0.6960500727882996,0.7326250681368212
T1,CD8T,donor_id=101,58,0.70573876272798,0.7483222675878441
T1,CD8T,donor_id=101,59,0.6958695741987005,0.7261608046015621
T1,CD8T,donor_id=101,60,0.7012974362098441,0.732781864236159
T1,CD8T,donor_id=101,61,0.7067972881922979,0.7394288882648282
T1,CD8T,donor_id=101,62,0.7233561489057484,0.7540042331984458
T1,CD8T,donor_id=101,63,0.7091670567782508,0.7329007918339723
T1,CD8T,donor_id=101,64,0.6941475482998977,0.735702649942123
T1,CD8T,donor_id=101,65,0.678204253296207,0.721216496489203
T1,CD8T,donor_id=101,66,0.7158899220752044,0.7476082592875264
T1,CD8T,donor_id=101,67,0.6912764103361745,0.7332176479882146
T1,CD8T,donor_id=101,68,0.7091738950986337,0.7472652579923155
T1,CD8T,donor_id=101,69,0.6949269394234877,0.7346854788542865
T1,CD8T,donor_id=101,70,0.6917291786991046,0.7340859394277442
T1,CD8T,donor_id=101,71,0.6907243671822494,0.7331356976515359
T1,CD8T,donor_id=101,72,0.709248319560779,0.7307365948619373
T1,CD8T,donor_id=101,73,0.6983365482295283,0.7344711841040823
T1,CD8T,donor_id=101,74,0.6999789130732831,0.7264091549897073
T1,CD8T,donor_id=101,75,0.6873934002375337,0.7265175507694472
T1,CD8T,donor_id=101,76,0.6896442742765468,0.736914593636641
T1,CD8T,donor_id=101,77,0.6889506701025694,0.7360917650395671
T1,CD8T,donor_id=101,78,0.6907485610710714,0.7325398979822069
T1,CD8T,donor_id=101,79,0.6820315068217851,0.7152115139565672
T1,CD8T,donor_id=101,80,0.6893832630042301,0.728401110804432
T1,CD8T,donor_id=101,81,0.6995415744346952,0.7367149186330626
T1,CD8T,donor_id=101,82,0.6867625619726789,0.7327587523521972
T1,CD8T,donor_id=101,83,0.691839645245111,0.7334240864000329
T1,CD8T,donor_id=101,84,0.6770702329231865,0.7280847740302392
T1,CD8T,donor_id=101,85,0.6999266810476708,0.7416406197895143
T1,CD8T,donor_id=101,86,0.6878804966576387,0.723168166889666
T1,CD8T,donor_id=101,87,0.6931470638030923,0.7284374024433095
T1,CD8T,donor_id=101,88,0.7173508808669086,0.7528152683885095
T1,CD8T,donor_id=101,89,0.722619968577131,0.7649209901938128
T1,CD8T,donor_id=101,90,0.7095575489990845,0.7434167985790868
T1,CD8T,donor_id=101,91,0.6802878751737139,0.71171521402262
T1,CD8T,donor_id=101,92,0.6895443028970313,0.7280777321763283
T1,CD8T,donor_id=101,93,0.7071673845794297,0.7408203503283779
T1,CD8T,donor_id=101,94,0.6827928829662735,0.7226835531849273
T1,CD8T,donor_id=101,95,0.695753476138691,0.735325173119712
T1,CD8T,donor_id=101,96,0.7019442726213725,0.7344980534761895
T1,CD8T,donor_id=101,97,0.6770445112586189,0.7202024453871471
T1,CD8T,donor_id=101,98,0.7019649334744759,0.7380300388886545
T1,CD8T,donor_id=101,99,0.6817861436549868,0.7304794003961502
T1,CD8T,donor_id=1015,0,0.7463889097236639,0.775729680723023
T1,CD8T,donor_id=1015,1,0.7441464807835513,0.7812118027406418
T1,CD8T,donor_id=1015,2,0.7478050983863266,0.7823794477370122
T1,CD8T,donor_id=1015,3,0.7458831500400451,0.7802317488451007
T1,CD8T,donor_id=1015,4,0.7282499839778591,0.762389842600684
T1,CD8T,donor_id=1015,5,0.7364535584827252,0.7683894478949834
T1,CD8T,donor_id=1015,6,0.7284000065840165,0.7689974688058684
T1,CD8T,donor_id=1015,7,0.7540673979902507,0.780615538178121
T1,CD8T,donor_id=1015,8,0.7402859611465685,0.7773598992751994
T1,CD8T,donor_id=1015,9,0.7449342926372728,0.7710323763454493
T1,CD8T,donor_id=1015,10,0.7296746384632207,0.7666699740844544
T1,CD8T,donor_id=1015,11,0.7437609060584773,0.7782296582485565
T1,CD8T,donor_id=1015,12,0.7419425534376366,0.7733887368318445
T1,CD8T,donor_id=1015,13,0.7584910548583224,0.7835758766431573
T1,CD8T,donor_id=1015,14,0.7321493259936876,0.7663902960036197
T1,CD8T,donor_id=1015,15,0.7496309925292215,0.7809711906160209
T1,CD8T,donor_id=1015,16,0.7511814586467263,0.7845749503070997
T1,CD8T,donor_id=1015,17,0.7407859104966514,0.7742390813994123
T1,CD8T,donor_id=1015,18,0.7606029376372047,0.788811969452857
T1,CD8T,donor_id=1015,19,0.7395179630366264,0.7718383640382211
T1,CD8T,donor_id=1015,20,0.7543950367216095,0.7854602720921562
T1,CD8T,donor_id=1015,21,0.732738084386662,0.7729285809193267
T1,CD8T,donor_id=1015,22,0.7507977615214128,0.779045336319504
T1,CD8T,donor_id=1015,23,0.7426802285352757,0.7719603364975262
T1,CD8T,donor_id=1015,24,0.7215500262445188,0.7627667067502794
T1,CD8T,donor_id=1015,25,0.74780415963282,0.7824648067445434
T1,CD8T,donor_id=1015,26,0.7390191564612008,0.7727342456827765
T1,CD8T,donor_id=1015,27,0.7495853483485978,0.779318784542867
T1,CD8T,donor_id=1015,28,0.7477043778362219,0.7801146067716015
T1,CD8T,donor_id=1015,29,0.744278526288246,0.7808516293230546
T1,CD8T,donor_id=1015,30,0.7450786382248596,0.7655193590000142
T1,CD8T,donor_id=1015,31,0.7517150705108159,0.794398237102258
T1,CD8T,donor_id=1015,32,0.7448995123170598,0.7736182729292377
T1,CD8T,donor_id=1015,33,0.7325721241793567,0.7683029708915499
T1,CD8T,donor_id=1015,34,0.7438096092636534,0.775437099141089
T1,CD8T,donor_id=1015,35,0.7520300920938002,0.7820091147182332
T1,CD8T,donor_id=1015,36,0.7408065780750495,0.7764984518719299
T1,CD8T,donor_id=1015,37,0.7529893330307323,0.7799003190736342
T1,CD8T,donor_id=1015,38,0.7577058148506213,0.7867014849882887
T1,CD8T,donor_id=1015,39,0.7428358270036775,0.773674613800834
T1,CD8T,donor_id=1015,40,0.7486035469186861,0.7879152858241675
T1,CD8T,donor_id=1015,41,0.755953684696883,0.783893351351186
T1,CD8T,donor_id=1015,42,0.7331380286613588,0.77334526244546
T1,CD8T,donor_id=1015,43,0.7421587214850984,0.7782606911843727
T1,CD8T,donor_id=1015,44,0.7404194945822269,0.774865047779407
T1,CD8T,donor_id=1015,45,0.7438580401984117,0.7753159965962048
T1,CD8T,donor_id=1015,46,0.7426569332861106,0.772738080209901
T1,CD8T,donor_id=1015,47,0.739217667661415,0.7743801704992127
T1,CD8T,donor_id=1015,48,0.7487046909713015,0.7793300663299799
T1,CD8T,donor_id=1015,49,0.7577891684123436,0.7813549487184817
T1,CD8T,donor_id=1015,50,0.7466572643275323,0.7750741657351676
T1,CD8T,donor_id=1015,51,0.7265658042756409,0.7682419713740574
T1,CD8T,donor_id=1015,52,0.753604764271501,0.7850323315634862
T1,CD8T,donor_id=1015,53,0.7373078665554024,0.7666714921786775
T1,CD8T,donor_id=1015,54,0.7359189532849498,0.771942558291537
T1,CD8T,donor_id=1015,55,0.7317719651859577,0.7628434417831861
T1,CD8T,donor_id=1015,56,0.760245098544933,0.7856810456929676
T1,CD8T,donor_id=1015,57,0.7456624857164201,0.7699660981591566
T1,CD8T,donor_id=1015,58,0.7512637287090403,0.7816137817100379
T1,CD8T,donor_id=1015,59,0.7287231051404023,0.7799393198304693
T1,CD8T,donor_id=1015,60,0.7526559270848522,0.7804740735831275
T1,CD8T,donor_id=1015,61,0.7526015068416978,0.7844923367617201
T1,CD8T,donor_id=1015,62,0.7426433327163571,0.7757930088709448
T1,CD8T,donor_id=1015,63,0.734716275983357,0.7672488255821689
T1,CD8T,donor_id=1015,64,0.7470127310265344,0.77941283002393
T1,CD8T,donor_id=1015,65,0.733499509855777,0.7703262897543872
T1,CD8T,donor_id=1015,66,0.7477769938590682,0.78297144605965
T1,CD8T,donor_id=1015,67,0.7568357486934592,0.7762685438725834
T1,CD8T,donor_id=1015,68,0.7561506945976272,0.7794355098342552
T1,CD8T,donor_id=1015,69,0.7352682367374762,0.7696891163477702
T1,CD8T,donor_id=1015,70,0.7397258159371779,0.7755416239977506
T1,CD8T,donor_id=1015,71,0.744875223907752,0.778317934822503
T1,CD8T,donor_id=1015,72,0.7454924594185519,0.7786610459952388
T1,CD8T,donor_id=1015,73,0.7420029853866097,0.7722871701350794
T1,CD8T,donor_id=1015,74,0.7549894016467037,0.7817875129425832
T1,CD8T,donor_id=1015,75,0.7588192300950097,0.7907310146591359
T1,CD8T,donor_id=1015,76,0.7442022397557239,0.7794580915792995
T1,CD8T,donor_id=1015,77,0.746745074143926,0.7756412643719439
T1,CD8T,donor_id=1015,78,0.7500370150526527,0.7815035477876718
T1,CD8T,donor_id=1015,79,0.7451267969055658,0.7750395319792456
T1,CD8T,donor_id=1015,80,0.7502761063289595,0.7751284497057033
T1,CD8T,donor_id=1015,81,0.7488484950698985,0.7827578152190706
T1,CD8T,donor_id=1015,82,0.7468808688770466,0.7815638416380766
T1,CD8T,donor_id=1015,83,0.7299453961943648,0.7612677378543433
T1,CD8T,donor_id=1015,84,0.7457743781569692,0.7771786278763914
T1,CD8T,donor_id=1015,85,0.747351045604952,0.7821012040097965
T1,CD8T,donor_id=1015,86,0.7418653183280813,0.7781718293621073
T1,CD8T,donor_id=1015,87,0.7376825649616486,0.774064190955018
T1,CD8T,donor_id=1015,88,0.7410662918000257,0.7775160685055125
T1,CD8T,donor_id=1015,89,0.7582585115898662,0.7910761920279066
T1,CD8T,donor_id=1015,90,0.7168132432782114,0.7531162813311404
T1,CD8T,donor_id=1015,91,0.7492206795767569,0.7806138997268884
T1,CD8T,donor_id=1015,92,0.7284991430313199,0.7550722318787109
T1,CD8T,donor_id=1015,93,0.7365827632288118,0.7726726736951245
T1,CD8T,donor_id=1015,94,0.7486489982318499,0.7742141353331836
T1,CD8T,donor_id=1015,95,0.7598632608071163,0.7887061094719162
T1,CD8T,donor_id=1015,96,0.7516442279153871,0.7822592936684293
T1,CD8T,donor_id=1015,97,0.7453340664643148,0.775011400734926
T1,CD8T,donor_id=1015,98,0.7417667279327425,0.7726845692260904
T1,CD8T,donor_id=1015,99,0.7250754888722716,0.7618431414905402
T1,CD8T,donor_id=1256,0,0.7643941621035291,0.7938229287287037
T1,CD8T,donor_id=1256,1,0.7670097368355434,0.8070241342264218
T1,CD8T,donor_id=1256,2,0.7654393475012549,0.7927444036394681
T1,CD8T,donor_id=1256,3,0.7667465616353188,0.7919489826263997
T1,CD8T,donor_id=1256,4,0.7579323893585023,0.7855155857481494
T1,CD8T,donor_id=1256,5,0.7729132530415989,0.795926245252484
T1,CD8T,donor_id=1256,6,0.7659219535140247,0.7919126666899723
T1,CD8T,donor_id=1256,7,0.76059725228423,0.7947302172460909
T1,CD8T,donor_id=1256,8,0.7601853103655253,0.7913568478213525
T1,CD8T,donor_id=1256,9,0.7695458533827696,0.8034310310947683
T1,CD8T,donor_id=1256,10,0.7347908213227412,0.7774314561677594
T1,CD8T,donor_id=1256,11,0.7550273988840688,0.7807524725926769
T1,CD8T,donor_id=1256,12,0.7799139844830667,0.8044302765775337
T1,CD8T,donor_id=1256,13,0.7523326783773704,0.7785101453482003
T1,CD8T,donor_id=1256,14,0.7587826642291042,0.7818019402229776
T1,CD8T,donor_id=1256,15,0.7627563106894472,0.7873976030934338
T1,CD8T,donor_id=1256,16,0.755734751934043,0.7864077511872982
T1,CD8T,donor_id=1256,17,0.7699196182961646,0.7947071333677642
T1,CD8T,donor_id=1256,18,0.7638510707493819,0.7968229368612129
T1,CD8T,donor_id=1256,19,0.7491329998974218,0.7810424545143456
T1,CD8T,donor_id=1256,20,0.7619969769869437,0.7986140390398574
T1,CD8T,donor_id=1256,21,0.765967061853633,0.7999235546897732
T1,CD8T,donor_id=1256,22,0.7590562120664762,0.790008674179878
T1,CD8T,donor_id=1256,23,0.7667051072884256,0.8058948721240402
T1,CD8T,donor_id=1256,24,0.7545844724421261,0.7798733269977536
T1,CD8T,donor_id=1256,25,0.7781253423945058,0.8076723116247526
T1,CD8T,donor_id=1256,26,0.7599152909192998,0.792669680738848
T1,CD8T,donor_id=1256,27,0.75966004661661,0.792921440626185
T1,CD8T,donor_id=1256,28,0.7598833982822032,0.7895086303688208
T1,CD8T,donor_id=1256,29,0.7738020867013014,0.8032796355575523
T1,CD8T,donor_id=1256,30,0.7640818897504911,0.7822944517522199
T1,CD8T,donor_id=1256,31,0.7717101299033623,0.7944761643641459
T1,CD8T,donor_id=1256,32,0.7554977085557505,0.7912955639498098
T1,CD8T,donor_id=1256,33,0.7639172952320517,0.7928700556869931
T1,CD8T,donor_id=1256,34,0.7562161333454073,0.7898826810956591
T1,CD8T,donor_id=1256,35,0.7541878955114621,0.7877163374076948
T1,CD8T,donor_id=1256,36,0.7525636869732878,0.7781941580777758
T1,CD8T,donor_id=1256,37,0.7692835357606831,0.8005058716161577
T1,CD8T,donor_id=1256,38,0.7512117681070875,0.7833182260144972
T1,CD8T,donor_id=1256,39,0.7569818131917049,0.793895769277937
T1,CD8T,donor_id=1256,40,0.767261521077753,0.797620872530872
T1,CD8T,donor_id=1256,41,0.7503682245241465,0.7783138511131696
T1,CD8T,donor_id=1256,42,0.7703248125830028,0.7988700892332405
T1,CD8T,donor_id=1256,43,0.7493884613803738,0.7872579507197247
T1,CD8T,donor_id=1256,44,0.7488869044472848,0.7741782934520811
T1,CD8T,donor_id=1256,45,0.7581604580114948,0.7913842374228968
T1,CD8T,donor_id=1256,46,0.76459707767591,0.7947793201618745
T1,CD8T,donor_id=1256,47,0.7604822661298296,0.7938868821857165
T1,CD8T,donor_id=1256,48,0.7646792133652697,0.790371081389676
T1,CD8T,donor_id=1256,49,0.7846061831758865,0.8117433726735821
T1,CD8T,donor_id=1256,50,0.743964911770204,0.7719479933328163
T1,CD8T,donor_id=1256,51,0.7657924052357006,0.7956753988805487
T1,CD8T,donor_id=1256,52,0.7455129564785091,0.7793957760144721
T1,CD8T,donor_id=1256,53,0.7475394878071039,0.7780518733137399
T1,CD8T,donor_id=1256,54,0.7680670006821689,0.7945000219413282
T1,CD8T,donor_id=1256,55,0.7677303401783445,0.7940770338017626
T1,CD8T,donor_id=1256,56,0.7713056053860139,0.7937782399782022
T1,CD8T,donor_id=1256,57,0.7610012099230415,0.787618114028738
T1,CD8T,donor_id=1256,58,0.7510747155495137,0.7790748897836697
T1,CD8T,donor_id=1256,59,0.7530992901484225,0.7876643581173692
T1,CD8T,donor_id=1256,60,0.7559042260894073,0.7816627577198314
T1,CD8T,donor_id=1256,61,0.7700133216401209,0.8002443166604252
T1,CD8T,donor_id=1256,62,0.7582080981301565,0.7875418305509817
T1,CD8T,donor_id=1256,63,0.7637813844349858,0.7862884655872625
T1,CD8T,donor_id=1256,64,0.763845898638488,0.788558958002985
T1,CD8T,donor_id=1256,65,0.7567180351706684,0.786931963495527
T1,CD8T,donor_id=1256,66,0.7635174721381389,0.7963486817038968
T1,CD8T,donor_id=1256,67,0.7690676444728262,0.7950288608251518
T1,CD8T,donor_id=1256,68,0.7729690413179571,0.7984829554207326
T1,CD8T,donor_id=1256,69,0.7495630264233318,0.7793495362363989
T1,CD8T,donor_id=1256,70,0.7521603828519696,0.7843914994804558
T1,CD8T,donor_id=1256,71,0.7536382467952314,0.792638188416197
T1,CD8T,donor_id=1256,72,0.7531666828505673,0.7783575291000796
T1,CD8T,donor_id=1256,73,0.7651020111738452,0.7946591030039339
T1,CD8T,donor_id=1256,74,0.7640974608816384,0.7914042189883015
T1,CD8T,donor_id=1256,75,0.7564732515945466,0.7882622294207252
T1,CD8T,donor_id=1256,76,0.7754232312105821,0.8043617742410499
T1,CD8T,donor_id=1256,77,0.7608288599613717,0.7879441170772713
T1,CD8T,donor_id=1256,78,0.7634994942732365,0.7963011600513291
T1,CD8T,donor_id=1256,79,0.7604316712406417,0.7917037732556036
T1,CD8T,donor_id=1256,80,0.7613327128282237,0.78775844238366
T1,CD8T,donor_id=1256,81,0.7416560806752648,0.7734124557633658
T1,CD8T,donor_id=1256,82,0.7456429711634502,0.7721111557696079
T1,CD8T,donor_id=1256,83,0.7578797419002938,0.7866418305474759
T1,CD8T,donor_id=1256,84,0.7710938809093706,0.7961162565700747
T1,CD8T,donor_id=1256,85,0.7550268592994317,0.7846237955309653
T1,CD8T,donor_id=1256,86,0.756089002554215,0.790349246963748
T1,CD8T,donor_id=1256,87,0.7596598003909638,0.786314814423967
T1,CD8T,donor_id=1256,88,0.7630829984532103,0.792767128485803
T1,CD8T,donor_id=1256,89,0.7670704412226552,0.7981115475926098
T1,CD8T,donor_id=1256,90,0.7779479582348959,0.8018202638851807
T1,CD8T,donor_id=1256,91,0.7589655384386845,0.7940213751987834
T1,CD8T,donor_id=1256,92,0.7544623125231952,0.7771624060569169
T1,CD8T,donor_id=1256,93,0.7671675419133359,0.7953668984815191
T1,CD8T,donor_id=1256,94,0.7588452556848962,0.7901907530444743
T1,CD8T,donor_id=1256,95,0.7545712034410188,0.7871399573379065
T1,CD8T,donor_id=1256,96,0.7756073874343242,0.8104576088499005
T1,CD8T,donor_id=1256,97,0.7536448032440891,0.7928773255575439
T1,CD8T,donor_id=1256,98,0.7596448908075789,0.7854738032466752
T1,CD8T,donor_id=1256,99,0.7735616001102172,0.8055360751992491
T1,CD8T,donor_id=1244,0,0.5005634524269468,0.530605151255878
T1,CD8T,donor_id=1244,1,0.4850813815865745,0.5155067170308556
T1,CD8T,donor_id=1244,2,0.5265198308547303,0.5604833668757079
T1,CD8T,donor_id=1244,3,0.5021002271692966,0.5330548635415658
T1,CD8T,donor_id=1244,4,0.49160607904092696,0.5229646544835729
T1,CD8T,donor_id=1244,5,0.49726244610430087,0.5215873256990293
T1,CD8T,donor_id=1244,6,0.48865218270734007,0.5155447443647515
T1,CD8T,donor_id=1244,7,0.48374622980292825,0.5084647164438225
T1,CD8T,donor_id=1244,8,0.5160911858986423,0.5348487386092244
T1,CD8T,donor_id=1244,9,0.514153416730398,0.54339778369129
T1,CD8T,donor_id=1244,10,0.47733598305175784,0.5047676764262085
T1,CD8T,donor_id=1244,11,0.48603300698385715,0.5179571613573918
T1,CD8T,donor_id=1244,12,0.5158069267476192,0.5425749018891397
T1,CD8T,donor_id=1244,13,0.5201203663440873,0.5381371535450119
T1,CD8T,donor_id=1244,14,0.5232017981390193,0.5491988954095551
T1,CD8T,donor_id=1244,15,0.5334428254766415,0.5529017044613511
T1,CD8T,donor_id=1244,16,0.5043649633560155,0.5307546295715293
T1,CD8T,donor_id=1244,17,0.5296610344169604,0.5497188855262992
T1,CD8T,donor_id=1244,18,0.5156147308905212,0.540244384856143
T1,CD8T,donor_id=1244,19,0.5122737046638298,0.5356974297799375
T1,CD8T,donor_id=1244,20,0.5130416817481278,0.5332647555702171
T1,CD8T,donor_id=1244,21,0.4932182154836818,0.5233985920764925
T1,CD8T,donor_id=1244,22,0.5130313477789488,0.5424606956729267
T1,CD8T,donor_id=1244,23,0.5288840605400497,0.5522085233110854
T1,CD8T,donor_id=1244,24,0.5403439653385563,0.5598923179603277
T1,CD8T,donor_id=1244,25,0.49555722716206035,0.521921311532255
T1,CD8T,donor_id=1244,26,0.48119948991696243,0.5164984815371855
T1,CD8T,donor_id=1244,27,0.47099630218630306,0.49534280331697034
T1,CD8T,donor_id=1244,28,0.5210470100904545,0.5460259412958781
T1,CD8T,donor_id=1244,29,0.5080858552059833,0.5338079201330029
T1,CD8T,donor_id=1244,30,0.4938594832332974,0.5238603850478026
T1,CD8T,donor_id=1244,31,0.48590416156493393,0.5100392148290304
T1,CD8T,donor_id=1244,32,0.5057770408116046,0.5366884526224578
T1,CD8T,donor_id=1244,33,0.527585041108995,0.5510914548845824
T1,CD8T,donor_id=1244,34,0.5337172575427281,0.5576470303863266
T1,CD8T,donor_id=1244,35,0.5017420375608481,0.526418403035807
T1,CD8T,donor_id=1244,36,0.5261734180726184,0.5485863501961091
T1,CD8T,donor_id=1244,37,0.545506177619663,0.5619937480185034
T1,CD8T,donor_id=1244,38,0.5022824857341511,0.5308049760048145
T1,CD8T,donor_id=1244,39,0.5148621734784845,0.5379071072967175
T1,CD8T,donor_id=1244,40,0.5208455853618501,0.5438103789081759
T1,CD8T,donor_id=1244,41,0.5374346848841506,0.5630344752129292
T1,CD8T,donor_id=1244,42,0.5249097477351105,0.5471145735898197
T1,CD8T,donor_id=1244,43,0.5097125577512602,0.5362022005130814
T1,CD8T,donor_id=1244,44,0.49155547047218295,0.5270219559181527
T1,CD8T,donor_id=1244,45,0.5211589970666044,0.5432649203371509
T1,CD8T,donor_id=1244,46,0.5199056703187175,0.5448614862461626
T1,CD8T,donor_id=1244,47,0.5265364982075066,0.5473161018368214
T1,CD8T,donor_id=1244,48,0.5112662654011844,0.5389304496311199
T1,CD8T,donor_id=1244,49,0.5096709930089183,0.5288371139339253
T1,CD8T,donor_id=1244,50,0.5256621383438592,0.5496770387883112
T1,CD8T,donor_id=1244,51,0.49309120196212913,0.5245987119201473
T1,CD8T,donor_id=1244,52,0.533929616152818,0.5563775188218969
T1,CD8T,donor_id=1244,53,0.519297295486391,0.5384336128380255
T1,CD8T,donor_id=1244,54,0.5395273415564817,0.5644464923265843
T1,CD8T,donor_id=1244,55,0.5191294543388071,0.5469343136518955
T1,CD8T,donor_id=1244,56,0.5096590831520783,0.5248366788758652
T1,CD8T,donor_id=1244,57,0.5301221118196353,0.5458967348458167
T1,CD8T,donor_id=1244,58,0.5394351817457936,0.5570452262415201
T1,CD8T,donor_id=1244,59,0.5075476300120456,0.5348279971230218
T1,CD8T,donor_id=1244,60,0.5152537424698425,0.5424760096551188
T1,CD8T,donor_id=1244,61,0.5063541551436527,0.5315517184015355
T1,CD8T,donor_id=1244,62,0.5300124017087787,0.5487460209417653
T1,CD8T,donor_id=1244,63,0.506043359329524,0.522868200200351
T1,CD8T,donor_id=1244,64,0.5220896173836034,0.5322339653877979
T1,CD8T,donor_id=1244,65,0.5091150075630352,0.5309411169155837
T1,CD8T,donor_id=1244,66,0.4819674067926728,0.5161515967841948
T1,CD8T,donor_id=1244,67,0.5272303551950396,0.5469965231763296
T1,CD8T,donor_id=1244,68,0.5137966054650965,0.5418958947769975
T1,CD8T,donor_id=1244,69,0.5376651665498886,0.5583192215176417
T1,CD8T,donor_id=1244,70,0.5216955872468463,0.5493705042390595
T1,CD8T,donor_id=1244,71,0.5232205179504772,0.5482327996105782
T1,CD8T,donor_id=1244,72,0.5528997932344039,0.5717663616740671
T1,CD8T,donor_id=1244,73,0.5395769073557803,0.5653413175964963
T1,CD8T,donor_id=1244,74,0.5185439125672199,0.5411880551335807
T1,CD8T,donor_id=1244,75,0.520255760490275,0.5398612670848261
T1,CD8T,donor_id=1244,76,0.5074479837049499,0.5422899885162493
T1,CD8T,donor_id=1244,77,0.4992420864424845,0.52718184015711
T1,CD8T,donor_id=1244,78,0.5270554837559633,0.5453859205523505
T1,CD8T,donor_id=1244,79,0.5099694922968857,0.5357159954834262
T1,CD8T,donor_id=1244,80,0.5008210356552258,0.5272320899067676
T1,CD8T,donor_id=1244,81,0.5181538099629907,0.5499741308112538
T1,CD8T,donor_id=1244,82,0.5264077264821378,0.550185955182237
T1,CD8T,donor_id=1244,83,0.5159246066919028,0.5338715520329542
T1,CD8T,donor_id=1244,84,0.5207731339584436,0.5425341359005247
T1,CD8T,donor_id=1244,85,0.5110278646121236,0.5313215712100057
T1,CD8T,donor_id=1244,86,0.520181733784013,0.5468584543405494
T1,CD8T,donor_id=1244,87,0.511936767867855,0.5269409861830773
T1,CD8T,donor_id=1244,88,0.531187577348034,0.5550775267275361
T1,CD8T,donor_id=1244,89,0.5039727613809668,0.5336067493568751
T1,CD8T,donor_id=1244,90,0.49747931575355886,0.5233441826540032
T1,CD8T,donor_id=1244,91,0.5069725533361046,0.5390212752803963
T1,CD8T,donor_id=1244,92,0.4837614043484831,0.5130389377633704
T1,CD8T,donor_id=1244,93,0.5209295644824057,0.542249598616023
T1,CD8T,donor_id=1244,94,0.49300855596514054,0.5205493451733376
T1,CD8T,donor_id=1244,95,0.5197253013369341,0.5485144541214932
T1,CD8T,donor_id=1244,96,0.5253777884387719,0.5499942576686687
T1,CD8T,donor_id=1244,97,0.5084837078530434,0.5306748451441993
T1,CD8T,donor_id=1244,98,0.486830929712836,0.5120569173023783
T1,CD8T,donor_id=1244,99,0.5138232139942625,0.5415954690707709
T1,CD8T,donor_id=1039,0,0.541496325201542,0.5720231280107172
T1,CD8T,donor_id=1039,1,0.5343125830031431,0.5552904377011891
T1,CD8T,donor_id=1039,2,0.5087836692708484,0.5282361643768987
T1,CD8T,donor_id=1039,3,0.511517099721512,0.5387123690153139
T1,CD8T,donor_id=1039,4,0.5535150340639371,0.5701108996087338
T1,CD8T,donor_id=1039,5,0.5349449205551315,0.5532831002175609
T1,CD8T,donor_id=1039,6,0.5049986831108868,0.535241942206333
T1,CD8T,donor_id=1039,7,0.5580096245410336,0.5796640016547461
T1,CD8T,donor_id=1039,8,0.5455472243586899,0.5668715173282864
T1,CD8T,donor_id=1039,9,0.5228199893280702,0.5464947836536888
T1,CD8T,donor_id=1039,10,0.538322013427391,0.5624752444514696
T1,CD8T,donor_id=1039,11,0.5668079185503763,0.5755765484052308
T1,CD8T,donor_id=1039,12,0.5507906042255394,0.5649977747762488
T1,CD8T,donor_id=1039,13,0.5328805230777914,0.5507173308527036
T1,CD8T,donor_id=1039,14,0.535016825372431,0.5581479485291826
T1,CD8T,donor_id=1039,15,0.5028952581518588,0.5256158108387269
T1,CD8T,donor_id=1039,16,0.5670893194943679,0.5855497644532158
T1,CD8T,donor_id=1039,17,0.5553684575299784,0.5681726460398318
T1,CD8T,donor_id=1039,18,0.5358002521034623,0.5573337727684704
T1,CD8T,donor_id=1039,19,0.5478861052312428,0.5651311816542459
T1,CD8T,donor_id=1039,20,0.5451891004246834,0.5608602298417918
T1,CD8T,donor_id=1039,21,0.5534482126849342,0.5719451572256423
T1,CD8T,donor_id=1039,22,0.555269039848619,0.5712969473494234
T1,CD8T,donor_id=1039,23,0.5292487329139162,0.554810157860637
T1,CD8T,donor_id=1039,24,0.5301473605925597,0.5421691407651222
T1,CD8T,donor_id=1039,25,0.5684450375486729,0.5849314124650625
T1,CD8T,donor_id=1039,26,0.5065316358873007,0.5356982295575402
T1,CD8T,donor_id=1039,27,0.5214215126379423,0.5417254455238882
T1,CD8T,donor_id=1039,28,0.5389465630840888,0.5593241925862079
T1,CD8T,donor_id=1039,29,0.5378417674795444,0.5606376847178243
T1,CD8T,donor_id=1039,30,0.545826292179977,0.5534994781315262
T1,CD8T,donor_id=1039,31,0.5482076207744812,0.5663726604309263
T1,CD8T,donor_id=1039,32,0.529046508984437,0.5447282780235293
T1,CD8T,donor_id=1039,33,0.5354244773250547,0.5500188248116212
T1,CD8T,donor_id=1039,34,0.5333913372560578,0.5479230107229449
T1,CD8T,donor_id=1039,35,0.5148019707627677,0.5314573918489021
T1,CD8T,donor_id=1039,36,0.5406301038917738,0.5626777266719485
T1,CD8T,donor_id=1039,37,0.5109988495300845,0.5229551831875221
T1,CD8T,donor_id=1039,38,0.5380336039040513,0.5527112857340504
T1,CD8T,donor_id=1039,39,0.5261359253238101,0.5491463193443524
T1,CD8T,donor_id=1039,40,0.5518012683074326,0.5679327352629244
T1,CD8T,donor_id=1039,41,0.5163339726360848,0.5344433898034825
T1,CD8T,donor_id=1039,42,0.48562466246156105,0.5220927143304259
T1,CD8T,donor_id=1039,43,0.5573263254306957,0.5738941611830942
T1,CD8T,donor_id=1039,44,0.5277058391564335,0.5509992238299022
T1,CD8T,donor_id=1039,45,0.5511472019353434,0.5759404129092239
T1,CD8T,donor_id=1039,46,0.5379427187900845,0.5568982231143262
T1,CD8T,donor_id=1039,47,0.5128101834012673,0.5396802161512664
T1,CD8T,donor_id=1039,48,0.5187182593097889,0.5423975171366263
T1,CD8T,donor_id=1039,49,0.5161361681659326,0.5334587792557379
T1,CD8T,donor_id=1039,50,0.5155402026394393,0.5423972227754609
T1,CD8T,donor_id=1039,51,0.5250195255770669,0.5464922986878938
T1,CD8T,donor_id=1039,52,0.5339568641515675,0.5509996613381846
T1,CD8T,donor_id=1039,53,0.5411498588961229,0.5619200423473333
T1,CD8T,donor_id=1039,54,0.5272276899797261,0.548239230525412
T1,CD8T,donor_id=1039,55,0.5346312551601583,0.5496276299249065
T1,CD8T,donor_id=1039,56,0.5303927516484491,0.5505265826317551
T1,CD8T,donor_id=1039,57,0.5270989723102413,0.5417309995749521
T1,CD8T,donor_id=1039,58,0.5557064535477406,0.5698159945608795
T1,CD8T,donor_id=1039,59,0.5383803703831292,0.5585266766933108
T1,CD8T,donor_id=1039,60,0.542676344640134,0.5601287322976758
T1,CD8T,donor_id=1039,61,0.5230248882695573,0.5453027031531231
T1,CD8T,donor_id=1039,62,0.5442267380958898,0.5709087063242642
T1,CD8T,donor_id=1039,63,0.551739018873423,0.5717240977791449
T1,CD8T,donor_id=1039,64,0.5546415538399931,0.5658666688764612
T1,CD8T,donor_id=1039,65,0.5402563424017491,0.5627369804442356
T1,CD8T,donor_id=1039,66,0.5370932359233384,0.5587699730244373
T1,CD8T,donor_id=1039,67,0.5250295705285913,0.5410762378861614
T1,CD8T,donor_id=1039,68,0.5475280498905476,0.5676652872164027
T1,CD8T,donor_id=1039,69,0.5297115036368394,0.5538708918099756
T1,CD8T,donor_id=1039,70,0.5706859632946485,0.5944452657525895
T1,CD8T,donor_id=1039,71,0.5408645260187115,0.570344732435529
T1,CD8T,donor_id=1039,72,0.5016410111539474,0.5192517934143429
T1,CD8T,donor_id=1039,73,0.5439419805839625,0.5617435850211487
T1,CD8T,donor_id=1039,74,0.546848941049446,0.5565604462663803
T1,CD8T,donor_id=1039,75,0.5536831053366957,0.5845440098523254
T1,CD8T,donor_id=1039,76,0.5232026830805419,0.5464879617990878
T1,CD8T,donor_id=1039,77,0.5101421047890037,0.5265529192027879
T1,CD8T,donor_id=1039,78,0.552756981071477,0.5703954807012125
T1,CD8T,donor_id=1039,79,0.5344362618605907,0.5539754077752204
T1,CD8T,donor_id=1039,80,0.5489962997435716,0.5685793182803424
T1,CD8T,donor_id=1039,81,0.5374398198369656,0.5564569705101842
T1,CD8T,donor_id=1039,82,0.5321985392473231,0.5458973900592444
T1,CD8T,donor_id=1039,83,0.5174237521851411,0.5418429707461071
T1,CD8T,donor_id=1039,84,0.536584244685304,0.5598588492429563
T1,CD8T,donor_id=1039,85,0.5338129852572182,0.5500016908371251
T1,CD8T,donor_id=1039,86,0.5443093929850067,0.5684095184293797
T1,CD8T,donor_id=1039,87,0.5302416726039688,0.5537793432707822
T1,CD8T,donor_id=1039,88,0.5284025692880733,0.5499709423508329
T1,CD8T,donor_id=1039,89,0.528563445961268,0.541577620925051
T1,CD8T,donor_id=1039,90,0.5568277817219857,0.5852205434931079
T1,CD8T,donor_id=1039,91,0.5389757199451839,0.5545073901277348
T1,CD8T,donor_id=1039,92,0.5552772719815227,0.5732866223968717
T1,CD8T,donor_id=1039,93,0.5449658586581012,0.5628957295549506
T1,CD8T,donor_id=1039,94,0.5377806146634168,0.5609982436944583
T1,CD8T,donor_id=1039,95,0.5674673208451912,0.5860224850156717
T1,CD8T,donor_id=1039,96,0.5438557908410588,0.562664109191043
T1,CD8T,donor_id=1039,97,0.5270135251287422,0.5492906551859397
T1,CD8T,donor_id=1039,98,0.5348841563896486,0.5509944963028737
T1,CD8T,donor_id=1039,99,0.5457003485602161,0.5626239769440781
T1,CD8T,donor_id=1016,0,0.7720071798765963,0.8048192637209314
T1,CD8T,donor_id=1016,1,0.758467048838059,0.7909959630382627
T1,CD8T,donor_id=1016,2,0.7738811203341943,0.8002997228856723
T1,CD8T,donor_id=1016,3,0.7544502173801942,0.7853924321713303
T1,CD8T,donor_id=1016,4,0.7586310284370728,0.7867251666752403
T1,CD8T,donor_id=1016,5,0.762721231305972,0.7994620362278828
T1,CD8T,donor_id=1016,6,0.7709057990512808,0.7963806907648586
T1,CD8T,donor_id=1016,7,0.7619239920330915,0.795769529008056
T1,CD8T,donor_id=1016,8,0.7523825654405556,0.7860910459007269
T1,CD8T,donor_id=1016,9,0.7673073392627258,0.7938974524329256
T1,CD8T,donor_id=1016,10,0.7671338722424927,0.7984373160105219
T1,CD8T,donor_id=1016,11,0.7620756172326213,0.7909542826380506
T1,CD8T,donor_id=1016,12,0.7572677126864005,0.7938417534873002
T1,CD8T,donor_id=1016,13,0.7675519710367655,0.7914538795484466
T1,CD8T,donor_id=1016,14,0.7629073198867281,0.795805749601042
T1,CD8T,donor_id=1016,15,0.7715979595959118,0.7983637368343147
T1,CD8T,donor_id=1016,16,0.7675512985057485,0.797929878736124
T1,CD8T,donor_id=1016,17,0.7641931794417809,0.7935139738846214
T1,CD8T,donor_id=1016,18,0.7651188986625724,0.7880461780707255
T1,CD8T,donor_id=1016,19,0.7705975682566846,0.7968233755441502
T1,CD8T,donor_id=1016,20,0.7588885193438603,0.7868519935037195
T1,CD8T,donor_id=1016,21,0.7580866936896005,0.7950879888133833
T1,CD8T,donor_id=1016,22,0.7831406897845046,0.8102612189879574
T1,CD8T,donor_id=1016,23,0.7658412873933237,0.8039363505793352
T1,CD8T,donor_id=1016,24,0.7578552567236984,0.7921453746410907
T1,CD8T,donor_id=1016,25,0.7658499823001008,0.7895779730734831
T1,CD8T,donor_id=1016,26,0.7673027383304426,0.7927823678916238
T1,CD8T,donor_id=1016,27,0.760902362638567,0.7976190251032019
T1,CD8T,donor_id=1016,28,0.7679704602116937,0.796287901251622
T1,CD8T,donor_id=1016,29,0.7749335086042285,0.8026688687625948
T1,CD8T,donor_id=1016,30,0.7659932079011385,0.7924306013929252
T1,CD8T,donor_id=1016,31,0.7701983853604323,0.7986690186894262
T1,CD8T,donor_id=1016,32,0.7711633113530135,0.7978912914300506
T1,CD8T,donor_id=1016,33,0.7686246380496468,0.7967215485237042
T1,CD8T,donor_id=1016,34,0.767020421895376,0.796686696771936
T1,CD8T,donor_id=1016,35,0.7661585340599762,0.7965738350742523
T1,CD8T,donor_id=1016,36,0.7680970812731615,0.7889486386248159
T1,CD8T,donor_id=1016,37,0.7622524292129548,0.7989852674883843
T1,CD8T,donor_id=1016,38,0.7660564960621928,0.7946989355414218
T1,CD8T,donor_id=1016,39,0.7624389602874289,0.7983034350849024
T1,CD8T,donor_id=1016,40,0.7691162062728345,0.7995329839361802
T1,CD8T,donor_id=1016,41,0.7758869173869858,0.8052215916711571
T1,CD8T,donor_id=1016,42,0.7713077523184898,0.7964552911898573
T1,CD8T,donor_id=1016,43,0.7609657066463896,0.7897310111898
T1,CD8T,donor_id=1016,44,0.7558072199707773,0.7910933402786504
T1,CD8T,donor_id=1016,45,0.7787378927094757,0.8033540068987506
T1,CD8T,donor_id=1016,46,0.7685562375333044,0.7982082955544249
T1,CD8T,donor_id=1016,47,0.7637041501490963,0.7965406764520196
T1,CD8T,donor_id=1016,48,0.7739946275679421,0.8040569727486458
T1,CD8T,donor_id=1016,49,0.760403296651811,0.7929329408387306
T1,CD8T,donor_id=1016,50,0.7577940197027889,0.7860654338127713
T1,CD8T,donor_id=1016,51,0.7677702098816994,0.8004424097475487
T1,CD8T,donor_id=1016,52,0.7610268184892929,0.7898388226635156
T1,CD8T,donor_id=1016,53,0.7795142966195764,0.8097751758878333
T1,CD8T,donor_id=1016,54,0.7684943548284674,0.7926715992179418
T1,CD8T,donor_id=1016,55,0.7728438248528051,0.8007433200332207
T1,CD8T,donor_id=1016,56,0.7708837039452302,0.7969446167917084
T1,CD8T,donor_id=1016,57,0.7698479781317594,0.7961661201855696
T1,CD8T,donor_id=1016,58,0.7695554896893276,0.8015055953163781
T1,CD8T,donor_id=1016,59,0.7670884473773243,0.7979809004848336
T1,CD8T,donor_id=1016,60,0.7611287709001112,0.792400177852941
T1,CD8T,donor_id=1016,61,0.769603032031434,0.8059434897254898
T1,CD8T,donor_id=1016,62,0.768987866471287,0.7979262455789042
T1,CD8T,donor_id=1016,63,0.7639193502591665,0.7943105388991792
T1,CD8T,donor_id=1016,64,0.774145818201356,0.8103635789005825
T1,CD8T,donor_id=1016,65,0.7596964984090804,0.7915351081253278
T1,CD8T,donor_id=1016,66,0.7613284400453211,0.7940305332507591
T1,CD8T,donor_id=1016,67,0.7536285982514195,0.784931776422381
T1,CD8T,donor_id=1016,68,0.7648906503899822,0.7969211396047963
T1,CD8T,donor_id=1016,69,0.7787591506850826,0.8108065891092798
T1,CD8T,donor_id=1016,70,0.771465399613385,0.8045901469157946
T1,CD8T,donor_id=1016,71,0.7705722996935485,0.8017629437373044
T1,CD8T,donor_id=1016,72,0.7692421288576635,0.7937197282958177
T1,CD8T,donor_id=1016,73,0.7775093844846358,0.8077152529012093
T1,CD8T,donor_id=1016,74,0.7781039107318619,0.8053257001152431
T1,CD8T,donor_id=1016,75,0.7646686190026158,0.7920877003568212
T1,CD8T,donor_id=1016,76,0.761908612325262,0.796753848817882
T1,CD8T,donor_id=1016,77,0.7633280007969441,0.7947184792415126
T1,CD8T,donor_id=1016,78,0.7490276984528859,0.7790780156968365
T1,CD8T,donor_id=1016,79,0.7555662136916146,0.7879300957158959
T1,CD8T,donor_id=1016,80,0.773237472695467,0.8008332859702806
T1,CD8T,donor_id=1016,81,0.7666191242000836,0.7937280310978734
T1,CD8T,donor_id=1016,82,0.7494405199348295,0.7815485695052818
T1,CD8T,donor_id=1016,83,0.7532767813364872,0.7904189800394279
T1,CD8T,donor_id=1016,84,0.7723091788972121,0.8076919702446194
T1,CD8T,donor_id=1016,85,0.7564638583801895,0.7896535378730432
T1,CD8T,donor_id=1016,86,0.7799020120841068,0.8034517184072523
T1,CD8T,donor_id=1016,87,0.7616701026883917,0.7984651464005649
T1,CD8T,donor_id=1016,88,0.7595987499121415,0.7932270736913452
T1,CD8T,donor_id=1016,89,0.7663231227923031,0.8007610343393357
T1,CD8T,donor_id=1016,90,0.7708063466789338,0.7975842610718948
T1,CD8T,donor_id=1016,91,0.7718945400405189,0.8014025586452054
T1,CD8T,donor_id=1016,92,0.7601925923272269,0.7873273239101446
T1,CD8T,donor_id=1016,93,0.7599711714633103,0.8007704566654984
T1,CD8T,donor_id=1016,94,0.7748068597138291,0.8020449413932154
T1,CD8T,donor_id=1016,95,0.7633665339640441,0.7948881585284535
T1,CD8T,donor_id=1016,96,0.761566811747617,0.7906261689721815
T1,CD8T,donor_id=1016,97,0.7670959566814306,0.7984392756406781
T1,CD8T,donor_id=1016,98,0.7658787167064123,0.7953001423042725
T1,CD8T,donor_id=1016,99,0.762955250779461,0.7995130334103535
T1,CD8T,donor_id=1488,0,0.6277213874069366,0.653076510370577
T1,CD8T,donor_id=1488,1,0.5960568998286858,0.6219473207733137
T1,CD8T,donor_id=1488,2,0.6474461075086219,0.6693786668836389
T1,CD8T,donor_id=1488,3,0.6468004254851635,0.671787396932205
T1,CD8T,donor_id=1488,4,0.6405469268467597,0.6634446320257696
T1,CD8T,donor_id=1488,5,0.6401466213512985,0.6615855848980844
T1,CD8T,donor_id=1488,6,0.6387513372684955,0.6602768752254162
T1,CD8T,donor_id=1488,7,0.6141921323549066,0.6417429039319786
T1,CD8T,donor_id=1488,8,0.6340145617004623,0.6576483720279873
T1,CD8T,donor_id=1488,9,0.6249382263031862,0.6509368605673976
T1,CD8T,donor_id=1488,10,0.6218545629417722,0.6580046223518299
T1,CD8T,donor_id=1488,11,0.6405861301326196,0.658648381761872
T1,CD8T,donor_id=1488,12,0.6543195285679659,0.6744429341466922
T1,CD8T,donor_id=1488,13,0.6287097455589727,0.6470057322339914
T1,CD8T,donor_id=1488,14,0.624888790550027,0.650480145746473
T1,CD8T,donor_id=1488,15,0.6290875684621681,0.656449589620217
T1,CD8T,donor_id=1488,16,0.6539750163564686,0.6763634589131744
T1,CD8T,donor_id=1488,17,0.6375069909621603,0.6571357973314681
T1,CD8T,donor_id=1488,18,0.6275044136519647,0.6498410790863466
T1,CD8T,donor_id=1488,19,0.6162787348758658,0.6509782916919103
T1,CD8T,donor_id=1488,20,0.6375114501109467,0.6612094787354471
T1,CD8T,donor_id=1488,21,0.637362192846275,0.6656361960800101
T1,CD8T,donor_id=1488,22,0.636650272319143,0.6587887883217198
T1,CD8T,donor_id=1488,23,0.6253596005462537,0.6490116187471003
T1,CD8T,donor_id=1488,24,0.6282337583236522,0.6589025998366292
T1,CD8T,donor_id=1488,25,0.6218148080523415,0.6464835210691303
T1,CD8T,donor_id=1488,26,0.6294497033029195,0.6562602256014973
T1,CD8T,donor_id=1488,27,0.6464868599907271,0.6684806127257633
T1,CD8T,donor_id=1488,28,0.6066454997463391,0.6437842249982134
T1,CD8T,donor_id=1488,29,0.6440977242387251,0.665532517050705
T1,CD8T,donor_id=1488,30,0.5974982277414501,0.6269422127824927
T1,CD8T,donor_id=1488,31,0.61362484256567,0.6342069178520049
T1,CD8T,donor_id=1488,32,0.6271524312576494,0.6521346277107256
T1,CD8T,donor_id=1488,33,0.6417515450733463,0.6595135829542281
T1,CD8T,donor_id=1488,34,0.6315208098762447,0.6550515033045097
T1,CD8T,donor_id=1488,35,0.649700984584783,0.6779012044179371
T1,CD8T,donor_id=1488,36,0.6160716919203253,0.6393190329173821
T1,CD8T,donor_id=1488,37,0.6468376070760842,0.6704544156845508
T1,CD8T,donor_id=1488,38,0.6358390192625624,0.6644182982820246
T1,CD8T,donor_id=1488,39,0.6373125058828353,0.6683406613406156
T1,CD8T,donor_id=1488,40,0.6412805398918151,0.6613737382965745
T1,CD8T,donor_id=1488,41,0.6424383711903443,0.666336943525944
T1,CD8T,donor_id=1488,42,0.6321403568527197,0.6646886617695875
T1,CD8T,donor_id=1488,43,0.6465566183286893,0.6650222798590933
T1,CD8T,donor_id=1488,44,0.6435729871087611,0.6780665547767744
T1,CD8T,donor_id=1488,45,0.6406140224234809,0.6635115547257394
T1,CD8T,donor_id=1488,46,0.639293940923593,0.6612447127863081
T1,CD8T,donor_id=1488,47,0.6357157654222545,0.6641893228152588
T1,CD8T,donor_id=1488,48,0.6369777428767168,0.6530543549847225
T1,CD8T,donor_id=1488,49,0.6355793217998219,0.6630137914490662
T1,CD8T,donor_id=1488,50,0.6364791793240614,0.6607962362064281
T1,CD8T,donor_id=1488,51,0.6444739171706514,0.6706582288685516
T1,CD8T,donor_id=1488,52,0.6459523852432524,0.6739712475768281
T1,CD8T,donor_id=1488,53,0.6145498417534201,0.6341572143743816
T1,CD8T,donor_id=1488,54,0.6295346929583635,0.650636280777374
T1,CD8T,donor_id=1488,55,0.6253888158184024,0.6507075680342407
T1,CD8T,donor_id=1488,56,0.6179653390292894,0.6467383206142547
T1,CD8T,donor_id=1488,57,0.6142077872946777,0.6413488966825085
T1,CD8T,donor_id=1488,58,0.6176706578420645,0.6487221587582984
T1,CD8T,donor_id=1488,59,0.6182533146323812,0.6567362411084292
T1,CD8T,donor_id=1488,60,0.6149840566536403,0.6420998908228184
T1,CD8T,donor_id=1488,61,0.6291564835746143,0.6548619494979169
T1,CD8T,donor_id=1488,62,0.6414429088491452,0.6674658315348748
T1,CD8T,donor_id=1488,63,0.6236076316956763,0.6525505549487666
T1,CD8T,donor_id=1488,64,0.6253387195826074,0.6473076282711531
T1,CD8T,donor_id=1488,65,0.6218344324081341,0.6490376119503563
T1,CD8T,donor_id=1488,66,0.623574827237862,0.6413308839391166
T1,CD8T,donor_id=1488,67,0.6405648536229956,0.6613976930637377
T1,CD8T,donor_id=1488,68,0.6264895066299888,0.6563569738294893
T1,CD8T,donor_id=1488,69,0.6116677626744653,0.6328305618975519
T1,CD8T,donor_id=1488,70,0.6190991751342743,0.640679145375593
T1,CD8T,donor_id=1488,71,0.6396992360722047,0.6605135777846283
T1,CD8T,donor_id=1488,72,0.6520392706660946,0.6695259256219261
T1,CD8T,donor_id=1488,73,0.6384136042024822,0.6580572606586094
T1,CD8T,donor_id=1488,74,0.6119424738660163,0.6344725050720855
T1,CD8T,donor_id=1488,75,0.6310450845606229,0.6690141747370101
T1,CD8T,donor_id=1488,76,0.619221762689864,0.6470273832258597
T1,CD8T,donor_id=1488,77,0.6053655167808316,0.6323376535582339
T1,CD8T,donor_id=1488,78,0.6427629095610856,0.6644291664991653
T1,CD8T,donor_id=1488,79,0.6349951834141337,0.658016384211511
T1,CD8T,donor_id=1488,80,0.6168220578484378,0.6396253078308823
T1,CD8T,donor_id=1488,81,0.6235640654368795,0.650608979259424
T1,CD8T,donor_id=1488,82,0.6295297204527582,0.6475116410207602
T1,CD8T,donor_id=1488,83,0.6228033986970816,0.6542353056786044
T1,CD8T,donor_id=1488,84,0.6583963631781176,0.6799967436706041
T1,CD8T,donor_id=1488,85,0.6379944725515277,0.6671956507309881
T1,CD8T,donor_id=1488,86,0.604567036644384,0.6367847116277652
T1,CD8T,donor_id=1488,87,0.645925603679256,0.6625475144976419
T1,CD8T,donor_id=1488,88,0.6351291580180713,0.6575709766753539
T1,CD8T,donor_id=1488,89,0.6527587855506153,0.6791507740625352
T1,CD8T,donor_id=1488,90,0.6304759089498679,0.6523469278419358
T1,CD8T,donor_id=1488,91,0.6361417992215167,0.6599305350977551
T1,CD8T,donor_id=1488,92,0.6273959038215549,0.6477839356488377
T1,CD8T,donor_id=1488,93,0.5794015230122405,0.6149675551723933
T1,CD8T,donor_id=1488,94,0.6198330119609168,0.6499495147771529
T1,CD8T,donor_id=1488,95,0.6352779997548814,0.6668356547523812
T1,CD8T,donor_id=1488,96,0.6319685159648709,0.6561156070736204
T1,CD8T,donor_id=1488,97,0.6484503996184162,0.6692882177225797
T1,CD8T,donor_id=1488,98,0.6161874462724456,0.6453104090635847
T1,CD8T,donor_id=1488,99,0.6255498469383709,0.660433582802851
T1,CD8T,donor_id=107,0,0.2736802931777084,0.284930616688746
T1,CD8T,donor_id=107,1,0.3038653326437523,0.3169048834088398
T1,CD8T,donor_id=107,2,0.2794193487977245,0.29435212201647803
T1,CD8T,donor_id=107,3,0.29884776038839844,0.3093683491372135
T1,CD8T,donor_id=107,4,0.27956864691381866,0.28812975068891744
T1,CD8T,donor_id=107,5,0.28549796604341143,0.30277526289226314
T1,CD8T,donor_id=107,6,0.27165349342652395,0.28695813398268905
T1,CD8T,donor_id=107,7,0.344636534140814,0.3529090892754366
T1,CD8T,donor_id=107,8,0.33183032768517395,0.3505967221466795
T1,CD8T,donor_id=107,9,0.2983283803787953,0.3161561633952909
T1,CD8T,donor_id=107,10,0.2879525589748285,0.3050331535873863
T1,CD8T,donor_id=107,11,0.28976542856540916,0.29181657253348775
T1,CD8T,donor_id=107,12,0.2783006669684125,0.29688528693928196
T1,CD8T,donor_id=107,13,0.3449955765430155,0.3575348438395983
T1,CD8T,donor_id=107,14,0.31115882266301637,0.3252338817553509
T1,CD8T,donor_id=107,15,0.2771850553205357,0.285824716557549
T1,CD8T,donor_id=107,16,0.2751823634243466,0.2856048761927334
T1,CD8T,donor_id=107,17,0.2909016022613283,0.303682177864003
T1,CD8T,donor_id=107,18,0.27081067471463327,0.2808574748996399
T1,CD8T,donor_id=107,19,0.2869509509867357,0.3027333481306551
T1,CD8T,donor_id=107,20,0.3435902431352439,0.35727954454464733
T1,CD8T,donor_id=107,21,0.31944288251244485,0.3428353615283533
T1,CD8T,donor_id=107,22,0.298105197207242,0.300566191117228
T1,CD8T,donor_id=107,23,0.2533674476927384,0.2682249325113717
T1,CD8T,donor_id=107,24,0.2817069912685237,0.295993440425538
T1,CD8T,donor_id=107,25,0.2986338274610647,0.3126374903791941
T1,CD8T,donor_id=107,26,0.29450790576580327,0.30330695111022804
T1,CD8T,donor_id=107,27,0.3146571221765249,0.3287470954896046
T1,CD8T,donor_id=107,28,0.3280420867212371,0.33233662010083553
T1,CD8T,donor_id=107,29,0.2813046370372504,0.28757874501326897
T1,CD8T,donor_id=107,30,0.27509413020846696,0.2931144559922497
T1,CD8T,donor_id=107,31,0.2671718899998189,0.2758592956682102
T1,CD8T,donor_id=107,32,0.3098454460393525,0.32140867374039395
T1,CD8T,donor_id=107,33,0.24999609622079305,0.2672615234318795
T1,CD8T,donor_id=107,34,0.3118808218826635,0.32821762389483533
T1,CD8T,donor_id=107,35,0.2994611146702658,0.3166674161631577
T1,CD8T,donor_id=107,36,0.2955336082546546,0.3104046417423699
T1,CD8T,donor_id=107,37,0.26493071862539885,0.28216719162808274
T1,CD8T,donor_id=107,38,0.33166290273738874,0.3434776253884781
T1,CD8T,donor_id=107,39,0.3145071238515502,0.32866737929121403
T1,CD8T,donor_id=107,40,0.33538430433216093,0.34378040671569016
T1,CD8T,donor_id=107,41,0.2651601217839351,0.2795836019577292
T1,CD8T,donor_id=107,42,0.31327068791722323,0.3268977674404551
T1,CD8T,donor_id=107,43,0.2838398904871569,0.29476292259800946
T1,CD8T,donor_id=107,44,0.29904950269508224,0.3139742820857096
T1,CD8T,donor_id=107,45,0.30825389779531004,0.3133212665515128
T1,CD8T,donor_id=107,46,0.3061996754024074,0.3192579056030411
T1,CD8T,donor_id=107,47,0.31093285403262605,0.31713494745143855
T1,CD8T,donor_id=107,48,0.26685964786873784,0.2773055532782382
T1,CD8T,donor_id=107,49,0.3106105216735143,0.3232913308964725
T1,CD8T,donor_id=107,50,0.3203639419359372,0.3363134282246981
T1,CD8T,donor_id=107,51,0.29214102820649956,0.29890425161463446
T1,CD8T,donor_id=107,52,0.3561065490079859,0.36666401253288
T1,CD8T,donor_id=107,53,0.2886067116978699,0.29754950267642355
T1,CD8T,donor_id=107,54,0.3626324326051345,0.3711290601136542
T1,CD8T,donor_id=107,55,0.2850683216103015,0.3049525138524615
T1,CD8T,donor_id=107,56,0.26352034983354594,0.2804325965185052
T1,CD8T,donor_id=107,57,0.33165402098046987,0.3347496511737892
T1,CD8T,donor_id=107,58,0.2823610466977039,0.2974796802141753
T1,CD8T,donor_id=107,59,0.3165991425511276,0.3296010705347611
T1,CD8T,donor_id=107,60,0.2635570920073265,0.2785060609574095
T1,CD8T,donor_id=107,61,0.3077761221264869,0.31230389048491464
T1,CD8T,donor_id=107,62,0.2737679705359135,0.28836876550894175
T1,CD8T,donor_id=107,63,0.32515035932880254,0.33212716668792086
T1,CD8T,donor_id=107,64,0.31121652948423295,0.32497861550743595
T1,CD8T,donor_id=107,65,0.3235502365832231,0.33589763006542694
T1,CD8T,donor_id=107,66,0.28847077356406137,0.30321091690195434
T1,CD8T,donor_id=107,67,0.30845900826295597,0.3152059603169817
T1,CD8T,donor_id=107,68,0.2918910578709492,0.30261820337638184
T1,CD8T,donor_id=107,69,0.30785892389366004,0.32501343140796146
T1,CD8T,donor_id=107,70,0.32238642015338503,0.3297730188046029
T1,CD8T,donor_id=107,71,0.28983636555495335,0.3099675362857121
T1,CD8T,donor_id=107,72,0.2905362119142535,0.29584904253359834
T1,CD8T,donor_id=107,73,0.31100344037696526,0.3283613679001299
T1,CD8T,donor_id=107,74,0.3010238065151692,0.3116066764731296
T1,CD8T,donor_id=107,75,0.3129239173435483,0.3245696088175211
T1,CD8T,donor_id=107,76,0.290031129315047,0.2958125591043279
T1,CD8T,donor_id=107,77,0.3107391236684663,0.3274073910779757
T1,CD8T,donor_id=107,78,0.29151116916237074,0.3066308787451471
T1,CD8T,donor_id=107,79,0.2937234578247583,0.3032951692976622
T1,CD8T,donor_id=107,80,0.3313619956671871,0.34126837336658794
T1,CD8T,donor_id=107,81,0.2978402890820543,0.3112239824045999
T1,CD8T,donor_id=107,82,0.3032366785125933,0.3239180552984588
T1,CD8T,donor_id=107,83,0.303051753019015,0.3162761025614154
T1,CD8T,donor_id=107,84,0.2840786185643788,0.3057946452188226
T1,CD8T,donor_id=107,85,0.2771293962197723,0.2821565499390654
T1,CD8T,donor_id=107,86,0.31105942375705936,0.31562265448352705
T1,CD8T,donor_id=107,87,0.2907762578028034,0.3039178331004577
T1,CD8T,donor_id=107,88,0.2867920021657592,0.2979709167039358
T1,CD8T,donor_id=107,89,0.2894730313747086,0.3077570505992796
T1,CD8T,donor_id=107,90,0.337535288725371,0.3477781380536325
T1,CD8T,donor_id=107,91,0.29481593001706313,0.30503713544886124
T1,CD8T,donor_id=107,92,0.2823680554075878,0.2903048267514068
T1,CD8T,donor_id=107,93,0.25672956614347964,0.266314910918377
T1,CD8T,donor_id=107,94,0.28654893291309774,0.30065613142115155
T1,CD8T,donor_id=107,95,0.31134506691754343,0.31814521712798516
T1,CD8T,donor_id=107,96,0.275411701109022,0.2925465279100513
T1,CD8T,donor_id=107,97,0.33064757567311276,0.35056759251777386
T1,CD8T,donor_id=107,98,0.3264566339044826,0.33965423662177213
T1,CD8T,donor_id=107,99,0.2686852317767283,0.2916316260323252
T1,DC,donor_id=1488,0,0.8735963551037099,0.9001787233195309
T1,DC,donor_id=1488,1,0.8785304780611326,0.895506902083037
T1,DC,donor_id=1488,2,0.8674861435331233,0.8939657487665662
T1,DC,donor_id=1488,3,0.8830978880440623,0.9030136691760444
T1,DC,donor_id=1488,4,0.8758118825818275,0.897276198461615
T1,DC,donor_id=1488,5,0.8749457343482395,0.9030416940802932
T1,DC,donor_id=1488,6,0.8719839515789133,0.8980257144068425
T1,DC,donor_id=1488,7,0.8712895186678712,0.8899663284476922
T1,DC,donor_id=1488,8,0.8863214087769113,0.9066843821891822
T1,DC,donor_id=1488,9,0.8635362937260711,0.8976909343050945
T1,DC,donor_id=1488,10,0.869891242846834,0.8936201163580024
T1,DC,donor_id=1488,11,0.8716415576933106,0.8949111000007087
T1,DC,donor_id=1488,12,0.8712202272429144,0.9068681737887385
T1,DC,donor_id=1488,13,0.8667468195181617,0.9021820150117047
T1,DC,donor_id=1488,14,0.8667991994802128,0.8932176827669533
T1,DC,donor_id=1488,15,0.8793492141286966,0.9049823400426319
T1,DC,donor_id=1488,16,0.8609700517197392,0.8814941213199192
T1,DC,donor_id=1488,17,0.8557954203034379,0.8877584741897977
T1,DC,donor_id=1488,18,0.8743920748017977,0.8882589855086533
T1,DC,donor_id=1488,19,0.881770107941004,0.9058218393065304
T1,DC,donor_id=1488,20,0.8823546283411493,0.8994301083731215
T1,DC,donor_id=1488,21,0.8421874083374206,0.8890480308311777
T1,DC,donor_id=1488,22,0.8600065500946195,0.8914777351888903
T1,DC,donor_id=1488,23,0.8595052415428983,0.8776599794450712
T1,DC,donor_id=1488,24,0.8576595396616621,0.8930012282618129
T1,DC,donor_id=1488,25,0.8670605130489434,0.900330251175287
T1,DC,donor_id=1488,26,0.8796942097206151,0.8998625411015667
T1,DC,donor_id=1488,27,0.8757445696297128,0.903061629691508
T1,DC,donor_id=1488,28,0.8819937849723292,0.9094415870810437
T1,DC,donor_id=1488,29,0.8746727967708761,0.8991007818919833
T1,DC,donor_id=1488,30,0.8777836285543369,0.8987455122903668
T1,DC,donor_id=1488,31,0.8708187045499017,0.8912339031625894
T1,DC,donor_id=1488,32,0.8438050231143269,0.8700730046037055
T1,DC,donor_id=1488,33,0.8521340549461428,0.8788048314599556
T1,DC,donor_id=1488,34,0.8732273731972419,0.8904830574153227
T1,DC,donor_id=1488,35,0.8728196067192664,0.8938421598514201
T1,DC,donor_id=1488,36,0.8862829782175852,0.9072314178214282
T1,DC,donor_id=1488,37,0.878751703968325,0.8987906754397005
T1,DC,donor_id=1488,38,0.8742837985874629,0.8951799566836526
T1,DC,donor_id=1488,39,0.880100841177441,0.9067317560978643
T1,DC,donor_id=1488,40,0.8741520030565307,0.9021495442253289
T1,DC,donor_id=1488,41,0.8709887379639951,0.8944543865907663
T1,DC,donor_id=1488,42,0.8722542217389414,0.8988990097123255
T1,DC,donor_id=1488,43,0.8738941381383478,0.8956153897450837
T1,DC,donor_id=1488,44,0.8587310687643263,0.8921893172809433
T1,DC,donor_id=1488,45,0.8659662416658637,0.8882965531394934
T1,DC,donor_id=1488,46,0.874787972522844,0.8996101268839238
T1,DC,donor_id=1488,47,0.8778941606180144,0.90278970694994
T1,DC,donor_id=1488,48,0.8370894774518283,0.8576957448244668
T1,DC,donor_id=1488,49,0.8782315882518479,0.8992060760864273
T1,DC,donor_id=1488,50,0.8725128322946261,0.899691276440188
T1,DC,donor_id=1488,51,0.8526246353458486,0.8888649413768337
T1,DC,donor_id=1488,52,0.8434739167654495,0.8830981397987001
T1,DC,donor_id=1488,53,0.8698281776673686,0.8957552914163032
T1,DC,donor_id=1488,54,0.8377749104873365,0.8735108442050802
T1,DC,donor_id=1488,55,0.8897873859266974,0.9104896313961582
T1,DC,donor_id=1488,56,0.8775127492770096,0.9082738834309274
T1,DC,donor_id=1488,57,0.8809688127749896,0.9032179212949714
T1,DC,donor_id=1488,58,0.8713493576868542,0.893388813782336
T1,DC,donor_id=1488,59,0.8580357708747499,0.8780493111079236
T1,DC,donor_id=1488,60,0.8583429322777403,0.8691463946556649
T1,DC,donor_id=1488,61,0.8676139673016718,0.897556274930638
T1,DC,donor_id=1488,62,0.8829257920355548,0.9057360668984612
T1,DC,donor_id=1488,63,0.86352351605945,0.8828983487205215
T1,DC,donor_id=1488,64,0.8771973713893056,0.898514131348334
T1,DC,donor_id=1488,65,0.8660058868845688,0.893718446302384
T1,DC,donor_id=1488,66,0.8580001919874557,0.8992966556382375
T1,DC,donor_id=1488,67,0.8608151987636782,0.8865570467157476
T1,DC,donor_id=1488,68,0.8660106875888404,0.8859470146994283
T1,DC,donor_id=1488,69,0.885041656352753,0.9059299476670403
T1,DC,donor_id=1488,70,0.871630179427272,0.8889933014103908
T1,DC,donor_id=1488,71,0.8782777042147113,0.9020734012362278
T1,DC,donor_id=1488,72,0.8717124744491448,0.8978505057734387
T1,DC,donor_id=1488,73,0.8712622471062249,0.8939910864677902
T1,DC,donor_id=1488,74,0.857947816902126,0.884099689421723
T1,DC,donor_id=1488,75,0.859880712938368,0.8926819914965511
T1,DC,donor_id=1488,76,0.8567475053997118,0.8954440676762166
T1,DC,donor_id=1488,77,0.8859457710058988,0.9081760782698454
T1,DC,donor_id=1488,78,0.8821185341239868,0.9028977910483078
T1,DC,donor_id=1488,79,0.8799418215114253,0.8989136204855008
T1,DC,donor_id=1488,80,0.8292235186925526,0.8456966211234218
T1,DC,donor_id=1488,81,0.8657379871655182,0.8938102068288619
T1,DC,donor_id=1488,82,0.8754154168509142,0.8960335714121087
T1,DC,donor_id=1488,83,0.8623009269886569,0.8828138140248378
T1,DC,donor_id=1488,84,0.8706900239417595,0.8949663494945215
T1,DC,donor_id=1488,85,0.8595189611212319,0.8913094857994689
T1,DC,donor_id=1488,86,0.8573230497057666,0.8864996196630969
T1,DC,donor_id=1488,87,0.8563317034859034,0.8651172514426734
T1,DC,donor_id=1488,88,0.8737395035487348,0.8989698145262401
T1,DC,donor_id=1488,89,0.8712518067975799,0.8990125949571015
T1,DC,donor_id=1488,90,0.8773547729195311,0.8989419553065113
T1,DC,donor_id=1488,91,0.8820177573127612,0.906048164919826
T1,DC,donor_id=1488,92,0.8578241469648755,0.9019298175561621
T1,DC,donor_id=1488,93,0.8760952747871885,0.8952521246869871
T1,DC,donor_id=1488,94,0.8741643364558468,0.9009340984320455
T1,DC,donor_id=1488,95,0.8774553374757894,0.9034257350368355
T1,DC,donor_id=1488,96,0.8782390143949247,0.8980585423707332
T1,DC,donor_id=1488,97,0.874124836443806,0.89663887251323
T1,DC,donor_id=1488,98,0.8121719654137071,0.8417439850012948
T1,DC,donor_id=1488,99,0.8301387197198624,0.8614392321609416
T1,DC,donor_id=101,0,0.7811131564051575,0.7865539988238492
T1,DC,donor_id=101,1,0.7906359972044329,0.8042643449919904
T1,DC,donor_id=101,2,0.7960847854883135,0.8125635125327934
T1,DC,donor_id=101,3,0.7763276859851291,0.7978628477562838
T1,DC,donor_id=101,4,0.7910167532806028,0.8076439519602959
T1,DC,donor_id=101,5,0.8107317983213679,0.8416031439839234
T1,DC,donor_id=101,6,0.8163184663609189,0.8394648017746061
T1,DC,donor_id=101,7,0.7773607376782221,0.8106824534391661
T1,DC,donor_id=101,8,0.7907111748427954,0.8054021253354987
T1,DC,donor_id=101,9,0.7892819769738713,0.8156090535488648
T1,DC,donor_id=101,10,0.8095219250010034,0.8357528934399279
T1,DC,donor_id=101,11,0.7937658131768265,0.8121426910065728
T1,DC,donor_id=101,12,0.7773146155809727,0.8194818802167282
T1,DC,donor_id=101,13,0.8067350177534334,0.8185814969834003
T1,DC,donor_id=101,14,0.7668824744955729,0.8165421097049369
T1,DC,donor_id=101,15,0.7983910479885313,0.819065638882913
T1,DC,donor_id=101,16,0.7952853767610157,0.8155524474149427
T1,DC,donor_id=101,17,0.7321622676227708,0.775817474120522
T1,DC,donor_id=101,18,0.7835045788086509,0.7804176442880388
T1,DC,donor_id=101,19,0.8009147896048568,0.830794815328989
T1,DC,donor_id=101,20,0.7653035839895547,0.8059149693435356
T1,DC,donor_id=101,21,0.7809749573402114,0.8202580262975382
T1,DC,donor_id=101,22,0.7998455491747416,0.8250925647707857
T1,DC,donor_id=101,23,0.7978763154476008,0.8307140700891761
T1,DC,donor_id=101,24,0.723263099542853,0.7555673377286648
T1,DC,donor_id=101,25,0.777873365134403,0.8214932179699489
T1,DC,donor_id=101,26,0.7776123976147609,0.8091357581852248
T1,DC,donor_id=101,27,0.7923705746210836,0.8140318202599266
T1,DC,donor_id=101,28,0.8054387117930188,0.8239529841614367
T1,DC,donor_id=101,29,0.7927834802960123,0.7966497199788288
T1,DC,donor_id=101,30,0.7907204530365646,0.8248629482312716
T1,DC,donor_id=101,31,0.7317127297045333,0.7507441960039459
T1,DC,donor_id=101,32,0.7749851735885408,0.7991776786538415
T1,DC,donor_id=101,33,0.773770596383332,0.7948195953744772
T1,DC,donor_id=101,34,0.7691786972620309,0.7859278946800585
T1,DC,donor_id=101,35,0.7999495701670487,0.8232494499591316
T1,DC,donor_id=101,36,0.7573088382298957,0.7833667636117952
T1,DC,donor_id=101,37,0.8027387875846358,0.8240429352879919
T1,DC,donor_id=101,38,0.7967408829479224,0.8220630555595507
T1,DC,donor_id=101,39,0.8038296809794031,0.8225743944766026
T1,DC,donor_id=101,40,0.781262059116288,0.8072013885648861
T1,DC,donor_id=101,41,0.8180006571750197,0.8395594097502034
T1,DC,donor_id=101,42,0.811678050093213,0.8339679049469834
T1,DC,donor_id=101,43,0.7755777879952759,0.8126612125227611
T1,DC,donor_id=101,44,0.7480410763369996,0.7728374453088057
T1,DC,donor_id=101,45,0.8116068794277999,0.8285821616014335
T1,DC,donor_id=101,46,0.8085475692499408,0.8237490204086132
T1,DC,donor_id=101,47,0.7853901296571534,0.8103966167193796
T1,DC,donor_id=101,48,0.8185681946380421,0.8390396675212365
T1,DC,donor_id=101,49,0.7835233983927808,0.7993905036675379
T1,DC,donor_id=101,50,0.782167972848514,0.8123278378899597
T1,DC,donor_id=101,51,0.7574560166166677,0.8052951843937289
T1,DC,donor_id=101,52,0.708503788090082,0.7672700083450325
T1,DC,donor_id=101,53,0.7958010959678733,0.8232565363650305
T1,DC,donor_id=101,54,0.7738903052736644,0.809480680964148
T1,DC,donor_id=101,55,0.7670567532750229,0.7942317166216109
T1,DC,donor_id=101,56,0.751118886703656,0.7643078648210682
T1,DC,donor_id=101,57,0.7911923333751009,0.7990119119580812
T1,DC,donor_id=101,58,0.7929688125183401,0.8128906268361663
T1,DC,donor_id=101,59,0.7484684509550599,0.7773707510671861
T1,DC,donor_id=101,60,0.7765700712366569,0.813676268138743
T1,DC,donor_id=101,61,0.8081899304239706,0.8369661975944281
T1,DC,donor_id=101,62,0.7770153575499718,0.8047748844474781
T1,DC,donor_id=101,63,0.7804476687268381,0.8162130740235647
T1,DC,donor_id=101,64,0.8045247807940133,0.8218118385414593
T1,DC,donor_id=101,65,0.7628453933227858,0.7962904679024719
T1,DC,donor_id=101,66,0.7972057124698816,0.8285610721072589
T1,DC,donor_id=101,67,0.7470853175107702,0.7836640346189266
T1,DC,donor_id=101,68,0.8134549553136384,0.8283771698836895
T1,DC,donor_id=101,69,0.8013245280069538,0.8193349657159745
T1,DC,donor_id=101,70,0.7733670892568626,0.7900615604486977
T1,DC,donor_id=101,71,0.8129988251571706,0.8319115181205231
T1,DC,donor_id=101,72,0.8042632474864058,0.8382936624121053
T1,DC,donor_id=101,73,0.785762922275647,0.8219618176060192
T1,DC,donor_id=101,74,0.812305312335467,0.823419534142382
T1,DC,donor_id=101,75,0.7967910307472922,0.8238098627890199
T1,DC,donor_id=101,76,0.8170277487908079,0.83515014082222
T1,DC,donor_id=101,77,0.7639648678228657,0.7974204678005208
T1,DC,donor_id=101,78,0.788297609612866,0.8080158619369975
T1,DC,donor_id=101,79,0.7690004616812942,0.7925503209813886
T1,DC,donor_id=101,80,0.7318999658519193,0.7589986049150097
T1,DC,donor_id=101,81,0.7837554035701254,0.8122511158564266
T1,DC,donor_id=101,82,0.7733369957736542,0.7800256142024161
T1,DC,donor_id=101,83,0.7826320641859736,0.8081913474380199
T1,DC,donor_id=101,84,0.8027972424063465,0.8282478298710121
T1,DC,donor_id=101,85,0.7934799003792935,0.8324521653225032
T1,DC,donor_id=101,86,0.7851733981326179,0.8154029266096264
T1,DC,donor_id=101,87,0.7802999814171824,0.8180547099658838
T1,DC,donor_id=101,88,0.7452360043948446,0.761941594405074
T1,DC,donor_id=101,89,0.8172706245552447,0.8481133901459862
T1,DC,donor_id=101,90,0.6978264163690615,0.7469700334910435
T1,DC,donor_id=101,91,0.787401448714514,0.8089311859779075
T1,DC,donor_id=101,92,0.756704585430342,0.8105301706804149
T1,DC,donor_id=101,93,0.812896527660571,0.8342147707774837
T1,DC,donor_id=101,94,0.8005122442352971,0.8217142473517406
T1,DC,donor_id=101,95,0.8076141569336314,0.8238456559622422
T1,DC,donor_id=101,96,0.7815114598170885,0.8122579735650061
T1,DC,donor_id=101,97,0.8103256702920884,0.8328619575053152
T1,DC,donor_id=101,98,0.8099443184241625,0.8328702963799177
T1,DC,donor_id=101,99,0.7819194975307244,0.7943289034702247
T1,DC,donor_id=1039,0,0.6520894033660759,0.6757294207269182
T1,DC,donor_id=1039,1,0.6643063251537927,0.6781580522652894
T1,DC,donor_id=1039,2,0.7025118004845801,0.7073145139008744
T1,DC,donor_id=1039,3,0.7141095015793065,0.7246518493388274
T1,DC,donor_id=1039,4,0.7079430073640611,0.721471152446962
T1,DC,donor_id=1039,5,0.7086655805507833,0.7235861744098586
T1,DC,donor_id=1039,6,0.7167031551907751,0.7356168217722647
T1,DC,donor_id=1039,7,0.6856754807653775,0.7056219851198544
T1,DC,donor_id=1039,8,0.6761867247508948,0.6869745145742108
T1,DC,donor_id=1039,9,0.6788861173395607,0.6840044410600654
T1,DC,donor_id=1039,10,0.6681006604520479,0.6833860251722328
T1,DC,donor_id=1039,11,0.6894850030295645,0.7174274095988639
T1,DC,donor_id=1039,12,0.6739538259330881,0.7026576180873907
T1,DC,donor_id=1039,13,0.644305863609881,0.6446838893044725
T1,DC,donor_id=1039,14,0.7063154531719092,0.7279405504355108
T1,DC,donor_id=1039,15,0.7190703952419865,0.7265474765746107
T1,DC,donor_id=1039,16,0.7101172762225716,0.7266178796358427
T1,DC,donor_id=1039,17,0.71311683224294,0.7270739831017548
T1,DC,donor_id=1039,18,0.6977113267362418,0.71479419044437
T1,DC,donor_id=1039,19,0.7156482675469915,0.7361537547830181
T1,DC,donor_id=1039,20,0.6972213243570224,0.7267984667669188
T1,DC,donor_id=1039,21,0.6588107717436411,0.6905505623528329
T1,DC,donor_id=1039,22,0.7036080747766558,0.7117294036007931
T1,DC,donor_id=1039,23,0.673641863842942,0.6809292602408369
T1,DC,donor_id=1039,24,0.7123144316888523,0.7332713037156648
T1,DC,donor_id=1039,25,0.691379892442245,0.7191115823208064
T1,DC,donor_id=1039,26,0.7034231133511778,0.7176651611949328
T1,DC,donor_id=1039,27,0.6697665612431449,0.6864446448012685
T1,DC,donor_id=1039,28,0.7162730975528,0.7272577734617073
T1,DC,donor_id=1039,29,0.591784597212004,0.6328509104278173
T1,DC,donor_id=1039,30,0.72140900269182,0.7481337399944712
T1,DC,donor_id=1039,31,0.706515919142315,0.7092625009468935
T1,DC,donor_id=1039,32,0.6835469776453528,0.6997230626830088
T1,DC,donor_id=1039,33,0.7119115427578789,0.7265106896794836
T1,DC,donor_id=1039,34,0.7093809255015636,0.7233129674634751
T1,DC,donor_id=1039,35,0.6555513979606172,0.6658358895423003
T1,DC,donor_id=1039,36,0.6765728808075174,0.6884319271162808
T1,DC,donor_id=1039,37,0.6503364504166255,0.6745414639749817
T1,DC,donor_id=1039,38,0.7113462709531668,0.7304614894931655
T1,DC,donor_id=1039,39,0.6613867694839238,0.6765364068788681
T1,DC,donor_id=1039,40,0.7062072980183558,0.7230537190136116
T1,DC,donor_id=1039,41,0.6727067976763841,0.6824048036791317
T1,DC,donor_id=1039,42,0.6960548132071701,0.7135391950534922
T1,DC,donor_id=1039,43,0.7207339108578621,0.7402372773246451
T1,DC,donor_id=1039,44,0.6812746001894835,0.6966883016725335
T1,DC,donor_id=1039,45,0.5893204219731137,0.6170276238016855
T1,DC,donor_id=1039,46,0.6886384360522416,0.6977236353155954
T1,DC,donor_id=1039,47,0.6915287259306161,0.7073636642436252
T1,DC,donor_id=1039,48,0.7336847838019928,0.7483598905159106
T1,DC,donor_id=1039,49,0.6911376530217822,0.7089813867285659
T1,DC,donor_id=1039,50,0.7201959099051557,0.7387963315910834
T1,DC,donor_id=1039,51,0.7192819991879029,0.7382462015346161
T1,DC,donor_id=1039,52,0.7238209385528057,0.7292904590948905
T1,DC,donor_id=1039,53,0.7272732406301554,0.739479555516767
T1,DC,donor_id=1039,54,0.6761946558558533,0.7022098767776495
T1,DC,donor_id=1039,55,0.6785498802223614,0.6983692064483449
T1,DC,donor_id=1039,56,0.7009925458413847,0.7174585072342441
T1,DC,donor_id=1039,57,0.7155220397887068,0.727855239343281
T1,DC,donor_id=1039,58,0.7155868762428308,0.7314422228344586
T1,DC,donor_id=1039,59,0.7047468278765746,0.7206926894395577
T1,DC,donor_id=1039,60,0.6700926537991256,0.6852657396241545
T1,DC,donor_id=1039,61,0.7155041771830993,0.7323357610295415
T1,DC,donor_id=1039,62,0.6953788223326481,0.7012106033692991
T1,DC,donor_id=1039,63,0.6738884230032159,0.6905986401685896
T1,DC,donor_id=1039,64,0.7125826201268565,0.7209702602086533
T1,DC,donor_id=1039,65,0.7013406234406037,0.7193992300090705
T1,DC,donor_id=1039,66,0.6068177411314785,0.6451813340715944
T1,DC,donor_id=1039,67,0.7075364431780066,0.7261541273784401
T1,DC,donor_id=1039,68,0.697451382270029,0.7105353255716687
T1,DC,donor_id=1039,69,0.7048826915527495,0.7201974380210561
T1,DC,donor_id=1039,70,0.6709116778633837,0.6956075296015446
T1,DC,donor_id=1039,71,0.7045699292659927,0.721681923776372
T1,DC,donor_id=1039,72,0.6978961209146104,0.710796841027436
T1,DC,donor_id=1039,73,0.6999039362296855,0.7164970866266007
T1,DC,donor_id=1039,74,0.6803831387317079,0.7025943056901551
T1,DC,donor_id=1039,75,0.7112191331335236,0.7213581246141744
T1,DC,donor_id=1039,76,0.7305770091702055,0.7391984116504079
T1,DC,donor_id=1039,77,0.7110821065207713,0.7248261989804199
T1,DC,donor_id=1039,78,0.656250784820973,0.661446939762155
T1,DC,donor_id=1039,79,0.6990181832330278,0.7031765296093696
T1,DC,donor_id=1039,80,0.6967376024461652,0.7089909120711747
T1,DC,donor_id=1039,81,0.7144171589725465,0.7294908189395641
T1,DC,donor_id=1039,82,0.7271178267648943,0.7378355292791122
T1,DC,donor_id=1039,83,0.6836763811440008,0.6984999642513349
T1,DC,donor_id=1039,84,0.7019631530492891,0.7149804507548082
T1,DC,donor_id=1039,85,0.6807519773147438,0.7040381845910341
T1,DC,donor_id=1039,86,0.7243788718532598,0.7406596394672883
T1,DC,donor_id=1039,87,0.6993117961347619,0.7070297889438636
T1,DC,donor_id=1039,88,0.6862303439126765,0.6960412706763883
T1,DC,donor_id=1039,89,0.7144357481801022,0.7307672102017908
T1,DC,donor_id=1039,90,0.6585796293313395,0.6637681666086331
T1,DC,donor_id=1039,91,0.7194191499609431,0.7294894314688583
T1,DC,donor_id=1039,92,0.6980413909988629,0.7330114897136137
T1,DC,donor_id=1039,93,0.6848365506255868,0.6990106005004709
T1,DC,donor_id=1039,94,0.6895328540928096,0.7098393120347652
T1,DC,donor_id=1039,95,0.7076998290894444,0.7200690213328169
T1,DC,donor_id=1039,96,0.7249045754323096,0.739995018935898
T1,DC,donor_id=1039,97,0.6787273841507022,0.6896197626984911
T1,DC,donor_id=1039,98,0.6872562820542157,0.7073453383007307
T1,DC,donor_id=1039,99,0.6939611841077856,0.7042501651537827
T1,DC,donor_id=1256,0,0.7222657081014098,0.7599919099240247
T1,DC,donor_id=1256,1,0.795297383585547,0.8156772319174849
T1,DC,donor_id=1256,2,0.7808996120066939,0.80767761691132
T1,DC,donor_id=1256,3,0.791621097096774,0.8136744437350764
T1,DC,donor_id=1256,4,0.7774398071250499,0.7989255467972199
T1,DC,donor_id=1256,5,0.7328860767022521,0.753276686448448
T1,DC,donor_id=1256,6,0.7529373329665702,0.7581480534907864
T1,DC,donor_id=1256,7,0.8035757875549496,0.8172258028128686
T1,DC,donor_id=1256,8,0.7482798162277524,0.7700422506566638
T1,DC,donor_id=1256,9,0.7954003689621166,0.8193948954316266
T1,DC,donor_id=1256,10,0.7711509123819358,0.8014722325719036
T1,DC,donor_id=1256,11,0.7942679276207368,0.813462937109201
T1,DC,donor_id=1256,12,0.7909738849462166,0.8049616297240664
T1,DC,donor_id=1256,13,0.7680089612601925,0.7746528902007179
T1,DC,donor_id=1256,14,0.7900547173551449,0.8012390010196286
T1,DC,donor_id=1256,15,0.8042789354533697,0.8153093546055136
T1,DC,donor_id=1256,16,0.7555433390495812,0.7865096423577315
T1,DC,donor_id=1256,17,0.7808688378406929,0.7949827852176669
T1,DC,donor_id=1256,18,0.782986777739547,0.7950710765291268
T1,DC,donor_id=1256,19,0.7489361602975654,0.7697423985594198
T1,DC,donor_id=1256,20,0.7738737457304798,0.7957898529077696
T1,DC,donor_id=1256,21,0.7984532682048129,0.8310595494487177
T1,DC,donor_id=1256,22,0.7888663710233349,0.8210403852990834
T1,DC,donor_id=1256,23,0.7696444125055588,0.8055484719550684
T1,DC,donor_id=1256,24,0.747182955840456,0.7922832721669396
T1,DC,donor_id=1256,25,0.7651258491422525,0.8000765848893943
T1,DC,donor_id=1256,26,0.8019552309508368,0.8206540292500913
T1,DC,donor_id=1256,27,0.7764986479108191,0.8019815898621226
T1,DC,donor_id=1256,28,0.7945751572255315,0.822855922576207
T1,DC,donor_id=1256,29,0.7492003910063617,0.7508487071967879
T1,DC,donor_id=1256,30,0.8059818490205302,0.8204222952396875
T1,DC,donor_id=1256,31,0.7869490088201437,0.814787839383765
T1,DC,donor_id=1256,32,0.8007932979511532,0.8221007012262285
T1,DC,donor_id=1256,33,0.7721654173033966,0.8012041900015522
T1,DC,donor_id=1256,34,0.7909906602368005,0.814262669142609
T1,DC,donor_id=1256,35,0.7717369029645554,0.7943834242148816
T1,DC,donor_id=1256,36,0.7658271353492045,0.7874786894280822
T1,DC,donor_id=1256,37,0.7760825816701957,0.8024371220447535
T1,DC,donor_id=1256,38,0.7293876877017824,0.757052844333767
T1,DC,donor_id=1256,39,0.7985441648842334,0.8276878363769758
T1,DC,donor_id=1256,40,0.788606802286996,0.8145645791760401
T1,DC,donor_id=1256,41,0.7745368920107665,0.7985436321632572
T1,DC,donor_id=1256,42,0.7980050459160679,0.8139505949813186
T1,DC,donor_id=1256,43,0.7197259066178263,0.7228255444252759
T1,DC,donor_id=1256,44,0.733675836343613,0.7476783127053521
T1,DC,donor_id=1256,45,0.7754043103428485,0.7991825633490828
T1,DC,donor_id=1256,46,0.7898071598188708,0.8141023723325876
T1,DC,donor_id=1256,47,0.7842097796169251,0.8084524013867453
T1,DC,donor_id=1256,48,0.7694103783859157,0.7968643861133333
T1,DC,donor_id=1256,49,0.7892942297202356,0.7994974614027903
T1,DC,donor_id=1256,50,0.798567235020811,0.8217407688416264
T1,DC,donor_id=1256,51,0.740161094979824,0.792328730341023
T1,DC,donor_id=1256,52,0.79177559769329,0.8215583638695327
T1,DC,donor_id=1256,53,0.7896196358121237,0.8154067742639091
T1,DC,donor_id=1256,54,0.7960566174348969,0.8103298512685955
T1,DC,donor_id=1256,55,0.7934700379262491,0.8152731641443118
T1,DC,donor_id=1256,56,0.7095658487995828,0.7502351207967582
T1,DC,donor_id=1256,57,0.7736241778826334,0.7784188771911928
T1,DC,donor_id=1256,58,0.7774751155584457,0.8070556061867735
T1,DC,donor_id=1256,59,0.7941184976831852,0.816347018516005
T1,DC,donor_id=1256,60,0.7529619938292255,0.8010226395439708
T1,DC,donor_id=1256,61,0.7960999495552937,0.8181958588540784
T1,DC,donor_id=1256,62,0.7874746071687193,0.7997763202676744
T1,DC,donor_id=1256,63,0.7777638746424411,0.7927192202444479
T1,DC,donor_id=1256,64,0.7902721433773872,0.8110039284011654
T1,DC,donor_id=1256,65,0.7585951752172702,0.7842942638877021
T1,DC,donor_id=1256,66,0.779764890024724,0.8103310075539165
T1,DC,donor_id=1256,67,0.7863828470640822,0.8132252352471527
T1,DC,donor_id=1256,68,0.7049697361733547,0.7466501463769425
T1,DC,donor_id=1256,69,0.7953642654596392,0.8198083765394686
T1,DC,donor_id=1256,70,0.766115209945931,0.7742200313729481
T1,DC,donor_id=1256,71,0.7713667021287443,0.7975743278413606
T1,DC,donor_id=1256,72,0.7437349909710522,0.7753968092810264
T1,DC,donor_id=1256,73,0.7806655942085321,0.8094446207307381
T1,DC,donor_id=1256,74,0.7919260268175163,0.8175618576023764
T1,DC,donor_id=1256,75,0.7860768003074735,0.7985320409960278
T1,DC,donor_id=1256,76,0.768188221978655,0.8067848179946909
T1,DC,donor_id=1256,77,0.7621717221565387,0.8025030706749349
T1,DC,donor_id=1256,78,0.7886807444548948,0.8083550574316053
T1,DC,donor_id=1256,79,0.7786122925733121,0.8024829974601119
T1,DC,donor_id=1256,80,0.7879051163214407,0.8101713620097285
T1,DC,donor_id=1256,81,0.7597763966715584,0.7775343496694594
T1,DC,donor_id=1256,82,0.7819955146473221,0.7930897935804017
T1,DC,donor_id=1256,83,0.7813299675350939,0.7992449231398514
T1,DC,donor_id=1256,84,0.7626541916085953,0.7782732791050319
T1,DC,donor_id=1256,85,0.8053332683324677,0.8087664041207078
T1,DC,donor_id=1256,86,0.7725471673226766,0.7911672595241918
T1,DC,donor_id=1256,87,0.7568393842647988,0.7614720965676497
T1,DC,donor_id=1256,88,0.7867569713975877,0.8100465926209066
T1,DC,donor_id=1256,89,0.789223845986382,0.8082549112553207
T1,DC,donor_id=1256,90,0.7617185620011363,0.7995436375032512
T1,DC,donor_id=1256,91,0.727098661697634,0.7453355345763933
T1,DC,donor_id=1256,92,0.7583551761972763,0.7977082758541215
T1,DC,donor_id=1256,93,0.8081211092168566,0.8357374379361527
T1,DC,donor_id=1256,94,0.7695369720069365,0.7943861905336452
T1,DC,donor_id=1256,95,0.7340414650521602,0.7453892829798155
T1,DC,donor_id=1256,96,0.7900044441908496,0.8097469336587536
T1,DC,donor_id=1256,97,0.7924607468315041,0.8141964386114605
T1,DC,donor_id=1256,98,0.7884186163944249,0.8132355752382913
T1,DC,donor_id=1256,99,0.803913917776839,0.824857564837223
T1,DC,donor_id=107,0,0.6822165761316146,0.6909449395707992
T1,DC,donor_id=107,1,0.6815790307876163,0.6992279335571188
T1,DC,donor_id=107,2,0.6882160690099803,0.7121778546576983
T1,DC,donor_id=107,3,0.6953969887118985,0.7169920862274776
T1,DC,donor_id=107,4,0.7114898301813682,0.7210248095939091
T1,DC,donor_id=107,5,0.6717592435493887,0.693194704229687
T1,DC,donor_id=107,6,0.6882074355810992,0.717378783491864
T1,DC,donor_id=107,7,0.7164972997578493,0.728058297242537
T1,DC,donor_id=107,8,0.723338405563875,0.7392990006370829
T1,DC,donor_id=107,9,0.6910562726291948,0.7090698458547902
T1,DC,donor_id=107,10,0.6531562836383169,0.6749101086318704
T1,DC,donor_id=107,11,0.7071374895797656,0.7193844016951549
T1,DC,donor_id=107,12,0.7108904558501487,0.7236571175901866
T1,DC,donor_id=107,13,0.727543925398458,0.7385056894040087
T1,DC,donor_id=107,14,0.7072331135380234,0.7167312314808643
T1,DC,donor_id=107,15,0.5551056864823715,0.5459243710511952
T1,DC,donor_id=107,16,0.6366689838272034,0.6465830628195396
T1,DC,donor_id=107,17,0.7181856041676528,0.7372325145270832
T1,DC,donor_id=107,18,0.6950012803889388,0.7196514574128122
T1,DC,donor_id=107,19,0.7186728527802269,0.7405905937793665
T1,DC,donor_id=107,20,0.7127311874306862,0.724838962804027
T1,DC,donor_id=107,21,0.6607141946322465,0.6563138298766309
T1,DC,donor_id=107,22,0.6768392482405291,0.6990576713209826
T1,DC,donor_id=107,23,0.6693438207596867,0.6971022362529569
T1,DC,donor_id=107,24,0.7006202616708416,0.7323112301485641
T1,DC,donor_id=107,25,0.6770116828747255,0.7024476510230345
T1,DC,donor_id=107,26,0.6604927230653564,0.6794296600791158
T1,DC,donor_id=107,27,0.7122398752378226,0.7319852503863246
T1,DC,donor_id=107,28,0.672646425435281,0.6832559835630869
T1,DC,donor_id=107,29,0.7055838889193362,0.7180487557184873
T1,DC,donor_id=107,30,0.6096716666179833,0.6450314792491757
T1,DC,donor_id=107,31,0.6578568506263411,0.6715294298665753
T1,DC,donor_id=107,32,0.7043874158377482,0.7227456039559058
T1,DC,donor_id=107,33,0.670928350457721,0.6910493706431786
T1,DC,donor_id=107,34,0.6797080978123485,0.7062605046540831
T1,DC,donor_id=107,35,0.6646715318115581,0.6841195202943808
T1,DC,donor_id=107,36,0.6456906029489207,0.6573613669691796
T1,DC,donor_id=107,37,0.7107618371788265,0.7340409474553076
T1,DC,donor_id=107,38,0.7031402459311933,0.7225090524293372
T1,DC,donor_id=107,39,0.7103623735363331,0.7337256045063733
T1,DC,donor_id=107,40,0.7139806071191506,0.7286016220918964
T1,DC,donor_id=107,41,0.5577724007496665,0.5761262669111075
T1,DC,donor_id=107,42,0.655777663559284,0.6784398704541104
T1,DC,donor_id=107,43,0.6793050878476139,0.6999868799733341
T1,DC,donor_id=107,44,0.7155888682263759,0.7299678518982831
T1,DC,donor_id=107,45,0.7200135836537284,0.7318886970712919
T1,DC,donor_id=107,46,0.7141593623866815,0.7204554088343145
T1,DC,donor_id=107,47,0.6879673023313421,0.7061688258291345
T1,DC,donor_id=107,48,0.7058214540406216,0.7181955861563861
T1,DC,donor_id=107,49,0.6560996238284889,0.6671252152062757
T1,DC,donor_id=107,50,0.7047341858959948,0.7264340619176864
T1,DC,donor_id=107,51,0.6559170146474644,0.6917470566404805
T1,DC,donor_id=107,52,0.7105901882442404,0.7270811266206669
T1,DC,donor_id=107,53,0.698347209572085,0.7169498642189877
T1,DC,donor_id=107,54,0.7155089242597579,0.728058297242537
T1,DC,donor_id=107,55,0.702277413547712,0.7258395226680191
T1,DC,donor_id=107,56,0.6884621868407935,0.6904650853026681
T1,DC,donor_id=107,57,0.6830479409239372,0.6805727627269703
T1,DC,donor_id=107,58,0.6923259572419718,0.7068817968258715
T1,DC,donor_id=107,59,0.6941342760129945,0.7151513308959685
T1,DC,donor_id=107,60,0.7099845606820822,0.7373702632631783
T1,DC,donor_id=107,61,0.6688246863250525,0.693194704229687
T1,DC,donor_id=107,62,0.6794143312809683,0.7084158507201315
T1,DC,donor_id=107,63,0.7067093152960303,0.7171245426116242
T1,DC,donor_id=107,64,0.704173624930415,0.7240716524097318
T1,DC,donor_id=107,65,0.5552684460691528,0.5841156390669682
T1,DC,donor_id=107,66,0.69679854726481,0.7093526639668846
T1,DC,donor_id=107,67,0.6914890221041304,0.7015378011858712
T1,DC,donor_id=107,68,0.7005942917825001,0.7156930400815461
T1,DC,donor_id=107,69,0.7001503822715621,0.716823124943993
T1,DC,donor_id=107,70,0.6954734256445904,0.7227277196092924
T1,DC,donor_id=107,71,0.6649270589301545,0.6661565815595409
T1,DC,donor_id=107,72,0.6840559384845561,0.696722857451851
T1,DC,donor_id=107,73,0.7166110189495543,0.7368581230030332
T1,DC,donor_id=107,74,0.6443054995022959,0.6662655129246211
T1,DC,donor_id=107,75,0.7057751442679581,0.7068730029041405
T1,DC,donor_id=107,76,0.6543669127824805,0.6636675985275583
T1,DC,donor_id=107,77,0.6914083616189596,0.7122024243051216
T1,DC,donor_id=107,78,0.6987170943321349,0.7159948231288317
T1,DC,donor_id=107,79,0.621188715317067,0.6232448507568993
T1,DC,donor_id=107,80,0.675629923313671,0.6986350730086509
T1,DC,donor_id=107,81,0.6819950486150057,0.7058445946214368
T1,DC,donor_id=107,82,0.7004776002559802,0.7055453771053039
T1,DC,donor_id=107,83,0.5169427769918362,0.5378482022945357
T1,DC,donor_id=107,84,0.6466094381823708,0.6665717356507324
T1,DC,donor_id=107,85,0.6954412588524401,0.7254749864768096
T1,DC,donor_id=107,86,0.5805443809217993,0.590725027913384
T1,DC,donor_id=107,87,0.7041585808843022,0.7063380648643245
T1,DC,donor_id=107,88,0.6641228118732316,0.6825217697285747
T1,DC,donor_id=107,89,0.698043753961663,0.7155711715015157
T1,DC,donor_id=107,90,0.7152399829618449,0.7324816682659879
T1,DC,donor_id=107,91,0.6577466251182617,0.673397632573136
T1,DC,donor_id=107,92,0.6946219440589235,0.7179466840551854
T1,DC,donor_id=107,93,0.6580474551865686,0.6747571567013089
T1,DC,donor_id=107,94,0.6469972761504339,0.6629290319887133
T1,DC,donor_id=107,95,0.6353096065366876,0.6492734303537098
T1,DC,donor_id=107,96,0.6716008802082328,0.6997045519166372
T1,DC,donor_id=107,97,0.7344831520743795,0.7367731104440968
T1,DC,donor_id=107,98,0.6465817032055694,0.6658302075551265
T1,DC,donor_id=107,99,0.7122040793289408,0.7250379727944164
T1,DC,donor_id=1015,0,0.8319206299478944,0.8562795723401418
T1,DC,donor_id=1015,1,0.8250516707964329,0.8503042986440378
T1,DC,donor_id=1015,2,0.8276942775285709,0.8417840927582102
T1,DC,donor_id=1015,3,0.8322144499048719,0.852623029464319
T1,DC,donor_id=1015,4,0.8415404852537353,0.8568018419571302
T1,DC,donor_id=1015,5,0.8347294777660743,0.8588797815845547
T1,DC,donor_id=1015,6,0.8232643113822609,0.8334382120476538
T1,DC,donor_id=1015,7,0.8121509425572307,0.826331397508817
T1,DC,donor_id=1015,8,0.8370622460773228,0.8577405277236401
T1,DC,donor_id=1015,9,0.8079882383512438,0.8361573497300197
T1,DC,donor_id=1015,10,0.7659542840141145,0.7815981087413134
T1,DC,donor_id=1015,11,0.8180466580831878,0.8280711030310384
T1,DC,donor_id=1015,12,0.801740859286539,0.8363182095546086
T1,DC,donor_id=1015,13,0.8292029104438229,0.8600863981533691
T1,DC,donor_id=1015,14,0.842987331755562,0.8623406062833746
T1,DC,donor_id=1015,15,0.8258276814015418,0.8491327933843262
T1,DC,donor_id=1015,16,0.8333457824556236,0.8568912542759731
T1,DC,donor_id=1015,17,0.8370652710002014,0.8580329458823173
T1,DC,donor_id=1015,18,0.8406331329443354,0.850693903593273
T1,DC,donor_id=1015,19,0.8201462218186928,0.841326354720079
T1,DC,donor_id=1015,20,0.8287847995990607,0.8426897628066409
T1,DC,donor_id=1015,21,0.7936178604209846,0.8316604655511173
T1,DC,donor_id=1015,22,0.8159225270896227,0.8455894766743774
T1,DC,donor_id=1015,23,0.7965895284862019,0.8053797504352823
T1,DC,donor_id=1015,24,0.8290042474428111,0.8361692440134465
T1,DC,donor_id=1015,25,0.8188319936762531,0.8457878599750865
T1,DC,donor_id=1015,26,0.7658179047444702,0.792690648752712
T1,DC,donor_id=1015,27,0.8291068793475531,0.8509624471764533
T1,DC,donor_id=1015,28,0.8433727196307389,0.8625676458441671
T1,DC,donor_id=1015,29,0.7979927220551913,0.8313073157928021
T1,DC,donor_id=1015,30,0.8342207607646146,0.8610046950695577
T1,DC,donor_id=1015,31,0.8396735722038267,0.862822572137991
T1,DC,donor_id=1015,32,0.8506848281643804,0.8635230028331657
T1,DC,donor_id=1015,33,0.8153887400786108,0.8345251044941855
T1,DC,donor_id=1015,34,0.8242658703133526,0.8440961759080907
T1,DC,donor_id=1015,35,0.8363798089021806,0.8570929079285267
T1,DC,donor_id=1015,36,0.8192026724950252,0.8404836275598372
T1,DC,donor_id=1015,37,0.8439414587013881,0.8655693625062938
T1,DC,donor_id=1015,38,0.8330977946840582,0.8561552165551337
T1,DC,donor_id=1015,39,0.7960379320698229,0.8187278436231921
T1,DC,donor_id=1015,40,0.8428961973803812,0.8606594881657862
T1,DC,donor_id=1015,41,0.7954911679915498,0.8209146345983166
T1,DC,donor_id=1015,42,0.8431609214479994,0.8645818534355098
T1,DC,donor_id=1015,43,0.8425213086409784,0.8563505156421916
T1,DC,donor_id=1015,44,0.8360764219163236,0.856903698434131
T1,DC,donor_id=1015,45,0.8223557689659943,0.8461320544243742
T1,DC,donor_id=1015,46,0.7968239518911526,0.8144291560178478
T1,DC,donor_id=1015,47,0.8408781195605902,0.8624810306063634
T1,DC,donor_id=1015,48,0.8392326371165099,0.8602814392093447
T1,DC,donor_id=1015,49,0.841195273971975,0.8663157883188106
T1,DC,donor_id=1015,50,0.7880939533502656,0.8082526438390334
T1,DC,donor_id=1015,51,0.8309092648287427,0.8380209748436188
T1,DC,donor_id=1015,52,0.8070670114963635,0.8496089425215698
T1,DC,donor_id=1015,53,0.804104762380201,0.8112704272411024
T1,DC,donor_id=1015,54,0.8210751397286563,0.8478805307867148
T1,DC,donor_id=1015,55,0.8063822118768981,0.8228248413708811
T1,DC,donor_id=1015,56,0.8173324587602965,0.8475339401315901
T1,DC,donor_id=1015,57,0.8410075979085377,0.8612435220223323
T1,DC,donor_id=1015,58,0.8239224490197159,0.8389884890689966
T1,DC,donor_id=1015,59,0.8381283261484956,0.8588220222671895
T1,DC,donor_id=1015,60,0.8341190550782639,0.8548005707092143
T1,DC,donor_id=1015,61,0.833066518310617,0.8462756768319751
T1,DC,donor_id=1015,62,0.8256022777488242,0.8604596201853616
T1,DC,donor_id=1015,63,0.8341569568280489,0.8537064534569409
T1,DC,donor_id=1015,64,0.840200468397339,0.8596970636247192
T1,DC,donor_id=1015,65,0.8087847308338678,0.8386476100542761
T1,DC,donor_id=1015,66,0.8177770570583459,0.8542724774415105
T1,DC,donor_id=1015,67,0.8148706526620244,0.8375930967727022
T1,DC,donor_id=1015,68,0.840395183265511,0.8664455940821553
T1,DC,donor_id=1015,69,0.8440781008326818,0.862588571510702
T1,DC,donor_id=1015,70,0.7936955031108505,0.825009102797569
T1,DC,donor_id=1015,71,0.835865819754132,0.8547859544480295
T1,DC,donor_id=1015,72,0.7818119902071737,0.8041465740326382
T1,DC,donor_id=1015,73,0.8136873732572062,0.8290548063956935
T1,DC,donor_id=1015,74,0.813334790346191,0.8395606009553463
T1,DC,donor_id=1015,75,0.8275410583550261,0.8322315379709082
T1,DC,donor_id=1015,76,0.7354395561401209,0.7656603589362281
T1,DC,donor_id=1015,77,0.8296251632187609,0.8503094003394569
T1,DC,donor_id=1015,78,0.8109913511158904,0.8407777740623861
T1,DC,donor_id=1015,79,0.8178264515799794,0.8461666212686935
T1,DC,donor_id=1015,80,0.7936011474922953,0.8116160360076937
T1,DC,donor_id=1015,81,0.8325236061410924,0.8555303971784712
T1,DC,donor_id=1015,82,0.8200924796460229,0.8414212825845894
T1,DC,donor_id=1015,83,0.7988957265634216,0.8147504301688157
T1,DC,donor_id=1015,84,0.800174910474595,0.8230558299226328
T1,DC,donor_id=1015,85,0.8343833912389219,0.8615831246892285
T1,DC,donor_id=1015,86,0.8380382927857896,0.8567504858069656
T1,DC,donor_id=1015,87,0.833925036965975,0.8577012723203966
T1,DC,donor_id=1015,88,0.8244869203985317,0.8449338243237341
T1,DC,donor_id=1015,89,0.7834600512917015,0.8036309815601407
T1,DC,donor_id=1015,90,0.8312029534359697,0.8600165062984443
T1,DC,donor_id=1015,91,0.7900824335324533,0.8074126243206174
T1,DC,donor_id=1015,92,0.8395858555514684,0.8615229176035208
T1,DC,donor_id=1015,93,0.8107236168926962,0.8330121671810439
T1,DC,donor_id=1015,94,0.8115060688703208,0.8328243124823607
T1,DC,donor_id=1015,95,0.8304786810487379,0.8444590345144494
T1,DC,donor_id=1015,96,0.8135960838759122,0.8431086773404651
T1,DC,donor_id=1015,97,0.8368335485557625,0.8609122201738642
T1,DC,donor_id=1015,98,0.8346136807263599,0.8598443826792839
T1,DC,donor_id=1015,99,0.8213870331723172,0.8481051326666994
T1,DC,donor_id=1244,0,0.8192661519665101,0.8513544171760301
T1,DC,donor_id=1244,1,0.8513844383623229,0.8659751062249491
T1,DC,donor_id=1244,2,0.8476477321475201,0.8686840690522935
T1,DC,donor_id=1244,3,0.867714520432191,0.8877125019222768
T1,DC,donor_id=1244,4,0.8579035510800338,0.8749554951401927
T1,DC,donor_id=1244,5,0.8522206752510952,0.8720285490739582
T1,DC,donor_id=1244,6,0.8292583140284009,0.8339434282148667
T1,DC,donor_id=1244,7,0.8569617753387125,0.8769593565254398
T1,DC,donor_id=1244,8,0.8634687183862123,0.8809765896131149
T1,DC,donor_id=1244,9,0.858125472657719,0.8762925270980851
T1,DC,donor_id=1244,10,0.8571902027521673,0.8726888693775692
T1,DC,donor_id=1244,11,0.8473292559290688,0.860990150346606
T1,DC,donor_id=1244,12,0.8554165126985365,0.8806091879810137
T1,DC,donor_id=1244,13,0.8620642026535692,0.867287852184608
T1,DC,donor_id=1244,14,0.785378940483647,0.7758570102106751
T1,DC,donor_id=1244,15,0.8311455883197669,0.8338280583605164
T1,DC,donor_id=1244,16,0.8642518242884247,0.883141571107896
T1,DC,donor_id=1244,17,0.8432387659408941,0.8720760726174042
T1,DC,donor_id=1244,18,0.8531619649702008,0.8741876924598376
T1,DC,donor_id=1244,19,0.8200789709839287,0.8401413342307665
T1,DC,donor_id=1244,20,0.8413266718395501,0.8693874622261678
T1,DC,donor_id=1244,21,0.8503667077916676,0.884190626951415
T1,DC,donor_id=1244,22,0.8576267041573155,0.8777467350582708
T1,DC,donor_id=1244,23,0.8564009980969266,0.8752043038519909
T1,DC,donor_id=1244,24,0.8368553360206539,0.8724897905359533
T1,DC,donor_id=1244,25,0.8384864350299873,0.8642314615316489
T1,DC,donor_id=1244,26,0.8588650057168965,0.88027044298802
T1,DC,donor_id=1244,27,0.8643202511910629,0.8793533355146579
T1,DC,donor_id=1244,28,0.8159949305845413,0.843037892571747
T1,DC,donor_id=1244,29,0.7817170942870667,0.8241271379915648
T1,DC,donor_id=1244,30,0.854559728222968,0.879796956737344
T1,DC,donor_id=1244,31,0.8483313325093789,0.8743977695324308
T1,DC,donor_id=1244,32,0.8364487906787028,0.8585977073524876
T1,DC,donor_id=1244,33,0.8403774461470143,0.8569547401640036
T1,DC,donor_id=1244,34,0.8462631613309911,0.8635706066623047
T1,DC,donor_id=1244,35,0.8387381488979246,0.8518999977449103
T1,DC,donor_id=1244,36,0.8526240902812946,0.8689386003181482
T1,DC,donor_id=1244,37,0.8599616563407808,0.8790913586617919
T1,DC,donor_id=1244,38,0.8606810873875125,0.8745766419221586
T1,DC,donor_id=1244,39,0.8264865259846146,0.8367507660964242
T1,DC,donor_id=1244,40,0.8552511016835569,0.8739586704997399
T1,DC,donor_id=1244,41,0.8180112767994282,0.8303169245765716
T1,DC,donor_id=1244,42,0.8272828605524218,0.8489397910804743
T1,DC,donor_id=1244,43,0.8566282423961815,0.8819128371820102
T1,DC,donor_id=1244,44,0.8097546617559145,0.8232695193164398
T1,DC,donor_id=1244,45,0.8463029903790672,0.8663218843782621
T1,DC,donor_id=1244,46,0.8700658745899915,0.8896660101754748
T1,DC,donor_id=1244,47,0.8156813218612733,0.8415700318644137
T1,DC,donor_id=1244,48,0.8620054710795103,0.8765102758380374
T1,DC,donor_id=1244,49,0.8407920704896272,0.8689780217410613
T1,DC,donor_id=1244,50,0.8531574222768155,0.8779897503040492
T1,DC,donor_id=1244,51,0.7830007447488849,0.8404956399031034
T1,DC,donor_id=1244,52,0.8509777858770369,0.880256610048215
T1,DC,donor_id=1244,53,0.8588161869289803,0.8824905521337336
T1,DC,donor_id=1244,54,0.8669942253571256,0.88229275950228
T1,DC,donor_id=1244,55,0.8477398387680636,0.8642300222049484
T1,DC,donor_id=1244,56,0.823170101117005,0.8613333429460044
T1,DC,donor_id=1244,57,0.8623737373839264,0.8800264063592463
T1,DC,donor_id=1244,58,0.8620109730540264,0.8817954611382232
T1,DC,donor_id=1244,59,0.868869422378799,0.8849384979084548
T1,DC,donor_id=1244,60,0.8185966364703094,0.8222460296566932
T1,DC,donor_id=1244,61,0.8697219489430338,0.886378088001945
T1,DC,donor_id=1244,62,0.8343584670335836,0.8274546797175631
T1,DC,donor_id=1244,63,0.8645552022916235,0.8841741824511806
T1,DC,donor_id=1244,64,0.847423784273945,0.8707321226078142
T1,DC,donor_id=1244,65,0.8657283509412098,0.8862458709534918
T1,DC,donor_id=1244,66,0.8721724226091426,0.8814602571507716
T1,DC,donor_id=1244,67,0.8595801186168712,0.8777503650629763
T1,DC,donor_id=1244,68,0.8483499848586539,0.8758106070725691
T1,DC,donor_id=1244,69,0.8567435675734494,0.8786170436360153
T1,DC,donor_id=1244,70,0.811466019304733,0.8403997966243189
T1,DC,donor_id=1244,71,0.8567611550125782,0.8683546474461677
T1,DC,donor_id=1244,72,0.8591355611954258,0.8757607614885604
T1,DC,donor_id=1244,73,0.8529778144614382,0.8731712474895829
T1,DC,donor_id=1244,74,0.8423141555998089,0.856860429304626
T1,DC,donor_id=1244,75,0.7575738916405573,0.8042256099665709
T1,DC,donor_id=1244,76,0.842997643206058,0.8539852647422802
T1,DC,donor_id=1244,77,0.8564430556295493,0.8810726683569979
T1,DC,donor_id=1244,78,0.8635108493734238,0.8845564553866525
T1,DC,donor_id=1244,79,0.8572667844801414,0.8842721881625358
T1,DC,donor_id=1244,80,0.7739315167759308,0.8034733521116286
T1,DC,donor_id=1244,81,0.868688185569442,0.8874179088758204
T1,DC,donor_id=1244,82,0.8231417899703336,0.8541767615648633
T1,DC,donor_id=1244,83,0.8430313716557098,0.8544194870102368
T1,DC,donor_id=1244,84,0.7941962005568622,0.8126030764582566
T1,DC,donor_id=1244,85,0.8381458010170312,0.8749784221177782
T1,DC,donor_id=1244,86,0.8521994737953371,0.8693575134478719
T1,DC,donor_id=1244,87,0.860113581819842,0.8748008819943061
T1,DC,donor_id=1244,88,0.848375037513713,0.8701178216138522
T1,DC,donor_id=1244,89,0.8640936913843014,0.8793249356887275
T1,DC,donor_id=1244,90,0.8589255411702718,0.8811660671890764
T1,DC,donor_id=1244,91,0.861082202262916,0.8771591871593105
T1,DC,donor_id=1244,92,0.8014716743723753,0.8541730058323761
T1,DC,donor_id=1244,93,0.8427158751455566,0.8574257047521306
T1,DC,donor_id=1244,94,0.8493651801752554,0.8681108155811167
T1,DC,donor_id=1244,95,0.8278111407785199,0.8332779620806366
T1,DC,donor_id=1244,96,0.8597026020656908,0.8781806495646977
T1,DC,donor_id=1244,97,0.7437728648751398,0.7655085187661265
T1,DC,donor_id=1244,98,0.8399654799122866,0.8519107321746763
T1,DC,donor_id=1244,99,0.8588884431597111,0.8749025805893964
T1,DC,donor_id=1016,0,0.5556405935884875,0.58197801753604
T1,DC,donor_id=1016,1,0.6613126064750631,0.6723426610919464
T1,DC,donor_id=1016,2,0.47159376684062204,0.4939246959997374
T1,DC,donor_id=1016,3,0.6810953352755023,0.6950295959172429
T1,DC,donor_id=1016,4,0.6643458914879581,0.6754816925140261
T1,DC,donor_id=1016,5,0.6730737456154354,0.6920020258688544
T1,DC,donor_id=1016,6,0.5642449679218522,0.5600649443821175
T1,DC,donor_id=1016,7,0.6689965302750802,0.6824449184313336
T1,DC,donor_id=1016,8,0.4988644151153114,0.5050338702001029
T1,DC,donor_id=1016,9,0.6359471591588675,0.6376584097828698
T1,DC,donor_id=1016,10,0.6503294287097375,0.669981757903181
T1,DC,donor_id=1016,11,0.6573352980701912,0.6579564451563884
T1,DC,donor_id=1016,12,0.6757681334417185,0.6742523997495131
T1,DC,donor_id=1016,13,0.6659872709697008,0.6792364992172323
T1,DC,donor_id=1016,14,0.5780604675359414,0.6228875539089107
T1,DC,donor_id=1016,15,0.5920812783823312,0.5778751660629039
T1,DC,donor_id=1016,16,0.6635299407830902,0.678333345419221
T1,DC,donor_id=1016,17,0.6521156149122601,0.6686190793538874
T1,DC,donor_id=1016,18,0.6380999214069876,0.6656826563197241
T1,DC,donor_id=1016,19,0.6174200898386308,0.6495169541519775
T1,DC,donor_id=1016,20,0.6504676583904535,0.6747831554495177
T1,DC,donor_id=1016,21,0.6612018272887686,0.669764214347161
T1,DC,donor_id=1016,22,0.6033511192220224,0.6360277355968136
T1,DC,donor_id=1016,23,0.6197956343769845,0.6237973680000666
T1,DC,donor_id=1016,24,0.6604617872720091,0.7019690995484628
T1,DC,donor_id=1016,25,0.6970430461919048,0.7133439623513237
T1,DC,donor_id=1016,26,0.617537131229783,0.6391530471791185
T1,DC,donor_id=1016,27,0.6467352275608744,0.6682906314726835
T1,DC,donor_id=1016,28,0.6389321527922769,0.6555296001159094
T1,DC,donor_id=1016,29,0.6134129675619189,0.6450367251280769
T1,DC,donor_id=1016,30,0.637669926803434,0.6500264797101772
T1,DC,donor_id=1016,31,0.5995705528195672,0.600582293349583
T1,DC,donor_id=1016,32,0.6088679554321136,0.6175433355223383
T1,DC,donor_id=1016,33,0.6445805171288067,0.6598647526989004
T1,DC,donor_id=1016,34,0.6809899102660599,0.6995294112418373
T1,DC,donor_id=1016,35,0.6272242730544798,0.6477646207376061
T1,DC,donor_id=1016,36,0.5981794236850929,0.6148290413523476
T1,DC,donor_id=1016,37,0.6598837925117437,0.6769359830471882
T1,DC,donor_id=1016,38,0.6671630983201462,0.6819947340520589
T1,DC,donor_id=1016,39,0.6843185651641449,0.6980674633341689
T1,DC,donor_id=1016,40,0.6353050565570323,0.6529411115448625
T1,DC,donor_id=1016,41,0.6868531910714072,0.6970108330176494
T1,DC,donor_id=1016,42,0.6944476861049188,0.7153508823975686
T1,DC,donor_id=1016,43,0.6182013685667477,0.6226618269006374
T1,DC,donor_id=1016,44,0.6415335720088574,0.6535278622934254
T1,DC,donor_id=1016,45,0.6716673297721579,0.6896832816159053
T1,DC,donor_id=1016,46,0.6998889105776833,0.7132722536811403
T1,DC,donor_id=1016,47,0.6029930823234051,0.6195497266334299
T1,DC,donor_id=1016,48,0.6761516327959117,0.69635472995883
T1,DC,donor_id=1016,49,0.4349242079148487,0.4685855605513137
T1,DC,donor_id=1016,50,0.6507948961716121,0.6662459760748063
T1,DC,donor_id=1016,51,0.6468612785327701,0.6543770697655108
T1,DC,donor_id=1016,52,0.6501998705912722,0.6702313172847689
T1,DC,donor_id=1016,53,0.6810552948741094,0.6955594977845404
T1,DC,donor_id=1016,54,0.6627029725992611,0.6871150237833458
T1,DC,donor_id=1016,55,0.6761495367178623,0.7007327540588734
T1,DC,donor_id=1016,56,0.6021453971077911,0.6383657449102578
T1,DC,donor_id=1016,57,0.6093045033750106,0.6157077688849557
T1,DC,donor_id=1016,58,0.6543060267976601,0.6679942867699471
T1,DC,donor_id=1016,59,0.47588741060263456,0.4805395186906698
T1,DC,donor_id=1016,60,0.6911485426440479,0.716604381389838
T1,DC,donor_id=1016,61,0.6091418574357116,0.6337377088814551
T1,DC,donor_id=1016,62,0.6597707008155199,0.6894566955319384
T1,DC,donor_id=1016,63,0.6231630113992036,0.6393387144543284
T1,DC,donor_id=1016,64,0.6649146040024858,0.6680868132571747
T1,DC,donor_id=1016,65,0.6435241217545076,0.6665813964435546
T1,DC,donor_id=1016,66,0.6751377020695322,0.6898942133534535
T1,DC,donor_id=1016,67,0.6753149728233124,0.6934737377273913
T1,DC,donor_id=1016,68,0.6427411388111112,0.6672715613987684
T1,DC,donor_id=1016,69,0.6817464909577713,0.6960414236155978
T1,DC,donor_id=1016,70,0.6743648904585062,0.6851011151025521
T1,DC,donor_id=1016,71,0.6148602166475287,0.6225349936920774
T1,DC,donor_id=1016,72,0.6314996961925369,0.6449790973632177
T1,DC,donor_id=1016,73,0.6747238273015487,0.69135833122173
T1,DC,donor_id=1016,74,0.6693240171760105,0.6822882356154217
T1,DC,donor_id=1016,75,0.6272266304767904,0.6537155871956161
T1,DC,donor_id=1016,76,0.6752232761841178,0.6959040458150376
T1,DC,donor_id=1016,77,0.6600182526088779,0.6774433691260945
T1,DC,donor_id=1016,78,0.5898267933902088,0.6197517868736004
T1,DC,donor_id=1016,79,0.6572815091975486,0.6721553456093786
T1,DC,donor_id=1016,80,0.6930372067142385,0.7017053765715283
T1,DC,donor_id=1016,81,0.6655025446425039,0.6782043955104466
T1,DC,donor_id=1016,82,0.6544906207394502,0.6791248997080933
T1,DC,donor_id=1016,83,0.6589173549755869,0.6697563863524569
T1,DC,donor_id=1016,84,0.6616674981239232,0.6831136221147677
T1,DC,donor_id=1016,85,0.6629408559575481,0.6771857481064463
T1,DC,donor_id=1016,86,0.5953168405636016,0.6160297781924888
T1,DC,donor_id=1016,87,0.661546470382964,0.674671720184985
T1,DC,donor_id=1016,88,0.682788200887524,0.7016831448791712
T1,DC,donor_id=1016,89,0.6335748462511344,0.6464858861875465
T1,DC,donor_id=1016,90,0.661734968318573,0.687479040928247
T1,DC,donor_id=1016,91,0.5933888612958506,0.6084107428409289
T1,DC,donor_id=1016,92,0.67918020736008,0.7027432007843917
T1,DC,donor_id=1016,93,0.6634977552216575,0.6787047403328514
T1,DC,donor_id=1016,94,0.6793635558417621,0.6899898189736978
T1,DC,donor_id=1016,95,0.6429048261324912,0.6696607916440573
T1,DC,donor_id=1016,96,0.6816426934943282,0.7005148976700407
T1,DC,donor_id=1016,97,0.6488436163658707,0.6683005132586607
T1,DC,donor_id=1016,98,0.6307982567161223,0.6559066334594842
T1,DC,donor_id=1016,99,0.6824557679660598,0.7035014278365704
T1,Mk,donor_id=1016,0,0.17324209099387933,0.19067733771989737
T1,Mk,donor_id=1016,1,0.15097955617486014,0.19067733771989737
T1,Mk,donor_id=1016,2,0.14313990247761083,0.19795497786798397
T1,Mk,donor_id=1016,3,0.0978712725174243,0.15823844940130818
T1,Mk,donor_id=1016,4,0.1254168448154294,0.2250353007423749
T1,Mk,donor_id=1016,5,0.19260916212112766,0.23296323837202873
T1,Mk,donor_id=1016,6,0.133350387260924,0.1611963875310051
T1,Mk,donor_id=1016,7,0.13463348610886702,0.1805770303582342
T1,Mk,donor_id=1016,8,0.1894879289422038,0.21362449527803679
T1,Mk,donor_id=1016,9,0.16279059840014823,0.19067733771989737
T1,Mk,donor_id=1016,10,0.2092050770385515,0.2642625119033494
T1,Mk,donor_id=1016,11,0.08622067671290036,0.15590607408709603
T1,Mk,donor_id=1016,12,0.19916874838811296,0.2246956671423558
T1,Mk,donor_id=1016,13,0.14615712227229263,0.1927235423902929
T1,Mk,donor_id=1016,14,0.2233736353808859,0.26013624036282496
T1,Mk,donor_id=1016,15,0.1346722912123243,0.18171796826246564
T1,Mk,donor_id=1016,16,0.1340477924100792,0.20546251320159403
T1,Mk,donor_id=1016,17,0.16619531989567288,0.23626547909078222
T1,Mk,donor_id=1016,18,0.15950302346803344,0.18117307142678998
T1,Mk,donor_id=1016,19,0.2560014223157808,0.2758350958656918
T1,Mk,donor_id=1016,20,0.19944100409525714,0.2250353007423749
T1,Mk,donor_id=1016,21,0.11118749780299203,0.14341105061017884
T1,Mk,donor_id=1016,22,0.13041307376306926,0.15823844940130818
T1,Mk,donor_id=1016,23,0.11136520814116017,0.18117307142678998
T1,Mk,donor_id=1016,24,0.19215820968296432,0.2288382353651753
T1,Mk,donor_id=1016,25,0.17212396479540176,0.18171796826246564
T1,Mk,donor_id=1016,26,0.15201433287402918,0.18304979260847826
T1,Mk,donor_id=1016,27,0.13669764025660297,0.18392183690167277
T1,Mk,donor_id=1016,28,0.1695256459200594,0.22601380020265605
T1,Mk,donor_id=1016,29,0.15097533464296967,0.20486068067072244
T1,Mk,donor_id=1016,30,0.21009999127993925,0.23648416655505083
T1,Mk,donor_id=1016,31,0.19137804731405525,0.2227800153740172
T1,Mk,donor_id=1016,32,0.14906770943085526,0.196112918675026
T1,Mk,donor_id=1016,33,0.11820358264770917,0.2022756008962522
T1,Mk,donor_id=1016,34,0.22058745826833798,0.2642625119033494
T1,Mk,donor_id=1016,35,0.17696717063064782,0.2167612063200306
T1,Mk,donor_id=1016,36,0.18738444493827053,0.1765401906007491
T1,Mk,donor_id=1016,37,0.24812245776790554,0.27966137487325804
T1,Mk,donor_id=1016,38,0.15076491242558798,0.19419226745731874
T1,Mk,donor_id=1016,39,0.16220688417810755,0.1865419105242914
T1,Mk,donor_id=1016,40,0.14962827213231636,0.20919041595191673
T1,Mk,donor_id=1016,41,0.18795710264215154,0.196112918675026
T1,Mk,donor_id=1016,42,0.1825658194363747,0.23301950907105634
T1,Mk,donor_id=1016,43,0.15654196101960344,0.19943620901119088
T1,Mk,donor_id=1016,44,0.17511181965012626,0.2167612063200306
T1,Mk,donor_id=1016,45,0.14148005398951538,0.13377740604269317
T1,Mk,donor_id=1016,46,0.16361028955967635,0.20441332789516092
T1,Mk,donor_id=1016,47,0.08563210239365812,0.09551801544449423
T1,Mk,donor_id=1016,48,0.1570346581309099,0.1646266844082841
T1,Mk,donor_id=1016,49,0.12467829612287064,0.16150600322756614
T1,Mk,donor_id=1016,50,0.19940287467119722,0.22800352754363748
T1,Mk,donor_id=1016,51,0.21443836626272234,0.243057595082322
T1,Mk,donor_id=1016,52,0.18322322792414428,0.18150556353288513
T1,Mk,donor_id=1016,53,0.2164880650072705,0.2282247787546123
T1,Mk,donor_id=1016,54,0.15273042793626837,0.18931403560936397
T1,Mk,donor_id=1016,55,0.10954903325868756,0.23013102955488235
T1,Mk,donor_id=1016,56,0.16608765416886317,0.23626547909078222
T1,Mk,donor_id=1016,57,0.13470522948839467,0.18959839439831877
T1,Mk,donor_id=1016,58,0.22854938201065403,0.2775925650425634
T1,Mk,donor_id=1016,59,0.15739325200803564,0.2227800153740172
T1,Mk,donor_id=1016,60,0.17776403089972376,0.20623433065919708
T1,Mk,donor_id=1016,61,0.17968671899276606,0.1999411081361687
T1,Mk,donor_id=1016,62,0.09767463122658902,0.08400390935663841
T1,Mk,donor_id=1016,63,0.18793603728407898,0.23087797761736503
T1,Mk,donor_id=1016,64,0.17592738330135613,0.21803570807626435
T1,Mk,donor_id=1016,65,0.18463945385231564,0.22287755125756603
T1,Mk,donor_id=1016,66,0.13302874429838338,0.2035028669194541
T1,Mk,donor_id=1016,67,0.1558805901845328,0.2035028669194541
T1,Mk,donor_id=1016,68,0.2305695229813876,0.24359143664469615
T1,Mk,donor_id=1016,69,0.1848664569683818,0.19851500787381202
T1,Mk,donor_id=1016,70,0.2081245212305747,0.2288382353651753
T1,Mk,donor_id=1016,71,0.2150159450961362,0.2282247787546123
T1,Mk,donor_id=1016,72,0.1773488069684332,0.20441332789516092
T1,Mk,donor_id=1016,73,0.16745768546885464,0.20919041595191673
T1,Mk,donor_id=1016,74,0.2182179903431092,0.21762512689501531
T1,Mk,donor_id=1016,75,0.23031841146831034,0.2758350958656918
T1,Mk,donor_id=1016,76,0.19607111344785466,0.25650041668573303
T1,Mk,donor_id=1016,77,0.20822744852568228,0.24217669681526344
T1,Mk,donor_id=1016,78,0.11683649927931551,0.16150600322756614
T1,Mk,donor_id=1016,79,0.13742311275558936,0.20623433065919708
T1,Mk,donor_id=1016,80,0.15658737882274043,0.21762512689501531
T1,Mk,donor_id=1016,81,0.23568922224517544,0.2758350958656918
T1,Mk,donor_id=1016,82,0.21301839296914515,0.25146132252622766
T1,Mk,donor_id=1016,83,0.12439058143986734,0.18150556353288513
T1,Mk,donor_id=1016,84,0.18772599769659162,0.23325019554338022
T1,Mk,donor_id=1016,85,0.2217155660292855,0.2758350958656918
T1,Mk,donor_id=1016,86,0.20082320014656008,0.2571369343085682
T1,Mk,donor_id=1016,87,0.16274698976830557,0.196112918675026
T1,Mk,donor_id=1016,88,0.21796557685020646,0.25304019986908904
T1,Mk,donor_id=1016,89,0.14642676404907815,0.22342278840110802
T1,Mk,donor_id=1016,90,0.16792803481012133,0.20623433065919708
T1,Mk,donor_id=1016,91,0.1909495068134362,0.22800352754363748
T1,Mk,donor_id=1016,92,0.12804404380761003,0.21887637142106198
T1,Mk,donor_id=1016,93,0.14992301840385638,0.15126765986502103
T1,Mk,donor_id=1016,94,0.15377552799774136,0.243057595082322
T1,Mk,donor_id=1016,95,0.2001629907892331,0.22769545909668432
T1,Mk,donor_id=1016,96,0.21543095082579553,0.21887637142106198
T1,Mk,donor_id=1016,97,0.15233176936521348,0.17595040914299387
T1,Mk,donor_id=1016,98,0.12570768714034303,0.18392183690167277
T1,Mk,donor_id=1016,99,0.14285941479721928,0.17599606702211645
T1,Mk,donor_id=1488,0,0.45097887879569154,0.5534850154079767
T1,Mk,donor_id=1488,1,0.4943298356022991,0.5585183515686014
T1,Mk,donor_id=1488,2,0.4440256328874906,0.5249667690017434
T1,Mk,donor_id=1488,3,0.4289936656705809,0.5719838904448514
T1,Mk,donor_id=1488,4,0.47551295022558876,0.550174881614398
T1,Mk,donor_id=1488,5,0.4128119369596396,0.5241518892054021
T1,Mk,donor_id=1488,6,0.45920613468324234,0.5286455595380056
T1,Mk,donor_id=1488,7,0.4514275380688417,0.5052566997584799
T1,Mk,donor_id=1488,8,0.43879452553881276,0.4907264373544518
T1,Mk,donor_id=1488,9,0.44003199726056164,0.5334613757248786
T1,Mk,donor_id=1488,10,0.46709767673238006,0.5549095814297725
T1,Mk,donor_id=1488,11,0.4856155719532638,0.5639463829813074
T1,Mk,donor_id=1488,12,0.47655292487160567,0.5561370032692895
T1,Mk,donor_id=1488,13,0.4039426534162336,0.5314224524656492
T1,Mk,donor_id=1488,14,0.46982610381534035,0.5396441119972953
T1,Mk,donor_id=1488,15,0.45440193508265686,0.5726023206444026
T1,Mk,donor_id=1488,16,0.42619956721011326,0.5234693253390146
T1,Mk,donor_id=1488,17,0.42888042805924104,0.5394593012766334
T1,Mk,donor_id=1488,18,0.3773855142829592,0.504841150545145
T1,Mk,donor_id=1488,19,0.3937943839507245,0.49213926178198714
T1,Mk,donor_id=1488,20,0.46074298888675447,0.507674336691448
T1,Mk,donor_id=1488,21,0.45400459830560463,0.5329458831477999
T1,Mk,donor_id=1488,22,0.42224575931526226,0.570762685921341
T1,Mk,donor_id=1488,23,0.4005882177559607,0.5438321324591281
T1,Mk,donor_id=1488,24,0.4708680651888317,0.5471624684719254
T1,Mk,donor_id=1488,25,0.48564541850697035,0.522036297762537
T1,Mk,donor_id=1488,26,0.45127858089848133,0.5624274624891069
T1,Mk,donor_id=1488,27,0.4620301162692945,0.5834255563901201
T1,Mk,donor_id=1488,28,0.44580980475522963,0.5661751577010804
T1,Mk,donor_id=1488,29,0.4752455265938752,0.5368285959848259
T1,Mk,donor_id=1488,30,0.47294834164928096,0.5335166264188113
T1,Mk,donor_id=1488,31,0.4582781801410469,0.5589643142642401
T1,Mk,donor_id=1488,32,0.46014687072973176,0.5502969589590948
T1,Mk,donor_id=1488,33,0.36987595353888314,0.5161186343761481
T1,Mk,donor_id=1488,34,0.4281082707771932,0.5821662211482022
T1,Mk,donor_id=1488,35,0.41816249401602473,0.4882621113713541
T1,Mk,donor_id=1488,36,0.38025324852802933,0.5478242321033512
T1,Mk,donor_id=1488,37,0.4390336565048408,0.5403468450652916
T1,Mk,donor_id=1488,38,0.34551102359394786,0.5154646784635546
T1,Mk,donor_id=1488,39,0.4800492323066937,0.5757386577409233
T1,Mk,donor_id=1488,40,0.4887344119275421,0.579652807820605
T1,Mk,donor_id=1488,41,0.4445200765027636,0.5344697341944192
T1,Mk,donor_id=1488,42,0.46641648602064906,0.5671383909641252
T1,Mk,donor_id=1488,43,0.4752441612827795,0.5964429462478676
T1,Mk,donor_id=1488,44,0.45351418293182816,0.5376057702447428
T1,Mk,donor_id=1488,45,0.4712695394635125,0.5705699560674264
T1,Mk,donor_id=1488,46,0.43432557439027314,0.5426733095326461
T1,Mk,donor_id=1488,47,0.45068392421495956,0.5702313750903159
T1,Mk,donor_id=1488,48,0.463651762605269,0.5585558513049063
T1,Mk,donor_id=1488,49,0.4803784563521759,0.5723693055172858
T1,Mk,donor_id=1488,50,0.4235962051025684,0.5108198178643018
T1,Mk,donor_id=1488,51,0.44850545880053233,0.5392017701807841
T1,Mk,donor_id=1488,52,0.35694946824766377,0.5042352106576115
T1,Mk,donor_id=1488,53,0.454073767824747,0.5384370857828928
T1,Mk,donor_id=1488,54,0.4605440080471262,0.5607908533400424
T1,Mk,donor_id=1488,55,0.40856560126295044,0.5349760651772338
T1,Mk,donor_id=1488,56,0.4575140136941647,0.5786212946374027
T1,Mk,donor_id=1488,57,0.4438226327038877,0.5549291429129453
T1,Mk,donor_id=1488,58,0.4705279805010394,0.5573113661594563
T1,Mk,donor_id=1488,59,0.39195174822462175,0.5105296143429732
T1,Mk,donor_id=1488,60,0.4747724428636413,0.5576962864342445
T1,Mk,donor_id=1488,61,0.47504938874490865,0.5427576697864137
T1,Mk,donor_id=1488,62,0.3269705826520858,0.44929561274133123
T1,Mk,donor_id=1488,63,0.49833473789712174,0.5755985795605194
T1,Mk,donor_id=1488,64,0.4869833083569967,0.5702194851962822
T1,Mk,donor_id=1488,65,0.42964730700312126,0.5169315223222167
T1,Mk,donor_id=1488,66,0.4574561313833014,0.5580499310766949
T1,Mk,donor_id=1488,67,0.44570969685299455,0.5573359064224528
T1,Mk,donor_id=1488,68,0.4411122794739018,0.5104395605407678
T1,Mk,donor_id=1488,69,0.49502288939982225,0.5809545845537806
T1,Mk,donor_id=1488,70,0.418782969617856,0.5308347121447519
T1,Mk,donor_id=1488,71,0.4738040416603408,0.5612420120354612
T1,Mk,donor_id=1488,72,0.44121505647332965,0.545824707300913
T1,Mk,donor_id=1488,73,0.4680162535895252,0.4959783873711049
T1,Mk,donor_id=1488,74,0.4387466470675856,0.4623047088598609
T1,Mk,donor_id=1488,75,0.2726862210208249,0.3691424002027476
T1,Mk,donor_id=1488,76,0.3998809387159158,0.5539490920989995
T1,Mk,donor_id=1488,77,0.4422892216816837,0.5427889840150182
T1,Mk,donor_id=1488,78,0.43269695841436084,0.5400656423227865
T1,Mk,donor_id=1488,79,0.4691704215023985,0.530254646914061
T1,Mk,donor_id=1488,80,0.47894490186156313,0.57601676799825
T1,Mk,donor_id=1488,81,0.498148917679206,0.5518404238356881
T1,Mk,donor_id=1488,82,0.41340657672119613,0.5240547756299554
T1,Mk,donor_id=1488,83,0.4433660683601895,0.5400178935309441
T1,Mk,donor_id=1488,84,0.471146404469209,0.5717948621147488
T1,Mk,donor_id=1488,85,0.43817162115355884,0.5518068514447134
T1,Mk,donor_id=1488,86,0.46216196964883643,0.5674446377465244
T1,Mk,donor_id=1488,87,0.4315650856467182,0.5432226137841166
T1,Mk,donor_id=1488,88,0.46463281165479214,0.5593957306675592
T1,Mk,donor_id=1488,89,0.5033739553573497,0.5586872909854238
T1,Mk,donor_id=1488,90,0.3713147453841912,0.47439331825849024
T1,Mk,donor_id=1488,91,0.4077374562105776,0.523428255865256
T1,Mk,donor_id=1488,92,0.42634815275696153,0.5417939314936432
T1,Mk,donor_id=1488,93,0.4786419829369814,0.54139649501883
T1,Mk,donor_id=1488,94,0.4891167682834967,0.5732888141110303
T1,Mk,donor_id=1488,95,0.48562158069168604,0.5904616231250294
T1,Mk,donor_id=1488,96,0.46897104771537285,0.5494443310185118
T1,Mk,donor_id=1488,97,0.4522015553567228,0.4984868975580916
T1,Mk,donor_id=1488,98,0.4327953642612479,0.5210584824112343
T1,Mk,donor_id=1488,99,0.3263507377555329,0.4269934172412804
T1,Mk,donor_id=1015,0,0.47256010380109054,0.5498817486226351
T1,Mk,donor_id=1015,1,0.5485704157157271,0.6212281676615878
T1,Mk,donor_id=1015,2,0.5438819655828746,0.5969016264975179
T1,Mk,donor_id=1015,3,0.46605540622529046,0.5206583245154904
T1,Mk,donor_id=1015,4,0.5620408464428861,0.6064891235500214
T1,Mk,donor_id=1015,5,0.5264523629877278,0.6000797207603739
T1,Mk,donor_id=1015,6,0.5132810759559309,0.5694656618752658
T1,Mk,donor_id=1015,7,0.5340113442116307,0.5712234352096056
T1,Mk,donor_id=1015,8,0.5329756389074016,0.613596997830128
T1,Mk,donor_id=1015,9,0.5552218113566557,0.6067027286657949
T1,Mk,donor_id=1015,10,0.5539349974330362,0.6095815826245707
T1,Mk,donor_id=1015,11,0.48969654102129306,0.5403292083278574
T1,Mk,donor_id=1015,12,0.5176924623935472,0.6051914588840434
T1,Mk,donor_id=1015,13,0.5040724557101511,0.5294369574154467
T1,Mk,donor_id=1015,14,0.3658160715750015,0.47816366933886506
T1,Mk,donor_id=1015,15,0.4521527247027767,0.519463195367826
T1,Mk,donor_id=1015,16,0.3487792447104875,0.4063400987427003
T1,Mk,donor_id=1015,17,0.5082206858601476,0.5906238746643544
T1,Mk,donor_id=1015,18,0.5185265791428476,0.6084613096969584
T1,Mk,donor_id=1015,19,0.5348469754248321,0.5815643085308733
T1,Mk,donor_id=1015,20,0.511380057831005,0.6144325674679257
T1,Mk,donor_id=1015,21,0.5424735156464925,0.6117882518486802
T1,Mk,donor_id=1015,22,0.38171724992298983,0.39962015628180203
T1,Mk,donor_id=1015,23,0.5255321487915232,0.5854231027436578
T1,Mk,donor_id=1015,24,0.5198436898305652,0.5978192891273254
T1,Mk,donor_id=1015,25,0.45358531818429565,0.5468347545645118
T1,Mk,donor_id=1015,26,0.5413423174313043,0.6111729816922112
T1,Mk,donor_id=1015,27,0.5312762624627873,0.5944739575485266
T1,Mk,donor_id=1015,28,0.5518993466648,0.6153435229356066
T1,Mk,donor_id=1015,29,0.5045727662325218,0.5533911574582763
T1,Mk,donor_id=1015,30,0.4121628763433403,0.46873737123108267
T1,Mk,donor_id=1015,31,0.5006763013483428,0.5427179494370962
T1,Mk,donor_id=1015,32,0.41925372712158937,0.47497618185221296
T1,Mk,donor_id=1015,33,0.5242075321069873,0.5480985062516732
T1,Mk,donor_id=1015,34,0.5384054648873582,0.61527159726561
T1,Mk,donor_id=1015,35,0.39446240696016827,0.43134117652394743
T1,Mk,donor_id=1015,36,0.3911035746616846,0.45083640429918725
T1,Mk,donor_id=1015,37,0.5268356379505196,0.5308574667479758
T1,Mk,donor_id=1015,38,0.3891004868082736,0.4989429659822096
T1,Mk,donor_id=1015,39,0.5353655028128681,0.5736728460413183
T1,Mk,donor_id=1015,40,0.5333683013469193,0.608734026094077
T1,Mk,donor_id=1015,41,0.5494707566745283,0.6213167702666009
T1,Mk,donor_id=1015,42,0.5427943826024307,0.5698817182707061
T1,Mk,donor_id=1015,43,0.5500266919676472,0.6184481620935259
T1,Mk,donor_id=1015,44,0.5081031807943203,0.5473361270456095
T1,Mk,donor_id=1015,45,0.5062686103333024,0.5741705303393999
T1,Mk,donor_id=1015,46,0.5309505301865973,0.5999029506930635
T1,Mk,donor_id=1015,47,0.4730425364457311,0.5441773544244831
T1,Mk,donor_id=1015,48,0.5177423649573917,0.5998433635791887
T1,Mk,donor_id=1015,49,0.44460825428461276,0.5008623658036384
T1,Mk,donor_id=1015,50,0.41601090421049836,0.5271534803843674
T1,Mk,donor_id=1015,51,0.533396499400382,0.5856557065821613
T1,Mk,donor_id=1015,52,0.5067380902557663,0.553303626147093
T1,Mk,donor_id=1015,53,0.41801674467952693,0.43275415972778364
T1,Mk,donor_id=1015,54,0.5321286990815075,0.5760279077699969
T1,Mk,donor_id=1015,55,0.4553872106917795,0.6077783583928151
T1,Mk,donor_id=1015,56,0.4790531402347127,0.5792915439252733
T1,Mk,donor_id=1015,57,0.5310010075126468,0.5854488179179412
T1,Mk,donor_id=1015,58,0.5114471492496757,0.5842187625405354
T1,Mk,donor_id=1015,59,0.5357651360518215,0.5828532186901547
T1,Mk,donor_id=1015,60,0.4950170852552525,0.5872929669272544
T1,Mk,donor_id=1015,61,0.512916465191227,0.5555801740167857
T1,Mk,donor_id=1015,62,0.49500373813369686,0.586266504166928
T1,Mk,donor_id=1015,63,0.526052344589383,0.6008681688528267
T1,Mk,donor_id=1015,64,0.548132189911952,0.6074895411224788
T1,Mk,donor_id=1015,65,0.49812643531885636,0.5508398095949689
T1,Mk,donor_id=1015,66,0.5525612126540312,0.5975810978476445
T1,Mk,donor_id=1015,67,0.508551900006584,0.5858902055008718
T1,Mk,donor_id=1015,68,0.49860172781343726,0.576414745227602
T1,Mk,donor_id=1015,69,0.5491169261440081,0.5973315475459876
T1,Mk,donor_id=1015,70,0.5374071286086963,0.6036008077529024
T1,Mk,donor_id=1015,71,0.4941147662087755,0.5890681603633414
T1,Mk,donor_id=1015,72,0.4834729793161055,0.5549869987765534
T1,Mk,donor_id=1015,73,0.5101861549871548,0.5232770898503203
T1,Mk,donor_id=1015,74,0.4661545206423742,0.5323150871437322
T1,Mk,donor_id=1015,75,0.4629343343517529,0.5030362724236028
T1,Mk,donor_id=1015,76,0.509908558816182,0.5918457906609149
T1,Mk,donor_id=1015,77,0.5272446246976371,0.5672254779902822
T1,Mk,donor_id=1015,78,0.4970223512684979,0.6002656478371592
T1,Mk,donor_id=1015,79,0.43589048159641813,0.5412783822039983
T1,Mk,donor_id=1015,80,0.421730020093639,0.48651287420316447
T1,Mk,donor_id=1015,81,0.4962538123558038,0.5982600585553952
T1,Mk,donor_id=1015,82,0.5189866816749643,0.5845988443159229
T1,Mk,donor_id=1015,83,0.4753699067456848,0.5481465355699268
T1,Mk,donor_id=1015,84,0.5222686887974782,0.5987281766005225
T1,Mk,donor_id=1015,85,0.39223355123756626,0.42734554849140005
T1,Mk,donor_id=1015,86,0.5337646072597853,0.5922444736727274
T1,Mk,donor_id=1015,87,0.301786368046423,0.35494008333156174
T1,Mk,donor_id=1015,88,0.38192222337537135,0.4002183092469908
T1,Mk,donor_id=1015,89,0.5221069614989062,0.5872502825160056
T1,Mk,donor_id=1015,90,0.5273390243408614,0.5867502398612252
T1,Mk,donor_id=1015,91,0.5287521429793168,0.5869115329680759
T1,Mk,donor_id=1015,92,0.5075779592013147,0.5903299727347309
T1,Mk,donor_id=1015,93,0.4435120140044994,0.5301681523447745
T1,Mk,donor_id=1015,94,0.5457399249721754,0.6013926458753844
T1,Mk,donor_id=1015,95,0.5433089340452065,0.6259801157426238
T1,Mk,donor_id=1015,96,0.4625702957254018,0.5631011183037311
T1,Mk,donor_id=1015,97,0.3574979021872432,0.43528856022584556
T1,Mk,donor_id=1015,98,0.5294553637279237,0.5996855752850565
T1,Mk,donor_id=1015,99,0.5276364208992008,0.5883243693117874
T1,Mk,donor_id=1039,0,0.165651164695222,0.21084344972819488
T1,Mk,donor_id=1039,1,0.132220305256919,0.1787335320879469
T1,Mk,donor_id=1039,2,0.1691517236300261,0.20353429242852725
T1,Mk,donor_id=1039,3,0.1951883131183738,0.2358819092511796
T1,Mk,donor_id=1039,4,0.15052683598022903,0.20794107028712938
T1,Mk,donor_id=1039,5,-0.01041607012434934,0.054766755606796676
T1,Mk,donor_id=1039,6,0.17863974442865638,0.21605823986572403
T1,Mk,donor_id=1039,7,0.13401278164124403,0.18985243659963108
T1,Mk,donor_id=1039,8,0.18589146007332563,0.2495513315298899
T1,Mk,donor_id=1039,9,0.13576434865749684,0.16266771604440594
T1,Mk,donor_id=1039,10,0.07183343270331256,0.08842374984973556
T1,Mk,donor_id=1039,11,0.23250497099230436,0.291566348651514
T1,Mk,donor_id=1039,12,0.22070465555474883,0.23380610955306572
T1,Mk,donor_id=1039,13,0.059588237524915245,0.15988163057200525
T1,Mk,donor_id=1039,14,0.03591675808252975,0.03524065676112992
T1,Mk,donor_id=1039,15,0.13424290027091265,0.1944341963248471
T1,Mk,donor_id=1039,16,0.18116798124653044,0.23407807304784242
T1,Mk,donor_id=1039,17,0.08549155730992891,0.1035975761115022
T1,Mk,donor_id=1039,18,0.1434831597498708,0.21117125926683994
T1,Mk,donor_id=1039,19,0.18042541690966968,0.23712715658178962
T1,Mk,donor_id=1039,20,0.14620354965420587,0.2001180432714862
T1,Mk,donor_id=1039,21,0.23352965541188186,0.28223832213785227
T1,Mk,donor_id=1039,22,0.20797785098476668,0.2203565689654258
T1,Mk,donor_id=1039,23,0.20528788987212926,0.23399616091981285
T1,Mk,donor_id=1039,24,0.16496308972497167,0.20391100346365126
T1,Mk,donor_id=1039,25,0.17506797213235237,0.17408238092326286
T1,Mk,donor_id=1039,26,0.15834066189286214,0.20538039964767354
T1,Mk,donor_id=1039,27,0.17230566761733984,0.22924261256965625
T1,Mk,donor_id=1039,28,0.14380769604807978,0.14166197759392432
T1,Mk,donor_id=1039,29,0.1254140364217329,0.18504490885521377
T1,Mk,donor_id=1039,30,0.2066010358250201,0.23541142823593866
T1,Mk,donor_id=1039,31,0.1421995652908687,0.1923861195382187
T1,Mk,donor_id=1039,32,0.23790950086945303,0.27864510305102314
T1,Mk,donor_id=1039,33,0.12060108891730964,0.12983585451240715
T1,Mk,donor_id=1039,34,0.07079667014253335,0.14785039951184314
T1,Mk,donor_id=1039,35,0.2305015537331866,0.26993418924313606
T1,Mk,donor_id=1039,36,0.16065879864267568,0.22709039165302125
T1,Mk,donor_id=1039,37,0.17092062692965668,0.1926099484503995
T1,Mk,donor_id=1039,38,0.10100927361743364,0.17540188397391904
T1,Mk,donor_id=1039,39,0.20207946489731182,0.22114741332026996
T1,Mk,donor_id=1039,40,0.2148866379111278,0.23135214872920923
T1,Mk,donor_id=1039,41,0.11118608987260505,0.18244594486856744
T1,Mk,donor_id=1039,42,0.21602926595241054,0.25296591817154634
T1,Mk,donor_id=1039,43,0.1960413712379059,0.23408824758744193
T1,Mk,donor_id=1039,44,0.19182016817302674,0.23499990119615957
T1,Mk,donor_id=1039,45,0.10428085353205671,0.11630961021696727
T1,Mk,donor_id=1039,46,0.16159182659036259,0.19211382898446527
T1,Mk,donor_id=1039,47,0.21741161120643993,0.25031869931478923
T1,Mk,donor_id=1039,48,0.1355691177024494,0.18096737054586426
T1,Mk,donor_id=1039,49,0.15108600448514406,0.1864922277911098
T1,Mk,donor_id=1039,50,0.18439323553730214,0.21662056956684297
T1,Mk,donor_id=1039,51,0.20380029902057367,0.2405870280981986
T1,Mk,donor_id=1039,52,0.14926793295951563,0.1656341606257123
T1,Mk,donor_id=1039,53,0.10817490763985686,0.18096737054586426
T1,Mk,donor_id=1039,54,0.10452976629467035,0.1384194677194079
T1,Mk,donor_id=1039,55,0.14089197059106529,0.23695524977210164
T1,Mk,donor_id=1039,56,0.10304140824674159,0.0827920993711818
T1,Mk,donor_id=1039,57,0.15015846857802145,0.19037762486498272
T1,Mk,donor_id=1039,58,0.0999413968288754,0.16250407672746456
T1,Mk,donor_id=1039,59,0.21621165194328776,0.273745794146066
T1,Mk,donor_id=1039,60,0.09460718007721385,0.1390772440025896
T1,Mk,donor_id=1039,61,0.18891002707633864,0.22410080918224048
T1,Mk,donor_id=1039,62,0.17498380163395938,0.21450151951376636
T1,Mk,donor_id=1039,63,0.21722022332708393,0.2662639356620735
T1,Mk,donor_id=1039,64,0.14773693935066165,0.20413448239809645
T1,Mk,donor_id=1039,65,0.21350495138607226,0.2656439791358002
T1,Mk,donor_id=1039,66,0.08927620887470082,0.12432583572242625
T1,Mk,donor_id=1039,67,0.2232629182514013,0.2670057325267471
T1,Mk,donor_id=1039,68,0.1736341921149467,0.17469292151718943
T1,Mk,donor_id=1039,69,0.201263677663346,0.24500534136188395
T1,Mk,donor_id=1039,70,0.20642562373902199,0.23606450976564297
T1,Mk,donor_id=1039,71,0.1676303025148407,0.2244783434891591
T1,Mk,donor_id=1039,72,0.11007824863786372,0.17408238092326286
T1,Mk,donor_id=1039,73,0.0454720036864654,0.12270103243964083
T1,Mk,donor_id=1039,74,0.23988734940521508,0.2710674073366205
T1,Mk,donor_id=1039,75,0.11069767120835519,0.13764673533463898
T1,Mk,donor_id=1039,76,0.12754662859742583,0.12482213409610793
T1,Mk,donor_id=1039,77,0.021732312440426154,0.09188792764905501
T1,Mk,donor_id=1039,78,0.14845846341090665,0.1839842855096196
T1,Mk,donor_id=1039,79,0.1752233103337408,0.1904218080425898
T1,Mk,donor_id=1039,80,0.12172986191479652,0.1562133403008207
T1,Mk,donor_id=1039,81,0.1223498356491366,0.1937748842705205
T1,Mk,donor_id=1039,82,0.12882800707511735,0.16468248885679776
T1,Mk,donor_id=1039,83,0.1867551605187517,0.22547159191667968
T1,Mk,donor_id=1039,84,0.2098021242772819,0.2532593579746512
T1,Mk,donor_id=1039,85,0.1470759368086743,0.19098056932140925
T1,Mk,donor_id=1039,86,0.1905499725605335,0.2289055336239017
T1,Mk,donor_id=1039,87,0.1680262750291075,0.21250511975497768
T1,Mk,donor_id=1039,88,0.1827124324273936,0.23363586099927983
T1,Mk,donor_id=1039,89,0.20219713147216317,0.24716377988751212
T1,Mk,donor_id=1039,90,0.21518826402944546,0.22635769330448047
T1,Mk,donor_id=1039,91,0.19049937038681158,0.23898815404166407
T1,Mk,donor_id=1039,92,0.16104202587869715,0.2436937492179783
T1,Mk,donor_id=1039,93,0.12050903674651324,0.11398976851367636
T1,Mk,donor_id=1039,94,0.15313118249690355,0.21401687367934705
T1,Mk,donor_id=1039,95,0.19727204265682427,0.2222516721836791
T1,Mk,donor_id=1039,96,0.19906504403701406,0.2129775811183071
T1,Mk,donor_id=1039,97,0.11866326237064172,0.17540188397391904
T1,Mk,donor_id=1039,98,0.1627442632870747,0.22104366168064127
T1,Mk,donor_id=1039,99,0.11391849224538408,0.17296918878890274
T1,Mk,donor_id=1256,0,0.4658519848518272,0.5143711425267624
T1,Mk,donor_id=1256,1,0.4947685750952345,0.5442969408077298
T1,Mk,donor_id=1256,2,0.49020796896846075,0.5305141502385189
T1,Mk,donor_id=1256,3,0.4596771715737162,0.533412265541043
T1,Mk,donor_id=1256,4,0.46612671322554966,0.541848809146489
T1,Mk,donor_id=1256,5,0.45723422295702953,0.5036408584807524
T1,Mk,donor_id=1256,6,0.48279894676588364,0.5384862085216432
T1,Mk,donor_id=1256,7,0.47939880605455487,0.5314224026732541
T1,Mk,donor_id=1256,8,0.43588221130728194,0.490152496073333
T1,Mk,donor_id=1256,9,0.4820483034404704,0.5426552709114508
T1,Mk,donor_id=1256,10,0.47551226696431287,0.5317038238850134
T1,Mk,donor_id=1256,11,0.43003074136604197,0.5065791515358916
T1,Mk,donor_id=1256,12,0.402536902522519,0.4644224810866044
T1,Mk,donor_id=1256,13,0.47081072392469303,0.5161160097621506
T1,Mk,donor_id=1256,14,0.42380446251080134,0.5092204453858139
T1,Mk,donor_id=1256,15,0.4260965318525006,0.4951824324659716
T1,Mk,donor_id=1256,16,0.44102332078619266,0.5176521187177033
T1,Mk,donor_id=1256,17,0.4310011894325135,0.5098731282384242
T1,Mk,donor_id=1256,18,0.43227144688909586,0.5042931830666212
T1,Mk,donor_id=1256,19,0.4452515304671584,0.4918315179776852
T1,Mk,donor_id=1256,20,0.4965731367378099,0.5537324421239218
T1,Mk,donor_id=1256,21,0.47139809728191995,0.5209746186716108
T1,Mk,donor_id=1256,22,0.4839351546878716,0.5400958233515277
T1,Mk,donor_id=1256,23,0.42384536928014493,0.5255959479014114
T1,Mk,donor_id=1256,24,0.47355162258156447,0.5379283195860092
T1,Mk,donor_id=1256,25,0.4736357044433316,0.53049632130061
T1,Mk,donor_id=1256,26,0.47497071689089343,0.5281755525644757
T1,Mk,donor_id=1256,27,0.4606392054561443,0.5388966704408197
T1,Mk,donor_id=1256,28,0.43795525978328403,0.5041975145975296
T1,Mk,donor_id=1256,29,0.43702699815134355,0.49721621302555397
T1,Mk,donor_id=1256,30,0.4013447973646558,0.4908424504512162
T1,Mk,donor_id=1256,31,0.41913125594236766,0.4967396673486808
T1,Mk,donor_id=1256,32,0.44705363613606036,0.5170553391519441
T1,Mk,donor_id=1256,33,0.4317775896488877,0.5204732808274944
T1,Mk,donor_id=1256,34,0.46737317735038236,0.5406504488404514
T1,Mk,donor_id=1256,35,0.48691561140600315,0.5415515453215506
T1,Mk,donor_id=1256,36,0.4693383290146514,0.519042799937682
T1,Mk,donor_id=1256,37,0.4570189560354174,0.5347113153444977
T1,Mk,donor_id=1256,38,0.34825038069246844,0.46839476099371946
T1,Mk,donor_id=1256,39,0.4726219257834781,0.5214278642998982
T1,Mk,donor_id=1256,40,0.4413681800764824,0.4852003912321436
T1,Mk,donor_id=1256,41,0.46129983789361684,0.5179893664481168
T1,Mk,donor_id=1256,42,0.47877789960144806,0.5490622334560031
T1,Mk,donor_id=1256,43,0.47773885982976155,0.533995246532922
T1,Mk,donor_id=1256,44,0.4942358541686995,0.5571952105314737
T1,Mk,donor_id=1256,45,0.4106938074465893,0.4988087504958227
T1,Mk,donor_id=1256,46,0.4656487057974377,0.5234924886636011
T1,Mk,donor_id=1256,47,0.39669641989702836,0.4924337243046898
T1,Mk,donor_id=1256,48,0.4222182881364578,0.47468916478544493
T1,Mk,donor_id=1256,49,0.461521010921891,0.52241489249905
T1,Mk,donor_id=1256,50,0.4119849305348042,0.4948088889130388
T1,Mk,donor_id=1256,51,0.4672201715632773,0.540513344308624
T1,Mk,donor_id=1256,52,0.44558853330917775,0.49831272971863716
T1,Mk,donor_id=1256,53,0.45033985133529086,0.5205195664568695
T1,Mk,donor_id=1256,54,0.48957334572196554,0.5400045643601576
T1,Mk,donor_id=1256,55,0.40508767876386864,0.5242151762544222
T1,Mk,donor_id=1256,56,0.49765663670132515,0.5366727142370721
T1,Mk,donor_id=1256,57,0.4747014970530203,0.5272331523947016
T1,Mk,donor_id=1256,58,0.4919231204183707,0.5514735592571189
T1,Mk,donor_id=1256,59,0.4526720978006618,0.528910093896056
T1,Mk,donor_id=1256,60,0.433377993800961,0.5055112510297437
T1,Mk,donor_id=1256,61,0.4707724731872479,0.5216423043372164
T1,Mk,donor_id=1256,62,0.453644248726383,0.5306409428809049
T1,Mk,donor_id=1256,63,0.4959011106815799,0.5494153304079428
T1,Mk,donor_id=1256,64,0.46857877229133155,0.5213438680288651
T1,Mk,donor_id=1256,65,0.4776001281071169,0.5263671097111478
T1,Mk,donor_id=1256,66,0.46991428107309735,0.5118120121712464
T1,Mk,donor_id=1256,67,0.45687871189558055,0.5197037445533432
T1,Mk,donor_id=1256,68,0.45668517460134966,0.48561146288970375
T1,Mk,donor_id=1256,69,0.48145978759852975,0.5254189215748216
T1,Mk,donor_id=1256,70,0.46047854255963444,0.5246241907051332
T1,Mk,donor_id=1256,71,0.4379976553283609,0.5153295764973493
T1,Mk,donor_id=1256,72,0.45372896554454734,0.49298992428583005
T1,Mk,donor_id=1256,73,0.48840168168369974,0.5443507788125695
T1,Mk,donor_id=1256,74,0.46402157920581927,0.5200100410594294
T1,Mk,donor_id=1256,75,0.46362210772164214,0.5170927901050519
T1,Mk,donor_id=1256,76,0.4806952148504062,0.5382486690854145
T1,Mk,donor_id=1256,77,0.4359163241015979,0.5143788675384037
T1,Mk,donor_id=1256,78,0.49481625357230374,0.5467733716925955
T1,Mk,donor_id=1256,79,0.464236512461574,0.5245010795109242
T1,Mk,donor_id=1256,80,0.4528768989692922,0.5050710491841861
T1,Mk,donor_id=1256,81,0.3914788920617836,0.48977700582922945
T1,Mk,donor_id=1256,82,0.4694755697138057,0.5307536745034555
T1,Mk,donor_id=1256,83,0.44502465022554355,0.5027780798745217
T1,Mk,donor_id=1256,84,0.46408486074857264,0.5459437095865954
T1,Mk,donor_id=1256,85,0.4432866971249897,0.5058982499421917
T1,Mk,donor_id=1256,86,0.4739105949320649,0.5517774806746971
T1,Mk,donor_id=1256,87,0.46075029343534946,0.5146875992583005
T1,Mk,donor_id=1256,88,0.4616112141211932,0.5188734442036032
T1,Mk,donor_id=1256,89,0.4571542701832058,0.4770199119537709
T1,Mk,donor_id=1256,90,0.47228204259957357,0.5315147283716949
T1,Mk,donor_id=1256,91,0.49190948486060515,0.5354131335151622
T1,Mk,donor_id=1256,92,0.4566242548416231,0.5154667406337758
T1,Mk,donor_id=1256,93,0.4940495384603862,0.5298898386997737
T1,Mk,donor_id=1256,94,0.4442663538227806,0.5080587583555101
T1,Mk,donor_id=1256,95,0.46345495757961025,0.5297124806584829
T1,Mk,donor_id=1256,96,0.4435386768013269,0.5225365432173837
T1,Mk,donor_id=1256,97,0.4387732000176032,0.49222491063718615
T1,Mk,donor_id=1256,98,0.4410883596858304,0.49590537012991737
T1,Mk,donor_id=1256,99,0.4390836962766787,0.4950068532921853
T1,Mk,donor_id=1244,0,0.16507990078393722,0.2036040731701183
T1,Mk,donor_id=1244,1,0.0639128916444638,0.10929527717082452
T1,Mk,donor_id=1244,2,0.24113717025371023,0.29829476011116757
T1,Mk,donor_id=1244,3,0.22254832369655578,0.23563240378623473
T1,Mk,donor_id=1244,4,0.21836058201829497,0.24695465734045577
T1,Mk,donor_id=1244,5,0.08810446644774331,0.1690021723762125
T1,Mk,donor_id=1244,6,0.1840594454850589,0.24362979941933222
T1,Mk,donor_id=1244,7,0.1407542410917173,0.1365328545380008
T1,Mk,donor_id=1244,8,0.18229335809463246,0.22654564139990555
T1,Mk,donor_id=1244,9,0.2692407990772706,0.3100536901616235
T1,Mk,donor_id=1244,10,0.11125588908847409,0.1722867957428953
T1,Mk,donor_id=1244,11,0.029809570144342806,0.07146710464418828
T1,Mk,donor_id=1244,12,0.16844813178019555,0.2766161771933409
T1,Mk,donor_id=1244,13,0.05812821836202882,0.1681813820584106
T1,Mk,donor_id=1244,14,0.264709993788875,0.3031331039613328
T1,Mk,donor_id=1244,15,0.1813264602613728,0.17218335113985694
T1,Mk,donor_id=1244,16,0.18037690641343057,0.2151134876099616
T1,Mk,donor_id=1244,17,0.19058396190376697,0.2677633125550625
T1,Mk,donor_id=1244,18,0.09920466636978999,0.08555185426999329
T1,Mk,donor_id=1244,19,0.05068598382002458,0.1487427732679759
T1,Mk,donor_id=1244,20,0.13737122365709817,0.20377576593231098
T1,Mk,donor_id=1244,21,0.250973318582393,0.30164436842067677
T1,Mk,donor_id=1244,22,0.15929357901348204,0.22212652756291945
T1,Mk,donor_id=1244,23,0.20488206687751168,0.29335969813562285
T1,Mk,donor_id=1244,24,0.2206481574271026,0.2565718702646102
T1,Mk,donor_id=1244,25,0.19341325917444083,0.22831620499544414
T1,Mk,donor_id=1244,26,0.1990130143453268,0.2389187446677029
T1,Mk,donor_id=1244,27,0.2337875914625202,0.27393987193675046
T1,Mk,donor_id=1244,28,0.29052844611072753,0.33616795896490353
T1,Mk,donor_id=1244,29,0.1386044291656249,0.15168880071023477
T1,Mk,donor_id=1244,30,0.2597439499941087,0.32499066596714327
T1,Mk,donor_id=1244,31,0.18679333203906123,0.22302901206725984
T1,Mk,donor_id=1244,32,0.1732726143150717,0.21564756918963962
T1,Mk,donor_id=1244,33,0.25161382982286157,0.2817307525429853
T1,Mk,donor_id=1244,34,0.21989162774088986,0.3247368880847056
T1,Mk,donor_id=1244,35,0.14555246399092392,0.18851919707676157
T1,Mk,donor_id=1244,36,0.2335967003103589,0.30046352258738457
T1,Mk,donor_id=1244,37,0.10169794177864604,0.21720526765542753
T1,Mk,donor_id=1244,38,0.0958584333451576,0.05756987497370694
T1,Mk,donor_id=1244,39,0.19982465446840803,0.24936318488076203
T1,Mk,donor_id=1244,40,0.2309496163551003,0.26050999229780225
T1,Mk,donor_id=1244,41,0.19807015995268137,0.22436685646971988
T1,Mk,donor_id=1244,42,0.13411822663187384,0.19701543832938911
T1,Mk,donor_id=1244,43,0.19020389714088382,0.27836383197432757
T1,Mk,donor_id=1244,44,0.22810744611201716,0.2699675669120482
T1,Mk,donor_id=1244,45,0.25797441342877736,0.3052158682704006
T1,Mk,donor_id=1244,46,0.23333479370693855,0.30176710136816165
T1,Mk,donor_id=1244,47,0.2342144779925331,0.2928476487820621
T1,Mk,donor_id=1244,48,0.13500512990569632,0.20020618677508892
T1,Mk,donor_id=1244,49,0.2673023274034383,0.3243124866772577
T1,Mk,donor_id=1244,50,0.23775693382315494,0.30567608314985534
T1,Mk,donor_id=1244,51,0.1551569583718297,0.22541547970159864
T1,Mk,donor_id=1244,52,0.14170808480377153,0.20577103213752185
T1,Mk,donor_id=1244,53,0.018748024007547284,0.12645340095232288
T1,Mk,donor_id=1244,54,0.19855324006834474,0.22577145805874504
T1,Mk,donor_id=1244,55,0.23613832001074156,0.285758414683056
T1,Mk,donor_id=1244,56,0.23940420913787022,0.30884221054130206
T1,Mk,donor_id=1244,57,0.1853581318888818,0.23275978302746472
T1,Mk,donor_id=1244,58,0.20148766222336484,0.23865196904446787
T1,Mk,donor_id=1244,59,0.2517313852456851,0.2873791904198564
T1,Mk,donor_id=1244,60,0.18145156649632485,0.2664666992830282
T1,Mk,donor_id=1244,61,0.1023462569453572,0.11469164554841321
T1,Mk,donor_id=1244,62,0.04167357833858219,0.12811784131293938
T1,Mk,donor_id=1244,63,0.04389139912280329,0.07753811131173399
T1,Mk,donor_id=1244,64,0.1555057212963602,0.1951128430177325
T1,Mk,donor_id=1244,65,0.1689385214178506,0.21711322569079922
T1,Mk,donor_id=1244,66,0.17174337227547115,0.20432868118465383
T1,Mk,donor_id=1244,67,0.14964603238129506,0.16089482950392134
T1,Mk,donor_id=1244,68,0.21294222586822653,0.28568606698046023
T1,Mk,donor_id=1244,69,0.2328988092424987,0.2630761516832352
T1,Mk,donor_id=1244,70,0.009395960124712655,0.095177460497765
T1,Mk,donor_id=1244,71,0.21996593953358679,0.26437127515662995
T1,Mk,donor_id=1244,72,0.16850952453620535,0.2102535510887634
T1,Mk,donor_id=1244,73,0.055717000534664565,0.13642628989120806
T1,Mk,donor_id=1244,74,0.17472117617473407,0.20322979937198127
T1,Mk,donor_id=1244,75,0.241157572380794,0.3010666623866694
T1,Mk,donor_id=1244,76,0.2432392451258005,0.29975450554255667
T1,Mk,donor_id=1244,77,0.2637517563304808,0.33434819596260673
T1,Mk,donor_id=1244,78,0.22760505061947647,0.2966592794825077
T1,Mk,donor_id=1244,79,0.19030332315769424,0.27258532251155887
T1,Mk,donor_id=1244,80,0.08532974267452549,0.12964142716029228
T1,Mk,donor_id=1244,81,0.22517093101446878,0.23726941863082934
T1,Mk,donor_id=1244,82,0.05162429191313335,0.09220744844397503
T1,Mk,donor_id=1244,83,0.23252433627873167,0.2658222948528811
T1,Mk,donor_id=1244,84,0.18884640180870435,0.22825713983091583
T1,Mk,donor_id=1244,85,0.14909312355300414,0.22769647763667042
T1,Mk,donor_id=1244,86,0.10627987516620686,0.12319682351879166
T1,Mk,donor_id=1244,87,0.1482492444036019,0.16671040084538033
T1,Mk,donor_id=1244,88,0.1588563170875826,0.19729699948425597
T1,Mk,donor_id=1244,89,0.0775798186460589,0.1513445835618451
T1,Mk,donor_id=1244,90,0.15734419960060692,0.19540839760953646
T1,Mk,donor_id=1244,91,0.1924513411860875,0.2125058208452635
T1,Mk,donor_id=1244,92,0.15594060334252058,0.24661646109755556
T1,Mk,donor_id=1244,93,0.1473370312471221,0.23469325251035716
T1,Mk,donor_id=1244,94,0.1958026342936106,0.22044379537292655
T1,Mk,donor_id=1244,95,0.04860066642846615,0.1109011486642891
T1,Mk,donor_id=1244,96,0.0417275092013334,0.13884276824652866
T1,Mk,donor_id=1244,97,0.25785832881656545,0.30424748332156115
T1,Mk,donor_id=1244,98,0.19372876607189435,0.24217270769371924
T1,Mk,donor_id=1244,99,0.2204116245621126,0.28229735086919183
T1,Mk,donor_id=101,0,0.0809959069884667,0.11236205688978748
T1,Mk,donor_id=101,1,0.2782126251662452,0.312061471123234
T1,Mk,donor_id=101,2,0.0696665984141669,0.13328125714539077
T1,Mk,donor_id=101,3,0.17912740162944538,0.19840235525293254
T1,Mk,donor_id=101,4,0.10718451303009155,0.19560977394430307
T1,Mk,donor_id=101,5,0.20229542755655106,0.2234717660987594
T1,Mk,donor_id=101,6,0.20305347201286947,0.21555544495465503
T1,Mk,donor_id=101,7,0.21317825028948134,0.26590852790999886
T1,Mk,donor_id=101,8,0.054014477542724065,0.11646443483986363
T1,Mk,donor_id=101,9,0.27119339429399736,0.2908237587769006
T1,Mk,donor_id=101,10,0.22789460460859182,0.25165847113874473
T1,Mk,donor_id=101,11,0.21627548827031123,0.2606729909588358
T1,Mk,donor_id=101,12,0.1278426000644047,0.2209986278058638
T1,Mk,donor_id=101,13,0.19563782717646033,0.27534161956097686
T1,Mk,donor_id=101,14,0.21615489798928217,0.2506526665201819
T1,Mk,donor_id=101,15,0.19152827878031298,0.24098312056167387
T1,Mk,donor_id=101,16,0.21370895139559964,0.2383639313309745
T1,Mk,donor_id=101,17,0.2592945263116994,0.28965151586783644
T1,Mk,donor_id=101,18,0.19384718572304865,0.18711690413420848
T1,Mk,donor_id=101,19,0.1069137746614847,0.1662380380651075
T1,Mk,donor_id=101,20,0.17883149676674046,0.2152764542930998
T1,Mk,donor_id=101,21,0.10383407431070682,0.13690668783715393
T1,Mk,donor_id=101,22,0.2397097399230162,0.26409175020081915
T1,Mk,donor_id=101,23,0.2713556367725899,0.30027205945844426
T1,Mk,donor_id=101,24,0.25303169478732473,0.31287935757030166
T1,Mk,donor_id=101,25,0.21152746271637335,0.21243365559414215
T1,Mk,donor_id=101,26,0.183339550375772,0.189446416658314
T1,Mk,donor_id=101,27,0.1826976654023435,0.25191349766130294
T1,Mk,donor_id=101,28,0.20211501756917424,0.2234717660987594
T1,Mk,donor_id=101,29,0.21833779441718099,0.2689163306235599
T1,Mk,donor_id=101,30,0.22412778538750694,0.25191349766130294
T1,Mk,donor_id=101,31,0.22926361584676805,0.2651190567893053
T1,Mk,donor_id=101,32,0.20532389236123905,0.24612413769127955
T1,Mk,donor_id=101,33,0.20531210484020823,0.19596191659129716
T1,Mk,donor_id=101,34,0.2025263478691177,0.2500057578935174
T1,Mk,donor_id=101,35,0.18325339162765872,0.22162710650310463
T1,Mk,donor_id=101,36,0.18544654737111863,0.24359822026947442
T1,Mk,donor_id=101,37,0.11071170697665819,0.21002230957549814
T1,Mk,donor_id=101,38,0.180632071226715,0.19597941052508067
T1,Mk,donor_id=101,39,0.11992215706958924,0.1662380380651075
T1,Mk,donor_id=101,40,0.2063131052264325,0.24032946958037685
T1,Mk,donor_id=101,41,0.22066392864672515,0.24694878006852075
T1,Mk,donor_id=101,42,0.11437062600118238,0.13431891688280317
T1,Mk,donor_id=101,43,0.18669827560804314,0.21273102522049356
T1,Mk,donor_id=101,44,0.1646816229805408,0.18711690413420848
T1,Mk,donor_id=101,45,0.2827566237964154,0.300545950982004
T1,Mk,donor_id=101,46,0.23382414221765693,0.2606729909588358
T1,Mk,donor_id=101,47,0.14453352152834936,0.2165479630709653
T1,Mk,donor_id=101,48,0.17675207047857242,0.2158498853188118
T1,Mk,donor_id=101,49,0.20066666110121814,0.22242182931042942
T1,Mk,donor_id=101,50,0.23780129481227535,0.2977674025114045
T1,Mk,donor_id=101,51,0.13529230388073352,0.18514349032214117
T1,Mk,donor_id=101,52,0.20430663002754457,0.23770415969165512
T1,Mk,donor_id=101,53,0.07688362808459838,0.16440609633827685
T1,Mk,donor_id=101,54,0.22619956374837297,0.25165847113874473
T1,Mk,donor_id=101,55,0.2107801212405842,0.14986469863878232
T1,Mk,donor_id=101,56,0.21381779208218615,0.21598824953877327
T1,Mk,donor_id=101,57,0.12447971679634483,0.1583064394958978
T1,Mk,donor_id=101,58,0.019608609408537165,0.0586343690278445
T1,Mk,donor_id=101,59,0.24944815443370041,0.2863464837103138
T1,Mk,donor_id=101,60,0.22548601661433756,0.2610243553739234
T1,Mk,donor_id=101,61,0.20108743550277391,0.24587842372791213
T1,Mk,donor_id=101,62,0.19842703429335934,0.2627226508446833
T1,Mk,donor_id=101,63,0.08443928695879324,0.13022628637555214
T1,Mk,donor_id=101,64,0.13749084532652783,0.17813531125682444
T1,Mk,donor_id=101,65,0.15221288377539274,0.1662380380651075
T1,Mk,donor_id=101,66,0.2238334337649584,0.2651253249091141
T1,Mk,donor_id=101,67,0.17053843623881187,0.1984138083995994
T1,Mk,donor_id=101,68,0.25794403898185647,0.300545950982004
T1,Mk,donor_id=101,69,0.1900699726447068,0.19753413670125033
T1,Mk,donor_id=101,70,0.22720129452685403,0.2861012600987087
T1,Mk,donor_id=101,71,0.1786426271581549,0.1838521042586053
T1,Mk,donor_id=101,72,0.20529552793968198,0.2635926817905735
T1,Mk,donor_id=101,73,0.19375361864053792,0.2526618493090576
T1,Mk,donor_id=101,74,0.2189008544987708,0.300545950982004
T1,Mk,donor_id=101,75,0.23734701436710842,0.2731327737173887
T1,Mk,donor_id=101,76,0.19032664889543502,0.251108743030901
T1,Mk,donor_id=101,77,0.2470007149906395,0.30444133921967753
T1,Mk,donor_id=101,78,0.21804639798940936,0.22534536046312548
T1,Mk,donor_id=101,79,0.08757138130480052,0.16198359218738503
T1,Mk,donor_id=101,80,0.17658853717206074,0.2268006483426829
T1,Mk,donor_id=101,81,0.18700864465413253,0.2117468901141815
T1,Mk,donor_id=101,82,0.10855252940475453,0.1540124080024755
T1,Mk,donor_id=101,83,0.26708348872756227,0.30027205945844426
T1,Mk,donor_id=101,84,0.1432659260780114,0.16224298377759935
T1,Mk,donor_id=101,85,0.16275540006979852,0.21243365559414215
T1,Mk,donor_id=101,86,0.06005965299936449,0.13690668783715393
T1,Mk,donor_id=101,87,0.27301267538674684,0.3002174976906829
T1,Mk,donor_id=101,88,0.28988837465659767,0.309595304874767
T1,Mk,donor_id=101,89,0.23048511395918636,0.2789027628578531
T1,Mk,donor_id=101,90,0.2036049720675991,0.2234717660987594
T1,Mk,donor_id=101,91,0.16889044946837106,0.20309606875036065
T1,Mk,donor_id=101,92,0.23183616308069788,0.23101881384870376
T1,Mk,donor_id=101,93,0.2474346781364231,0.2732122259381549
T1,Mk,donor_id=101,94,0.15906912539619156,0.2218248210822317
T1,Mk,donor_id=101,95,0.2360029478119522,0.2525717615093271
T1,Mk,donor_id=101,96,0.2543268487723863,0.2994687279244456
T1,Mk,donor_id=101,97,0.21885422053510636,0.2117468901141815
T1,Mk,donor_id=101,98,0.2331176621883038,0.26395437326455745
T1,Mk,donor_id=101,99,0.20857062869715484,0.22344990962333816
T1,Mono_CD14,donor_id=101,0,0.9468110323089818,0.9529162160224183
T1,Mono_CD14,donor_id=101,1,0.9457926250831685,0.9521039119161284
T1,Mono_CD14,donor_id=101,2,0.946259734163784,0.9520093431772055
T1,Mono_CD14,donor_id=101,3,0.9418827834091613,0.9493760743217388
T1,Mono_CD14,donor_id=101,4,0.9448504750284025,0.9522251753481457
T1,Mono_CD14,donor_id=101,5,0.9442359767506457,0.951567675454103
T1,Mono_CD14,donor_id=101,6,0.9491732709984313,0.9544700770703616
T1,Mono_CD14,donor_id=101,7,0.9494712296214587,0.9550454280193625
T1,Mono_CD14,donor_id=101,8,0.9457455689575278,0.953407210471002
T1,Mono_CD14,donor_id=101,9,0.9411207061986223,0.9479359186225568
T1,Mono_CD14,donor_id=101,10,0.947845177735276,0.9539514898691773
T1,Mono_CD14,donor_id=101,11,0.9451858571474413,0.9522767768388318
T1,Mono_CD14,donor_id=101,12,0.9468035229680906,0.9533657740408471
T1,Mono_CD14,donor_id=101,13,0.9460428760212325,0.950450241908588
T1,Mono_CD14,donor_id=101,14,0.9457418335534957,0.9497090057592233
T1,Mono_CD14,donor_id=101,15,0.9475554382996074,0.9538170587289381
T1,Mono_CD14,donor_id=101,16,0.9437715608268638,0.9508989006791715
T1,Mono_CD14,donor_id=101,17,0.9401339164980507,0.949234972304803
T1,Mono_CD14,donor_id=101,18,0.941561750612442,0.9504223489990528
T1,Mono_CD14,donor_id=101,19,0.9451200024837015,0.9531233704606181
T1,Mono_CD14,donor_id=101,20,0.9398270408626532,0.9482819430103827
T1,Mono_CD14,donor_id=101,21,0.9459792972719031,0.9515002376836137
T1,Mono_CD14,donor_id=101,22,0.9483069719769475,0.9544580528417396
T1,Mono_CD14,donor_id=101,23,0.9459616283596889,0.9518015296467836
T1,Mono_CD14,donor_id=101,24,0.9476969708479734,0.9534473059424575
T1,Mono_CD14,donor_id=101,25,0.9477631222616308,0.9535817834402318
T1,Mono_CD14,donor_id=101,26,0.9455355080049644,0.9536144785125611
T1,Mono_CD14,donor_id=101,27,0.9436369346696032,0.9502813799711798
T1,Mono_CD14,donor_id=101,28,0.9418633069916719,0.9485534720331285
T1,Mono_CD14,donor_id=101,29,0.9478225547553621,0.9536874982327915
T1,Mono_CD14,donor_id=101,30,0.9491402406784591,0.9549412074308643
T1,Mono_CD14,donor_id=101,31,0.9409445483202408,0.9516693967457851
T1,Mono_CD14,donor_id=101,32,0.9440286558749224,0.9517151160333369
T1,Mono_CD14,donor_id=101,33,0.9454377308565688,0.9529923739820413
T1,Mono_CD14,donor_id=101,34,0.94727848437549,0.9545793553588815
T1,Mono_CD14,donor_id=101,35,0.9470955959485309,0.9533307761131371
T1,Mono_CD14,donor_id=101,36,0.9456161573109156,0.9513501443428687
T1,Mono_CD14,donor_id=101,37,0.9452345478358135,0.9513999662295956
T1,Mono_CD14,donor_id=101,38,0.9495070050707398,0.9551334954747698
T1,Mono_CD14,donor_id=101,39,0.94823186328272,0.9536520866564351
T1,Mono_CD14,donor_id=101,40,0.9456896571374072,0.9522655421285521
T1,Mono_CD14,donor_id=101,41,0.944987724948209,0.9540490039417981
T1,Mono_CD14,donor_id=101,42,0.9516753880072973,0.9568626502993252
T1,Mono_CD14,donor_id=101,43,0.9442122764752752,0.9500983373135706
T1,Mono_CD14,donor_id=101,44,0.9469676610594144,0.9542429681512685
T1,Mono_CD14,donor_id=101,45,0.9482809311586549,0.9557332730422693
T1,Mono_CD14,donor_id=101,46,0.9446690222521619,0.9531833757868267
T1,Mono_CD14,donor_id=101,47,0.9437754327772294,0.9508820931503803
T1,Mono_CD14,donor_id=101,48,0.9448504683091065,0.9514107805967125
T1,Mono_CD14,donor_id=101,49,0.9473984223699023,0.9521501647590016
T1,Mono_CD14,donor_id=101,50,0.9442216381024736,0.9493280760900533
T1,Mono_CD14,donor_id=101,51,0.9520216694099423,0.957130805912871
T1,Mono_CD14,donor_id=101,52,0.9486382054825003,0.9541574215648119
T1,Mono_CD14,donor_id=101,53,0.9449477679645601,0.9515780055287096
T1,Mono_CD14,donor_id=101,54,0.9494187982957177,0.9553827696181351
T1,Mono_CD14,donor_id=101,55,0.9417182839751932,0.9474475564379142
T1,Mono_CD14,donor_id=101,56,0.9480815449975936,0.9532640675745924
T1,Mono_CD14,donor_id=101,57,0.9451396155933597,0.9499356664488403
T1,Mono_CD14,donor_id=101,58,0.9479741281196866,0.9537807514216813
T1,Mono_CD14,donor_id=101,59,0.9494107936263182,0.9542720193463806
T1,Mono_CD14,donor_id=101,60,0.9447710237310862,0.9518482619141647
T1,Mono_CD14,donor_id=101,61,0.9466785385558563,0.9535565527332496
T1,Mono_CD14,donor_id=101,62,0.9470186947081158,0.9527986557403201
T1,Mono_CD14,donor_id=101,63,0.9479531172987808,0.9542060026611484
T1,Mono_CD14,donor_id=101,64,0.9478017744381612,0.9533062701580464
T1,Mono_CD14,donor_id=101,65,0.9479905493999429,0.9543468144733819
T1,Mono_CD14,donor_id=101,66,0.9466638868588904,0.9535994866477254
T1,Mono_CD14,donor_id=101,67,0.94618125836591,0.9521209248695683
T1,Mono_CD14,donor_id=101,68,0.9439321048199517,0.9523006506207574
T1,Mono_CD14,donor_id=101,69,0.9469939988132657,0.9519240303062633
T1,Mono_CD14,donor_id=101,70,0.9500047112970688,0.9569315607779936
T1,Mono_CD14,donor_id=101,71,0.9473118027939617,0.9534967142294397
T1,Mono_CD14,donor_id=101,72,0.9461536661713827,0.9530406243915807
T1,Mono_CD14,donor_id=101,73,0.9480238235920928,0.9534454311700473
T1,Mono_CD14,donor_id=101,74,0.9496117538223051,0.9547359814429188
T1,Mono_CD14,donor_id=101,75,0.944716020458815,0.9511206880818817
T1,Mono_CD14,donor_id=101,76,0.9467994373854298,0.9526650558057124
T1,Mono_CD14,donor_id=101,77,0.9468965367574932,0.9513285692661209
T1,Mono_CD14,donor_id=101,78,0.9456992969129101,0.9500537347273328
T1,Mono_CD14,donor_id=101,79,0.9435502299883216,0.9495070052819196
T1,Mono_CD14,donor_id=101,80,0.944422113929659,0.9508315152410797
T1,Mono_CD14,donor_id=101,81,0.9487359387321456,0.9547296925622885
T1,Mono_CD14,donor_id=101,82,0.9470871709550638,0.9533608899260185
T1,Mono_CD14,donor_id=101,83,0.9464424892013416,0.95348459023783
T1,Mono_CD14,donor_id=101,84,0.9490499098629844,0.9536580527417391
T1,Mono_CD14,donor_id=101,85,0.951214492664043,0.9576853692844903
T1,Mono_CD14,donor_id=101,86,0.9465228230909672,0.9525587803529387
T1,Mono_CD14,donor_id=101,87,0.9494641423734024,0.9549506306275747
T1,Mono_CD14,donor_id=101,88,0.9461674895455959,0.9511965475373456
T1,Mono_CD14,donor_id=101,89,0.9462511030681656,0.9518842220575716
T1,Mono_CD14,donor_id=101,90,0.9475771213605114,0.9537384485597106
T1,Mono_CD14,donor_id=101,91,0.9469645234188703,0.9548011307442696
T1,Mono_CD14,donor_id=101,92,0.9471069759400441,0.9530607305258804
T1,Mono_CD14,donor_id=101,93,0.9481824028265878,0.9540325025347499
T1,Mono_CD14,donor_id=101,94,0.9455737703707267,0.9537299980008107
T1,Mono_CD14,donor_id=101,95,0.9483273137231558,0.9537344624714493
T1,Mono_CD14,donor_id=101,96,0.9437033492200636,0.9508864390160144
T1,Mono_CD14,donor_id=101,97,0.949107725532885,0.954965813588659
T1,Mono_CD14,donor_id=101,98,0.941391084863713,0.9501348671485483
T1,Mono_CD14,donor_id=101,99,0.9455407493250658,0.9507028230467872
T1,Mono_CD14,donor_id=1244,0,0.9550214182934936,0.9603712937954634
T1,Mono_CD14,donor_id=1244,1,0.9583172149271116,0.9636005909659129
T1,Mono_CD14,donor_id=1244,2,0.9568563586981219,0.9638944411278325
T1,Mono_CD14,donor_id=1244,3,0.9601278792867062,0.9642020438890329
T1,Mono_CD14,donor_id=1244,4,0.9590159156995893,0.9642435655911636
T1,Mono_CD14,donor_id=1244,5,0.960946648920197,0.964938036462857
T1,Mono_CD14,donor_id=1244,6,0.9591857280962439,0.9647454750012968
T1,Mono_CD14,donor_id=1244,7,0.9610916842947934,0.9660159475962306
T1,Mono_CD14,donor_id=1244,8,0.9520573521885028,0.9562613062782684
T1,Mono_CD14,donor_id=1244,9,0.9585691994212121,0.9636453862598924
T1,Mono_CD14,donor_id=1244,10,0.9578799822199989,0.9651326683790366
T1,Mono_CD14,donor_id=1244,11,0.9588366829980859,0.9639396259427054
T1,Mono_CD14,donor_id=1244,12,0.9627356885851512,0.966907362639613
T1,Mono_CD14,donor_id=1244,13,0.9546086441452005,0.9604061396846492
T1,Mono_CD14,donor_id=1244,14,0.9598276684434247,0.9637080250842687
T1,Mono_CD14,donor_id=1244,15,0.9570549120442119,0.9618017910801229
T1,Mono_CD14,donor_id=1244,16,0.961587261293044,0.9664290097949289
T1,Mono_CD14,donor_id=1244,17,0.9553144354923174,0.9621644544756132
T1,Mono_CD14,donor_id=1244,18,0.9604542564291288,0.9662310778519203
T1,Mono_CD14,donor_id=1244,19,0.9568403815270745,0.9616480600075847
T1,Mono_CD14,donor_id=1244,20,0.9588500107400576,0.9637337446807338
T1,Mono_CD14,donor_id=1244,21,0.9611273819022477,0.9660993939353087
T1,Mono_CD14,donor_id=1244,22,0.9572635173843878,0.9619576174017339
T1,Mono_CD14,donor_id=1244,23,0.9600749591562673,0.9644226889117724
T1,Mono_CD14,donor_id=1244,24,0.9612199664916273,0.9662909268071166
T1,Mono_CD14,donor_id=1244,25,0.9555049407004883,0.9616900686041555
T1,Mono_CD14,donor_id=1244,26,0.9582044938204328,0.96280613692766
T1,Mono_CD14,donor_id=1244,27,0.959243689575157,0.9649516731280793
T1,Mono_CD14,donor_id=1244,28,0.9563661659653733,0.9629577026829835
T1,Mono_CD14,donor_id=1244,29,0.9548516543597295,0.9628224028930391
T1,Mono_CD14,donor_id=1244,30,0.9569475374421491,0.9622865916780344
T1,Mono_CD14,donor_id=1244,31,0.9581096921919598,0.9651193779443172
T1,Mono_CD14,donor_id=1244,32,0.955070946812801,0.960799833225111
T1,Mono_CD14,donor_id=1244,33,0.957840862517515,0.9627909805756375
T1,Mono_CD14,donor_id=1244,34,0.959982981220631,0.9641525681574175
T1,Mono_CD14,donor_id=1244,35,0.9557244636156232,0.9615860732730142
T1,Mono_CD14,donor_id=1244,36,0.9570929350287836,0.9613615734137528
T1,Mono_CD14,donor_id=1244,37,0.9553405454069847,0.9612774426789227
T1,Mono_CD14,donor_id=1244,38,0.9549442701650243,0.9606105403250438
T1,Mono_CD14,donor_id=1244,39,0.9595315756312257,0.9652692183760034
T1,Mono_CD14,donor_id=1244,40,0.9605083026649006,0.9650749027094544
T1,Mono_CD14,donor_id=1244,41,0.9591614719268425,0.9660465771781348
T1,Mono_CD14,donor_id=1244,42,0.9578927038810017,0.9631639155078108
T1,Mono_CD14,donor_id=1244,43,0.9578713997125052,0.9632423726894276
T1,Mono_CD14,donor_id=1244,44,0.9558581038352025,0.9610803070340479
T1,Mono_CD14,donor_id=1244,45,0.958660523960169,0.9647336893024627
T1,Mono_CD14,donor_id=1244,46,0.9580206976377347,0.9623674714115558
T1,Mono_CD14,donor_id=1244,47,0.9585619954242639,0.9646396380057091
T1,Mono_CD14,donor_id=1244,48,0.9578560919778958,0.9639744665900171
T1,Mono_CD14,donor_id=1244,49,0.9599879607422386,0.9655983307634924
T1,Mono_CD14,donor_id=1244,50,0.9553834673281263,0.9614094851183195
T1,Mono_CD14,donor_id=1244,51,0.961896234807698,0.9670518352436179
T1,Mono_CD14,donor_id=1244,52,0.9581805178546392,0.9629909435126938
T1,Mono_CD14,donor_id=1244,53,0.9592914754121865,0.9651544952678177
T1,Mono_CD14,donor_id=1244,54,0.9543911646190248,0.9617645281079328
T1,Mono_CD14,donor_id=1244,55,0.9586731147048483,0.963338530442855
T1,Mono_CD14,donor_id=1244,56,0.9587810751438184,0.964039219963172
T1,Mono_CD14,donor_id=1244,57,0.9601097229446357,0.9653071995394658
T1,Mono_CD14,donor_id=1244,58,0.9603634364331344,0.9653853244510573
T1,Mono_CD14,donor_id=1244,59,0.9506093995872574,0.9571692165157244
T1,Mono_CD14,donor_id=1244,60,0.9505794579453662,0.9574665865641981
T1,Mono_CD14,donor_id=1244,61,0.9585764377790029,0.9632531582183387
T1,Mono_CD14,donor_id=1244,62,0.9584409780489068,0.9634642838439521
T1,Mono_CD14,donor_id=1244,63,0.9555144504584187,0.960815809927055
T1,Mono_CD14,donor_id=1244,64,0.9596036145687331,0.9632263624648849
T1,Mono_CD14,donor_id=1244,65,0.9585393022508023,0.9650184247307402
T1,Mono_CD14,donor_id=1244,66,0.9598030815107447,0.9647499733995419
T1,Mono_CD14,donor_id=1244,67,0.9567418054096799,0.9625402559279638
T1,Mono_CD14,donor_id=1244,68,0.9539927840639328,0.9598206931773791
T1,Mono_CD14,donor_id=1244,69,0.9568501093931497,0.961999770167587
T1,Mono_CD14,donor_id=1244,70,0.9535300778068796,0.9569760308306067
T1,Mono_CD14,donor_id=1244,71,0.9614585484751252,0.9656979504364648
T1,Mono_CD14,donor_id=1244,72,0.9573275184744808,0.9633275072833672
T1,Mono_CD14,donor_id=1244,73,0.9554165832022822,0.9619900600184669
T1,Mono_CD14,donor_id=1244,74,0.9555583210760099,0.9621015326188446
T1,Mono_CD14,donor_id=1244,75,0.9582223153730878,0.962602686352416
T1,Mono_CD14,donor_id=1244,76,0.9592818094406458,0.9647319448521948
T1,Mono_CD14,donor_id=1244,77,0.959803210074769,0.9638192163121111
T1,Mono_CD14,donor_id=1244,78,0.9634517403362548,0.9678663554020303
T1,Mono_CD14,donor_id=1244,79,0.95620123521763,0.9618299321020918
T1,Mono_CD14,donor_id=1244,80,0.9577161957719584,0.9636277301620895
T1,Mono_CD14,donor_id=1244,81,0.9588574201035809,0.9636514725458956
T1,Mono_CD14,donor_id=1244,82,0.9570927092768686,0.9625263317542732
T1,Mono_CD14,donor_id=1244,83,0.9531327356127526,0.9592662699893552
T1,Mono_CD14,donor_id=1244,84,0.9587277716236343,0.963764109364
T1,Mono_CD14,donor_id=1244,85,0.9607281576499115,0.9655037947958802
T1,Mono_CD14,donor_id=1244,86,0.95041897357842,0.9583585115400381
T1,Mono_CD14,donor_id=1244,87,0.9609831342452236,0.9656850224334617
T1,Mono_CD14,donor_id=1244,88,0.956211291231277,0.9638052650805217
T1,Mono_CD14,donor_id=1244,89,0.957346709267782,0.963410919266333
T1,Mono_CD14,donor_id=1244,90,0.9593480333269835,0.9653684221321955
T1,Mono_CD14,donor_id=1244,91,0.9587973643601486,0.9627688380895151
T1,Mono_CD14,donor_id=1244,92,0.9550857579884834,0.9612307325116394
T1,Mono_CD14,donor_id=1244,93,0.9598326674402939,0.9642602746485653
T1,Mono_CD14,donor_id=1244,94,0.9586882126556454,0.9637261887138594
T1,Mono_CD14,donor_id=1244,95,0.9563658557595183,0.96229402009573
T1,Mono_CD14,donor_id=1244,96,0.9582317048411121,0.9628389039049967
T1,Mono_CD14,donor_id=1244,97,0.9523134844008382,0.9594278171967675
T1,Mono_CD14,donor_id=1244,98,0.9547965995457629,0.9609134362090764
T1,Mono_CD14,donor_id=1244,99,0.9585208943077964,0.9646456656221258
T1,Mono_CD14,donor_id=1488,0,0.9504810391846861,0.9572478042040925
T1,Mono_CD14,donor_id=1488,1,0.9456564104945278,0.9524478904042709
T1,Mono_CD14,donor_id=1488,2,0.949801408095558,0.9539221823310098
T1,Mono_CD14,donor_id=1488,3,0.9507211795540291,0.9570137282518376
T1,Mono_CD14,donor_id=1488,4,0.9520494441300312,0.9586663099858831
T1,Mono_CD14,donor_id=1488,5,0.9511015094920662,0.9565385555597966
T1,Mono_CD14,donor_id=1488,6,0.9484933590538894,0.9544532018330173
T1,Mono_CD14,donor_id=1488,7,0.9458425288116649,0.9544755956121782
T1,Mono_CD14,donor_id=1488,8,0.9508002832519572,0.9573324719273767
T1,Mono_CD14,donor_id=1488,9,0.9483687725518493,0.9556702467804185
T1,Mono_CD14,donor_id=1488,10,0.9525236228982789,0.9579622096086619
T1,Mono_CD14,donor_id=1488,11,0.9561403515722754,0.9587403472340139
T1,Mono_CD14,donor_id=1488,12,0.9487505484538066,0.9557078064006665
T1,Mono_CD14,donor_id=1488,13,0.9500094361349883,0.956662663295427
T1,Mono_CD14,donor_id=1488,14,0.9531232347415871,0.9598076217712564
T1,Mono_CD14,donor_id=1488,15,0.9515012800472915,0.9580956265886635
T1,Mono_CD14,donor_id=1488,16,0.9493501759641293,0.9562371246940987
T1,Mono_CD14,donor_id=1488,17,0.9524718710132501,0.9591378203469468
T1,Mono_CD14,donor_id=1488,18,0.9476820457893791,0.9548695374963987
T1,Mono_CD14,donor_id=1488,19,0.9522127431192543,0.9588227287085712
T1,Mono_CD14,donor_id=1488,20,0.9448665030597483,0.9499880867874192
T1,Mono_CD14,donor_id=1488,21,0.9525369324759725,0.9575068965050441
T1,Mono_CD14,donor_id=1488,22,0.9520003505900821,0.9577278194895537
T1,Mono_CD14,donor_id=1488,23,0.9486589718550974,0.9549000595292976
T1,Mono_CD14,donor_id=1488,24,0.9528593722061295,0.9599888181162912
T1,Mono_CD14,donor_id=1488,25,0.945220265503597,0.9516772313058567
T1,Mono_CD14,donor_id=1488,26,0.948558729009777,0.953430852643767
T1,Mono_CD14,donor_id=1488,27,0.949665501523175,0.9554941197063302
T1,Mono_CD14,donor_id=1488,28,0.9477592724712866,0.9545123827623974
T1,Mono_CD14,donor_id=1488,29,0.9496279092487424,0.9565484893168507
T1,Mono_CD14,donor_id=1488,30,0.9524016318592214,0.9573133097175279
T1,Mono_CD14,donor_id=1488,31,0.954216204583905,0.9575285860842104
T1,Mono_CD14,donor_id=1488,32,0.9520091610946813,0.9574168346949005
T1,Mono_CD14,donor_id=1488,33,0.9520278175590937,0.9577813903366307
T1,Mono_CD14,donor_id=1488,34,0.9488993521167821,0.9545851118268175
T1,Mono_CD14,donor_id=1488,35,0.9471042250246594,0.9536487129647133
T1,Mono_CD14,donor_id=1488,36,0.9503147254460623,0.9566225293093483
T1,Mono_CD14,donor_id=1488,37,0.9464934005085666,0.9540740978831065
T1,Mono_CD14,donor_id=1488,38,0.9501826327030838,0.955457582291776
T1,Mono_CD14,donor_id=1488,39,0.9511586612038984,0.9580794392500764
T1,Mono_CD14,donor_id=1488,40,0.9520823594114899,0.9568200487640979
T1,Mono_CD14,donor_id=1488,41,0.9510422307640785,0.9549509949327155
T1,Mono_CD14,donor_id=1488,42,0.9502265062648869,0.9534342835646743
T1,Mono_CD14,donor_id=1488,43,0.9514751318535066,0.957037101718842
T1,Mono_CD14,donor_id=1488,44,0.9503102437094141,0.9559280665239118
T1,Mono_CD14,donor_id=1488,45,0.9511870594396354,0.9559797370511159
T1,Mono_CD14,donor_id=1488,46,0.9540990941193569,0.9608828656446529
T1,Mono_CD14,donor_id=1488,47,0.9512868415656169,0.9573839516404519
T1,Mono_CD14,donor_id=1488,48,0.9503380734637386,0.9572000998716714
T1,Mono_CD14,donor_id=1488,49,0.9505227991214368,0.9550478002385345
T1,Mono_CD14,donor_id=1488,50,0.9478574433195119,0.9556441441591509
T1,Mono_CD14,donor_id=1488,51,0.9502296499017812,0.9563063494681211
T1,Mono_CD14,donor_id=1488,52,0.9476594282706065,0.9540857773710224
T1,Mono_CD14,donor_id=1488,53,0.9492878206307935,0.9549080335141317
T1,Mono_CD14,donor_id=1488,54,0.9546307340142477,0.9579890223554198
T1,Mono_CD14,donor_id=1488,55,0.9460954458211439,0.9524354916198445
T1,Mono_CD14,donor_id=1488,56,0.9479366588574883,0.9536629918436759
T1,Mono_CD14,donor_id=1488,57,0.9513763864205659,0.9553122913342342
T1,Mono_CD14,donor_id=1488,58,0.9436096726477055,0.947498319423502
T1,Mono_CD14,donor_id=1488,59,0.9501971153916603,0.9558492337009636
T1,Mono_CD14,donor_id=1488,60,0.9495437289317409,0.9551446685175576
T1,Mono_CD14,donor_id=1488,61,0.9498918277890476,0.9555078682972756
T1,Mono_CD14,donor_id=1488,62,0.9477234027066792,0.9548176164411563
T1,Mono_CD14,donor_id=1488,63,0.9496514626115999,0.9549772170456304
T1,Mono_CD14,donor_id=1488,64,0.9504260914757312,0.9566622659926554
T1,Mono_CD14,donor_id=1488,65,0.940681380931417,0.9502781301198412
T1,Mono_CD14,donor_id=1488,66,0.949993003027448,0.9562769961946679
T1,Mono_CD14,donor_id=1488,67,0.9528861773745008,0.957794044325775
T1,Mono_CD14,donor_id=1488,68,0.9449440819279835,0.9510779445901193
T1,Mono_CD14,donor_id=1488,69,0.9456992293382728,0.9523536686121593
T1,Mono_CD14,donor_id=1488,70,0.9533899504785148,0.9582971113897145
T1,Mono_CD14,donor_id=1488,71,0.9477391245943242,0.9531279319618398
T1,Mono_CD14,donor_id=1488,72,0.9494554760308394,0.9563223302545212
T1,Mono_CD14,donor_id=1488,73,0.9498116573386693,0.9568029002649655
T1,Mono_CD14,donor_id=1488,74,0.9531274477692354,0.9587654323519498
T1,Mono_CD14,donor_id=1488,75,0.9498704912147735,0.9547180791961324
T1,Mono_CD14,donor_id=1488,76,0.9473806780492504,0.9537200273009637
T1,Mono_CD14,donor_id=1488,77,0.9536580433228931,0.9592526367067843
T1,Mono_CD14,donor_id=1488,78,0.9525350226702479,0.9574762559738443
T1,Mono_CD14,donor_id=1488,79,0.9468649128560335,0.951498100761165
T1,Mono_CD14,donor_id=1488,80,0.9506438297410624,0.9568194329509693
T1,Mono_CD14,donor_id=1488,81,0.9511370292271644,0.956763561630567
T1,Mono_CD14,donor_id=1488,82,0.9523414629743114,0.9574931582119157
T1,Mono_CD14,donor_id=1488,83,0.9469148091919569,0.9532134141402231
T1,Mono_CD14,donor_id=1488,84,0.9499975355876007,0.9552812621937347
T1,Mono_CD14,donor_id=1488,85,0.9507620519923582,0.9569640724174601
T1,Mono_CD14,donor_id=1488,86,0.9493974737149979,0.9576146373810371
T1,Mono_CD14,donor_id=1488,87,0.9525587149057647,0.9575252095736349
T1,Mono_CD14,donor_id=1488,88,0.9483075176239456,0.9550522582839023
T1,Mono_CD14,donor_id=1488,89,0.9485593171428085,0.9558405176157699
T1,Mono_CD14,donor_id=1488,90,0.9534421015070852,0.9610470861030082
T1,Mono_CD14,donor_id=1488,91,0.9534942122023629,0.9601803208552473
T1,Mono_CD14,donor_id=1488,92,0.9506371651011649,0.9567253062707346
T1,Mono_CD14,donor_id=1488,93,0.9486123597631662,0.9570868813030156
T1,Mono_CD14,donor_id=1488,94,0.9512758370793182,0.9559706293553377
T1,Mono_CD14,donor_id=1488,95,0.9535196331785045,0.9592551246130131
T1,Mono_CD14,donor_id=1488,96,0.9508179786440591,0.9571074338165718
T1,Mono_CD14,donor_id=1488,97,0.9469445113649464,0.953218011274557
T1,Mono_CD14,donor_id=1488,98,0.9549274849321968,0.9595634790827496
T1,Mono_CD14,donor_id=1488,99,0.9455908484797206,0.9502964064107461
T1,Mono_CD14,donor_id=1015,0,0.9556773525479204,0.9609675967529261
T1,Mono_CD14,donor_id=1015,1,0.9479125136957502,0.9555662469272547
T1,Mono_CD14,donor_id=1015,2,0.9537660044822414,0.9612452707248365
T1,Mono_CD14,donor_id=1015,3,0.9542854961636674,0.9617616438096191
T1,Mono_CD14,donor_id=1015,4,0.9549265316912091,0.9604364799320425
T1,Mono_CD14,donor_id=1015,5,0.9553446305857995,0.9612687521642029
T1,Mono_CD14,donor_id=1015,6,0.9566727147289846,0.9628647295340977
T1,Mono_CD14,donor_id=1015,7,0.9539422247292333,0.9591593279038595
T1,Mono_CD14,donor_id=1015,8,0.954999278737551,0.9622575567250364
T1,Mono_CD14,donor_id=1015,9,0.9560085216390862,0.9624142341742261
T1,Mono_CD14,donor_id=1015,10,0.9571581951472108,0.9625272626689072
T1,Mono_CD14,donor_id=1015,11,0.9565931771983751,0.9610820010999123
T1,Mono_CD14,donor_id=1015,12,0.9521754045696628,0.9578003891561653
T1,Mono_CD14,donor_id=1015,13,0.9516576134881387,0.9557723751032791
T1,Mono_CD14,donor_id=1015,14,0.9569850084148568,0.9604932833591707
T1,Mono_CD14,donor_id=1015,15,0.9553838061409643,0.9606998082091606
T1,Mono_CD14,donor_id=1015,16,0.9519510357763044,0.9584292652474555
T1,Mono_CD14,donor_id=1015,17,0.9591108114521257,0.9648190936448876
T1,Mono_CD14,donor_id=1015,18,0.9558096363814385,0.9619522277333841
T1,Mono_CD14,donor_id=1015,19,0.9570894254916763,0.9634876300056953
T1,Mono_CD14,donor_id=1015,20,0.9532167260650032,0.9589792031688048
T1,Mono_CD14,donor_id=1015,21,0.9563132186094508,0.9612089024291801
T1,Mono_CD14,donor_id=1015,22,0.9548861175316484,0.9610338007920014
T1,Mono_CD14,donor_id=1015,23,0.9475107948138373,0.9521763079997789
T1,Mono_CD14,donor_id=1015,24,0.9551363686363359,0.9614906661689718
T1,Mono_CD14,donor_id=1015,25,0.9569415970033462,0.9614497147764062
T1,Mono_CD14,donor_id=1015,26,0.9551617308122623,0.96068180754306
T1,Mono_CD14,donor_id=1015,27,0.9575087299033987,0.9621775833396732
T1,Mono_CD14,donor_id=1015,28,0.9557289798386885,0.9616837463761917
T1,Mono_CD14,donor_id=1015,29,0.9546981735820368,0.9612057008957242
T1,Mono_CD14,donor_id=1015,30,0.9561075075093821,0.9616304764481309
T1,Mono_CD14,donor_id=1015,31,0.9511836483013411,0.9591270745387785
T1,Mono_CD14,donor_id=1015,32,0.957081697473628,0.9616844751522338
T1,Mono_CD14,donor_id=1015,33,0.9562610191827214,0.9618192142581344
T1,Mono_CD14,donor_id=1015,34,0.9562857990871572,0.962079309997258
T1,Mono_CD14,donor_id=1015,35,0.9570047476945147,0.9623326252322513
T1,Mono_CD14,donor_id=1015,36,0.9573367754695405,0.9618226828877866
T1,Mono_CD14,donor_id=1015,37,0.9535324189547533,0.9571630422051993
T1,Mono_CD14,donor_id=1015,38,0.9509239492190501,0.9579147866589199
T1,Mono_CD14,donor_id=1015,39,0.9563093484188984,0.9617750544936391
T1,Mono_CD14,donor_id=1015,40,0.9542683801789669,0.9586972946876491
T1,Mono_CD14,donor_id=1015,41,0.9565453743127208,0.9620244010920987
T1,Mono_CD14,donor_id=1015,42,0.9532136599270992,0.9586987212134027
T1,Mono_CD14,donor_id=1015,43,0.9494055759348885,0.9569921145084268
T1,Mono_CD14,donor_id=1015,44,0.9528694270887075,0.9588510854038658
T1,Mono_CD14,donor_id=1015,45,0.952349312324456,0.9585264477752511
T1,Mono_CD14,donor_id=1015,46,0.9551782481996903,0.9613692734252492
T1,Mono_CD14,donor_id=1015,47,0.9490737655508377,0.9557754805323356
T1,Mono_CD14,donor_id=1015,48,0.9575590785572735,0.9627738797925257
T1,Mono_CD14,donor_id=1015,49,0.9568987118941652,0.9621148290887158
T1,Mono_CD14,donor_id=1015,50,0.9554686132583184,0.9611537998532549
T1,Mono_CD14,donor_id=1015,51,0.9538300466335374,0.9610890166006254
T1,Mono_CD14,donor_id=1015,52,0.9594217298209735,0.9646125485467754
T1,Mono_CD14,donor_id=1015,53,0.9536830585580808,0.9600021687596441
T1,Mono_CD14,donor_id=1015,54,0.9555585231998037,0.9622775700006123
T1,Mono_CD14,donor_id=1015,55,0.9523609994917993,0.958927789118697
T1,Mono_CD14,donor_id=1015,56,0.9571164576227383,0.9635655443464307
T1,Mono_CD14,donor_id=1015,57,0.9563039644821134,0.9610340180943605
T1,Mono_CD14,donor_id=1015,58,0.9531707158952202,0.9583757781636321
T1,Mono_CD14,donor_id=1015,59,0.9562652761252388,0.9611907798314888
T1,Mono_CD14,donor_id=1015,60,0.9566468388523054,0.9622167996426938
T1,Mono_CD14,donor_id=1015,61,0.9568213874341568,0.9610017112381496
T1,Mono_CD14,donor_id=1015,62,0.9547239561640305,0.9609905680067451
T1,Mono_CD14,donor_id=1015,63,0.9575852725234568,0.9627896452719973
T1,Mono_CD14,donor_id=1015,64,0.9540922436895019,0.959274082875617
T1,Mono_CD14,donor_id=1015,65,0.9568865769379826,0.9621795804880784
T1,Mono_CD14,donor_id=1015,66,0.9542581303660772,0.9581504587399422
T1,Mono_CD14,donor_id=1015,67,0.9515867653807853,0.9591447424438604
T1,Mono_CD14,donor_id=1015,68,0.9563120637524626,0.9610347314362597
T1,Mono_CD14,donor_id=1015,69,0.9537735855246721,0.9604896990103688
T1,Mono_CD14,donor_id=1015,70,0.9539782477964752,0.9604285746142234
T1,Mono_CD14,donor_id=1015,71,0.9570736282426141,0.961879053668715
T1,Mono_CD14,donor_id=1015,72,0.9493209453782048,0.9563944513562382
T1,Mono_CD14,donor_id=1015,73,0.9582641408622536,0.9625350734241888
T1,Mono_CD14,donor_id=1015,74,0.9571016503264566,0.963395407369625
T1,Mono_CD14,donor_id=1015,75,0.9572832287093329,0.9618946732740868
T1,Mono_CD14,donor_id=1015,76,0.9529777988399276,0.9601067556221085
T1,Mono_CD14,donor_id=1015,77,0.9519446465433383,0.9585178425366403
T1,Mono_CD14,donor_id=1015,78,0.9504203721861471,0.9566567554301189
T1,Mono_CD14,donor_id=1015,79,0.9587751847229636,0.9639036358165322
T1,Mono_CD14,donor_id=1015,80,0.9534343499998175,0.9610237878321014
T1,Mono_CD14,donor_id=1015,81,0.9563882125911847,0.9636250259120223
T1,Mono_CD14,donor_id=1015,82,0.9549461709536365,0.9601185509695281
T1,Mono_CD14,donor_id=1015,83,0.9553900264307053,0.9611229762338055
T1,Mono_CD14,donor_id=1015,84,0.9555514128461506,0.960278168047719
T1,Mono_CD14,donor_id=1015,85,0.9554578669652597,0.9616948417594594
T1,Mono_CD14,donor_id=1015,86,0.9542188579468732,0.9608796334064184
T1,Mono_CD14,donor_id=1015,87,0.9557253943339765,0.9612702816182573
T1,Mono_CD14,donor_id=1015,88,0.9544592703646934,0.9594310345933136
T1,Mono_CD14,donor_id=1015,89,0.9571984466125097,0.9644679890489487
T1,Mono_CD14,donor_id=1015,90,0.958760049534465,0.9645514029313212
T1,Mono_CD14,donor_id=1015,91,0.9536872391805861,0.9597890063145377
T1,Mono_CD14,donor_id=1015,92,0.9542514617060139,0.9597168206591528
T1,Mono_CD14,donor_id=1015,93,0.9581264515341057,0.9638165626508971
T1,Mono_CD14,donor_id=1015,94,0.9574474509224812,0.962207436656865
T1,Mono_CD14,donor_id=1015,95,0.9520921735886453,0.9587060503421574
T1,Mono_CD14,donor_id=1015,96,0.9578447007678069,0.9619231238876385
T1,Mono_CD14,donor_id=1015,97,0.953016973374703,0.9608280549726759
T1,Mono_CD14,donor_id=1015,98,0.9561367715697615,0.9617385795588542
T1,Mono_CD14,donor_id=1015,99,0.9565602082641567,0.9612902359263684
T1,Mono_CD14,donor_id=1256,0,0.9498315943437846,0.9568388042074089
T1,Mono_CD14,donor_id=1256,1,0.9554884293158125,0.9594241118367163
T1,Mono_CD14,donor_id=1256,2,0.946614391929374,0.9566655876437822
T1,Mono_CD14,donor_id=1256,3,0.9532472978809695,0.9595784634720879
T1,Mono_CD14,donor_id=1256,4,0.9520975885735345,0.9594689881529459
T1,Mono_CD14,donor_id=1256,5,0.9514146708126402,0.9572076168894125
T1,Mono_CD14,donor_id=1256,6,0.9531190554270519,0.9584501586636258
T1,Mono_CD14,donor_id=1256,7,0.9506626278000844,0.9586810940194469
T1,Mono_CD14,donor_id=1256,8,0.9502592904306818,0.9580844350284407
T1,Mono_CD14,donor_id=1256,9,0.9516627722561286,0.9588243360257761
T1,Mono_CD14,donor_id=1256,10,0.9506176278669823,0.9558970540539505
T1,Mono_CD14,donor_id=1256,11,0.9507133020550983,0.9576923383841265
T1,Mono_CD14,donor_id=1256,12,0.9500546492694173,0.9556525634744504
T1,Mono_CD14,donor_id=1256,13,0.9541603966228432,0.9599306682726424
T1,Mono_CD14,donor_id=1256,14,0.9491182159750483,0.9557825831329867
T1,Mono_CD14,donor_id=1256,15,0.9537687630823684,0.9598912646970594
T1,Mono_CD14,donor_id=1256,16,0.9506521511876767,0.9568727100553889
T1,Mono_CD14,donor_id=1256,17,0.9515785342143493,0.958333501452068
T1,Mono_CD14,donor_id=1256,18,0.9518662765492074,0.9552319001706867
T1,Mono_CD14,donor_id=1256,19,0.952023642917732,0.9593149015753181
T1,Mono_CD14,donor_id=1256,20,0.9497811447749507,0.9554560313658771
T1,Mono_CD14,donor_id=1256,21,0.9509646966875771,0.9563967706720191
T1,Mono_CD14,donor_id=1256,22,0.9512692791986181,0.9572636785943562
T1,Mono_CD14,donor_id=1256,23,0.9474674630098142,0.9546444209287228
T1,Mono_CD14,donor_id=1256,24,0.9502349035177402,0.955873950775523
T1,Mono_CD14,donor_id=1256,25,0.9543178111335431,0.9593371417374605
T1,Mono_CD14,donor_id=1256,26,0.9521729681159904,0.957495781680908
T1,Mono_CD14,donor_id=1256,27,0.948739872288004,0.9529597141805558
T1,Mono_CD14,donor_id=1256,28,0.9507768882808512,0.9588425991343824
T1,Mono_CD14,donor_id=1256,29,0.9501488437465545,0.9565990288546685
T1,Mono_CD14,donor_id=1256,30,0.9508501500882227,0.9573898443795997
T1,Mono_CD14,donor_id=1256,31,0.949495832634193,0.9584652485912494
T1,Mono_CD14,donor_id=1256,32,0.9484584660757723,0.9548613707332483
T1,Mono_CD14,donor_id=1256,33,0.9471384251678114,0.9523469065924849
T1,Mono_CD14,donor_id=1256,34,0.9494007188169198,0.9572413066628886
T1,Mono_CD14,donor_id=1256,35,0.9503959978475807,0.9561021541185305
T1,Mono_CD14,donor_id=1256,36,0.9537486575245402,0.958785033555697
T1,Mono_CD14,donor_id=1256,37,0.9547905324120736,0.9596598290425151
T1,Mono_CD14,donor_id=1256,38,0.9544640944138082,0.9603113914160207
T1,Mono_CD14,donor_id=1256,39,0.9514122821976922,0.9576018875510489
T1,Mono_CD14,donor_id=1256,40,0.9525956599549281,0.9601177486153399
T1,Mono_CD14,donor_id=1256,41,0.9528786733286101,0.9591419604991389
T1,Mono_CD14,donor_id=1256,42,0.9539666619365632,0.9593061839761184
T1,Mono_CD14,donor_id=1256,43,0.9533839570201279,0.9600661331244177
T1,Mono_CD14,donor_id=1256,44,0.9524516057898059,0.9588326572875726
T1,Mono_CD14,donor_id=1256,45,0.9489401034522411,0.956224380018201
T1,Mono_CD14,donor_id=1256,46,0.9533921322730866,0.9589202740237719
T1,Mono_CD14,donor_id=1256,47,0.95291984344065,0.959407529940402
T1,Mono_CD14,donor_id=1256,48,0.9491678390700838,0.9555613559870436
T1,Mono_CD14,donor_id=1256,49,0.9522021965456842,0.9586484103574333
T1,Mono_CD14,donor_id=1256,50,0.9506948270343432,0.9588612581512733
T1,Mono_CD14,donor_id=1256,51,0.9536575040220164,0.9598169646218321
T1,Mono_CD14,donor_id=1256,52,0.9544419446380045,0.9590160693560231
T1,Mono_CD14,donor_id=1256,53,0.9500680772981361,0.9566053827992563
T1,Mono_CD14,donor_id=1256,54,0.9512484360264781,0.9578185242656658
T1,Mono_CD14,donor_id=1256,55,0.9519222823883645,0.9576588413514491
T1,Mono_CD14,donor_id=1256,56,0.9512033952225543,0.9569396180323604
T1,Mono_CD14,donor_id=1256,57,0.9550261721410084,0.9602472006436868
T1,Mono_CD14,donor_id=1256,58,0.9523708149300381,0.9594150070596369
T1,Mono_CD14,donor_id=1256,59,0.9527309436242043,0.9601296682590994
T1,Mono_CD14,donor_id=1256,60,0.946365253087041,0.9511011725378687
T1,Mono_CD14,donor_id=1256,61,0.9542121502851376,0.9590901878119907
T1,Mono_CD14,donor_id=1256,62,0.9512192115935474,0.9561566772447293
T1,Mono_CD14,donor_id=1256,63,0.9484676660321645,0.9548966790278581
T1,Mono_CD14,donor_id=1256,64,0.953477357155533,0.959249866250509
T1,Mono_CD14,donor_id=1256,65,0.9456067783682378,0.955370348523412
T1,Mono_CD14,donor_id=1256,66,0.9495953311101644,0.9557010967006342
T1,Mono_CD14,donor_id=1256,67,0.9517601419828192,0.9591565813260127
T1,Mono_CD14,donor_id=1256,68,0.9507659923225644,0.9543689668236283
T1,Mono_CD14,donor_id=1256,69,0.949211143384873,0.9551385377658568
T1,Mono_CD14,donor_id=1256,70,0.950175248188812,0.9561073222459002
T1,Mono_CD14,donor_id=1256,71,0.9518713379022297,0.9596153233799132
T1,Mono_CD14,donor_id=1256,72,0.9523518728145735,0.9580214179668137
T1,Mono_CD14,donor_id=1256,73,0.9541003471057088,0.9597743712128336
T1,Mono_CD14,donor_id=1256,74,0.9529473813441202,0.9598479593913737
T1,Mono_CD14,donor_id=1256,75,0.9514613482990192,0.9572562511903248
T1,Mono_CD14,donor_id=1256,76,0.9530026454810144,0.9596587923349625
T1,Mono_CD14,donor_id=1256,77,0.9505303020385243,0.9567978100507136
T1,Mono_CD14,donor_id=1256,78,0.9523569215399227,0.9575032489277133
T1,Mono_CD14,donor_id=1256,79,0.9507126237401812,0.9577879556846771
T1,Mono_CD14,donor_id=1256,80,0.9494531243259446,0.957650117248175
T1,Mono_CD14,donor_id=1256,81,0.9533399839705436,0.9594229155316245
T1,Mono_CD14,donor_id=1256,82,0.9495631589790857,0.9569302926528511
T1,Mono_CD14,donor_id=1256,83,0.9487582773217915,0.955654493239947
T1,Mono_CD14,donor_id=1256,84,0.9509564533712982,0.9572340954991955
T1,Mono_CD14,donor_id=1256,85,0.9387904553486515,0.9462689148470109
T1,Mono_CD14,donor_id=1256,86,0.948941323496507,0.9568231661205086
T1,Mono_CD14,donor_id=1256,87,0.9511113498984678,0.9568527870553597
T1,Mono_CD14,donor_id=1256,88,0.9554392651822383,0.9599071989961412
T1,Mono_CD14,donor_id=1256,89,0.9488776214464656,0.9563577281350145
T1,Mono_CD14,donor_id=1256,90,0.9503177929428592,0.9550427062512156
T1,Mono_CD14,donor_id=1256,91,0.9520583764652812,0.955822800077901
T1,Mono_CD14,donor_id=1256,92,0.9509501207743996,0.9572645768625989
T1,Mono_CD14,donor_id=1256,93,0.9505638177973642,0.9571779001912839
T1,Mono_CD14,donor_id=1256,94,0.9525409501030122,0.9582266983489232
T1,Mono_CD14,donor_id=1256,95,0.9523061913731637,0.9582355599184785
T1,Mono_CD14,donor_id=1256,96,0.9518861664746279,0.95788569217222
T1,Mono_CD14,donor_id=1256,97,0.9506653296878014,0.9563649605952201
T1,Mono_CD14,donor_id=1256,98,0.9510079538856963,0.9565475236467457
T1,Mono_CD14,donor_id=1256,99,0.9518635573636349,0.9573440702298787
T1,Mono_CD14,donor_id=107,0,0.9530185064403744,0.9590162659334656
T1,Mono_CD14,donor_id=107,1,0.9536332856694064,0.9595811047066327
T1,Mono_CD14,donor_id=107,2,0.9548458641922102,0.9611244559600238
T1,Mono_CD14,donor_id=107,3,0.954623636689334,0.9588607018710736
T1,Mono_CD14,donor_id=107,4,0.9556066028286077,0.9588075210525262
T1,Mono_CD14,donor_id=107,5,0.9546756085761182,0.9599491892147732
T1,Mono_CD14,donor_id=107,6,0.950080536001857,0.9559957092321172
T1,Mono_CD14,donor_id=107,7,0.9526562865381888,0.9565110031392213
T1,Mono_CD14,donor_id=107,8,0.9559505236115463,0.9620620448189191
T1,Mono_CD14,donor_id=107,9,0.9506273242772196,0.9570017655475851
T1,Mono_CD14,donor_id=107,10,0.9520317052419112,0.958991441717781
T1,Mono_CD14,donor_id=107,11,0.9501879232982632,0.9560035777576172
T1,Mono_CD14,donor_id=107,12,0.9552271313748969,0.9607691658020983
T1,Mono_CD14,donor_id=107,13,0.9537343417689564,0.9591005096846233
T1,Mono_CD14,donor_id=107,14,0.9528672766309088,0.9583558766515384
T1,Mono_CD14,donor_id=107,15,0.9522878164268516,0.9583625667130203
T1,Mono_CD14,donor_id=107,16,0.9444625975347049,0.9522296421065634
T1,Mono_CD14,donor_id=107,17,0.9530350773894187,0.9601595803232578
T1,Mono_CD14,donor_id=107,18,0.9522902487709263,0.9589016676423969
T1,Mono_CD14,donor_id=107,19,0.9476590014453233,0.9542563106761254
T1,Mono_CD14,donor_id=107,20,0.9533302770625507,0.9583342886077227
T1,Mono_CD14,donor_id=107,21,0.9507683776056436,0.9548027852003901
T1,Mono_CD14,donor_id=107,22,0.9558244565712815,0.9608166851524054
T1,Mono_CD14,donor_id=107,23,0.9441574544961543,0.9494660223183157
T1,Mono_CD14,donor_id=107,24,0.955205064860502,0.9602873215458616
T1,Mono_CD14,donor_id=107,25,0.9541874305597161,0.9599704262787514
T1,Mono_CD14,donor_id=107,26,0.9543785645797841,0.9590086949649589
T1,Mono_CD14,donor_id=107,27,0.9525337942074689,0.9579669747590439
T1,Mono_CD14,donor_id=107,28,0.953912824536263,0.9603643017280803
T1,Mono_CD14,donor_id=107,29,0.9557226905901047,0.9615056152528323
T1,Mono_CD14,donor_id=107,30,0.9547418053469806,0.9614418846377237
T1,Mono_CD14,donor_id=107,31,0.9500061799499531,0.9572544603613683
T1,Mono_CD14,donor_id=107,32,0.9507391376656299,0.955385974923376
T1,Mono_CD14,donor_id=107,33,0.9546930241391103,0.9597536107711935
T1,Mono_CD14,donor_id=107,34,0.952480649433218,0.9572217589073951
T1,Mono_CD14,donor_id=107,35,0.9546170246870204,0.9613645117657799
T1,Mono_CD14,donor_id=107,36,0.9567005012600599,0.9625184327615419
T1,Mono_CD14,donor_id=107,37,0.9544019671651343,0.9590862147295851
T1,Mono_CD14,donor_id=107,38,0.9551019279892329,0.9606693429106864
T1,Mono_CD14,donor_id=107,39,0.9509024339350309,0.9557586690536353
T1,Mono_CD14,donor_id=107,40,0.9507934213074677,0.9580871652815293
T1,Mono_CD14,donor_id=107,41,0.9504925713059146,0.9559679769017604
T1,Mono_CD14,donor_id=107,42,0.9514872259902339,0.9570536035128581
T1,Mono_CD14,donor_id=107,43,0.9561199593866497,0.9595282857512463
T1,Mono_CD14,donor_id=107,44,0.9529662032391171,0.9582836548123874
T1,Mono_CD14,donor_id=107,45,0.9540481321980053,0.9600751706267463
T1,Mono_CD14,donor_id=107,46,0.9508654971627,0.9568158699922172
T1,Mono_CD14,donor_id=107,47,0.9532403573291137,0.9597004596502796
T1,Mono_CD14,donor_id=107,48,0.954630559143407,0.9583625823741133
T1,Mono_CD14,donor_id=107,49,0.9547974540787567,0.9609009208879635
T1,Mono_CD14,donor_id=107,50,0.9481435253194498,0.954834081069164
T1,Mono_CD14,donor_id=107,51,0.9557261773302377,0.9610978472019512
T1,Mono_CD14,donor_id=107,52,0.9520420277910888,0.9584516169126386
T1,Mono_CD14,donor_id=107,53,0.9510879714899245,0.957241236459452
T1,Mono_CD14,donor_id=107,54,0.9552004690774233,0.9610793305461708
T1,Mono_CD14,donor_id=107,55,0.9518853232183854,0.9565550724920348
T1,Mono_CD14,donor_id=107,56,0.9535087200288012,0.9593535153657393
T1,Mono_CD14,donor_id=107,57,0.9553851644897954,0.9593748972404478
T1,Mono_CD14,donor_id=107,58,0.947773784437492,0.9543105529079317
T1,Mono_CD14,donor_id=107,59,0.9453159553397258,0.9514861260227765
T1,Mono_CD14,donor_id=107,60,0.9549491278901766,0.9594135492550621
T1,Mono_CD14,donor_id=107,61,0.9554910753251941,0.9616250419635739
T1,Mono_CD14,donor_id=107,62,0.9525003244051163,0.958254399705563
T1,Mono_CD14,donor_id=107,63,0.953456244818405,0.9585602027395957
T1,Mono_CD14,donor_id=107,64,0.9584317723695686,0.9619694050715395
T1,Mono_CD14,donor_id=107,65,0.9547862498464549,0.9615950131706559
T1,Mono_CD14,donor_id=107,66,0.9576883169442275,0.9633415996051204
T1,Mono_CD14,donor_id=107,67,0.953799625873953,0.9590724644693512
T1,Mono_CD14,donor_id=107,68,0.9529514315981962,0.9581930868022686
T1,Mono_CD14,donor_id=107,69,0.9494036153290336,0.9548733300810621
T1,Mono_CD14,donor_id=107,70,0.952711560228982,0.9567611154963008
T1,Mono_CD14,donor_id=107,71,0.9542931873704578,0.9596127767136652
T1,Mono_CD14,donor_id=107,72,0.9518685440215597,0.9579320298027229
T1,Mono_CD14,donor_id=107,73,0.9485666266312769,0.9549151316632953
T1,Mono_CD14,donor_id=107,74,0.9522982326415218,0.9583432647590049
T1,Mono_CD14,donor_id=107,75,0.9556317289432893,0.9593204305467263
T1,Mono_CD14,donor_id=107,76,0.9500946359283848,0.9558383760428413
T1,Mono_CD14,donor_id=107,77,0.9512904582193974,0.9587015845684311
T1,Mono_CD14,donor_id=107,78,0.9553526634286333,0.9611452658209259
T1,Mono_CD14,donor_id=107,79,0.9550985110369076,0.9600253337245476
T1,Mono_CD14,donor_id=107,80,0.9534331067548186,0.9570426069489173
T1,Mono_CD14,donor_id=107,81,0.9533262295058267,0.9597438106771478
T1,Mono_CD14,donor_id=107,82,0.9501886970340825,0.955703722381732
T1,Mono_CD14,donor_id=107,83,0.9565027590542634,0.9627987553531009
T1,Mono_CD14,donor_id=107,84,0.9565440353444488,0.9613107205578246
T1,Mono_CD14,donor_id=107,85,0.9537957527814389,0.9602634181995157
T1,Mono_CD14,donor_id=107,86,0.9506972624313256,0.9585462094873295
T1,Mono_CD14,donor_id=107,87,0.9539579452052864,0.9594402068784587
T1,Mono_CD14,donor_id=107,88,0.9529895528260728,0.9584213920039606
T1,Mono_CD14,donor_id=107,89,0.9566662833683431,0.9613078837571538
T1,Mono_CD14,donor_id=107,90,0.9447597464297696,0.9535360295267
T1,Mono_CD14,donor_id=107,91,0.9487610711596834,0.9575972369392196
T1,Mono_CD14,donor_id=107,92,0.9550559473188852,0.9601363253352019
T1,Mono_CD14,donor_id=107,93,0.9504963479900521,0.9566222020284444
T1,Mono_CD14,donor_id=107,94,0.9561805490456353,0.9615610230825542
T1,Mono_CD14,donor_id=107,95,0.9530681087666553,0.9577115165286435
T1,Mono_CD14,donor_id=107,96,0.951904355489799,0.9588097716983729
T1,Mono_CD14,donor_id=107,97,0.9533975930790524,0.9578886719937434
T1,Mono_CD14,donor_id=107,98,0.9548534503908503,0.9605808563669093
T1,Mono_CD14,donor_id=107,99,0.9516362763048939,0.9573570993132474
T1,Mono_CD14,donor_id=1016,0,0.9294529314177243,0.9395861163218588
T1,Mono_CD14,donor_id=1016,1,0.9398182504116764,0.9458341583052485
T1,Mono_CD14,donor_id=1016,2,0.93469815566145,0.9441030446105718
T1,Mono_CD14,donor_id=1016,3,0.9407514741742432,0.94851706686593
T1,Mono_CD14,donor_id=1016,4,0.9445134970914505,0.950667638669343
T1,Mono_CD14,donor_id=1016,5,0.9409846524967684,0.9455918010634423
T1,Mono_CD14,donor_id=1016,6,0.9332639079010964,0.9391373316701523
T1,Mono_CD14,donor_id=1016,7,0.9382873175140186,0.9466693751522385
T1,Mono_CD14,donor_id=1016,8,0.9330618982113029,0.9390595169274267
T1,Mono_CD14,donor_id=1016,9,0.9298201262331729,0.9393885964092227
T1,Mono_CD14,donor_id=1016,10,0.9436107915554939,0.9476358289573996
T1,Mono_CD14,donor_id=1016,11,0.9417438284310514,0.9482054922465993
T1,Mono_CD14,donor_id=1016,12,0.9375879034772568,0.9434432362192745
T1,Mono_CD14,donor_id=1016,13,0.9328454052133774,0.9410991864130778
T1,Mono_CD14,donor_id=1016,14,0.937426348886701,0.9454632478109749
T1,Mono_CD14,donor_id=1016,15,0.9364138667038433,0.9430420832635223
T1,Mono_CD14,donor_id=1016,16,0.9373547563918849,0.9422676985919998
T1,Mono_CD14,donor_id=1016,17,0.9384515737326037,0.9444513438336984
T1,Mono_CD14,donor_id=1016,18,0.9387522052113386,0.9467440346180772
T1,Mono_CD14,donor_id=1016,19,0.9342686525253836,0.9421878227016914
T1,Mono_CD14,donor_id=1016,20,0.9356836336597919,0.9422931932036466
T1,Mono_CD14,donor_id=1016,21,0.9404359406337154,0.9472998887401589
T1,Mono_CD14,donor_id=1016,22,0.9334833971719753,0.941071557626457
T1,Mono_CD14,donor_id=1016,23,0.9424044319406678,0.947362546620233
T1,Mono_CD14,donor_id=1016,24,0.9439420028117931,0.9507655194209188
T1,Mono_CD14,donor_id=1016,25,0.9384054934427566,0.9434103858753805
T1,Mono_CD14,donor_id=1016,26,0.9313517145409094,0.9405892621217766
T1,Mono_CD14,donor_id=1016,27,0.9410333531914675,0.9477771810138677
T1,Mono_CD14,donor_id=1016,28,0.9407793827937787,0.9455115816586843
T1,Mono_CD14,donor_id=1016,29,0.9398446975160138,0.9464242701219095
T1,Mono_CD14,donor_id=1016,30,0.9427774074287926,0.9474925762310176
T1,Mono_CD14,donor_id=1016,31,0.9385786708241561,0.944132072069966
T1,Mono_CD14,donor_id=1016,32,0.9329335653151462,0.9403330351972461
T1,Mono_CD14,donor_id=1016,33,0.9393950673872691,0.9460509471851586
T1,Mono_CD14,donor_id=1016,34,0.9365557062706098,0.9433575781646922
T1,Mono_CD14,donor_id=1016,35,0.9435317942694892,0.9495464811408392
T1,Mono_CD14,donor_id=1016,36,0.9372554946520172,0.9434972055343677
T1,Mono_CD14,donor_id=1016,37,0.9368493586075693,0.943542969559465
T1,Mono_CD14,donor_id=1016,38,0.9405176771120566,0.9464672705824164
T1,Mono_CD14,donor_id=1016,39,0.9418362775201582,0.9477773096158386
T1,Mono_CD14,donor_id=1016,40,0.9347635301514282,0.9414273453082675
T1,Mono_CD14,donor_id=1016,41,0.9397893721987761,0.9462713430527107
T1,Mono_CD14,donor_id=1016,42,0.933626873266107,0.9419439635088855
T1,Mono_CD14,donor_id=1016,43,0.9380744568281467,0.9466809809381548
T1,Mono_CD14,donor_id=1016,44,0.9451604924094529,0.9518482668217898
T1,Mono_CD14,donor_id=1016,45,0.9413422939566423,0.9479256837201617
T1,Mono_CD14,donor_id=1016,46,0.9389101743005012,0.94709931139485
T1,Mono_CD14,donor_id=1016,47,0.9298083985857737,0.9386498116203219
T1,Mono_CD14,donor_id=1016,48,0.9355789463991916,0.9414044323910563
T1,Mono_CD14,donor_id=1016,49,0.9313038396126481,0.9411761187611151
T1,Mono_CD14,donor_id=1016,50,0.9340410721673748,0.9441062728462911
T1,Mono_CD14,donor_id=1016,51,0.9404650718305617,0.9476271648262347
T1,Mono_CD14,donor_id=1016,52,0.9392264035310476,0.9454892168022018
T1,Mono_CD14,donor_id=1016,53,0.9352059093129014,0.9425733249128555
T1,Mono_CD14,donor_id=1016,54,0.9354409268739192,0.9432419539086242
T1,Mono_CD14,donor_id=1016,55,0.937828307481034,0.9450652336170792
T1,Mono_CD14,donor_id=1016,56,0.9391734691464431,0.9450053238903428
T1,Mono_CD14,donor_id=1016,57,0.9418894459174678,0.9483470259783346
T1,Mono_CD14,donor_id=1016,58,0.9408039036939898,0.9462000636776537
T1,Mono_CD14,donor_id=1016,59,0.9419416564442473,0.9478122962201212
T1,Mono_CD14,donor_id=1016,60,0.9366569822848083,0.9417442304688217
T1,Mono_CD14,donor_id=1016,61,0.9325346685364153,0.9366557887017394
T1,Mono_CD14,donor_id=1016,62,0.9391428669820452,0.946151222881542
T1,Mono_CD14,donor_id=1016,63,0.9384777070555789,0.9445929489521968
T1,Mono_CD14,donor_id=1016,64,0.922935374624062,0.9294151498585785
T1,Mono_CD14,donor_id=1016,65,0.9343987595108767,0.9427261235455995
T1,Mono_CD14,donor_id=1016,66,0.9337039478858592,0.9390342592326897
T1,Mono_CD14,donor_id=1016,67,0.9406620395608789,0.9476987800257893
T1,Mono_CD14,donor_id=1016,68,0.9304347006335159,0.9398848905763947
T1,Mono_CD14,donor_id=1016,69,0.9424244463706243,0.9474849420053381
T1,Mono_CD14,donor_id=1016,70,0.9408107293820153,0.9460325249359947
T1,Mono_CD14,donor_id=1016,71,0.9386948873140161,0.944719828955015
T1,Mono_CD14,donor_id=1016,72,0.9434798161535062,0.9510660724338671
T1,Mono_CD14,donor_id=1016,73,0.9414423794185053,0.9481684737369451
T1,Mono_CD14,donor_id=1016,74,0.9361916382920112,0.940771506477701
T1,Mono_CD14,donor_id=1016,75,0.9340061738398222,0.940707088206809
T1,Mono_CD14,donor_id=1016,76,0.9350716247485921,0.9418752917848254
T1,Mono_CD14,donor_id=1016,77,0.9366908395245319,0.9438695070369313
T1,Mono_CD14,donor_id=1016,78,0.9372850585162449,0.9438777035533107
T1,Mono_CD14,donor_id=1016,79,0.9364931963869261,0.9448324002374956
T1,Mono_CD14,donor_id=1016,80,0.9405524197001469,0.9461806081557286
T1,Mono_CD14,donor_id=1016,81,0.9448765174265386,0.950562773315145
T1,Mono_CD14,donor_id=1016,82,0.9397355412002546,0.9469348189039681
T1,Mono_CD14,donor_id=1016,83,0.9375220791085136,0.9436294328044821
T1,Mono_CD14,donor_id=1016,84,0.9417881118120812,0.9479611195742091
T1,Mono_CD14,donor_id=1016,85,0.9384039536330303,0.944407323388751
T1,Mono_CD14,donor_id=1016,86,0.9446624684159166,0.950682248552826
T1,Mono_CD14,donor_id=1016,87,0.9405852448890193,0.9489126458545664
T1,Mono_CD14,donor_id=1016,88,0.9397204013078243,0.9459742468898328
T1,Mono_CD14,donor_id=1016,89,0.9405576627591242,0.9477178702733363
T1,Mono_CD14,donor_id=1016,90,0.9336214075808315,0.9433505749636896
T1,Mono_CD14,donor_id=1016,91,0.9306257171246021,0.9409273598327766
T1,Mono_CD14,donor_id=1016,92,0.9398644128771715,0.9477528373019969
T1,Mono_CD14,donor_id=1016,93,0.9329197483608725,0.9417654967575003
T1,Mono_CD14,donor_id=1016,94,0.9405244425046896,0.9466997913023815
T1,Mono_CD14,donor_id=1016,95,0.9378809587537452,0.9457014086143009
T1,Mono_CD14,donor_id=1016,96,0.9385089873355623,0.9449047344007022
T1,Mono_CD14,donor_id=1016,97,0.934690930874266,0.9431724267163565
T1,Mono_CD14,donor_id=1016,98,0.9378646413999123,0.9472762715382166
T1,Mono_CD14,donor_id=1016,99,0.9408985525264391,0.9464464804512266
T1,Mono_CD14,donor_id=1039,0,0.9514573767707271,0.9578986003720481
T1,Mono_CD14,donor_id=1039,1,0.9531147761690488,0.9566202040483941
T1,Mono_CD14,donor_id=1039,2,0.9474702858947931,0.9568190095265257
T1,Mono_CD14,donor_id=1039,3,0.9520385067944498,0.9557817144164574
T1,Mono_CD14,donor_id=1039,4,0.952650504132012,0.9591862947361859
T1,Mono_CD14,donor_id=1039,5,0.94861504677388,0.9541026518254563
T1,Mono_CD14,donor_id=1039,6,0.9534601394664869,0.9586832378170685
T1,Mono_CD14,donor_id=1039,7,0.951044593894066,0.9596260734166815
T1,Mono_CD14,donor_id=1039,8,0.9499413251572085,0.9548092428022098
T1,Mono_CD14,donor_id=1039,9,0.9487642495186583,0.9560963410775457
T1,Mono_CD14,donor_id=1039,10,0.9494076510726935,0.9553808294668144
T1,Mono_CD14,donor_id=1039,11,0.9503810834033508,0.9569172960460052
T1,Mono_CD14,donor_id=1039,12,0.9529272921348868,0.9583342169788415
T1,Mono_CD14,donor_id=1039,13,0.9545037968890242,0.9607596846445161
T1,Mono_CD14,donor_id=1039,14,0.9463314714114303,0.9537054368644249
T1,Mono_CD14,donor_id=1039,15,0.9484302615366406,0.9549092520908267
T1,Mono_CD14,donor_id=1039,16,0.9491404515388243,0.9557064105950408
T1,Mono_CD14,donor_id=1039,17,0.9470560662668365,0.9539256088676121
T1,Mono_CD14,donor_id=1039,18,0.952942338367646,0.9593911269277692
T1,Mono_CD14,donor_id=1039,19,0.9512441666872129,0.9577719086115494
T1,Mono_CD14,donor_id=1039,20,0.9481035667269557,0.9543856568381189
T1,Mono_CD14,donor_id=1039,21,0.9476055016690639,0.9530803246078774
T1,Mono_CD14,donor_id=1039,22,0.951262668012887,0.9554179852965344
T1,Mono_CD14,donor_id=1039,23,0.947836715512871,0.9535020869647565
T1,Mono_CD14,donor_id=1039,24,0.9484739112251401,0.9528341435956023
T1,Mono_CD14,donor_id=1039,25,0.9467051280090699,0.9532640130120681
T1,Mono_CD14,donor_id=1039,26,0.9512889527809739,0.9568010159711171
T1,Mono_CD14,donor_id=1039,27,0.9539727497589201,0.9605338560410172
T1,Mono_CD14,donor_id=1039,28,0.952395953990353,0.958639211135955
T1,Mono_CD14,donor_id=1039,29,0.9505877918290992,0.9567407341942942
T1,Mono_CD14,donor_id=1039,30,0.9524304561616338,0.9579127107109828
T1,Mono_CD14,donor_id=1039,31,0.948403993174902,0.954316546630993
T1,Mono_CD14,donor_id=1039,32,0.9456380679621469,0.951179151393367
T1,Mono_CD14,donor_id=1039,33,0.9513767355858916,0.9568756566556211
T1,Mono_CD14,donor_id=1039,34,0.9463573741626782,0.9526069730729368
T1,Mono_CD14,donor_id=1039,35,0.9488685919938595,0.9558418719672198
T1,Mono_CD14,donor_id=1039,36,0.9531507383052621,0.9589831174719166
T1,Mono_CD14,donor_id=1039,37,0.9501521132041453,0.954517852299476
T1,Mono_CD14,donor_id=1039,38,0.9445962828870735,0.9499914253542682
T1,Mono_CD14,donor_id=1039,39,0.9465944285118054,0.9531010777222199
T1,Mono_CD14,donor_id=1039,40,0.9485110158858013,0.9536491900795481
T1,Mono_CD14,donor_id=1039,41,0.9467776957815538,0.9548311419240179
T1,Mono_CD14,donor_id=1039,42,0.9501171951225633,0.9556770854894796
T1,Mono_CD14,donor_id=1039,43,0.9485314740540484,0.9557701326345499
T1,Mono_CD14,donor_id=1039,44,0.9531457959594255,0.9584983833012749
T1,Mono_CD14,donor_id=1039,45,0.9481772898820491,0.9562125307352015
T1,Mono_CD14,donor_id=1039,46,0.9487023485717093,0.9550911613748396
T1,Mono_CD14,donor_id=1039,47,0.9493111754607261,0.9558730087970597
T1,Mono_CD14,donor_id=1039,48,0.9485756180951413,0.9540063055294562
T1,Mono_CD14,donor_id=1039,49,0.9502163487409492,0.954000948703219
T1,Mono_CD14,donor_id=1039,50,0.9513895963460551,0.9546393337735093
T1,Mono_CD14,donor_id=1039,51,0.9493134726354046,0.9549483941816681
T1,Mono_CD14,donor_id=1039,52,0.950823537140117,0.9580236483952739
T1,Mono_CD14,donor_id=1039,53,0.952422385665808,0.9576823431783312
T1,Mono_CD14,donor_id=1039,54,0.9528749465820663,0.9573625208215649
T1,Mono_CD14,donor_id=1039,55,0.9510644091970634,0.9575599321949786
T1,Mono_CD14,donor_id=1039,56,0.9460738217128252,0.9541179731780993
T1,Mono_CD14,donor_id=1039,57,0.9507510342715602,0.9563426419744882
T1,Mono_CD14,donor_id=1039,58,0.941980814106183,0.9502716879007937
T1,Mono_CD14,donor_id=1039,59,0.9506178019104654,0.9566307274773793
T1,Mono_CD14,donor_id=1039,60,0.9515184671710158,0.9567362744409789
T1,Mono_CD14,donor_id=1039,61,0.9507864372369249,0.9573358889340149
T1,Mono_CD14,donor_id=1039,62,0.9526843042957298,0.9586195277624368
T1,Mono_CD14,donor_id=1039,63,0.9530768663696356,0.9570399418072253
T1,Mono_CD14,donor_id=1039,64,0.9539081808165728,0.9594763692471499
T1,Mono_CD14,donor_id=1039,65,0.9450828642311906,0.9538361470727977
T1,Mono_CD14,donor_id=1039,66,0.9460563563276131,0.9507209022630226
T1,Mono_CD14,donor_id=1039,67,0.950538502873176,0.9574138526171397
T1,Mono_CD14,donor_id=1039,68,0.9481900880421713,0.95526091743718
T1,Mono_CD14,donor_id=1039,69,0.9492845978505379,0.9555890052384525
T1,Mono_CD14,donor_id=1039,70,0.9468253822815998,0.9531388993397789
T1,Mono_CD14,donor_id=1039,71,0.9514644646390109,0.957534176161829
T1,Mono_CD14,donor_id=1039,72,0.9480701854908117,0.9555386763628879
T1,Mono_CD14,donor_id=1039,73,0.9474731146757044,0.9522602265364936
T1,Mono_CD14,donor_id=1039,74,0.9515525220468838,0.958272990327659
T1,Mono_CD14,donor_id=1039,75,0.9520894309763096,0.956585870388035
T1,Mono_CD14,donor_id=1039,76,0.9460411681301999,0.9491775428748743
T1,Mono_CD14,donor_id=1039,77,0.9486258617499216,0.9538166302402604
T1,Mono_CD14,donor_id=1039,78,0.9518132759876176,0.9569906071033912
T1,Mono_CD14,donor_id=1039,79,0.95077193471294,0.9568712165129563
T1,Mono_CD14,donor_id=1039,80,0.9480064714885483,0.9521989924299962
T1,Mono_CD14,donor_id=1039,81,0.9446916124301037,0.9523034129327266
T1,Mono_CD14,donor_id=1039,82,0.9482884700373224,0.954258400777749
T1,Mono_CD14,donor_id=1039,83,0.9499821921374392,0.9569690526933977
T1,Mono_CD14,donor_id=1039,84,0.9530084828131064,0.9575140232590855
T1,Mono_CD14,donor_id=1039,85,0.9463536808792758,0.952395795750493
T1,Mono_CD14,donor_id=1039,86,0.9535363162682834,0.9591413271132037
T1,Mono_CD14,donor_id=1039,87,0.9448830074418401,0.9508315793077172
T1,Mono_CD14,donor_id=1039,88,0.9497062413041357,0.9557877804153395
T1,Mono_CD14,donor_id=1039,89,0.942296027731421,0.9528138326045503
T1,Mono_CD14,donor_id=1039,90,0.9427644530286454,0.9471728954642956
T1,Mono_CD14,donor_id=1039,91,0.950964268268012,0.9565653388694939
T1,Mono_CD14,donor_id=1039,92,0.9468170623421134,0.9530541742368276
T1,Mono_CD14,donor_id=1039,93,0.9499278621623403,0.9566795760650219
T1,Mono_CD14,donor_id=1039,94,0.9521092992963308,0.9575319561394565
T1,Mono_CD14,donor_id=1039,95,0.9505660796416676,0.9563592170662769
T1,Mono_CD14,donor_id=1039,96,0.954335194260662,0.9595097118201337
T1,Mono_CD14,donor_id=1039,97,0.945331045120711,0.9541599925281039
T1,Mono_CD14,donor_id=1039,98,0.9511285579643747,0.9548583579189699
T1,Mono_CD14,donor_id=1039,99,0.9458423816524049,0.9527907109218333
T1,Mono_FCGR3A,donor_id=1488,0,0.9200139165998282,0.9288258141282381
T1,Mono_FCGR3A,donor_id=1488,1,0.9156861318012564,0.9286999354478538
T1,Mono_FCGR3A,donor_id=1488,2,0.9142171660568886,0.9257733277882925
T1,Mono_FCGR3A,donor_id=1488,3,0.9288635444913113,0.9376390576657804
T1,Mono_FCGR3A,donor_id=1488,4,0.9076396588182694,0.9225314067620332
T1,Mono_FCGR3A,donor_id=1488,5,0.9159308715807253,0.9269363127254866
T1,Mono_FCGR3A,donor_id=1488,6,0.9178997097920719,0.9287774986851175
T1,Mono_FCGR3A,donor_id=1488,7,0.92431801643665,0.9343458206477318
T1,Mono_FCGR3A,donor_id=1488,8,0.915585499754542,0.9295860017529993
T1,Mono_FCGR3A,donor_id=1488,9,0.9156075384938522,0.9292731443413561
T1,Mono_FCGR3A,donor_id=1488,10,0.8819981719868268,0.8950534457671082
T1,Mono_FCGR3A,donor_id=1488,11,0.9186076967738178,0.9296655117000809
T1,Mono_FCGR3A,donor_id=1488,12,0.9224700775432739,0.9324426415065855
T1,Mono_FCGR3A,donor_id=1488,13,0.9153796940832963,0.9284462087365185
T1,Mono_FCGR3A,donor_id=1488,14,0.9178223802729739,0.92911085141572
T1,Mono_FCGR3A,donor_id=1488,15,0.9192265800756196,0.9246311631673448
T1,Mono_FCGR3A,donor_id=1488,16,0.9168768085474309,0.9257689283960837
T1,Mono_FCGR3A,donor_id=1488,17,0.9205074817489384,0.9290052628475904
T1,Mono_FCGR3A,donor_id=1488,18,0.9061892980286831,0.9190706620131042
T1,Mono_FCGR3A,donor_id=1488,19,0.9148366448679432,0.9290228096234778
T1,Mono_FCGR3A,donor_id=1488,20,0.925529968068605,0.9344184295177944
T1,Mono_FCGR3A,donor_id=1488,21,0.9267195050240012,0.9341941328249236
T1,Mono_FCGR3A,donor_id=1488,22,0.9259274874827428,0.9323966399465439
T1,Mono_FCGR3A,donor_id=1488,23,0.920476981252755,0.9335346386272505
T1,Mono_FCGR3A,donor_id=1488,24,0.9217729796834562,0.930733626535814
T1,Mono_FCGR3A,donor_id=1488,25,0.9256951854245448,0.9333544293158645
T1,Mono_FCGR3A,donor_id=1488,26,0.9220177767209653,0.9321770378139896
T1,Mono_FCGR3A,donor_id=1488,27,0.9152366815359798,0.9285025492742625
T1,Mono_FCGR3A,donor_id=1488,28,0.9224096389412432,0.9317512162171308
T1,Mono_FCGR3A,donor_id=1488,29,0.9202627239147777,0.9319666478073553
T1,Mono_FCGR3A,donor_id=1488,30,0.9140442316279298,0.9278473818862533
T1,Mono_FCGR3A,donor_id=1488,31,0.9237599703708422,0.9334671481830427
T1,Mono_FCGR3A,donor_id=1488,32,0.9189565414164619,0.932548736599333
T1,Mono_FCGR3A,donor_id=1488,33,0.9211644950655337,0.9294460214515352
T1,Mono_FCGR3A,donor_id=1488,34,0.9152288867314534,0.9273201523171762
T1,Mono_FCGR3A,donor_id=1488,35,0.9282325603460297,0.9377122942829286
T1,Mono_FCGR3A,donor_id=1488,36,0.9180891795179291,0.9286609948631284
T1,Mono_FCGR3A,donor_id=1488,37,0.9258073490980222,0.9350539780757008
T1,Mono_FCGR3A,donor_id=1488,38,0.919861486831417,0.9317846325273996
T1,Mono_FCGR3A,donor_id=1488,39,0.9214713121853082,0.9332865522071715
T1,Mono_FCGR3A,donor_id=1488,40,0.9139101422726036,0.9268171606621644
T1,Mono_FCGR3A,donor_id=1488,41,0.9140205463185626,0.9233210958723976
T1,Mono_FCGR3A,donor_id=1488,42,0.9256332313398827,0.934914555752367
T1,Mono_FCGR3A,donor_id=1488,43,0.9125237782259634,0.9227671374077904
T1,Mono_FCGR3A,donor_id=1488,44,0.918096124005323,0.9290640853255144
T1,Mono_FCGR3A,donor_id=1488,45,0.9195701630183757,0.9273697272653957
T1,Mono_FCGR3A,donor_id=1488,46,0.9190429334065662,0.9265577840260639
T1,Mono_FCGR3A,donor_id=1488,47,0.9267277408262939,0.9313036797571723
T1,Mono_FCGR3A,donor_id=1488,48,0.9227868878210101,0.9337843480505309
T1,Mono_FCGR3A,donor_id=1488,49,0.9192688885140388,0.928354475237602
T1,Mono_FCGR3A,donor_id=1488,50,0.9223413166432692,0.9288951742728716
T1,Mono_FCGR3A,donor_id=1488,51,0.9116077399744033,0.9213411142183702
T1,Mono_FCGR3A,donor_id=1488,52,0.9183160308144729,0.9302744172173052
T1,Mono_FCGR3A,donor_id=1488,53,0.908914524003955,0.9183990513650145
T1,Mono_FCGR3A,donor_id=1488,54,0.9199672652283075,0.9320562780791168
T1,Mono_FCGR3A,donor_id=1488,55,0.9233855593449344,0.9343946918295998
T1,Mono_FCGR3A,donor_id=1488,56,0.9171425281383215,0.9301273189873261
T1,Mono_FCGR3A,donor_id=1488,57,0.9196242885301418,0.9326831319326272
T1,Mono_FCGR3A,donor_id=1488,58,0.9145038847454814,0.9272678119280322
T1,Mono_FCGR3A,donor_id=1488,59,0.9278198616515093,0.9346622581274044
T1,Mono_FCGR3A,donor_id=1488,60,0.9191493596066002,0.9275458263135361
T1,Mono_FCGR3A,donor_id=1488,61,0.9196208445701747,0.9307184344107154
T1,Mono_FCGR3A,donor_id=1488,62,0.9207486958523249,0.9321475651527027
T1,Mono_FCGR3A,donor_id=1488,63,0.9246176684376791,0.9354462625504182
T1,Mono_FCGR3A,donor_id=1488,64,0.9286397311466629,0.9346752446082606
T1,Mono_FCGR3A,donor_id=1488,65,0.9209057147857078,0.9319130465877996
T1,Mono_FCGR3A,donor_id=1488,66,0.9148267510941013,0.926081546462829
T1,Mono_FCGR3A,donor_id=1488,67,0.9210203469046762,0.9311852381892217
T1,Mono_FCGR3A,donor_id=1488,68,0.9202355050954478,0.9325761488765545
T1,Mono_FCGR3A,donor_id=1488,69,0.9248618162411105,0.9355294767123293
T1,Mono_FCGR3A,donor_id=1488,70,0.9137310928626488,0.9245839457050086
T1,Mono_FCGR3A,donor_id=1488,71,0.9226689891621204,0.9299447894936571
T1,Mono_FCGR3A,donor_id=1488,72,0.9181989013666183,0.9286732573162022
T1,Mono_FCGR3A,donor_id=1488,73,0.9155864261314366,0.9273872085256668
T1,Mono_FCGR3A,donor_id=1488,74,0.9184871781181809,0.9298311100105762
T1,Mono_FCGR3A,donor_id=1488,75,0.9140836355383244,0.9223669474324502
T1,Mono_FCGR3A,donor_id=1488,76,0.9197585606857183,0.9313445735455519
T1,Mono_FCGR3A,donor_id=1488,77,0.9175218193721648,0.9293736040222367
T1,Mono_FCGR3A,donor_id=1488,78,0.9247466359446656,0.9373577310405734
T1,Mono_FCGR3A,donor_id=1488,79,0.9205929433557205,0.931290448573879
T1,Mono_FCGR3A,donor_id=1488,80,0.9198432563290087,0.9330873867239751
T1,Mono_FCGR3A,donor_id=1488,81,0.9164395400311502,0.9280021580063698
T1,Mono_FCGR3A,donor_id=1488,82,0.9245844689276252,0.933498217271839
T1,Mono_FCGR3A,donor_id=1488,83,0.9211207422341056,0.9310012980790562
T1,Mono_FCGR3A,donor_id=1488,84,0.9225161920264527,0.9320049175024604
T1,Mono_FCGR3A,donor_id=1488,85,0.9161805565989879,0.9254862523866958
T1,Mono_FCGR3A,donor_id=1488,86,0.9117005649673929,0.9186272913740122
T1,Mono_FCGR3A,donor_id=1488,87,0.9162549022928401,0.9295495614204121
T1,Mono_FCGR3A,donor_id=1488,88,0.9215973596661438,0.9327995320160695
T1,Mono_FCGR3A,donor_id=1488,89,0.9191420690108948,0.9297955606497043
T1,Mono_FCGR3A,donor_id=1488,90,0.9265953796183298,0.9363778813668294
T1,Mono_FCGR3A,donor_id=1488,91,0.9238797843118984,0.9342146833141424
T1,Mono_FCGR3A,donor_id=1488,92,0.9192961477962747,0.9294771979263197
T1,Mono_FCGR3A,donor_id=1488,93,0.917522885178646,0.9282764845011366
T1,Mono_FCGR3A,donor_id=1488,94,0.9114950628014444,0.9237760376976112
T1,Mono_FCGR3A,donor_id=1488,95,0.9188216262025113,0.9313967884898381
T1,Mono_FCGR3A,donor_id=1488,96,0.9101780318484765,0.9239689030921903
T1,Mono_FCGR3A,donor_id=1488,97,0.9158249118266663,0.9278100493449151
T1,Mono_FCGR3A,donor_id=1488,98,0.9144998149223491,0.9215125461141763
T1,Mono_FCGR3A,donor_id=1488,99,0.9189884523752895,0.9323386956535302
T1,Mono_FCGR3A,donor_id=101,0,0.918041216302015,0.9264146374670029
T1,Mono_FCGR3A,donor_id=101,1,0.9089849967045994,0.9213786455600077
T1,Mono_FCGR3A,donor_id=101,2,0.9166639004711941,0.9286214607094438
T1,Mono_FCGR3A,donor_id=101,3,0.9187901484099084,0.9290472741318092
T1,Mono_FCGR3A,donor_id=101,4,0.9173102993162624,0.9295159986756852
T1,Mono_FCGR3A,donor_id=101,5,0.9087417653869135,0.9193511018792718
T1,Mono_FCGR3A,donor_id=101,6,0.9066753019216524,0.9191385236927944
T1,Mono_FCGR3A,donor_id=101,7,0.9116282181313397,0.9231378932179131
T1,Mono_FCGR3A,donor_id=101,8,0.9165868426336325,0.9284999436592042
T1,Mono_FCGR3A,donor_id=101,9,0.9120393839253922,0.9250530505100152
T1,Mono_FCGR3A,donor_id=101,10,0.9120176528764115,0.9265178911379685
T1,Mono_FCGR3A,donor_id=101,11,0.9129125691346761,0.9263525921545318
T1,Mono_FCGR3A,donor_id=101,12,0.9096222235277179,0.9200651864071693
T1,Mono_FCGR3A,donor_id=101,13,0.9235624494027387,0.9323288249525183
T1,Mono_FCGR3A,donor_id=101,14,0.9153559510949701,0.9267339333362138
T1,Mono_FCGR3A,donor_id=101,15,0.9186983370468542,0.9294488473850848
T1,Mono_FCGR3A,donor_id=101,16,0.915260778579448,0.9250816340010433
T1,Mono_FCGR3A,donor_id=101,17,0.9119260834052365,0.9256006420679816
T1,Mono_FCGR3A,donor_id=101,18,0.9228241823094365,0.9287468543186098
T1,Mono_FCGR3A,donor_id=101,19,0.9182883889212481,0.9299801955745478
T1,Mono_FCGR3A,donor_id=101,20,0.9216147318585312,0.9317456218221203
T1,Mono_FCGR3A,donor_id=101,21,0.9056946746220212,0.9186161455167792
T1,Mono_FCGR3A,donor_id=101,22,0.9167605460574275,0.9291043856086226
T1,Mono_FCGR3A,donor_id=101,23,0.9180260187952712,0.928081101900298
T1,Mono_FCGR3A,donor_id=101,24,0.9124500654556066,0.9220004602537676
T1,Mono_FCGR3A,donor_id=101,25,0.9179604783495556,0.927702243315602
T1,Mono_FCGR3A,donor_id=101,26,0.9200849764586823,0.9286550108869455
T1,Mono_FCGR3A,donor_id=101,27,0.9095514536198153,0.9219644315290332
T1,Mono_FCGR3A,donor_id=101,28,0.917834024661326,0.930669767086394
T1,Mono_FCGR3A,donor_id=101,29,0.9144040799992228,0.9249544667610817
T1,Mono_FCGR3A,donor_id=101,30,0.9142780955222978,0.924609224103313
T1,Mono_FCGR3A,donor_id=101,31,0.9110831016377975,0.9244308143182365
T1,Mono_FCGR3A,donor_id=101,32,0.9204880254477253,0.9340973967085942
T1,Mono_FCGR3A,donor_id=101,33,0.9188511018734256,0.9280204651203376
T1,Mono_FCGR3A,donor_id=101,34,0.9068675897774586,0.9189739226995454
T1,Mono_FCGR3A,donor_id=101,35,0.9162871911120642,0.9270745979915239
T1,Mono_FCGR3A,donor_id=101,36,0.9235672837918113,0.9320003874066901
T1,Mono_FCGR3A,donor_id=101,37,0.918919137830484,0.931216364417175
T1,Mono_FCGR3A,donor_id=101,38,0.9120836017480907,0.9225189797931327
T1,Mono_FCGR3A,donor_id=101,39,0.9203629888436056,0.9322441484536229
T1,Mono_FCGR3A,donor_id=101,40,0.9148176464163894,0.9272993524520239
T1,Mono_FCGR3A,donor_id=101,41,0.9142188708092468,0.92921871776833
T1,Mono_FCGR3A,donor_id=101,42,0.9029873796230032,0.9123861409571847
T1,Mono_FCGR3A,donor_id=101,43,0.9122386093015927,0.9246510581757413
T1,Mono_FCGR3A,donor_id=101,44,0.9054238760572368,0.9142321725083777
T1,Mono_FCGR3A,donor_id=101,45,0.9167136025005934,0.92656427837745
T1,Mono_FCGR3A,donor_id=101,46,0.9011254565848943,0.9105303271943597
T1,Mono_FCGR3A,donor_id=101,47,0.9194459853773044,0.9325124969363845
T1,Mono_FCGR3A,donor_id=101,48,0.9194367279460107,0.9258633449006238
T1,Mono_FCGR3A,donor_id=101,49,0.9115246284425471,0.921763076108429
T1,Mono_FCGR3A,donor_id=101,50,0.9094425403872124,0.9242652858254796
T1,Mono_FCGR3A,donor_id=101,51,0.9181974352979275,0.9292156886640441
T1,Mono_FCGR3A,donor_id=101,52,0.9173437396918045,0.9273074458791913
T1,Mono_FCGR3A,donor_id=101,53,0.9113582598635103,0.9214015115436431
T1,Mono_FCGR3A,donor_id=101,54,0.9049092637217152,0.9197941869399762
T1,Mono_FCGR3A,donor_id=101,55,0.9129806797561101,0.9280292204255244
T1,Mono_FCGR3A,donor_id=101,56,0.9082021882661822,0.924968390777986
T1,Mono_FCGR3A,donor_id=101,57,0.9143849318719008,0.9268974525117949
T1,Mono_FCGR3A,donor_id=101,58,0.9110183678316776,0.9233931096010717
T1,Mono_FCGR3A,donor_id=101,59,0.9135307508629139,0.9278478594584221
T1,Mono_FCGR3A,donor_id=101,60,0.9138265290141769,0.9256932395603988
T1,Mono_FCGR3A,donor_id=101,61,0.9073974756018871,0.9201188167319699
T1,Mono_FCGR3A,donor_id=101,62,0.9190009059305506,0.93055557260986
T1,Mono_FCGR3A,donor_id=101,63,0.9174114205916886,0.9299823545300465
T1,Mono_FCGR3A,donor_id=101,64,0.9070435351975478,0.9177182581298836
T1,Mono_FCGR3A,donor_id=101,65,0.9142762476022576,0.9285428268431662
T1,Mono_FCGR3A,donor_id=101,66,0.9043351135229379,0.9148652037476823
T1,Mono_FCGR3A,donor_id=101,67,0.9121464916707207,0.9242979462639295
T1,Mono_FCGR3A,donor_id=101,68,0.9108543588921622,0.9232670965519018
T1,Mono_FCGR3A,donor_id=101,69,0.9147019992167006,0.9305146320077274
T1,Mono_FCGR3A,donor_id=101,70,0.9159257275755496,0.926367328336591
T1,Mono_FCGR3A,donor_id=101,71,0.9178055062954483,0.9313920773541068
T1,Mono_FCGR3A,donor_id=101,72,0.9161246813021302,0.9273108388701616
T1,Mono_FCGR3A,donor_id=101,73,0.9167791153688956,0.9284356340874578
T1,Mono_FCGR3A,donor_id=101,74,0.9129496931261114,0.9242253852648067
T1,Mono_FCGR3A,donor_id=101,75,0.9200880147643911,0.9310278978876966
T1,Mono_FCGR3A,donor_id=101,76,0.9210128950977646,0.9327887705906044
T1,Mono_FCGR3A,donor_id=101,77,0.9221330723538921,0.9323238020942016
T1,Mono_FCGR3A,donor_id=101,78,0.9116263040674665,0.9250468690450906
T1,Mono_FCGR3A,donor_id=101,79,0.9145655296202241,0.9278631135043673
T1,Mono_FCGR3A,donor_id=101,80,0.9168090054066188,0.9295608282963739
T1,Mono_FCGR3A,donor_id=101,81,0.9145504662850462,0.9206665189608588
T1,Mono_FCGR3A,donor_id=101,82,0.9117068722140568,0.9220911001897314
T1,Mono_FCGR3A,donor_id=101,83,0.9117696427769704,0.9221480619193507
T1,Mono_FCGR3A,donor_id=101,84,0.8998188203090133,0.914814367766903
T1,Mono_FCGR3A,donor_id=101,85,0.9163145618957879,0.9285121573088739
T1,Mono_FCGR3A,donor_id=101,86,0.9158692150267977,0.9272353746222947
T1,Mono_FCGR3A,donor_id=101,87,0.9108400058122373,0.9225369783892937
T1,Mono_FCGR3A,donor_id=101,88,0.9156469735571939,0.9257166254750926
T1,Mono_FCGR3A,donor_id=101,89,0.9180735294607452,0.9294550874715003
T1,Mono_FCGR3A,donor_id=101,90,0.9147844766206028,0.9279873214914782
T1,Mono_FCGR3A,donor_id=101,91,0.8939516516629584,0.908627339592946
T1,Mono_FCGR3A,donor_id=101,92,0.9187517696842709,0.9330106797847595
T1,Mono_FCGR3A,donor_id=101,93,0.9085259612985855,0.9203350361119842
T1,Mono_FCGR3A,donor_id=101,94,0.9138965722591536,0.9250385725648412
T1,Mono_FCGR3A,donor_id=101,95,0.9151819428570951,0.9296130907414675
T1,Mono_FCGR3A,donor_id=101,96,0.9194241199253387,0.9290236917861129
T1,Mono_FCGR3A,donor_id=101,97,0.923811539990771,0.9348235764454135
T1,Mono_FCGR3A,donor_id=101,98,0.9095577888122328,0.923538526644281
T1,Mono_FCGR3A,donor_id=101,99,0.9131771937362891,0.9245907992274054
T1,Mono_FCGR3A,donor_id=107,0,0.852847130516777,0.8594578355122794
T1,Mono_FCGR3A,donor_id=107,1,0.8458788557509305,0.8543467336641785
T1,Mono_FCGR3A,donor_id=107,2,0.8505593657743221,0.8627162807760548
T1,Mono_FCGR3A,donor_id=107,3,0.8469768350000993,0.8556990998425812
T1,Mono_FCGR3A,donor_id=107,4,0.8421275609169792,0.8539146333715819
T1,Mono_FCGR3A,donor_id=107,5,0.8531694989262543,0.8638179755865093
T1,Mono_FCGR3A,donor_id=107,6,0.8350610312601666,0.8439048171659136
T1,Mono_FCGR3A,donor_id=107,7,0.8261290177758611,0.8314830369129759
T1,Mono_FCGR3A,donor_id=107,8,0.8198338158692294,0.8281088725039025
T1,Mono_FCGR3A,donor_id=107,9,0.8564795802752022,0.8623923168817437
T1,Mono_FCGR3A,donor_id=107,10,0.8309815501002811,0.8397392456792264
T1,Mono_FCGR3A,donor_id=107,11,0.8442597374765141,0.8511857840643244
T1,Mono_FCGR3A,donor_id=107,12,0.8407891779255914,0.8507036893205441
T1,Mono_FCGR3A,donor_id=107,13,0.8375491816868896,0.8459588102247607
T1,Mono_FCGR3A,donor_id=107,14,0.8415838428952702,0.8533472555427307
T1,Mono_FCGR3A,donor_id=107,15,0.8364238280240164,0.8458596031557573
T1,Mono_FCGR3A,donor_id=107,16,0.8408374844185236,0.8573209517922317
T1,Mono_FCGR3A,donor_id=107,17,0.8497146873376825,0.8610005909034921
T1,Mono_FCGR3A,donor_id=107,18,0.8459351872806563,0.8576015181451688
T1,Mono_FCGR3A,donor_id=107,19,0.8286536769969056,0.8425246617901693
T1,Mono_FCGR3A,donor_id=107,20,0.8436293497796802,0.8508936999972894
T1,Mono_FCGR3A,donor_id=107,21,0.8503899343811046,0.8605871099972555
T1,Mono_FCGR3A,donor_id=107,22,0.8471482716992986,0.8548030156551405
T1,Mono_FCGR3A,donor_id=107,23,0.8425099166039783,0.8550483085210159
T1,Mono_FCGR3A,donor_id=107,24,0.8330197429511461,0.8356979943425714
T1,Mono_FCGR3A,donor_id=107,25,0.809163126631479,0.8282032744491034
T1,Mono_FCGR3A,donor_id=107,26,0.8443817905887285,0.8512134553637697
T1,Mono_FCGR3A,donor_id=107,27,0.8521831855073085,0.8603842298096641
T1,Mono_FCGR3A,donor_id=107,28,0.8324174629398744,0.8407919972167932
T1,Mono_FCGR3A,donor_id=107,29,0.8384747934321455,0.8491147078799808
T1,Mono_FCGR3A,donor_id=107,30,0.8422361868340614,0.8557660232934419
T1,Mono_FCGR3A,donor_id=107,31,0.8355486528849547,0.8449968105696737
T1,Mono_FCGR3A,donor_id=107,32,0.8493770847838376,0.8576427520954711
T1,Mono_FCGR3A,donor_id=107,33,0.842442382942129,0.8505216182195625
T1,Mono_FCGR3A,donor_id=107,34,0.837748164059922,0.8475008791369457
T1,Mono_FCGR3A,donor_id=107,35,0.8416978364307744,0.845768710483575
T1,Mono_FCGR3A,donor_id=107,36,0.8358453262256478,0.8475536979368178
T1,Mono_FCGR3A,donor_id=107,37,0.8359352121719373,0.8439226172043044
T1,Mono_FCGR3A,donor_id=107,38,0.8302992621734415,0.8372118162018454
T1,Mono_FCGR3A,donor_id=107,39,0.8545712160286215,0.8646634878491095
T1,Mono_FCGR3A,donor_id=107,40,0.8358015656388594,0.8473619965934371
T1,Mono_FCGR3A,donor_id=107,41,0.8524914600573165,0.8587729800190116
T1,Mono_FCGR3A,donor_id=107,42,0.8594257812639006,0.8689637112379324
T1,Mono_FCGR3A,donor_id=107,43,0.825358324427938,0.8290107886041397
T1,Mono_FCGR3A,donor_id=107,44,0.8418865591082123,0.8438248197340655
T1,Mono_FCGR3A,donor_id=107,45,0.8369359579207776,0.8488208718487507
T1,Mono_FCGR3A,donor_id=107,46,0.8336966212884405,0.8465830436188881
T1,Mono_FCGR3A,donor_id=107,47,0.8268785213963226,0.8350530549274432
T1,Mono_FCGR3A,donor_id=107,48,0.8003958619160515,0.8265075248819802
T1,Mono_FCGR3A,donor_id=107,49,0.8359932176274584,0.8482782367975171
T1,Mono_FCGR3A,donor_id=107,50,0.8327721501645867,0.8457189568451674
T1,Mono_FCGR3A,donor_id=107,51,0.8083380635833506,0.8203692663443175
T1,Mono_FCGR3A,donor_id=107,52,0.8465196809490143,0.8579090553428975
T1,Mono_FCGR3A,donor_id=107,53,0.8456765581644968,0.8542138826858489
T1,Mono_FCGR3A,donor_id=107,54,0.7894727109194275,0.7989211283944777
T1,Mono_FCGR3A,donor_id=107,55,0.8497210689254441,0.8511367740576793
T1,Mono_FCGR3A,donor_id=107,56,0.7494413647300703,0.7732535079379904
T1,Mono_FCGR3A,donor_id=107,57,0.837859340184019,0.8417098449236259
T1,Mono_FCGR3A,donor_id=107,58,0.8401464381853793,0.8509171873902021
T1,Mono_FCGR3A,donor_id=107,59,0.8398000847471828,0.8493447824322015
T1,Mono_FCGR3A,donor_id=107,60,0.8491694194351217,0.8569527299422349
T1,Mono_FCGR3A,donor_id=107,61,0.8330001117580087,0.8419026402556633
T1,Mono_FCGR3A,donor_id=107,62,0.8475875931655803,0.8569543784085034
T1,Mono_FCGR3A,donor_id=107,63,0.826691310066553,0.8343432060872586
T1,Mono_FCGR3A,donor_id=107,64,0.8248021580294378,0.8393758968726749
T1,Mono_FCGR3A,donor_id=107,65,0.8311353734851288,0.8409267878523398
T1,Mono_FCGR3A,donor_id=107,66,0.8349909862639177,0.847925826451285
T1,Mono_FCGR3A,donor_id=107,67,0.8504198623803186,0.8596645109638449
T1,Mono_FCGR3A,donor_id=107,68,0.8444200459148804,0.8547602780174481
T1,Mono_FCGR3A,donor_id=107,69,0.8523951251891817,0.861261343780766
T1,Mono_FCGR3A,donor_id=107,70,0.8383137278552515,0.8500395840448385
T1,Mono_FCGR3A,donor_id=107,71,0.8328478213770014,0.8499787983243877
T1,Mono_FCGR3A,donor_id=107,72,0.8438053488980695,0.8553246894051202
T1,Mono_FCGR3A,donor_id=107,73,0.847800433954528,0.8569109126626516
T1,Mono_FCGR3A,donor_id=107,74,0.8306454371734875,0.8441732725557545
T1,Mono_FCGR3A,donor_id=107,75,0.8326236724607998,0.83990861509143
T1,Mono_FCGR3A,donor_id=107,76,0.8266675311199672,0.8418385306658346
T1,Mono_FCGR3A,donor_id=107,77,0.8482652389433006,0.857540916688783
T1,Mono_FCGR3A,donor_id=107,78,0.8426033581841218,0.8496245139782816
T1,Mono_FCGR3A,donor_id=107,79,0.8330768839759143,0.8437382919015749
T1,Mono_FCGR3A,donor_id=107,80,0.8366261303854112,0.8483874708428673
T1,Mono_FCGR3A,donor_id=107,81,0.8020174113996453,0.8188110435220464
T1,Mono_FCGR3A,donor_id=107,82,0.8415326173706075,0.8468705706282162
T1,Mono_FCGR3A,donor_id=107,83,0.8382893455221413,0.8487100821217743
T1,Mono_FCGR3A,donor_id=107,84,0.8501694818416777,0.857296300507617
T1,Mono_FCGR3A,donor_id=107,85,0.8245652593071635,0.8336557489970239
T1,Mono_FCGR3A,donor_id=107,86,0.8477478193163613,0.8529528226546788
T1,Mono_FCGR3A,donor_id=107,87,0.8373179196653944,0.8446102307261352
T1,Mono_FCGR3A,donor_id=107,88,0.840221212743962,0.8504664154374292
T1,Mono_FCGR3A,donor_id=107,89,0.8434940538590585,0.8517161240014393
T1,Mono_FCGR3A,donor_id=107,90,0.8624882188835336,0.8718824712203171
T1,Mono_FCGR3A,donor_id=107,91,0.8272417903482674,0.836046557143291
T1,Mono_FCGR3A,donor_id=107,92,0.8281864991960944,0.8409721023242541
T1,Mono_FCGR3A,donor_id=107,93,0.8477598612163737,0.8565643242085552
T1,Mono_FCGR3A,donor_id=107,94,0.8349645446351275,0.8414040677284498
T1,Mono_FCGR3A,donor_id=107,95,0.8399844614620391,0.8470368906086255
T1,Mono_FCGR3A,donor_id=107,96,0.8420628714356017,0.8544894306094554
T1,Mono_FCGR3A,donor_id=107,97,0.851218529419002,0.8643461272314545
T1,Mono_FCGR3A,donor_id=107,98,0.8314059935726282,0.836623063094465
T1,Mono_FCGR3A,donor_id=107,99,0.8437342780172797,0.8492755614769215
T1,Mono_FCGR3A,donor_id=1256,0,0.918982009089574,0.929747660563684
T1,Mono_FCGR3A,donor_id=1256,1,0.920474090305796,0.9284296925931811
T1,Mono_FCGR3A,donor_id=1256,2,0.9164647250748754,0.9239679898429557
T1,Mono_FCGR3A,donor_id=1256,3,0.9118898291655873,0.9208081306061562
T1,Mono_FCGR3A,donor_id=1256,4,0.919307215772732,0.9288708918716454
T1,Mono_FCGR3A,donor_id=1256,5,0.9264075365419933,0.9368825268287018
T1,Mono_FCGR3A,donor_id=1256,6,0.9233484496404815,0.9331601806798971
T1,Mono_FCGR3A,donor_id=1256,7,0.9242714571261521,0.9352648233681833
T1,Mono_FCGR3A,donor_id=1256,8,0.9200413565179459,0.9293140312429298
T1,Mono_FCGR3A,donor_id=1256,9,0.9216049347960077,0.932967871048312
T1,Mono_FCGR3A,donor_id=1256,10,0.9217691648310068,0.9300437031203124
T1,Mono_FCGR3A,donor_id=1256,11,0.921667677488942,0.9325825804591465
T1,Mono_FCGR3A,donor_id=1256,12,0.9230998371724501,0.9328389664705694
T1,Mono_FCGR3A,donor_id=1256,13,0.9158015344018585,0.9294366351224629
T1,Mono_FCGR3A,donor_id=1256,14,0.9246445066109267,0.9329351146289003
T1,Mono_FCGR3A,donor_id=1256,15,0.9212569232817468,0.9353635750094507
T1,Mono_FCGR3A,donor_id=1256,16,0.9212015753614474,0.9316611242711257
T1,Mono_FCGR3A,donor_id=1256,17,0.9213800680355378,0.9321680986347329
T1,Mono_FCGR3A,donor_id=1256,18,0.9254262760736082,0.9377164618492232
T1,Mono_FCGR3A,donor_id=1256,19,0.9104996133153854,0.9174548386868066
T1,Mono_FCGR3A,donor_id=1256,20,0.9037564388847159,0.9159065032391303
T1,Mono_FCGR3A,donor_id=1256,21,0.9225891763492544,0.9324836911576717
T1,Mono_FCGR3A,donor_id=1256,22,0.9239788058733229,0.9353983932504075
T1,Mono_FCGR3A,donor_id=1256,23,0.9186020266357355,0.9290807116897984
T1,Mono_FCGR3A,donor_id=1256,24,0.9238632133907062,0.9340148051778924
T1,Mono_FCGR3A,donor_id=1256,25,0.9196092345090153,0.9312403911718701
T1,Mono_FCGR3A,donor_id=1256,26,0.9083758283512359,0.9212083592919105
T1,Mono_FCGR3A,donor_id=1256,27,0.925488227249839,0.9322822849619244
T1,Mono_FCGR3A,donor_id=1256,28,0.8975001974971669,0.9076681838967939
T1,Mono_FCGR3A,donor_id=1256,29,0.9207570682182167,0.9319775933906407
T1,Mono_FCGR3A,donor_id=1256,30,0.9135293510746135,0.9273061455217803
T1,Mono_FCGR3A,donor_id=1256,31,0.9083422360986321,0.9222931318598302
T1,Mono_FCGR3A,donor_id=1256,32,0.9225675053995984,0.9344589808401462
T1,Mono_FCGR3A,donor_id=1256,33,0.9189877375650973,0.928904197904982
T1,Mono_FCGR3A,donor_id=1256,34,0.9176438303624165,0.9293447644454257
T1,Mono_FCGR3A,donor_id=1256,35,0.9237267372500398,0.9335175634337303
T1,Mono_FCGR3A,donor_id=1256,36,0.9215730116520492,0.9329613138186219
T1,Mono_FCGR3A,donor_id=1256,37,0.9212935271671575,0.93147030419644
T1,Mono_FCGR3A,donor_id=1256,38,0.9109003290181517,0.9238465621633921
T1,Mono_FCGR3A,donor_id=1256,39,0.9264849900473366,0.9354181946559306
T1,Mono_FCGR3A,donor_id=1256,40,0.9092407797151683,0.9164049509443185
T1,Mono_FCGR3A,donor_id=1256,41,0.9279802222797932,0.9353352728499947
T1,Mono_FCGR3A,donor_id=1256,42,0.9182503060250792,0.9303373642427332
T1,Mono_FCGR3A,donor_id=1256,43,0.9272622341188741,0.9363740017533714
T1,Mono_FCGR3A,donor_id=1256,44,0.9196470288180242,0.9287987015125905
T1,Mono_FCGR3A,donor_id=1256,45,0.9262783795130408,0.938141858906199
T1,Mono_FCGR3A,donor_id=1256,46,0.91461905068409,0.923825927941693
T1,Mono_FCGR3A,donor_id=1256,47,0.902939447681151,0.9150482444810454
T1,Mono_FCGR3A,donor_id=1256,48,0.9138075373352761,0.9225864627560605
T1,Mono_FCGR3A,donor_id=1256,49,0.8877365701592507,0.8998237324422357
T1,Mono_FCGR3A,donor_id=1256,50,0.924518083343996,0.9327684647120651
T1,Mono_FCGR3A,donor_id=1256,51,0.9244371331490987,0.9353487622070256
T1,Mono_FCGR3A,donor_id=1256,52,0.9264396808992267,0.9371393349733953
T1,Mono_FCGR3A,donor_id=1256,53,0.9231084285925947,0.937739891104097
T1,Mono_FCGR3A,donor_id=1256,54,0.9253671221438374,0.9336574462665359
T1,Mono_FCGR3A,donor_id=1256,55,0.9288877508221701,0.9365843124674064
T1,Mono_FCGR3A,donor_id=1256,56,0.9068927992211323,0.921621684341431
T1,Mono_FCGR3A,donor_id=1256,57,0.9222450904633722,0.9332258616590433
T1,Mono_FCGR3A,donor_id=1256,58,0.9228943504654298,0.9333465081552
T1,Mono_FCGR3A,donor_id=1256,59,0.9246388233007269,0.9348657497068654
T1,Mono_FCGR3A,donor_id=1256,60,0.912629831535454,0.9227652558982556
T1,Mono_FCGR3A,donor_id=1256,61,0.9173736949939626,0.930413233355218
T1,Mono_FCGR3A,donor_id=1256,62,0.9265383510378066,0.9379725162535513
T1,Mono_FCGR3A,donor_id=1256,63,0.9133708564306795,0.9305972195655805
T1,Mono_FCGR3A,donor_id=1256,64,0.9182981594925567,0.9273038148501337
T1,Mono_FCGR3A,donor_id=1256,65,0.9183865573169963,0.9294532298651345
T1,Mono_FCGR3A,donor_id=1256,66,0.9155670844818781,0.9249436329233021
T1,Mono_FCGR3A,donor_id=1256,67,0.9113423644788676,0.92475305963365
T1,Mono_FCGR3A,donor_id=1256,68,0.9196996851173306,0.9276539783240383
T1,Mono_FCGR3A,donor_id=1256,69,0.9171203189517692,0.9305257296489955
T1,Mono_FCGR3A,donor_id=1256,70,0.9232600714803115,0.9322654856173823
T1,Mono_FCGR3A,donor_id=1256,71,0.9079670695363805,0.9228308933924836
T1,Mono_FCGR3A,donor_id=1256,72,0.9140541555727132,0.9279550869824554
T1,Mono_FCGR3A,donor_id=1256,73,0.9228367547399251,0.9320176046668395
T1,Mono_FCGR3A,donor_id=1256,74,0.926585587546286,0.9339085667336472
T1,Mono_FCGR3A,donor_id=1256,75,0.9272840509978889,0.9367476341025643
T1,Mono_FCGR3A,donor_id=1256,76,0.9249373431907968,0.9338456001179355
T1,Mono_FCGR3A,donor_id=1256,77,0.9145637839870245,0.9274702051427263
T1,Mono_FCGR3A,donor_id=1256,78,0.9218546725490181,0.9312084591293132
T1,Mono_FCGR3A,donor_id=1256,79,0.9236115971301453,0.934376751915878
T1,Mono_FCGR3A,donor_id=1256,80,0.9131963782332947,0.9289037169163686
T1,Mono_FCGR3A,donor_id=1256,81,0.9213305327270428,0.9320411633865403
T1,Mono_FCGR3A,donor_id=1256,82,0.9147410714838775,0.9249278683598797
T1,Mono_FCGR3A,donor_id=1256,83,0.9150686434554187,0.9266900202302503
T1,Mono_FCGR3A,donor_id=1256,84,0.9143355549929556,0.9287879025522359
T1,Mono_FCGR3A,donor_id=1256,85,0.9208111384488087,0.9305172655469094
T1,Mono_FCGR3A,donor_id=1256,86,0.9228979782914134,0.9335445381768642
T1,Mono_FCGR3A,donor_id=1256,87,0.9166263050023791,0.9242400116464103
T1,Mono_FCGR3A,donor_id=1256,88,0.9278469315659318,0.9344977391150743
T1,Mono_FCGR3A,donor_id=1256,89,0.9213511658233523,0.9331736207818851
T1,Mono_FCGR3A,donor_id=1256,90,0.919150776392804,0.9285457765805653
T1,Mono_FCGR3A,donor_id=1256,91,0.9193675159665917,0.9307919537980675
T1,Mono_FCGR3A,donor_id=1256,92,0.9242051527227066,0.9342470734065825
T1,Mono_FCGR3A,donor_id=1256,93,0.9226902342148584,0.934916559384265
T1,Mono_FCGR3A,donor_id=1256,94,0.9170218493362885,0.9266219444626872
T1,Mono_FCGR3A,donor_id=1256,95,0.922558976990419,0.9305775366731835
T1,Mono_FCGR3A,donor_id=1256,96,0.9258573366794101,0.9363592753215396
T1,Mono_FCGR3A,donor_id=1256,97,0.9233014179906588,0.9318143157461977
T1,Mono_FCGR3A,donor_id=1256,98,0.9188280428549426,0.9255883800373614
T1,Mono_FCGR3A,donor_id=1256,99,0.9170351641795375,0.928471676442344
T1,Mono_FCGR3A,donor_id=1016,0,0.9034701703990755,0.9144687825842941
T1,Mono_FCGR3A,donor_id=1016,1,0.9160157259660408,0.9295953750927199
T1,Mono_FCGR3A,donor_id=1016,2,0.9052156717070591,0.9190181331976398
T1,Mono_FCGR3A,donor_id=1016,3,0.9133703182901367,0.9237682046716137
T1,Mono_FCGR3A,donor_id=1016,4,0.9140910374671024,0.9254306348578677
T1,Mono_FCGR3A,donor_id=1016,5,0.9188023375757514,0.9310988848985273
T1,Mono_FCGR3A,donor_id=1016,6,0.9115438122261486,0.9216406044577815
T1,Mono_FCGR3A,donor_id=1016,7,0.9163876694151613,0.926826293821502
T1,Mono_FCGR3A,donor_id=1016,8,0.9096963071421753,0.9170876902576034
T1,Mono_FCGR3A,donor_id=1016,9,0.9143061908355837,0.9257006225149866
T1,Mono_FCGR3A,donor_id=1016,10,0.9170459394564754,0.9279054721589436
T1,Mono_FCGR3A,donor_id=1016,11,0.9121148670400603,0.9233688896301965
T1,Mono_FCGR3A,donor_id=1016,12,0.9174984786279667,0.9285443651357378
T1,Mono_FCGR3A,donor_id=1016,13,0.9101593896282354,0.9215715221842933
T1,Mono_FCGR3A,donor_id=1016,14,0.916229525394165,0.9289716067363826
T1,Mono_FCGR3A,donor_id=1016,15,0.9174113207224766,0.9292426525366132
T1,Mono_FCGR3A,donor_id=1016,16,0.9098358120433412,0.9202253032925395
T1,Mono_FCGR3A,donor_id=1016,17,0.9159590027618572,0.9253451749342003
T1,Mono_FCGR3A,donor_id=1016,18,0.9143823576229254,0.9207444132659863
T1,Mono_FCGR3A,donor_id=1016,19,0.9096542157568587,0.9218019780239909
T1,Mono_FCGR3A,donor_id=1016,20,0.913304297037141,0.9243897239738189
T1,Mono_FCGR3A,donor_id=1016,21,0.9168284349264714,0.9267182025096639
T1,Mono_FCGR3A,donor_id=1016,22,0.9171970825624064,0.9251381127150122
T1,Mono_FCGR3A,donor_id=1016,23,0.9118634161424751,0.9245554738430001
T1,Mono_FCGR3A,donor_id=1016,24,0.918283931556409,0.9265243062526386
T1,Mono_FCGR3A,donor_id=1016,25,0.9101393493311155,0.922655168823742
T1,Mono_FCGR3A,donor_id=1016,26,0.9169869647915118,0.9279635585710749
T1,Mono_FCGR3A,donor_id=1016,27,0.9179188953706807,0.9312082095319432
T1,Mono_FCGR3A,donor_id=1016,28,0.9185859429492426,0.9307789769103979
T1,Mono_FCGR3A,donor_id=1016,29,0.914987007604708,0.9267278050053802
T1,Mono_FCGR3A,donor_id=1016,30,0.9127060013388946,0.9268994124502585
T1,Mono_FCGR3A,donor_id=1016,31,0.9137478497982202,0.9259437379145958
T1,Mono_FCGR3A,donor_id=1016,32,0.9165213571796295,0.9306085193712564
T1,Mono_FCGR3A,donor_id=1016,33,0.9182975712371121,0.9306522244686445
T1,Mono_FCGR3A,donor_id=1016,34,0.9141129329664084,0.92456710853701
T1,Mono_FCGR3A,donor_id=1016,35,0.9166601503362906,0.9256784879153078
T1,Mono_FCGR3A,donor_id=1016,36,0.9193085672041714,0.9289326479871409
T1,Mono_FCGR3A,donor_id=1016,37,0.9186865768105666,0.9309273634533917
T1,Mono_FCGR3A,donor_id=1016,38,0.9168912812723632,0.9254410806272375
T1,Mono_FCGR3A,donor_id=1016,39,0.9150983361946684,0.9234370190171102
T1,Mono_FCGR3A,donor_id=1016,40,0.9141223319196597,0.925182512128627
T1,Mono_FCGR3A,donor_id=1016,41,0.9109701183686065,0.9234085181203824
T1,Mono_FCGR3A,donor_id=1016,42,0.9214005360294797,0.9289186774980643
T1,Mono_FCGR3A,donor_id=1016,43,0.9145670857090299,0.9253329735859176
T1,Mono_FCGR3A,donor_id=1016,44,0.917911948794165,0.9275347657582247
T1,Mono_FCGR3A,donor_id=1016,45,0.9077833051996826,0.9212367666175075
T1,Mono_FCGR3A,donor_id=1016,46,0.9186572941123293,0.9297112649603553
T1,Mono_FCGR3A,donor_id=1016,47,0.9158582096000916,0.9273694300648628
T1,Mono_FCGR3A,donor_id=1016,48,0.9081465699304214,0.9239050167518053
T1,Mono_FCGR3A,donor_id=1016,49,0.9112796706600667,0.9242345960004487
T1,Mono_FCGR3A,donor_id=1016,50,0.9193742315356009,0.929528275357789
T1,Mono_FCGR3A,donor_id=1016,51,0.9138905131883714,0.9271307253204409
T1,Mono_FCGR3A,donor_id=1016,52,0.9186862795275559,0.930719673695135
T1,Mono_FCGR3A,donor_id=1016,53,0.9080348176152707,0.916078848067767
T1,Mono_FCGR3A,donor_id=1016,54,0.9182700431013571,0.9282059299624391
T1,Mono_FCGR3A,donor_id=1016,55,0.9093932470731897,0.9210354611469902
T1,Mono_FCGR3A,donor_id=1016,56,0.9178634739109021,0.928148642106277
T1,Mono_FCGR3A,donor_id=1016,57,0.9129134606662398,0.9281229383461466
T1,Mono_FCGR3A,donor_id=1016,58,0.9147238475152881,0.9243718935296533
T1,Mono_FCGR3A,donor_id=1016,59,0.9158749929453506,0.9258858105621972
T1,Mono_FCGR3A,donor_id=1016,60,0.9147394073559603,0.9242090648941684
T1,Mono_FCGR3A,donor_id=1016,61,0.9079282618000589,0.921355538943443
T1,Mono_FCGR3A,donor_id=1016,62,0.9205769522470069,0.9293197823364311
T1,Mono_FCGR3A,donor_id=1016,63,0.9145734429306398,0.9236892839300851
T1,Mono_FCGR3A,donor_id=1016,64,0.9171835979507428,0.9263868583322238
T1,Mono_FCGR3A,donor_id=1016,65,0.9231243822019201,0.9309866952286739
T1,Mono_FCGR3A,donor_id=1016,66,0.9142452554511243,0.9265104204460212
T1,Mono_FCGR3A,donor_id=1016,67,0.9109361862339336,0.922042403684714
T1,Mono_FCGR3A,donor_id=1016,68,0.9166376237464551,0.928423316506448
T1,Mono_FCGR3A,donor_id=1016,69,0.9172773401078244,0.9292292577427238
T1,Mono_FCGR3A,donor_id=1016,70,0.9116640717476056,0.9230707444162963
T1,Mono_FCGR3A,donor_id=1016,71,0.9190481274663757,0.9267567847118474
T1,Mono_FCGR3A,donor_id=1016,72,0.9072054232140322,0.9195595772695935
T1,Mono_FCGR3A,donor_id=1016,73,0.9110312211964625,0.9249821803689744
T1,Mono_FCGR3A,donor_id=1016,74,0.9144457176177677,0.9233255097164712
T1,Mono_FCGR3A,donor_id=1016,75,0.907666808862576,0.9191384102797362
T1,Mono_FCGR3A,donor_id=1016,76,0.9185562988030583,0.9285213660753692
T1,Mono_FCGR3A,donor_id=1016,77,0.918938155972594,0.9313938362009437
T1,Mono_FCGR3A,donor_id=1016,78,0.917312153467573,0.9294218367047212
T1,Mono_FCGR3A,donor_id=1016,79,0.9176353666882964,0.9282770543691371
T1,Mono_FCGR3A,donor_id=1016,80,0.9203931447756256,0.9337075134333777
T1,Mono_FCGR3A,donor_id=1016,81,0.9209828156648868,0.929815205425434
T1,Mono_FCGR3A,donor_id=1016,82,0.924911366050852,0.9347675496341389
T1,Mono_FCGR3A,donor_id=1016,83,0.9175033272942296,0.9265641983569364
T1,Mono_FCGR3A,donor_id=1016,84,0.9179666897681548,0.9291497321575823
T1,Mono_FCGR3A,donor_id=1016,85,0.9213413044658727,0.9324936681990049
T1,Mono_FCGR3A,donor_id=1016,86,0.9179366277547171,0.9270269055472327
T1,Mono_FCGR3A,donor_id=1016,87,0.9196433155101795,0.9310922190031505
T1,Mono_FCGR3A,donor_id=1016,88,0.9199997112122345,0.9293569570168565
T1,Mono_FCGR3A,donor_id=1016,89,0.9184665768089373,0.9301780206496626
T1,Mono_FCGR3A,donor_id=1016,90,0.9134220374435608,0.9245848745350088
T1,Mono_FCGR3A,donor_id=1016,91,0.916562186545588,0.9282068732331412
T1,Mono_FCGR3A,donor_id=1016,92,0.9135412327202315,0.9263453783769807
T1,Mono_FCGR3A,donor_id=1016,93,0.9211715123938354,0.932056604481185
T1,Mono_FCGR3A,donor_id=1016,94,0.9219017240481058,0.9308288136120325
T1,Mono_FCGR3A,donor_id=1016,95,0.9162490653438141,0.9290853525558792
T1,Mono_FCGR3A,donor_id=1016,96,0.9201384510914951,0.9310883809866823
T1,Mono_FCGR3A,donor_id=1016,97,0.9126402824791019,0.9249307035087276
T1,Mono_FCGR3A,donor_id=1016,98,0.9088331164566404,0.9165144701027634
T1,Mono_FCGR3A,donor_id=1016,99,0.9169591755901078,0.9285795597460761
T1,Mono_FCGR3A,donor_id=1015,0,0.9353590615533355,0.9455259555412489
T1,Mono_FCGR3A,donor_id=1015,1,0.9338301920976395,0.9430004241902937
T1,Mono_FCGR3A,donor_id=1015,2,0.9243896202535363,0.935308195984141
T1,Mono_FCGR3A,donor_id=1015,3,0.9329499121025606,0.9409361970393836
T1,Mono_FCGR3A,donor_id=1015,4,0.9368857028234588,0.945720125566414
T1,Mono_FCGR3A,donor_id=1015,5,0.9334768014965015,0.9421075036821103
T1,Mono_FCGR3A,donor_id=1015,6,0.9288793168751247,0.9390305060497989
T1,Mono_FCGR3A,donor_id=1015,7,0.9140800126442827,0.9281294008964353
T1,Mono_FCGR3A,donor_id=1015,8,0.9213798242712069,0.9299651533113986
T1,Mono_FCGR3A,donor_id=1015,9,0.9340359489707278,0.9418282576842253
T1,Mono_FCGR3A,donor_id=1015,10,0.935139526279056,0.942930847860913
T1,Mono_FCGR3A,donor_id=1015,11,0.9338836109594937,0.9426788463808209
T1,Mono_FCGR3A,donor_id=1015,12,0.9274818502274469,0.93869303895809
T1,Mono_FCGR3A,donor_id=1015,13,0.9361478043254111,0.9431351568130271
T1,Mono_FCGR3A,donor_id=1015,14,0.9294712463839991,0.9421398198968581
T1,Mono_FCGR3A,donor_id=1015,15,0.9288490292432469,0.9394960878871766
T1,Mono_FCGR3A,donor_id=1015,16,0.9249075071527895,0.9374680655720317
T1,Mono_FCGR3A,donor_id=1015,17,0.9305573980251656,0.9383838489409217
T1,Mono_FCGR3A,donor_id=1015,18,0.9110452783209629,0.9202327052421309
T1,Mono_FCGR3A,donor_id=1015,19,0.9261229801753976,0.9348317664146824
T1,Mono_FCGR3A,donor_id=1015,20,0.9280168360469576,0.9372250180979266
T1,Mono_FCGR3A,donor_id=1015,21,0.9334435040845663,0.9421063439870483
T1,Mono_FCGR3A,donor_id=1015,22,0.9338625433434039,0.9436638336330753
T1,Mono_FCGR3A,donor_id=1015,23,0.9172761786764112,0.9322494058004027
T1,Mono_FCGR3A,donor_id=1015,24,0.9359294647134623,0.9434693101337502
T1,Mono_FCGR3A,donor_id=1015,25,0.9336402370996584,0.9434296051492497
T1,Mono_FCGR3A,donor_id=1015,26,0.9296354806118678,0.939919931744717
T1,Mono_FCGR3A,donor_id=1015,27,0.9319464514678324,0.9420212007216857
T1,Mono_FCGR3A,donor_id=1015,28,0.9306311308108695,0.9417343987938852
T1,Mono_FCGR3A,donor_id=1015,29,0.9318202282527918,0.9395459004770408
T1,Mono_FCGR3A,donor_id=1015,30,0.9354285261377716,0.9423813496499922
T1,Mono_FCGR3A,donor_id=1015,31,0.9324189141196786,0.9395455799516426
T1,Mono_FCGR3A,donor_id=1015,32,0.9309896557992074,0.9425021999146281
T1,Mono_FCGR3A,donor_id=1015,33,0.9333969859633865,0.9408851753046351
T1,Mono_FCGR3A,donor_id=1015,34,0.9132568444442437,0.9213998267476197
T1,Mono_FCGR3A,donor_id=1015,35,0.9312814723148183,0.9389801713848831
T1,Mono_FCGR3A,donor_id=1015,36,0.9292866742327331,0.9401595194811403
T1,Mono_FCGR3A,donor_id=1015,37,0.9298088004166989,0.937046820432909
T1,Mono_FCGR3A,donor_id=1015,38,0.9307752732845644,0.9387715901867032
T1,Mono_FCGR3A,donor_id=1015,39,0.9276536983258356,0.9357535616158983
T1,Mono_FCGR3A,donor_id=1015,40,0.927186766998165,0.9373443384895912
T1,Mono_FCGR3A,donor_id=1015,41,0.9313306461652505,0.9372324405393138
T1,Mono_FCGR3A,donor_id=1015,42,0.9243801970147664,0.9326292592027051
T1,Mono_FCGR3A,donor_id=1015,43,0.93322054402668,0.9437375207085694
T1,Mono_FCGR3A,donor_id=1015,44,0.9191619612745517,0.9329291424652062
T1,Mono_FCGR3A,donor_id=1015,45,0.9348625060746774,0.943007316882137
T1,Mono_FCGR3A,donor_id=1015,46,0.9356392234532042,0.9468676137501607
T1,Mono_FCGR3A,donor_id=1015,47,0.9281686282983164,0.9381929762204062
T1,Mono_FCGR3A,donor_id=1015,48,0.9307972728120709,0.9391131825988276
T1,Mono_FCGR3A,donor_id=1015,49,0.9272658636240003,0.9399509099698986
T1,Mono_FCGR3A,donor_id=1015,50,0.9315803679036938,0.9395994230602666
T1,Mono_FCGR3A,donor_id=1015,51,0.9298636648092627,0.9408949048060464
T1,Mono_FCGR3A,donor_id=1015,52,0.9274075479009362,0.9390030667108828
T1,Mono_FCGR3A,donor_id=1015,53,0.9329802863754704,0.9401683768018018
T1,Mono_FCGR3A,donor_id=1015,54,0.9292611347753007,0.9376933187673677
T1,Mono_FCGR3A,donor_id=1015,55,0.9351857949247097,0.9412390748018888
T1,Mono_FCGR3A,donor_id=1015,56,0.9298300446052415,0.9404533580425329
T1,Mono_FCGR3A,donor_id=1015,57,0.9241158236961122,0.9328357696917683
T1,Mono_FCGR3A,donor_id=1015,58,0.9286013972577749,0.9385100164560769
T1,Mono_FCGR3A,donor_id=1015,59,0.9281501812132985,0.9382874713758023
T1,Mono_FCGR3A,donor_id=1015,60,0.9313612314291001,0.9395767978279992
T1,Mono_FCGR3A,donor_id=1015,61,0.9322732878226202,0.9433231035064994
T1,Mono_FCGR3A,donor_id=1015,62,0.9344936677058077,0.9428156381927523
T1,Mono_FCGR3A,donor_id=1015,63,0.926895781140243,0.938543335975996
T1,Mono_FCGR3A,donor_id=1015,64,0.9340103986678351,0.9434311330634211
T1,Mono_FCGR3A,donor_id=1015,65,0.9259882145427639,0.9371972075629675
T1,Mono_FCGR3A,donor_id=1015,66,0.9286136006303163,0.9393676904790847
T1,Mono_FCGR3A,donor_id=1015,67,0.9209136282835583,0.931910688109269
T1,Mono_FCGR3A,donor_id=1015,68,0.9368310633378065,0.9462199809129419
T1,Mono_FCGR3A,donor_id=1015,69,0.9352719877493123,0.9456221322150591
T1,Mono_FCGR3A,donor_id=1015,70,0.9298052422316802,0.9388038264152162
T1,Mono_FCGR3A,donor_id=1015,71,0.9315778888559269,0.9417751572713835
T1,Mono_FCGR3A,donor_id=1015,72,0.9291379320562622,0.9395506777383971
T1,Mono_FCGR3A,donor_id=1015,73,0.9110985191918592,0.9232857782702663
T1,Mono_FCGR3A,donor_id=1015,74,0.9283928022514684,0.9358547155472073
T1,Mono_FCGR3A,donor_id=1015,75,0.934503431661656,0.9437475921885184
T1,Mono_FCGR3A,donor_id=1015,76,0.9288881380300704,0.9397887801568633
T1,Mono_FCGR3A,donor_id=1015,77,0.9318787006041201,0.9372748627091712
T1,Mono_FCGR3A,donor_id=1015,78,0.9361498523259167,0.9458781701010814
T1,Mono_FCGR3A,donor_id=1015,79,0.9288011904915875,0.9397396020097692
T1,Mono_FCGR3A,donor_id=1015,80,0.933288651672949,0.9413393672816427
T1,Mono_FCGR3A,donor_id=1015,81,0.9275315635354121,0.9407861798656435
T1,Mono_FCGR3A,donor_id=1015,82,0.9341265259666621,0.9415172484969317
T1,Mono_FCGR3A,donor_id=1015,83,0.9347210426527895,0.9424452887911711
T1,Mono_FCGR3A,donor_id=1015,84,0.9337515494625485,0.9440007871971108
T1,Mono_FCGR3A,donor_id=1015,85,0.9324347980733034,0.9419537071871189
T1,Mono_FCGR3A,donor_id=1015,86,0.9308543659637265,0.939097994993283
T1,Mono_FCGR3A,donor_id=1015,87,0.9231002877640188,0.9353216567090333
T1,Mono_FCGR3A,donor_id=1015,88,0.926763923562103,0.9328198758425331
T1,Mono_FCGR3A,donor_id=1015,89,0.9254430101398553,0.9375056074210812
T1,Mono_FCGR3A,donor_id=1015,90,0.9314853075724732,0.936132769496673
T1,Mono_FCGR3A,donor_id=1015,91,0.9183039685413384,0.9268161016466169
T1,Mono_FCGR3A,donor_id=1015,92,0.9289005825746418,0.9363104935971326
T1,Mono_FCGR3A,donor_id=1015,93,0.9324614558752559,0.9419281280305527
T1,Mono_FCGR3A,donor_id=1015,94,0.9249718606078958,0.9346535496813175
T1,Mono_FCGR3A,donor_id=1015,95,0.9341912798375034,0.9446000949886907
T1,Mono_FCGR3A,donor_id=1015,96,0.9284922971108043,0.9373986247606912
T1,Mono_FCGR3A,donor_id=1015,97,0.9240529767224419,0.9364427057683397
T1,Mono_FCGR3A,donor_id=1015,98,0.930575583507494,0.9398611219354878
T1,Mono_FCGR3A,donor_id=1015,99,0.9344246957068273,0.9438441308512693
T1,Mono_FCGR3A,donor_id=1039,0,0.8829463792949246,0.8943067577935593
T1,Mono_FCGR3A,donor_id=1039,1,0.8971096458689598,0.9030116853396905
T1,Mono_FCGR3A,donor_id=1039,2,0.87437639622545,0.8831833854962465
T1,Mono_FCGR3A,donor_id=1039,3,0.865784529362613,0.8774756439359416
T1,Mono_FCGR3A,donor_id=1039,4,0.8819855972065839,0.8916256430000427
T1,Mono_FCGR3A,donor_id=1039,5,0.877873319431046,0.8854101913490195
T1,Mono_FCGR3A,donor_id=1039,6,0.8862233398662039,0.8942674554731953
T1,Mono_FCGR3A,donor_id=1039,7,0.8823801244172644,0.891347367058839
T1,Mono_FCGR3A,donor_id=1039,8,0.8646391415668991,0.8737047087162629
T1,Mono_FCGR3A,donor_id=1039,9,0.8900910897318418,0.8974669714299546
T1,Mono_FCGR3A,donor_id=1039,10,0.8903216542271268,0.899578737751251
T1,Mono_FCGR3A,donor_id=1039,11,0.884256830763645,0.892605335510823
T1,Mono_FCGR3A,donor_id=1039,12,0.8879079947767197,0.8982577813013517
T1,Mono_FCGR3A,donor_id=1039,13,0.886677099322554,0.8976028198374146
T1,Mono_FCGR3A,donor_id=1039,14,0.8887265068320167,0.8993633807347934
T1,Mono_FCGR3A,donor_id=1039,15,0.8900019732248543,0.8991572194613425
T1,Mono_FCGR3A,donor_id=1039,16,0.8855661498411276,0.8934093368982675
T1,Mono_FCGR3A,donor_id=1039,17,0.8655778578885891,0.8752190087861397
T1,Mono_FCGR3A,donor_id=1039,18,0.8844238352480023,0.8940456988577423
T1,Mono_FCGR3A,donor_id=1039,19,0.8886057845191788,0.9014313860458038
T1,Mono_FCGR3A,donor_id=1039,20,0.8910215174240215,0.8983584052569724
T1,Mono_FCGR3A,donor_id=1039,21,0.8571849760828879,0.8728396118634495
T1,Mono_FCGR3A,donor_id=1039,22,0.8860878058559691,0.895095144258607
T1,Mono_FCGR3A,donor_id=1039,23,0.8912805249674003,0.9010748681909342
T1,Mono_FCGR3A,donor_id=1039,24,0.8885021651050569,0.8986110042154221
T1,Mono_FCGR3A,donor_id=1039,25,0.8944706512433471,0.8973867931147145
T1,Mono_FCGR3A,donor_id=1039,26,0.8969269277696105,0.9055013704916107
T1,Mono_FCGR3A,donor_id=1039,27,0.889694980607649,0.8961760169514944
T1,Mono_FCGR3A,donor_id=1039,28,0.8775067888799749,0.8884966034495094
T1,Mono_FCGR3A,donor_id=1039,29,0.8834655751693004,0.8902424615249829
T1,Mono_FCGR3A,donor_id=1039,30,0.8909273881198194,0.8967386238581675
T1,Mono_FCGR3A,donor_id=1039,31,0.8839264492989384,0.8939742663914226
T1,Mono_FCGR3A,donor_id=1039,32,0.8918242088294983,0.9043141780724971
T1,Mono_FCGR3A,donor_id=1039,33,0.8931875326338434,0.9026054127259654
T1,Mono_FCGR3A,donor_id=1039,34,0.8802072647539325,0.8897452279496042
T1,Mono_FCGR3A,donor_id=1039,35,0.8788301591068216,0.8924993540291546
T1,Mono_FCGR3A,donor_id=1039,36,0.8944425315097113,0.904741311692913
T1,Mono_FCGR3A,donor_id=1039,37,0.8777640120171466,0.8852799789310797
T1,Mono_FCGR3A,donor_id=1039,38,0.878427908175701,0.88848465559591
T1,Mono_FCGR3A,donor_id=1039,39,0.8863691705280621,0.8962966231251466
T1,Mono_FCGR3A,donor_id=1039,40,0.8814357527329196,0.8934550027468368
T1,Mono_FCGR3A,donor_id=1039,41,0.8838577105695112,0.8900619804950243
T1,Mono_FCGR3A,donor_id=1039,42,0.8812692733263447,0.8871614644654772
T1,Mono_FCGR3A,donor_id=1039,43,0.8902344208568338,0.9012866323673551
T1,Mono_FCGR3A,donor_id=1039,44,0.8830529551377942,0.888536104456173
T1,Mono_FCGR3A,donor_id=1039,45,0.8782386152510856,0.8885473042052133
T1,Mono_FCGR3A,donor_id=1039,46,0.8903953688306537,0.898668614754501
T1,Mono_FCGR3A,donor_id=1039,47,0.9001397382558785,0.9086784528363434
T1,Mono_FCGR3A,donor_id=1039,48,0.8798810992108077,0.8863896952946562
T1,Mono_FCGR3A,donor_id=1039,49,0.8748713636809604,0.8893136067186433
T1,Mono_FCGR3A,donor_id=1039,50,0.8736223070823014,0.8834541094944303
T1,Mono_FCGR3A,donor_id=1039,51,0.8940115688025555,0.9049168082934432
T1,Mono_FCGR3A,donor_id=1039,52,0.8823155797279645,0.8914286816483319
T1,Mono_FCGR3A,donor_id=1039,53,0.8930255839331984,0.9012973528350229
T1,Mono_FCGR3A,donor_id=1039,54,0.8958893706413253,0.9041585137583203
T1,Mono_FCGR3A,donor_id=1039,55,0.8818854085931717,0.8912221790275663
T1,Mono_FCGR3A,donor_id=1039,56,0.8886311973314543,0.8991894121685678
T1,Mono_FCGR3A,donor_id=1039,57,0.8892033242959864,0.8974832669799899
T1,Mono_FCGR3A,donor_id=1039,58,0.8856663654876836,0.8940266009794086
T1,Mono_FCGR3A,donor_id=1039,59,0.8885876044606823,0.8991550114946467
T1,Mono_FCGR3A,donor_id=1039,60,0.8877724938372322,0.8969571200610456
T1,Mono_FCGR3A,donor_id=1039,61,0.8922017615222383,0.9001482536807849
T1,Mono_FCGR3A,donor_id=1039,62,0.8788253961524056,0.8919042340075458
T1,Mono_FCGR3A,donor_id=1039,63,0.8894586051945031,0.8919936071169994
T1,Mono_FCGR3A,donor_id=1039,64,0.882932348194056,0.8913850674134264
T1,Mono_FCGR3A,donor_id=1039,65,0.8843711223929074,0.8959577809199213
T1,Mono_FCGR3A,donor_id=1039,66,0.8844433112420473,0.8927899157423951
T1,Mono_FCGR3A,donor_id=1039,67,0.8875719220894605,0.8993346142674272
T1,Mono_FCGR3A,donor_id=1039,68,0.871038503133259,0.8821430613288485
T1,Mono_FCGR3A,donor_id=1039,69,0.8788072199652975,0.8800620269806083
T1,Mono_FCGR3A,donor_id=1039,70,0.8926442497166266,0.8997962535248457
T1,Mono_FCGR3A,donor_id=1039,71,0.8702211540154677,0.8792778637709531
T1,Mono_FCGR3A,donor_id=1039,72,0.8866513828850284,0.8971348578800757
T1,Mono_FCGR3A,donor_id=1039,73,0.8918142589452274,0.9001102449809578
T1,Mono_FCGR3A,donor_id=1039,74,0.8894103423700529,0.8969839549944811
T1,Mono_FCGR3A,donor_id=1039,75,0.8768195281828006,0.8821676414502272
T1,Mono_FCGR3A,donor_id=1039,76,0.8859285137911113,0.8962134365773619
T1,Mono_FCGR3A,donor_id=1039,77,0.894925659698856,0.903361254189906
T1,Mono_FCGR3A,donor_id=1039,78,0.8787185000810134,0.8881388704109461
T1,Mono_FCGR3A,donor_id=1039,79,0.8896918695136449,0.8979030279890151
T1,Mono_FCGR3A,donor_id=1039,80,0.8851232039266835,0.8967042246543825
T1,Mono_FCGR3A,donor_id=1039,81,0.8750163794797193,0.8876201946418922
T1,Mono_FCGR3A,donor_id=1039,82,0.8856537058377058,0.8983366320474935
T1,Mono_FCGR3A,donor_id=1039,83,0.8698236756150864,0.8724277032517475
T1,Mono_FCGR3A,donor_id=1039,84,0.8866436089712064,0.8955813502425785
T1,Mono_FCGR3A,donor_id=1039,85,0.8909407334852458,0.8982313702670858
T1,Mono_FCGR3A,donor_id=1039,86,0.8911276354962246,0.9014380039765055
T1,Mono_FCGR3A,donor_id=1039,87,0.8846553214042289,0.8979691939674121
T1,Mono_FCGR3A,donor_id=1039,88,0.8849631463846424,0.8947632223110884
T1,Mono_FCGR3A,donor_id=1039,89,0.8834091737583223,0.89223059883502
T1,Mono_FCGR3A,donor_id=1039,90,0.8876308238071783,0.9015770228587723
T1,Mono_FCGR3A,donor_id=1039,91,0.8714386654739124,0.8782196484449689
T1,Mono_FCGR3A,donor_id=1039,92,0.8724164011225477,0.8824601611794293
T1,Mono_FCGR3A,donor_id=1039,93,0.887383616286863,0.8976769422112506
T1,Mono_FCGR3A,donor_id=1039,94,0.8851260019032132,0.8937181782104849
T1,Mono_FCGR3A,donor_id=1039,95,0.8903138424322605,0.8976831148474343
T1,Mono_FCGR3A,donor_id=1039,96,0.8856551371499842,0.8954470659131045
T1,Mono_FCGR3A,donor_id=1039,97,0.8814224692666282,0.8933663793769753
T1,Mono_FCGR3A,donor_id=1039,98,0.888608768053562,0.9006025780524274
T1,Mono_FCGR3A,donor_id=1039,99,0.8878727484690597,0.8979543287748882
T1,Mono_FCGR3A,donor_id=1244,0,0.854646122447413,0.8668378552716217
T1,Mono_FCGR3A,donor_id=1244,1,0.8520197356364859,0.862662981722914
T1,Mono_FCGR3A,donor_id=1244,2,0.8774138342608312,0.8830288569215813
T1,Mono_FCGR3A,donor_id=1244,3,0.8320955909386981,0.8456488406471999
T1,Mono_FCGR3A,donor_id=1244,4,0.879595379467901,0.8892134268207254
T1,Mono_FCGR3A,donor_id=1244,5,0.8707648149254746,0.8810172057618202
T1,Mono_FCGR3A,donor_id=1244,6,0.8627392902170196,0.8742848425733758
T1,Mono_FCGR3A,donor_id=1244,7,0.8692712315198857,0.8774505142136786
T1,Mono_FCGR3A,donor_id=1244,8,0.87762484312378,0.8855148535756786
T1,Mono_FCGR3A,donor_id=1244,9,0.8620268113834664,0.8707463108022906
T1,Mono_FCGR3A,donor_id=1244,10,0.8782017574955696,0.8863993205614731
T1,Mono_FCGR3A,donor_id=1244,11,0.8604388212844644,0.8659935991249066
T1,Mono_FCGR3A,donor_id=1244,12,0.8778685851106145,0.88738962858826
T1,Mono_FCGR3A,donor_id=1244,13,0.8731701871221066,0.8816194396212558
T1,Mono_FCGR3A,donor_id=1244,14,0.8724306863713278,0.8826060644248166
T1,Mono_FCGR3A,donor_id=1244,15,0.8726413772470059,0.8780801220474159
T1,Mono_FCGR3A,donor_id=1244,16,0.8731323516598459,0.881829889333013
T1,Mono_FCGR3A,donor_id=1244,17,0.8656337390157208,0.8712298619096416
T1,Mono_FCGR3A,donor_id=1244,18,0.8480885051102323,0.8538545761138386
T1,Mono_FCGR3A,donor_id=1244,19,0.8811951690927319,0.8851355544662055
T1,Mono_FCGR3A,donor_id=1244,20,0.8487567097123396,0.8554936616589426
T1,Mono_FCGR3A,donor_id=1244,21,0.8692354612472833,0.8803316573254114
T1,Mono_FCGR3A,donor_id=1244,22,0.8679463796808047,0.8753668796413641
T1,Mono_FCGR3A,donor_id=1244,23,0.8783873999569808,0.8894598851538199
T1,Mono_FCGR3A,donor_id=1244,24,0.8599836896280016,0.8718626237707634
T1,Mono_FCGR3A,donor_id=1244,25,0.8751867925015918,0.8808722321926262
T1,Mono_FCGR3A,donor_id=1244,26,0.8639491628222152,0.8765130819763818
T1,Mono_FCGR3A,donor_id=1244,27,0.8648274418966869,0.8708023839544031
T1,Mono_FCGR3A,donor_id=1244,28,0.8721888059637992,0.8839969130163388
T1,Mono_FCGR3A,donor_id=1244,29,0.8499943151258722,0.8584535285017724
T1,Mono_FCGR3A,donor_id=1244,30,0.8686166571105978,0.8777719204984502
T1,Mono_FCGR3A,donor_id=1244,31,0.8697459996453529,0.8760110552124908
T1,Mono_FCGR3A,donor_id=1244,32,0.8768927383696609,0.8829766607290397
T1,Mono_FCGR3A,donor_id=1244,33,0.8604255172897566,0.8683983114695681
T1,Mono_FCGR3A,donor_id=1244,34,0.8684212794118361,0.8798790700990539
T1,Mono_FCGR3A,donor_id=1244,35,0.8540092330452017,0.8649407787216337
T1,Mono_FCGR3A,donor_id=1244,36,0.8734700752128368,0.8796952045851355
T1,Mono_FCGR3A,donor_id=1244,37,0.8708918444767461,0.8802973087318696
T1,Mono_FCGR3A,donor_id=1244,38,0.8531627502749191,0.8607983972040557
T1,Mono_FCGR3A,donor_id=1244,39,0.8657645702529656,0.875377119495595
T1,Mono_FCGR3A,donor_id=1244,40,0.8629577095196752,0.8739870490268159
T1,Mono_FCGR3A,donor_id=1244,41,0.8571131386960009,0.864133643266368
T1,Mono_FCGR3A,donor_id=1244,42,0.8650112789772412,0.8729265815288269
T1,Mono_FCGR3A,donor_id=1244,43,0.8753739338171964,0.8848372175317856
T1,Mono_FCGR3A,donor_id=1244,44,0.8662034745992716,0.8707823232319313
T1,Mono_FCGR3A,donor_id=1244,45,0.8447715885714657,0.8574871426512466
T1,Mono_FCGR3A,donor_id=1244,46,0.8722772321824185,0.8818352544595705
T1,Mono_FCGR3A,donor_id=1244,47,0.8708281679064287,0.8796232967531021
T1,Mono_FCGR3A,donor_id=1244,48,0.8713756841978197,0.8832812040644124
T1,Mono_FCGR3A,donor_id=1244,49,0.8359648874860779,0.8505294457799666
T1,Mono_FCGR3A,donor_id=1244,50,0.8743971545857038,0.8847092736079076
T1,Mono_FCGR3A,donor_id=1244,51,0.8699569164650597,0.8775984883502176
T1,Mono_FCGR3A,donor_id=1244,52,0.8575147597064413,0.8631547184155828
T1,Mono_FCGR3A,donor_id=1244,53,0.8762797676259829,0.8872442691341345
T1,Mono_FCGR3A,donor_id=1244,54,0.8796482072641961,0.8892712195109281
T1,Mono_FCGR3A,donor_id=1244,55,0.8776586072243376,0.8827877787615425
T1,Mono_FCGR3A,donor_id=1244,56,0.8664626309253061,0.8704713686351319
T1,Mono_FCGR3A,donor_id=1244,57,0.8715945122479316,0.8805199510191679
T1,Mono_FCGR3A,donor_id=1244,58,0.886103468384276,0.8927141338358425
T1,Mono_FCGR3A,donor_id=1244,59,0.882833345563492,0.8894723086268066
T1,Mono_FCGR3A,donor_id=1244,60,0.8566230493538493,0.8649390177141614
T1,Mono_FCGR3A,donor_id=1244,61,0.8734241426147239,0.8838313138681839
T1,Mono_FCGR3A,donor_id=1244,62,0.8788422189910079,0.8845139719096405
T1,Mono_FCGR3A,donor_id=1244,63,0.8662110795218787,0.8734419797469795
T1,Mono_FCGR3A,donor_id=1244,64,0.8709822455255202,0.8820023695563755
T1,Mono_FCGR3A,donor_id=1244,65,0.8715762663794696,0.8829537915785775
T1,Mono_FCGR3A,donor_id=1244,66,0.8805406392047626,0.8940339214567536
T1,Mono_FCGR3A,donor_id=1244,67,0.8790051346875198,0.8870945669381668
T1,Mono_FCGR3A,donor_id=1244,68,0.8339659606198532,0.8448535941267469
T1,Mono_FCGR3A,donor_id=1244,69,0.878175169009991,0.8869044023411482
T1,Mono_FCGR3A,donor_id=1244,70,0.876798707872034,0.8829828545340223
T1,Mono_FCGR3A,donor_id=1244,71,0.8647327433464784,0.874299315638647
T1,Mono_FCGR3A,donor_id=1244,72,0.8681935021954619,0.8726971502615078
T1,Mono_FCGR3A,donor_id=1244,73,0.864176205891354,0.8744001231528702
T1,Mono_FCGR3A,donor_id=1244,74,0.8636600782451958,0.8747583833185596
T1,Mono_FCGR3A,donor_id=1244,75,0.871040795679705,0.8806000343481456
T1,Mono_FCGR3A,donor_id=1244,76,0.8194088828161946,0.8346107285663557
T1,Mono_FCGR3A,donor_id=1244,77,0.8618200067208648,0.870072280764931
T1,Mono_FCGR3A,donor_id=1244,78,0.8749205042697762,0.8849730523227832
T1,Mono_FCGR3A,donor_id=1244,79,0.8424689168512748,0.8498777365732695
T1,Mono_FCGR3A,donor_id=1244,80,0.863471590024766,0.8692018524055191
T1,Mono_FCGR3A,donor_id=1244,81,0.871330254954928,0.8803068431701047
T1,Mono_FCGR3A,donor_id=1244,82,0.8767118300608043,0.8851913947126081
T1,Mono_FCGR3A,donor_id=1244,83,0.8467402227354681,0.8607883413807463
T1,Mono_FCGR3A,donor_id=1244,84,0.8691113162407682,0.8771996163344354
T1,Mono_FCGR3A,donor_id=1244,85,0.8744260732554852,0.8830805005698075
T1,Mono_FCGR3A,donor_id=1244,86,0.8739195426065043,0.8801930710850328
T1,Mono_FCGR3A,donor_id=1244,87,0.8692141861211212,0.8758273814229318
T1,Mono_FCGR3A,donor_id=1244,88,0.8797257040236406,0.8866261682082108
T1,Mono_FCGR3A,donor_id=1244,89,0.8680426382069817,0.8762806797495721
T1,Mono_FCGR3A,donor_id=1244,90,0.8725416942278014,0.8828164791038721
T1,Mono_FCGR3A,donor_id=1244,91,0.8704203791592569,0.8789731614989592
T1,Mono_FCGR3A,donor_id=1244,92,0.8765060478750906,0.8861018616839592
T1,Mono_FCGR3A,donor_id=1244,93,0.8577006617118773,0.8699551442112365
T1,Mono_FCGR3A,donor_id=1244,94,0.8501727652759318,0.8569319284730056
T1,Mono_FCGR3A,donor_id=1244,95,0.8635755834798191,0.8693091841158097
T1,Mono_FCGR3A,donor_id=1244,96,0.8518141616416786,0.8598614168307589
T1,Mono_FCGR3A,donor_id=1244,97,0.8709854443337752,0.8813430301726638
T1,Mono_FCGR3A,donor_id=1244,98,0.8761652457196002,0.8832626633892057
T1,Mono_FCGR3A,donor_id=1244,99,0.8749714753883858,0.8844359028847051
T1,NK,donor_id=101,0,0.7460311054066681,0.7738065415808939
T1,NK,donor_id=101,1,0.7489078667948579,0.7811429265428335
T1,NK,donor_id=101,2,0.7583947318902424,0.7782455077955303
T1,NK,donor_id=101,3,0.7634004132666554,0.7903031716694042
T1,NK,donor_id=101,4,0.7522134145038136,0.7837915282470739
T1,NK,donor_id=101,5,0.7343412405649404,0.7650708641294782
T1,NK,donor_id=101,6,0.7548321191888383,0.772400415225841
T1,NK,donor_id=101,7,0.7619817226618033,0.794340858406541
T1,NK,donor_id=101,8,0.7558416157326636,0.7762807316382393
T1,NK,donor_id=101,9,0.7438844821032434,0.7676210872144007
T1,NK,donor_id=101,10,0.7592569392115899,0.7889977280435668
T1,NK,donor_id=101,11,0.7614576238337614,0.7889660029989122
T1,NK,donor_id=101,12,0.7578038217703187,0.7829515544195356
T1,NK,donor_id=101,13,0.7563088155811172,0.7854185664020831
T1,NK,donor_id=101,14,0.7570195678193078,0.7841079873166624
T1,NK,donor_id=101,15,0.7517416503906915,0.7841735698743258
T1,NK,donor_id=101,16,0.7541057756211269,0.7808185294834661
T1,NK,donor_id=101,17,0.7452067776843343,0.7672180601611426
T1,NK,donor_id=101,18,0.7429674025312546,0.7675267746983546
T1,NK,donor_id=101,19,0.7535715263376364,0.7811321740065816
T1,NK,donor_id=101,20,0.7504529634597223,0.7757959080194138
T1,NK,donor_id=101,21,0.7399965631284843,0.7696134242370163
T1,NK,donor_id=101,22,0.7627191867755607,0.793411417199613
T1,NK,donor_id=101,23,0.7636524192379732,0.7934492168858711
T1,NK,donor_id=101,24,0.7418050552049027,0.769791741843012
T1,NK,donor_id=101,25,0.7577458892832661,0.7844130907609898
T1,NK,donor_id=101,26,0.7631134225587533,0.7869958383979947
T1,NK,donor_id=101,27,0.7525638243759432,0.780939377539558
T1,NK,donor_id=101,28,0.7599586771825944,0.7889742489827759
T1,NK,donor_id=101,29,0.7271570794136297,0.7627006915962389
T1,NK,donor_id=101,30,0.7638413585962837,0.7912014543453031
T1,NK,donor_id=101,31,0.7605428581281991,0.7869549698228044
T1,NK,donor_id=101,32,0.7476925753167248,0.7783049486264061
T1,NK,donor_id=101,33,0.7524210959615074,0.7826264534711238
T1,NK,donor_id=101,34,0.7557241424328495,0.7881727142209523
T1,NK,donor_id=101,35,0.763364064804025,0.7880669503929164
T1,NK,donor_id=101,36,0.7473621364393097,0.7750814104678082
T1,NK,donor_id=101,37,0.7438779080570677,0.7786911250174033
T1,NK,donor_id=101,38,0.7612831197540043,0.7884891465837348
T1,NK,donor_id=101,39,0.7367501180651428,0.7694646662145902
T1,NK,donor_id=101,40,0.765015746762355,0.7938837071621138
T1,NK,donor_id=101,41,0.7514834345896293,0.7769665521296455
T1,NK,donor_id=101,42,0.7601714623995403,0.7850879601878269
T1,NK,donor_id=101,43,0.762539430371234,0.7884495720628223
T1,NK,donor_id=101,44,0.7663493951625483,0.7919701544432095
T1,NK,donor_id=101,45,0.7701771897530996,0.7957231508064676
T1,NK,donor_id=101,46,0.7536277385626852,0.784950633337069
T1,NK,donor_id=101,47,0.7633638083805753,0.7870797156984829
T1,NK,donor_id=101,48,0.7464459151150492,0.7715362469761691
T1,NK,donor_id=101,49,0.7695183754636254,0.7876197439364743
T1,NK,donor_id=101,50,0.732514045408479,0.7630633590964669
T1,NK,donor_id=101,51,0.7578593579979241,0.7847073851492159
T1,NK,donor_id=101,52,0.7352633954412293,0.7729226022202951
T1,NK,donor_id=101,53,0.7659428559485165,0.7894066884157177
T1,NK,donor_id=101,54,0.7477023015626383,0.7790261734733185
T1,NK,donor_id=101,55,0.7583148990030747,0.7829110483774712
T1,NK,donor_id=101,56,0.7619839523019609,0.7904788185781675
T1,NK,donor_id=101,57,0.7485696590839399,0.7764745155256826
T1,NK,donor_id=101,58,0.751950942523578,0.7859247642570286
T1,NK,donor_id=101,59,0.7568858711585065,0.7838777890355205
T1,NK,donor_id=101,60,0.7590118491365666,0.7880431573258805
T1,NK,donor_id=101,61,0.7583267557151454,0.7828280002989786
T1,NK,donor_id=101,62,0.7626941092977526,0.793573184376917
T1,NK,donor_id=101,63,0.7579287894075806,0.77658422306929
T1,NK,donor_id=101,64,0.7655294889030844,0.7909583981378216
T1,NK,donor_id=101,65,0.7499235324371717,0.7837909052717997
T1,NK,donor_id=101,66,0.7537738173008631,0.7749165593476204
T1,NK,donor_id=101,67,0.7318747531408449,0.7623897099896982
T1,NK,donor_id=101,68,0.7439856303438741,0.7763993821692655
T1,NK,donor_id=101,69,0.7603674994509104,0.7876054580434179
T1,NK,donor_id=101,70,0.7492527031585059,0.7813543350085731
T1,NK,donor_id=101,71,0.7576907160336102,0.7849206457365596
T1,NK,donor_id=101,72,0.7586122762110402,0.7878553073313709
T1,NK,donor_id=101,73,0.7582492594446572,0.7894753056623993
T1,NK,donor_id=101,74,0.7613896416269825,0.7854885328576389
T1,NK,donor_id=101,75,0.7643593206107843,0.7916555566677536
T1,NK,donor_id=101,76,0.7482291136436086,0.7720432460223191
T1,NK,donor_id=101,77,0.7602653176916913,0.7901744041791332
T1,NK,donor_id=101,78,0.7451029295865743,0.7716697852468754
T1,NK,donor_id=101,79,0.7637466207337494,0.7870471629935357
T1,NK,donor_id=101,80,0.7741691026874365,0.8010899572857059
T1,NK,donor_id=101,81,0.7722394061390996,0.8023782497671363
T1,NK,donor_id=101,82,0.7520599654481652,0.7764671826124196
T1,NK,donor_id=101,83,0.7624105068961429,0.7954323644870572
T1,NK,donor_id=101,84,0.7495053272996701,0.772708221922396
T1,NK,donor_id=101,85,0.7564815418530138,0.7858280754097378
T1,NK,donor_id=101,86,0.7618037987159404,0.7874418088150292
T1,NK,donor_id=101,87,0.7455344734004321,0.7759958446940814
T1,NK,donor_id=101,88,0.7613730167137923,0.790087594602568
T1,NK,donor_id=101,89,0.7406376408440984,0.7726597523493609
T1,NK,donor_id=101,90,0.7385049290097733,0.768225774942516
T1,NK,donor_id=101,91,0.7375637452669395,0.7775189929040894
T1,NK,donor_id=101,92,0.7479385579772427,0.7841085850645743
T1,NK,donor_id=101,93,0.7544407517259709,0.7804683443358521
T1,NK,donor_id=101,94,0.7690089689018414,0.800326914311726
T1,NK,donor_id=101,95,0.7415396551965607,0.7715331857004055
T1,NK,donor_id=101,96,0.7663277866854937,0.7892204398461224
T1,NK,donor_id=101,97,0.7442860151516404,0.7709374392480152
T1,NK,donor_id=101,98,0.7644320006870823,0.7916651475082298
T1,NK,donor_id=101,99,0.762704662130737,0.7959273176055067
T1,NK,donor_id=1488,0,0.7932102578372434,0.8141527159379182
T1,NK,donor_id=1488,1,0.8018845306681509,0.82160157887074
T1,NK,donor_id=1488,2,0.8011078743552443,0.820479836702981
T1,NK,donor_id=1488,3,0.7897185806589225,0.8178586691145381
T1,NK,donor_id=1488,4,0.7909918683184803,0.8124329719233829
T1,NK,donor_id=1488,5,0.7741138195568439,0.7986661197188814
T1,NK,donor_id=1488,6,0.7933342205804413,0.8181311279602713
T1,NK,donor_id=1488,7,0.782405183614586,0.8061844285772352
T1,NK,donor_id=1488,8,0.7896355758889703,0.8116183891250532
T1,NK,donor_id=1488,9,0.7969446625730946,0.8188064198601088
T1,NK,donor_id=1488,10,0.7860684309823438,0.806652031663293
T1,NK,donor_id=1488,11,0.7745108479633828,0.8036551147380138
T1,NK,donor_id=1488,12,0.8012759825704583,0.8246160013942423
T1,NK,donor_id=1488,13,0.7983828998307309,0.8222072138256017
T1,NK,donor_id=1488,14,0.7897383561817608,0.8106229833443392
T1,NK,donor_id=1488,15,0.7994967659504922,0.8218065398855189
T1,NK,donor_id=1488,16,0.7901617834426167,0.8156266699889041
T1,NK,donor_id=1488,17,0.7778832186930497,0.8072556510005958
T1,NK,donor_id=1488,18,0.7987422497897825,0.8178881404358345
T1,NK,donor_id=1488,19,0.7783847045647676,0.8049381691054963
T1,NK,donor_id=1488,20,0.7912814207018327,0.8165303204632598
T1,NK,donor_id=1488,21,0.7884433452065032,0.8097632586408205
T1,NK,donor_id=1488,22,0.7889884339213785,0.8113892632160821
T1,NK,donor_id=1488,23,0.7918974894538371,0.8093603310621795
T1,NK,donor_id=1488,24,0.7825447514231738,0.8060038049349704
T1,NK,donor_id=1488,25,0.7702916637489405,0.7921482533447258
T1,NK,donor_id=1488,26,0.7892545453377107,0.8120463153787684
T1,NK,donor_id=1488,27,0.7905403785777613,0.8061228122566425
T1,NK,donor_id=1488,28,0.783096737795295,0.8150708001702328
T1,NK,donor_id=1488,29,0.7890445666415529,0.8163598054156432
T1,NK,donor_id=1488,30,0.7787874540927462,0.8020851290204305
T1,NK,donor_id=1488,31,0.7887383885165321,0.8110459496955661
T1,NK,donor_id=1488,32,0.796760992882975,0.8207721070604143
T1,NK,donor_id=1488,33,0.7870108799002946,0.7999673156439182
T1,NK,donor_id=1488,34,0.7915025024718377,0.8103511965119401
T1,NK,donor_id=1488,35,0.7868553411303862,0.8089708996886421
T1,NK,donor_id=1488,36,0.7987287649294712,0.8184163931828743
T1,NK,donor_id=1488,37,0.7871869523661384,0.8130452863774037
T1,NK,donor_id=1488,38,0.7728699032092732,0.8028774173148089
T1,NK,donor_id=1488,39,0.7725414108719755,0.8028377769332569
T1,NK,donor_id=1488,40,0.7916337258096716,0.8142391002723296
T1,NK,donor_id=1488,41,0.7868303134735968,0.8151130865636979
T1,NK,donor_id=1488,42,0.7889648340714028,0.806823087767092
T1,NK,donor_id=1488,43,0.7922356544315485,0.8195552267438355
T1,NK,donor_id=1488,44,0.7905816004480689,0.8198631997827448
T1,NK,donor_id=1488,45,0.7807915767210096,0.8015567515919961
T1,NK,donor_id=1488,46,0.7883727523269203,0.8130132378674494
T1,NK,donor_id=1488,47,0.7928719531000713,0.8164669728389206
T1,NK,donor_id=1488,48,0.781261584046207,0.8109972564069261
T1,NK,donor_id=1488,49,0.7856584043097589,0.810097338974358
T1,NK,donor_id=1488,50,0.7613091061132136,0.7903066187007403
T1,NK,donor_id=1488,51,0.797002912723988,0.8194879731877047
T1,NK,donor_id=1488,52,0.7967140969417652,0.8190267812759318
T1,NK,donor_id=1488,53,0.7905307116465758,0.8206350626227107
T1,NK,donor_id=1488,54,0.7786607090759841,0.8052658554085246
T1,NK,donor_id=1488,55,0.7990065229619586,0.8250408591034399
T1,NK,donor_id=1488,56,0.7911753344785158,0.8141818493690941
T1,NK,donor_id=1488,57,0.7866725576337544,0.8110273702401772
T1,NK,donor_id=1488,58,0.790000635840453,0.81595518889726
T1,NK,donor_id=1488,59,0.7810317942139613,0.8080258317717823
T1,NK,donor_id=1488,60,0.7830244907156132,0.8114857804093065
T1,NK,donor_id=1488,61,0.7990681850658119,0.8170708010655156
T1,NK,donor_id=1488,62,0.7785155275635565,0.8049475022965392
T1,NK,donor_id=1488,63,0.7857245751572863,0.8032904104235634
T1,NK,donor_id=1488,64,0.7938681252466053,0.8136312244932465
T1,NK,donor_id=1488,65,0.783070729338922,0.8123337305690052
T1,NK,donor_id=1488,66,0.7947897170048696,0.8178492339358848
T1,NK,donor_id=1488,67,0.7818406463375209,0.8154502074808139
T1,NK,donor_id=1488,68,0.78338347156817,0.809937973124798
T1,NK,donor_id=1488,69,0.7686484073986438,0.78942260808563
T1,NK,donor_id=1488,70,0.798217479149274,0.8227786129914314
T1,NK,donor_id=1488,71,0.7919746579418268,0.8156234156639505
T1,NK,donor_id=1488,72,0.7991118995957267,0.8263720793605382
T1,NK,donor_id=1488,73,0.7888573815368183,0.8156530884020831
T1,NK,donor_id=1488,74,0.8020922748112073,0.8158402934068789
T1,NK,donor_id=1488,75,0.7871272960020316,0.8135924984101833
T1,NK,donor_id=1488,76,0.7883382486373707,0.8130130481818878
T1,NK,donor_id=1488,77,0.7847715543398115,0.8090477011606757
T1,NK,donor_id=1488,78,0.7769243877743832,0.8031103702062843
T1,NK,donor_id=1488,79,0.7956277310834936,0.8151550984839409
T1,NK,donor_id=1488,80,0.7870109400825578,0.808721649468963
T1,NK,donor_id=1488,81,0.7832722326815293,0.817090619548887
T1,NK,donor_id=1488,82,0.7810334761230765,0.8078676254489402
T1,NK,donor_id=1488,83,0.7883219270413373,0.8131559126949032
T1,NK,donor_id=1488,84,0.7870363798117881,0.811200693385765
T1,NK,donor_id=1488,85,0.7813870249716098,0.8070962396665934
T1,NK,donor_id=1488,86,0.7861818341398156,0.8060230786636208
T1,NK,donor_id=1488,87,0.7902494052963382,0.8163452265712047
T1,NK,donor_id=1488,88,0.7913885933880925,0.8216985370359217
T1,NK,donor_id=1488,89,0.7838262136557187,0.8070545593426078
T1,NK,donor_id=1488,90,0.7880739076433223,0.8160679732531925
T1,NK,donor_id=1488,91,0.783369127319734,0.8063025565645053
T1,NK,donor_id=1488,92,0.7831203560425857,0.8122383220812117
T1,NK,donor_id=1488,93,0.7806696394745529,0.8104747715923308
T1,NK,donor_id=1488,94,0.7828395971221922,0.8082882116040112
T1,NK,donor_id=1488,95,0.7918184428312968,0.8165657899902745
T1,NK,donor_id=1488,96,0.7781584435113452,0.8088193217977838
T1,NK,donor_id=1488,97,0.7920921743124504,0.8226040175578303
T1,NK,donor_id=1488,98,0.7762050859249361,0.8040574444416216
T1,NK,donor_id=1488,99,0.7948388847733584,0.8131804210835931
T1,NK,donor_id=107,0,0.7078584373080328,0.7273748290408385
T1,NK,donor_id=107,1,0.6898693481273493,0.7161374255813276
T1,NK,donor_id=107,2,0.7132716536775365,0.7281256758394465
T1,NK,donor_id=107,3,0.681515958559461,0.7065173381161743
T1,NK,donor_id=107,4,0.706686354624431,0.7272615727951056
T1,NK,donor_id=107,5,0.6898626774570877,0.7137367463010565
T1,NK,donor_id=107,6,0.6901422945688062,0.7069000674645332
T1,NK,donor_id=107,7,0.697386497977818,0.7198926383178256
T1,NK,donor_id=107,8,0.7057930574257576,0.7262500595363095
T1,NK,donor_id=107,9,0.6951343296539796,0.7131822497840069
T1,NK,donor_id=107,10,0.7068961049900533,0.7309186454657788
T1,NK,donor_id=107,11,0.6976587074803389,0.7153409464405159
T1,NK,donor_id=107,12,0.6976930355593975,0.7201014275509007
T1,NK,donor_id=107,13,0.6683471220782617,0.6912635615336543
T1,NK,donor_id=107,14,0.7085640578611504,0.7271603590276207
T1,NK,donor_id=107,15,0.6699779047121698,0.6897364638503621
T1,NK,donor_id=107,16,0.6978468588706905,0.7201540960093923
T1,NK,donor_id=107,17,0.7082194077505148,0.7326210095019822
T1,NK,donor_id=107,18,0.7070424891272867,0.7334664451403765
T1,NK,donor_id=107,19,0.7041612691875886,0.7196372583512217
T1,NK,donor_id=107,20,0.69555152471999,0.7186034287942269
T1,NK,donor_id=107,21,0.7161468688071241,0.729005954307271
T1,NK,donor_id=107,22,0.6974489495743345,0.7110497700407853
T1,NK,donor_id=107,23,0.7008831574632284,0.7204102926812019
T1,NK,donor_id=107,24,0.6853672302174376,0.6997913721374147
T1,NK,donor_id=107,25,0.707270851482203,0.7169992613812793
T1,NK,donor_id=107,26,0.7105147296577472,0.7257782204906299
T1,NK,donor_id=107,27,0.7027838829319774,0.7238442789895457
T1,NK,donor_id=107,28,0.6998461114358907,0.7199579084716539
T1,NK,donor_id=107,29,0.7014116517564468,0.7194068448102565
T1,NK,donor_id=107,30,0.6958867010066994,0.7137915224311402
T1,NK,donor_id=107,31,0.7078550639130687,0.7319758154513919
T1,NK,donor_id=107,32,0.7000222888344725,0.7145850887736148
T1,NK,donor_id=107,33,0.7162934359942056,0.7337932110030608
T1,NK,donor_id=107,34,0.713884380698219,0.7337655042347535
T1,NK,donor_id=107,35,0.715667835976993,0.7337087596506263
T1,NK,donor_id=107,36,0.7025842538514554,0.720021149176971
T1,NK,donor_id=107,37,0.711810399222546,0.7309476782048141
T1,NK,donor_id=107,38,0.6855273487660198,0.7093854114499578
T1,NK,donor_id=107,39,0.7210501235034134,0.7393307190892221
T1,NK,donor_id=107,40,0.6849736521036177,0.7093196458262517
T1,NK,donor_id=107,41,0.7057385205067785,0.7251488338478067
T1,NK,donor_id=107,42,0.6748856696055091,0.6901143985010887
T1,NK,donor_id=107,43,0.6978747106503175,0.7142330531696416
T1,NK,donor_id=107,44,0.7029232182663897,0.7256785538584386
T1,NK,donor_id=107,45,0.6997859259218446,0.7197980213286621
T1,NK,donor_id=107,46,0.7172314467616955,0.7341836072318723
T1,NK,donor_id=107,47,0.7009018401018191,0.7226312808972528
T1,NK,donor_id=107,48,0.7035221285437505,0.7203531759855489
T1,NK,donor_id=107,49,0.6983350280398645,0.7181142303778597
T1,NK,donor_id=107,50,0.7123050286650983,0.7322173337575746
T1,NK,donor_id=107,51,0.7145731547126578,0.7319288674306629
T1,NK,donor_id=107,52,0.690061638821577,0.7113940787053357
T1,NK,donor_id=107,53,0.6877677191962602,0.7083371071121626
T1,NK,donor_id=107,54,0.6938090947396722,0.7116004328160236
T1,NK,donor_id=107,55,0.6941422068508202,0.7195458165944978
T1,NK,donor_id=107,56,0.6946880804020349,0.7134204379321948
T1,NK,donor_id=107,57,0.7114482772477407,0.7302351065964338
T1,NK,donor_id=107,58,0.7023652209198288,0.7183633504447763
T1,NK,donor_id=107,59,0.6933474540045373,0.7208763020943466
T1,NK,donor_id=107,60,0.6812131713563712,0.7097798915564771
T1,NK,donor_id=107,61,0.6882717677992074,0.7059646636225901
T1,NK,donor_id=107,62,0.7009610925753151,0.7245912384331806
T1,NK,donor_id=107,63,0.7056175729797785,0.7255949592469152
T1,NK,donor_id=107,64,0.704521395014117,0.7188326221248978
T1,NK,donor_id=107,65,0.6712015311809392,0.6973284430350312
T1,NK,donor_id=107,66,0.705848478119861,0.723880588708712
T1,NK,donor_id=107,67,0.7126299077584886,0.736163324052867
T1,NK,donor_id=107,68,0.7027909630674898,0.7214758657161566
T1,NK,donor_id=107,69,0.6832152568273703,0.7036249629188784
T1,NK,donor_id=107,70,0.7036954198761722,0.7279259356066448
T1,NK,donor_id=107,71,0.7012433248625551,0.7189352921543957
T1,NK,donor_id=107,72,0.6908570913631288,0.7153513685341409
T1,NK,donor_id=107,73,0.6891643551055796,0.7133171635128551
T1,NK,donor_id=107,74,0.7064733807444664,0.7257515667953129
T1,NK,donor_id=107,75,0.6844653455930235,0.7017848628491251
T1,NK,donor_id=107,76,0.7021682361289715,0.7209833214263078
T1,NK,donor_id=107,77,0.6838544679602707,0.7066040278944207
T1,NK,donor_id=107,78,0.7002059009542475,0.7203774899464565
T1,NK,donor_id=107,79,0.7040553152452598,0.7213006341575066
T1,NK,donor_id=107,80,0.7119585931790103,0.7295686886126141
T1,NK,donor_id=107,81,0.705090766814688,0.7218552072379419
T1,NK,donor_id=107,82,0.7011605828636267,0.72120411501517
T1,NK,donor_id=107,83,0.7128506971031542,0.7288331291925407
T1,NK,donor_id=107,84,0.6847536132617512,0.7063525255857169
T1,NK,donor_id=107,85,0.7209673094698404,0.7356960789303686
T1,NK,donor_id=107,86,0.7082535408782068,0.7264893797267602
T1,NK,donor_id=107,87,0.6979130750214447,0.7186293823564157
T1,NK,donor_id=107,88,0.7005978759051538,0.7244581558228634
T1,NK,donor_id=107,89,0.6909208424743539,0.7084554530798534
T1,NK,donor_id=107,90,0.7091600534050537,0.7295197332451621
T1,NK,donor_id=107,91,0.7106303891255189,0.7322726528723884
T1,NK,donor_id=107,92,0.6929992834610005,0.7172294317987783
T1,NK,donor_id=107,93,0.6769308035209761,0.6999460715029322
T1,NK,donor_id=107,94,0.7103019852659582,0.7308410799296219
T1,NK,donor_id=107,95,0.711089570348598,0.7290557348183412
T1,NK,donor_id=107,96,0.6971224338816583,0.7137067497910283
T1,NK,donor_id=107,97,0.6890950120749728,0.7122407014022962
T1,NK,donor_id=107,98,0.7022327071958331,0.7201862509704257
T1,NK,donor_id=107,99,0.7036824095586272,0.7292224539529607
T1,NK,donor_id=1244,0,0.799512781896041,0.8213989536601904
T1,NK,donor_id=1244,1,0.7885663790929492,0.813150252026458
T1,NK,donor_id=1244,2,0.7755616784816627,0.8044953317465624
T1,NK,donor_id=1244,3,0.7877349256251976,0.813361464259932
T1,NK,donor_id=1244,4,0.7924655522167133,0.8192530369313434
T1,NK,donor_id=1244,5,0.786801945044494,0.808666191135985
T1,NK,donor_id=1244,6,0.7870292336387587,0.8088790380462985
T1,NK,donor_id=1244,7,0.7879328935390046,0.8185323604360636
T1,NK,donor_id=1244,8,0.7814760172258938,0.8083178681115155
T1,NK,donor_id=1244,9,0.8009463627617361,0.8216701272313438
T1,NK,donor_id=1244,10,0.7975016998608084,0.8235860546726939
T1,NK,donor_id=1244,11,0.8014877887846978,0.8175317423153956
T1,NK,donor_id=1244,12,0.7925675564960925,0.8238028427662127
T1,NK,donor_id=1244,13,0.7834803898478291,0.809187463199857
T1,NK,donor_id=1244,14,0.7830892176464369,0.8082102610268996
T1,NK,donor_id=1244,15,0.7872537098992477,0.8122940966007826
T1,NK,donor_id=1244,16,0.7785790109038215,0.8043809017116382
T1,NK,donor_id=1244,17,0.7907055671055379,0.8096413205492513
T1,NK,donor_id=1244,18,0.7814442701885734,0.8115878902371837
T1,NK,donor_id=1244,19,0.7839456295403722,0.8160959808866756
T1,NK,donor_id=1244,20,0.777611960861402,0.798858791383717
T1,NK,donor_id=1244,21,0.7921428748438052,0.8158436819184823
T1,NK,donor_id=1244,22,0.789466964399399,0.8082778080525552
T1,NK,donor_id=1244,23,0.7865540757925407,0.8127513806070249
T1,NK,donor_id=1244,24,0.8067886724218161,0.8289655960366527
T1,NK,donor_id=1244,25,0.7888843496123997,0.8196533986859016
T1,NK,donor_id=1244,26,0.7726390918719874,0.7993691156334142
T1,NK,donor_id=1244,27,0.789752491945333,0.8120813070733938
T1,NK,donor_id=1244,28,0.7758423230887694,0.7962718892954358
T1,NK,donor_id=1244,29,0.7866565585678944,0.8152226582045862
T1,NK,donor_id=1244,30,0.7788626160507893,0.8045133704265087
T1,NK,donor_id=1244,31,0.7937036015499951,0.8211791419649146
T1,NK,donor_id=1244,32,0.8020760677040062,0.8242555544751847
T1,NK,donor_id=1244,33,0.7767045468268355,0.8056048522056927
T1,NK,donor_id=1244,34,0.7615146196183937,0.789239571171481
T1,NK,donor_id=1244,35,0.7795115072803808,0.8005271084507567
T1,NK,donor_id=1244,36,0.7796284705153623,0.8052233697010351
T1,NK,donor_id=1244,37,0.7941716294607842,0.8203475729853847
T1,NK,donor_id=1244,38,0.7899030929251155,0.8116262963436923
T1,NK,donor_id=1244,39,0.7885727801196732,0.8103760191164201
T1,NK,donor_id=1244,40,0.7973490821936235,0.82494064660341
T1,NK,donor_id=1244,41,0.7814533059832849,0.8157796046033124
T1,NK,donor_id=1244,42,0.8006414987878182,0.8297723768776983
T1,NK,donor_id=1244,43,0.7853591209776931,0.8061632250412274
T1,NK,donor_id=1244,44,0.7839338554464115,0.8108703029800434
T1,NK,donor_id=1244,45,0.7839288421706032,0.8135383603008434
T1,NK,donor_id=1244,46,0.8036036113383151,0.8287030779094011
T1,NK,donor_id=1244,47,0.7876848460227628,0.8118707731597484
T1,NK,donor_id=1244,48,0.7834618216949674,0.7993201007990619
T1,NK,donor_id=1244,49,0.8088571375578988,0.8288481763090546
T1,NK,donor_id=1244,50,0.8058191472337053,0.8336026125131362
T1,NK,donor_id=1244,51,0.7892607666284239,0.8173341464576989
T1,NK,donor_id=1244,52,0.7801838209602645,0.8103876684590341
T1,NK,donor_id=1244,53,0.7970241228020973,0.8155926523791533
T1,NK,donor_id=1244,54,0.7690789420766984,0.7961153259872072
T1,NK,donor_id=1244,55,0.7807331913846677,0.8073274974193255
T1,NK,donor_id=1244,56,0.7888298944420736,0.8169917059531758
T1,NK,donor_id=1244,57,0.7752063890229455,0.7989062728114281
T1,NK,donor_id=1244,58,0.7964402250177969,0.8254573670318494
T1,NK,donor_id=1244,59,0.7902091707972054,0.8140067129784632
T1,NK,donor_id=1244,60,0.787431343896288,0.817454664314143
T1,NK,donor_id=1244,61,0.7803830338936247,0.808111616823541
T1,NK,donor_id=1244,62,0.7919244760554248,0.8152879590314837
T1,NK,donor_id=1244,63,0.7787617375482286,0.7903781718346107
T1,NK,donor_id=1244,64,0.769597603835112,0.7987879103205857
T1,NK,donor_id=1244,65,0.8061967100553511,0.8336741006264918
T1,NK,donor_id=1244,66,0.779805462908035,0.8080220515837759
T1,NK,donor_id=1244,67,0.7775822950965346,0.8035789321424813
T1,NK,donor_id=1244,68,0.7999116331437491,0.8267347647775594
T1,NK,donor_id=1244,69,0.8026257120961197,0.826547747406038
T1,NK,donor_id=1244,70,0.7720055996933887,0.8042568382109276
T1,NK,donor_id=1244,71,0.787312869958625,0.8135692745088384
T1,NK,donor_id=1244,72,0.781023825598778,0.8129981493092927
T1,NK,donor_id=1244,73,0.7894867736300745,0.816002152325242
T1,NK,donor_id=1244,74,0.797908390979677,0.8203769437958577
T1,NK,donor_id=1244,75,0.7823154922647979,0.8063086250759662
T1,NK,donor_id=1244,76,0.7853816865713088,0.814771386850122
T1,NK,donor_id=1244,77,0.7867120184689105,0.8127289735418707
T1,NK,donor_id=1244,78,0.7964661959752575,0.8197165860667109
T1,NK,donor_id=1244,79,0.782533217361144,0.8064958161293856
T1,NK,donor_id=1244,80,0.7880740892163961,0.8131559029324151
T1,NK,donor_id=1244,81,0.7898113891482165,0.8125675194751661
T1,NK,donor_id=1244,82,0.7771876549422064,0.8065420569642952
T1,NK,donor_id=1244,83,0.8060034062584193,0.8255818087813421
T1,NK,donor_id=1244,84,0.7821031194895596,0.8091350025339576
T1,NK,donor_id=1244,85,0.787502065626898,0.8145656631098674
T1,NK,donor_id=1244,86,0.7868449909304809,0.8059460869869709
T1,NK,donor_id=1244,87,0.7954549428659429,0.8242819633626554
T1,NK,donor_id=1244,88,0.7878228877492238,0.8192460945177419
T1,NK,donor_id=1244,89,0.7886146548341458,0.8109255899923875
T1,NK,donor_id=1244,90,0.791653579061618,0.8097406587348724
T1,NK,donor_id=1244,91,0.7733478408104424,0.8051489543993519
T1,NK,donor_id=1244,92,0.7718577995016878,0.7977352254798903
T1,NK,donor_id=1244,93,0.7755605229124456,0.8023009329837676
T1,NK,donor_id=1244,94,0.8066684009658628,0.8302764230238818
T1,NK,donor_id=1244,95,0.7848892164053644,0.8135475406026517
T1,NK,donor_id=1244,96,0.78136296010536,0.8046519516910858
T1,NK,donor_id=1244,97,0.7919415619775891,0.8168039908847895
T1,NK,donor_id=1244,98,0.7922023442192722,0.810981346182567
T1,NK,donor_id=1244,99,0.795673038270058,0.8213325610884333
T1,NK,donor_id=1256,0,0.8003764332014034,0.8219087803601993
T1,NK,donor_id=1256,1,0.7925242551369168,0.820478856316586
T1,NK,donor_id=1256,2,0.7949134152684157,0.819669129970811
T1,NK,donor_id=1256,3,0.792453312925837,0.8195448812992263
T1,NK,donor_id=1256,4,0.7988063617971938,0.820692335724724
T1,NK,donor_id=1256,5,0.8013474113559163,0.8249297040302942
T1,NK,donor_id=1256,6,0.7757377778365651,0.8067315906599508
T1,NK,donor_id=1256,7,0.7892174422118914,0.8141627006563796
T1,NK,donor_id=1256,8,0.7785987147522878,0.8026349791730073
T1,NK,donor_id=1256,9,0.7942985392028451,0.8154560039505993
T1,NK,donor_id=1256,10,0.7901600059406267,0.8133447536313956
T1,NK,donor_id=1256,11,0.7950088317711933,0.8156071505383159
T1,NK,donor_id=1256,12,0.7818219408958035,0.8068935421354462
T1,NK,donor_id=1256,13,0.7892051899258572,0.815416313152104
T1,NK,donor_id=1256,14,0.8015526979593006,0.8281993011157227
T1,NK,donor_id=1256,15,0.791618960477023,0.8178388066109337
T1,NK,donor_id=1256,16,0.7920156303765886,0.8171348905126031
T1,NK,donor_id=1256,17,0.7846950509625359,0.8128463221329941
T1,NK,donor_id=1256,18,0.7956471359613667,0.817091507725872
T1,NK,donor_id=1256,19,0.7854105401559146,0.8091649961348322
T1,NK,donor_id=1256,20,0.7891744936268127,0.8132272570660217
T1,NK,donor_id=1256,21,0.8051276420710752,0.8255512266981011
T1,NK,donor_id=1256,22,0.795100983157513,0.8142775580458518
T1,NK,donor_id=1256,23,0.7952190090481743,0.8124571775333822
T1,NK,donor_id=1256,24,0.8009529121043435,0.8246553783242923
T1,NK,donor_id=1256,25,0.8034153879672525,0.8242229691426004
T1,NK,donor_id=1256,26,0.7827823308016086,0.8112503040365296
T1,NK,donor_id=1256,27,0.7962346302071497,0.822461325162677
T1,NK,donor_id=1256,28,0.7887040609178605,0.8184791150735371
T1,NK,donor_id=1256,29,0.7759386449203903,0.8011529690104812
T1,NK,donor_id=1256,30,0.7957720112827735,0.8161455796981227
T1,NK,donor_id=1256,31,0.7955690317371557,0.8214031831027517
T1,NK,donor_id=1256,32,0.7829827138862783,0.8099313331613803
T1,NK,donor_id=1256,33,0.7867647841496579,0.8119915017706986
T1,NK,donor_id=1256,34,0.7868598915391055,0.8140694570784339
T1,NK,donor_id=1256,35,0.7955952492309951,0.8206114170646627
T1,NK,donor_id=1256,36,0.7896864783655149,0.8184681898267928
T1,NK,donor_id=1256,37,0.7902453364841816,0.8139893995510086
T1,NK,donor_id=1256,38,0.794603535392311,0.8219297151047816
T1,NK,donor_id=1256,39,0.7877899528202749,0.8118112362875015
T1,NK,donor_id=1256,40,0.8035182570561383,0.8275670266889353
T1,NK,donor_id=1256,41,0.7822620934786313,0.8055687725168064
T1,NK,donor_id=1256,42,0.7943638345611853,0.8253605098838536
T1,NK,donor_id=1256,43,0.7923744696788345,0.8159974054645198
T1,NK,donor_id=1256,44,0.7990471350681485,0.8237480364189659
T1,NK,donor_id=1256,45,0.7899939406594676,0.81472414565713
T1,NK,donor_id=1256,46,0.800185818346469,0.8197448678224759
T1,NK,donor_id=1256,47,0.7895332982571716,0.8163154805118876
T1,NK,donor_id=1256,48,0.7827333700040987,0.8159394097814348
T1,NK,donor_id=1256,49,0.7967730258735467,0.8171231853441877
T1,NK,donor_id=1256,50,0.7883472607712714,0.819065308797777
T1,NK,donor_id=1256,51,0.790034296316071,0.8222484338294381
T1,NK,donor_id=1256,52,0.7892561268755741,0.8165862849591279
T1,NK,donor_id=1256,53,0.7955149233490721,0.8257743277633084
T1,NK,donor_id=1256,54,0.8029465388831162,0.8247209776235863
T1,NK,donor_id=1256,55,0.7864326595231491,0.8135303528377259
T1,NK,donor_id=1256,56,0.8064137147530556,0.830183714289154
T1,NK,donor_id=1256,57,0.8011132904141101,0.8237308260850814
T1,NK,donor_id=1256,58,0.7889400577053787,0.8088282983590397
T1,NK,donor_id=1256,59,0.7720690663845009,0.7999642466938752
T1,NK,donor_id=1256,60,0.7995591150403998,0.8282311790968917
T1,NK,donor_id=1256,61,0.7871324041793241,0.8148599092976802
T1,NK,donor_id=1256,62,0.7835433443505496,0.8090566734520114
T1,NK,donor_id=1256,63,0.799608479572451,0.8199352538171336
T1,NK,donor_id=1256,64,0.7907231692404071,0.8141037355003357
T1,NK,donor_id=1256,65,0.7898177649237789,0.8171519329279983
T1,NK,donor_id=1256,66,0.8001056463245422,0.8239116155729881
T1,NK,donor_id=1256,67,0.7858309197071244,0.811153936780983
T1,NK,donor_id=1256,68,0.791345037992707,0.8124799955258747
T1,NK,donor_id=1256,69,0.791457128626092,0.8142794296033352
T1,NK,donor_id=1256,70,0.7915884920647994,0.8154633712693516
T1,NK,donor_id=1256,71,0.8039558946110037,0.8314667062801439
T1,NK,donor_id=1256,72,0.7837807265741942,0.8053018713106879
T1,NK,donor_id=1256,73,0.7874625416059469,0.8087009431138558
T1,NK,donor_id=1256,74,0.7917322762798508,0.8166640084959665
T1,NK,donor_id=1256,75,0.7788812227294486,0.7997628564687316
T1,NK,donor_id=1256,76,0.786417147105562,0.8071927313965236
T1,NK,donor_id=1256,77,0.7909192464943596,0.8114470553428251
T1,NK,donor_id=1256,78,0.7933139095601072,0.8151818926683411
T1,NK,donor_id=1256,79,0.7866199859911355,0.8133358544220146
T1,NK,donor_id=1256,80,0.7820413065942355,0.809154008993937
T1,NK,donor_id=1256,81,0.7881195856643379,0.8114940839130438
T1,NK,donor_id=1256,82,0.7874147240387048,0.8092419387099581
T1,NK,donor_id=1256,83,0.7912267573311303,0.8117747513075987
T1,NK,donor_id=1256,84,0.7936542251885927,0.819182300194722
T1,NK,donor_id=1256,85,0.7864006243027669,0.8130191949657144
T1,NK,donor_id=1256,86,0.7839052927041664,0.8017615054879744
T1,NK,donor_id=1256,87,0.7914489909494955,0.8144628729720048
T1,NK,donor_id=1256,88,0.785052427580462,0.8136789021276736
T1,NK,donor_id=1256,89,0.7878305754303421,0.812299507801648
T1,NK,donor_id=1256,90,0.7766958520776589,0.8049581064804325
T1,NK,donor_id=1256,91,0.7926549692880686,0.8133974953019072
T1,NK,donor_id=1256,92,0.7863599698609365,0.8211629646693978
T1,NK,donor_id=1256,93,0.8013123510304349,0.8208036747886628
T1,NK,donor_id=1256,94,0.7856510709842122,0.8045601041224945
T1,NK,donor_id=1256,95,0.7977736364655997,0.8224405413089438
T1,NK,donor_id=1256,96,0.7961904657494747,0.8236483072049379
T1,NK,donor_id=1256,97,0.80357332240197,0.8256010479162222
T1,NK,donor_id=1256,98,0.7928666562382845,0.8211213887968092
T1,NK,donor_id=1256,99,0.7905861816444946,0.8166675737125828
T1,NK,donor_id=1015,0,0.8062053989742252,0.8313878835875131
T1,NK,donor_id=1015,1,0.823287509625561,0.8460688469424842
T1,NK,donor_id=1015,2,0.8275164161202953,0.8506912021931774
T1,NK,donor_id=1015,3,0.8039197635149714,0.8188132211520744
T1,NK,donor_id=1015,4,0.8169640579238227,0.8411307866397545
T1,NK,donor_id=1015,5,0.816917534853874,0.8368260709406158
T1,NK,donor_id=1015,6,0.810717462834142,0.8353238588867757
T1,NK,donor_id=1015,7,0.821610040199796,0.8468627830195673
T1,NK,donor_id=1015,8,0.8126233794025394,0.8357957182169398
T1,NK,donor_id=1015,9,0.8152377184700992,0.840905366569122
T1,NK,donor_id=1015,10,0.804501849902577,0.8283883393150404
T1,NK,donor_id=1015,11,0.8188234729874425,0.8425001647232919
T1,NK,donor_id=1015,12,0.8083328292322126,0.8306361063730143
T1,NK,donor_id=1015,13,0.8297090457112097,0.8446842806073911
T1,NK,donor_id=1015,14,0.8136665871141088,0.8371203967368877
T1,NK,donor_id=1015,15,0.8226719912652879,0.8400513990704915
T1,NK,donor_id=1015,16,0.8170660622694196,0.8394068010571343
T1,NK,donor_id=1015,17,0.818811243063993,0.8379156590864204
T1,NK,donor_id=1015,18,0.8290739760360459,0.849819442081899
T1,NK,donor_id=1015,19,0.8232425013793536,0.8410799601845825
T1,NK,donor_id=1015,20,0.8207121542585549,0.8445896724278191
T1,NK,donor_id=1015,21,0.8120485910391626,0.8322752360026723
T1,NK,donor_id=1015,22,0.810144037326022,0.8306470749034699
T1,NK,donor_id=1015,23,0.8149902851505081,0.8328979403011231
T1,NK,donor_id=1015,24,0.8156325832276612,0.8371420998599952
T1,NK,donor_id=1015,25,0.8074388115743656,0.8332458934847002
T1,NK,donor_id=1015,26,0.8239736249189892,0.845828094205052
T1,NK,donor_id=1015,27,0.8281814385292939,0.8466990887151776
T1,NK,donor_id=1015,28,0.8153655310331881,0.8341803286512814
T1,NK,donor_id=1015,29,0.8184425864455006,0.8425539308762987
T1,NK,donor_id=1015,30,0.8133923044894793,0.8332426501174423
T1,NK,donor_id=1015,31,0.8186995732778952,0.8389729269806977
T1,NK,donor_id=1015,32,0.8100172568481416,0.8322504520436385
T1,NK,donor_id=1015,33,0.811599165585999,0.8405747190121433
T1,NK,donor_id=1015,34,0.8206907377500168,0.8378424229540465
T1,NK,donor_id=1015,35,0.8166070761135598,0.8380987009282643
T1,NK,donor_id=1015,36,0.8137149551471987,0.8387565807540095
T1,NK,donor_id=1015,37,0.8007580405518557,0.8272838426388028
T1,NK,donor_id=1015,38,0.8144062764206376,0.835518422616745
T1,NK,donor_id=1015,39,0.8274609389365192,0.8483683319560826
T1,NK,donor_id=1015,40,0.8078965021975909,0.8288321660235007
T1,NK,donor_id=1015,41,0.822444247394604,0.8458962215326163
T1,NK,donor_id=1015,42,0.8155630842935063,0.8409377851831916
T1,NK,donor_id=1015,43,0.8171096016607385,0.8423181423310017
T1,NK,donor_id=1015,44,0.821285307156955,0.8449133559590084
T1,NK,donor_id=1015,45,0.8141552656807908,0.8380089648742333
T1,NK,donor_id=1015,46,0.8193939060575767,0.8459463888565113
T1,NK,donor_id=1015,47,0.8235446028403401,0.8454308275082387
T1,NK,donor_id=1015,48,0.8029185978244592,0.8281798223707851
T1,NK,donor_id=1015,49,0.8218812403136025,0.8418092856890225
T1,NK,donor_id=1015,50,0.8159774417830641,0.8385045236270998
T1,NK,donor_id=1015,51,0.8137224161447583,0.8391798650519565
T1,NK,donor_id=1015,52,0.800529557576122,0.8243664358108176
T1,NK,donor_id=1015,53,0.811753373623655,0.8338973366002833
T1,NK,donor_id=1015,54,0.817286395972717,0.8386565777948035
T1,NK,donor_id=1015,55,0.8201715149126138,0.8404431277547081
T1,NK,donor_id=1015,56,0.8154494594682765,0.8399106671339645
T1,NK,donor_id=1015,57,0.8187089107405549,0.8388146227550167
T1,NK,donor_id=1015,58,0.8199516979558213,0.8367970704404908
T1,NK,donor_id=1015,59,0.8183416282593344,0.8463795181743645
T1,NK,donor_id=1015,60,0.8154092269925398,0.836989924414816
T1,NK,donor_id=1015,61,0.8143719687811176,0.8371106420238856
T1,NK,donor_id=1015,62,0.8058491850985071,0.8329601189796381
T1,NK,donor_id=1015,63,0.817072466847471,0.8362160501170478
T1,NK,donor_id=1015,64,0.8212012247023993,0.8430113770896053
T1,NK,donor_id=1015,65,0.8125963855096308,0.8369775893820912
T1,NK,donor_id=1015,66,0.8253906988087379,0.8483798581224117
T1,NK,donor_id=1015,67,0.8173594202975947,0.843335500962173
T1,NK,donor_id=1015,68,0.8172840509852987,0.8362702811724705
T1,NK,donor_id=1015,69,0.8198018814034425,0.8405191085828408
T1,NK,donor_id=1015,70,0.8087685024359478,0.8343279303238139
T1,NK,donor_id=1015,71,0.8094802963750369,0.8347532359160752
T1,NK,donor_id=1015,72,0.8209222033939239,0.8385129173728175
T1,NK,donor_id=1015,73,0.814977941063152,0.8417635054624633
T1,NK,donor_id=1015,74,0.8124042463451754,0.830903559157872
T1,NK,donor_id=1015,75,0.8209100265790508,0.8371616308062646
T1,NK,donor_id=1015,76,0.8279654017043112,0.8450013310829791
T1,NK,donor_id=1015,77,0.8238966025024304,0.8480105554564583
T1,NK,donor_id=1015,78,0.8119158388280167,0.8334201610326264
T1,NK,donor_id=1015,79,0.8149464750052694,0.8389544438956595
T1,NK,donor_id=1015,80,0.8162600156841008,0.838098852030257
T1,NK,donor_id=1015,81,0.8102488726328549,0.8363654072196032
T1,NK,donor_id=1015,82,0.8036658916108274,0.8283429794829363
T1,NK,donor_id=1015,83,0.8194054019619392,0.8402651087762887
T1,NK,donor_id=1015,84,0.818842332710203,0.8394291711305513
T1,NK,donor_id=1015,85,0.8301389341762816,0.8524745496437504
T1,NK,donor_id=1015,86,0.8102828993335955,0.8354310178840487
T1,NK,donor_id=1015,87,0.8179281689702459,0.8407384416156721
T1,NK,donor_id=1015,88,0.811247800553249,0.8314167480156334
T1,NK,donor_id=1015,89,0.811840300885021,0.8340358220312768
T1,NK,donor_id=1015,90,0.8210124957216286,0.8456434987983017
T1,NK,donor_id=1015,91,0.8209541911629057,0.8407308516035745
T1,NK,donor_id=1015,92,0.8212673871096556,0.846271008340072
T1,NK,donor_id=1015,93,0.8134153733052379,0.8318800375027602
T1,NK,donor_id=1015,94,0.8212231620022663,0.8419046976609134
T1,NK,donor_id=1015,95,0.7916863361691427,0.808641777641
T1,NK,donor_id=1015,96,0.8178925750396696,0.842305360186172
T1,NK,donor_id=1015,97,0.8203683646617058,0.843093327942067
T1,NK,donor_id=1015,98,0.8263087914617404,0.8451583364927762
T1,NK,donor_id=1015,99,0.8193235197773285,0.8423224544921775
T1,NK,donor_id=1016,0,0.7290543957177029,0.7576247877935904
T1,NK,donor_id=1016,1,0.7361554706831113,0.773760480070392
T1,NK,donor_id=1016,2,0.7503169848461925,0.7829291277829797
T1,NK,donor_id=1016,3,0.7370551943526238,0.7695526972535471
T1,NK,donor_id=1016,4,0.7499927287638608,0.777000724400581
T1,NK,donor_id=1016,5,0.7437244543812406,0.7777732312111485
T1,NK,donor_id=1016,6,0.7390346386919171,0.7736834637557596
T1,NK,donor_id=1016,7,0.7401051653117567,0.7706831074408508
T1,NK,donor_id=1016,8,0.753945304472992,0.7842620285321585
T1,NK,donor_id=1016,9,0.7492845575514772,0.7828325686313965
T1,NK,donor_id=1016,10,0.7029457469782521,0.7467764314062041
T1,NK,donor_id=1016,11,0.745428203412721,0.7749163611891211
T1,NK,donor_id=1016,12,0.7500655827673642,0.7772138169797608
T1,NK,donor_id=1016,13,0.7339873441585854,0.75985258270229
T1,NK,donor_id=1016,14,0.7419552200152731,0.7716908152619811
T1,NK,donor_id=1016,15,0.7434406335026901,0.7746489025555259
T1,NK,donor_id=1016,16,0.725782600213401,0.7629249842404426
T1,NK,donor_id=1016,17,0.7450150448344655,0.773577066983596
T1,NK,donor_id=1016,18,0.7239730814991278,0.754233511110048
T1,NK,donor_id=1016,19,0.7437133084774301,0.7787058503408406
T1,NK,donor_id=1016,20,0.7389160736840896,0.7722189488731386
T1,NK,donor_id=1016,21,0.7533201314635041,0.7791406976927471
T1,NK,donor_id=1016,22,0.7553021224524165,0.7822975691017595
T1,NK,donor_id=1016,23,0.7456899759203505,0.7689872217331045
T1,NK,donor_id=1016,24,0.7285370070957218,0.7592470655643309
T1,NK,donor_id=1016,25,0.7292682705287559,0.7579293334341333
T1,NK,donor_id=1016,26,0.7544864761547084,0.7827208576249358
T1,NK,donor_id=1016,27,0.7319881779512356,0.7632487293820038
T1,NK,donor_id=1016,28,0.7339329269341363,0.7695703974922472
T1,NK,donor_id=1016,29,0.749599613412187,0.7798583829996649
T1,NK,donor_id=1016,30,0.7466151539002831,0.774250182125117
T1,NK,donor_id=1016,31,0.7507163818620313,0.786646188501059
T1,NK,donor_id=1016,32,0.7354026183580618,0.7641284619250432
T1,NK,donor_id=1016,33,0.7494454164673408,0.7822103202512254
T1,NK,donor_id=1016,34,0.7492606139416883,0.7758809225410486
T1,NK,donor_id=1016,35,0.7537806906283098,0.7805325010725949
T1,NK,donor_id=1016,36,0.7479662372248405,0.7824738303606961
T1,NK,donor_id=1016,37,0.7452745803204728,0.7712025578847788
T1,NK,donor_id=1016,38,0.7374129868950189,0.7704764510075282
T1,NK,donor_id=1016,39,0.7355174814867449,0.7736399352275811
T1,NK,donor_id=1016,40,0.7175941079192151,0.7512533367984616
T1,NK,donor_id=1016,41,0.7315008755734022,0.7545390338721195
T1,NK,donor_id=1016,42,0.7472046186683368,0.7761316757360172
T1,NK,donor_id=1016,43,0.7381138960463317,0.7665000596324949
T1,NK,donor_id=1016,44,0.7509156652139244,0.7806848949863382
T1,NK,donor_id=1016,45,0.752309288553378,0.7808167531704985
T1,NK,donor_id=1016,46,0.7508376352089844,0.7806151895808118
T1,NK,donor_id=1016,47,0.7317592262701367,0.7673968163560988
T1,NK,donor_id=1016,48,0.7568233893559012,0.7827373367091129
T1,NK,donor_id=1016,49,0.74463976400526,0.7758319040987215
T1,NK,donor_id=1016,50,0.738462171222769,0.7744191890903698
T1,NK,donor_id=1016,51,0.7384749697989395,0.7624410506833185
T1,NK,donor_id=1016,52,0.7464539804643198,0.7727845231308034
T1,NK,donor_id=1016,53,0.7484764593366157,0.7808021238985678
T1,NK,donor_id=1016,54,0.7419787564747846,0.7737993838263416
T1,NK,donor_id=1016,55,0.7437883959348217,0.7759615867022863
T1,NK,donor_id=1016,56,0.7557436978437665,0.7840325846328371
T1,NK,donor_id=1016,57,0.7386995537251817,0.7619150505229575
T1,NK,donor_id=1016,58,0.7403419940676008,0.7690703977781768
T1,NK,donor_id=1016,59,0.7247352922378629,0.764373253781951
T1,NK,donor_id=1016,60,0.7435482877097669,0.7758478899868821
T1,NK,donor_id=1016,61,0.7400815192808674,0.7741574143996338
T1,NK,donor_id=1016,62,0.7377566852756104,0.7734585469793241
T1,NK,donor_id=1016,63,0.7392030319038861,0.7710435919656285
T1,NK,donor_id=1016,64,0.7475083373556555,0.7701133842725022
T1,NK,donor_id=1016,65,0.7428930242266055,0.771980422700356
T1,NK,donor_id=1016,66,0.7278129037816773,0.7567093090777721
T1,NK,donor_id=1016,67,0.7442370182183253,0.7747788887848238
T1,NK,donor_id=1016,68,0.7446840303371121,0.7749194279924869
T1,NK,donor_id=1016,69,0.7494972247688747,0.7739284030597046
T1,NK,donor_id=1016,70,0.7600130824492434,0.7939815676024645
T1,NK,donor_id=1016,71,0.7510221860524119,0.7829981124185605
T1,NK,donor_id=1016,72,0.7488000907320244,0.7853892396575183
T1,NK,donor_id=1016,73,0.7259509256214929,0.7514891903988375
T1,NK,donor_id=1016,74,0.7464428961927716,0.7769555752310722
T1,NK,donor_id=1016,75,0.7398548666832666,0.7716311667662136
T1,NK,donor_id=1016,76,0.7359141613021201,0.7660459432399377
T1,NK,donor_id=1016,77,0.7404254453610615,0.771071205902081
T1,NK,donor_id=1016,78,0.7418823517844003,0.7695090872691019
T1,NK,donor_id=1016,79,0.755737648301874,0.7819880534493552
T1,NK,donor_id=1016,80,0.7629458382106032,0.7924566519424651
T1,NK,donor_id=1016,81,0.750764242656818,0.7796742364024023
T1,NK,donor_id=1016,82,0.7476775855408333,0.7802246823245435
T1,NK,donor_id=1016,83,0.7477541365490116,0.7854644413279855
T1,NK,donor_id=1016,84,0.7289986377718966,0.7632438095882095
T1,NK,donor_id=1016,85,0.7453793056085627,0.7747053790908633
T1,NK,donor_id=1016,86,0.7607798602313282,0.7842908259531373
T1,NK,donor_id=1016,87,0.7428149563934651,0.776259318739845
T1,NK,donor_id=1016,88,0.7550297610316031,0.7829831139505775
T1,NK,donor_id=1016,89,0.7481358549553956,0.7735717451523538
T1,NK,donor_id=1016,90,0.7344893454135053,0.7641423229336243
T1,NK,donor_id=1016,91,0.7381858196545363,0.7729633269567201
T1,NK,donor_id=1016,92,0.7432214853298131,0.7743326117754145
T1,NK,donor_id=1016,93,0.7377739882555646,0.7682709890481183
T1,NK,donor_id=1016,94,0.7258027783819989,0.7623670710911352
T1,NK,donor_id=1016,95,0.7336955911450643,0.7605253943821506
T1,NK,donor_id=1016,96,0.7519507870687148,0.7761513160263072
T1,NK,donor_id=1016,97,0.7389257874844409,0.7610518950744993
T1,NK,donor_id=1016,98,0.7554055770806438,0.7878932638323426
T1,NK,donor_id=1016,99,0.7422579156564135,0.7735558668484414
T1,NK,donor_id=1039,0,0.5145267285356397,0.52548551121516
T1,NK,donor_id=1039,1,0.5144893207327045,0.5369339265740956
T1,NK,donor_id=1039,2,0.48462918246916836,0.4945813633951162
T1,NK,donor_id=1039,3,0.508322114229875,0.5219988034686665
T1,NK,donor_id=1039,4,0.5258625046524951,0.5386971368809996
T1,NK,donor_id=1039,5,0.4884449627937933,0.5043790091204864
T1,NK,donor_id=1039,6,0.47874964032370093,0.4946993654009774
T1,NK,donor_id=1039,7,0.5093738882454509,0.5264357989311138
T1,NK,donor_id=1039,8,0.5230063407180685,0.5287733178309725
T1,NK,donor_id=1039,9,0.5084500176254032,0.518484278883368
T1,NK,donor_id=1039,10,0.479268485318512,0.49376712588324373
T1,NK,donor_id=1039,11,0.5012510540578687,0.5136017132029445
T1,NK,donor_id=1039,12,0.540173986528237,0.5561963338247801
T1,NK,donor_id=1039,13,0.5017070534556791,0.520127936797699
T1,NK,donor_id=1039,14,0.5097217346585172,0.5231465864130238
T1,NK,donor_id=1039,15,0.514804828196768,0.5341956160877184
T1,NK,donor_id=1039,16,0.541640091402406,0.5549763259434876
T1,NK,donor_id=1039,17,0.48961196167182175,0.5097348521042726
T1,NK,donor_id=1039,18,0.5188917388680474,0.5354012377723463
T1,NK,donor_id=1039,19,0.5134848572418427,0.5289468101087426
T1,NK,donor_id=1039,20,0.48218149544603195,0.5021372152381939
T1,NK,donor_id=1039,21,0.5348614998901401,0.5462036433491819
T1,NK,donor_id=1039,22,0.5039657501126482,0.5161234328154123
T1,NK,donor_id=1039,23,0.5004095060772517,0.5246439961174295
T1,NK,donor_id=1039,24,0.514370862433849,0.5239506662834869
T1,NK,donor_id=1039,25,0.5225022585521031,0.5408190175261555
T1,NK,donor_id=1039,26,0.5087735629033685,0.520966100645431
T1,NK,donor_id=1039,27,0.5021326020045893,0.5148464113251953
T1,NK,donor_id=1039,28,0.5028828805896249,0.5172547213975638
T1,NK,donor_id=1039,29,0.5105489457094782,0.5237825026043842
T1,NK,donor_id=1039,30,0.49844169373672687,0.5142284694129597
T1,NK,donor_id=1039,31,0.5384413225320335,0.5534921039127789
T1,NK,donor_id=1039,32,0.4952832086220368,0.5114092811670061
T1,NK,donor_id=1039,33,0.4865650925932047,0.5095120813322733
T1,NK,donor_id=1039,34,0.5137242375854566,0.5235784697729171
T1,NK,donor_id=1039,35,0.5203123711435322,0.5284789184129434
T1,NK,donor_id=1039,36,0.5401720453265588,0.5565228166806784
T1,NK,donor_id=1039,37,0.5013884182755456,0.5155621931048252
T1,NK,donor_id=1039,38,0.5356950166159902,0.5454199246882546
T1,NK,donor_id=1039,39,0.5136510962159959,0.5296572686368397
T1,NK,donor_id=1039,40,0.5266996257951431,0.5382167125843415
T1,NK,donor_id=1039,41,0.5046131909339119,0.5230059722762679
T1,NK,donor_id=1039,42,0.5119795666261341,0.5281303277591115
T1,NK,donor_id=1039,43,0.5126846463960083,0.523392526416544
T1,NK,donor_id=1039,44,0.4959646079707606,0.513209749598905
T1,NK,donor_id=1039,45,0.517622493108135,0.5313316224776583
T1,NK,donor_id=1039,46,0.5016940224185417,0.5086470894768497
T1,NK,donor_id=1039,47,0.500419648990492,0.5048006716134914
T1,NK,donor_id=1039,48,0.5058467711296675,0.5268886356996682
T1,NK,donor_id=1039,49,0.5116958534798425,0.5235930022339186
T1,NK,donor_id=1039,50,0.4744243477167563,0.49182623586992924
T1,NK,donor_id=1039,51,0.4832601640212208,0.49220571723995743
T1,NK,donor_id=1039,52,0.5139135786772218,0.5276528137888015
T1,NK,donor_id=1039,53,0.4624340629747465,0.4825739205022112
T1,NK,donor_id=1039,54,0.4857290649408173,0.49603220148122806
T1,NK,donor_id=1039,55,0.5200432570719091,0.5276209146009815
T1,NK,donor_id=1039,56,0.5218681031984996,0.5297686956636112
T1,NK,donor_id=1039,57,0.4971277704172377,0.515344723648713
T1,NK,donor_id=1039,58,0.5107672139281801,0.5253582626278646
T1,NK,donor_id=1039,59,0.5038451905649713,0.5170625776011276
T1,NK,donor_id=1039,60,0.5354570850760071,0.5555510754145383
T1,NK,donor_id=1039,61,0.4781135643056582,0.49103218721055114
T1,NK,donor_id=1039,62,0.5341635489351608,0.5473235131420012
T1,NK,donor_id=1039,63,0.5349005481730877,0.5431871565128965
T1,NK,donor_id=1039,64,0.5038763407504537,0.5193153017647338
T1,NK,donor_id=1039,65,0.5276972813815237,0.5487394981430485
T1,NK,donor_id=1039,66,0.5162698497183419,0.5308621484626959
T1,NK,donor_id=1039,67,0.4915674686749787,0.507735838093948
T1,NK,donor_id=1039,68,0.5173762679409407,0.5318844385763859
T1,NK,donor_id=1039,69,0.503818540978417,0.5222407953910979
T1,NK,donor_id=1039,70,0.5234047814313622,0.5407460431621778
T1,NK,donor_id=1039,71,0.46325802887109785,0.47385419334709356
T1,NK,donor_id=1039,72,0.5215627568763547,0.5351927666608558
T1,NK,donor_id=1039,73,0.5412134781581177,0.5584478815994867
T1,NK,donor_id=1039,74,0.5205987666203705,0.5362208173441971
T1,NK,donor_id=1039,75,0.5028522690744264,0.5112581875887295
T1,NK,donor_id=1039,76,0.5129787494104846,0.5208387138544918
T1,NK,donor_id=1039,77,0.5041065275432242,0.5265722242013761
T1,NK,donor_id=1039,78,0.5497276558119567,0.5670424166795214
T1,NK,donor_id=1039,79,0.5102206178528912,0.5263303268079987
T1,NK,donor_id=1039,80,0.49848240713856723,0.5171770296735899
T1,NK,donor_id=1039,81,0.5446120309141836,0.5557915354848092
T1,NK,donor_id=1039,82,0.5015165568857878,0.5124486900352837
T1,NK,donor_id=1039,83,0.5237857045845646,0.5413085797668896
T1,NK,donor_id=1039,84,0.49267691643652317,0.5071029258550869
T1,NK,donor_id=1039,85,0.5180584756191822,0.5313591557385794
T1,NK,donor_id=1039,86,0.5268994015622734,0.5424344981076185
T1,NK,donor_id=1039,87,0.5160685960523753,0.525273021507976
T1,NK,donor_id=1039,88,0.5184770977271946,0.5418879958780991
T1,NK,donor_id=1039,89,0.5186274635177185,0.5332643192157951
T1,NK,donor_id=1039,90,0.5267365699610612,0.5419272237247733
T1,NK,donor_id=1039,91,0.4863933302827661,0.49712622703680365
T1,NK,donor_id=1039,92,0.49044758711164826,0.498693611462033
T1,NK,donor_id=1039,93,0.48549797330655,0.5001015228449658
T1,NK,donor_id=1039,94,0.5038427434942336,0.5158184309114834
T1,NK,donor_id=1039,95,0.4845445936358653,0.49155440330513084
T1,NK,donor_id=1039,96,0.47451009130174276,0.48964066598840905
T1,NK,donor_id=1039,97,0.5362099641636346,0.5436750873073488
T1,NK,donor_id=1039,98,0.529590112199213,0.5394838017130019
T1,NK,donor_id=1039,99,0.48640506431849523,0.5040762667814633
