metric,lower_better,n,mean,lo,hi,pct_positive,boot_pos_frac
pearson_delta,False,106,-0.12343867924528303,-0.13741537735849055,-0.11036969339622643,0.018867924528301886,0.0
e_distance,True,106,-0.05605377358490567,-0.08880143867924535,-0.027245259433962263,0.3490566037735849,0.0
aucell_delta_mae,True,106,-0.011568867924528301,-0.017198183962264153,-0.006449033018867924,0.18867924528301888,0.0
